{
	"start":	{
		"connected":	[{
				"socket":	5,
				"local_host":	"10.0.0.1",
				"local_port":	60314,
				"remote_host":	"10.0.0.2",
				"remote_port":	5201
			}],
		"version":	"iperf 3.16",
		"system_info":	"Linux CSCE952FinalProject 6.14.0-36-generic #36~24.04.1-Ubuntu SMP PREEMPT_DYNAMIC Wed Oct 15 15:45:17 UTC 2 x86_64",
		"timestamp":	{
			"time":	"Sun, 30 Nov 2025 04:30:30 GMT",
			"timesecs":	1764477030
		},
		"connecting_to":	{
			"host":	"10.0.0.2",
			"port":	5201
		},
		"cookie":	"d5u4rtgs2mt75l7akobxdag2dci7i7ik7y3q",
		"tcp_mss_default":	1448,
		"target_bitrate":	0,
		"fq_rate":	0,
		"sock_bufsize":	0,
		"sndbuf_actual":	87380,
		"rcvbuf_actual":	87380,
		"test_start":	{
			"protocol":	"TCP",
			"num_streams":	1,
			"blksize":	131072,
			"omit":	0,
			"duration":	20,
			"bytes":	0,
			"blocks":	0,
			"reverse":	0,
			"tos":	0,
			"target_bitrate":	0,
			"bidir":	0,
			"fqrate":	0
		}
	},
	"intervals":	[{
			"streams":	[{
					"socket":	5,
					"start":	0,
					"end":	1.001118,
					"seconds":	1.0011179447174072,
					"bytes":	524288,
					"bits_per_second":	4189620.23618901,
					"retransmits":	0,
					"snd_cwnd":	62264,
					"snd_wnd":	448000,
					"rtt":	233370,
					"rttvar":	51258,
					"pmtu":	1500,
					"omitted":	false,
					"sender":	true
				}],
			"sum":	{
				"start":	0,
				"end":	1.001118,
				"seconds":	1.0011179447174072,
				"bytes":	524288,
				"bits_per_second":	4189620.23618901,
				"retransmits":	0,
				"omitted":	false,
				"sender":	true
			}
		}, {
			"streams":	[{
					"socket":	5,
					"start":	1.001118,
					"end":	2.00369,
					"seconds":	1.0025719404220581,
					"bytes":	655360,
					"bits_per_second":	5229430.2170404615,
					"retransmits":	0,
					"snd_cwnd":	88328,
					"snd_wnd":	548864,
					"rtt":	48739,
					"rttvar":	1543,
					"pmtu":	1500,
					"omitted":	false,
					"sender":	true
				}],
			"sum":	{
				"start":	1.001118,
				"end":	2.00369,
				"seconds":	1.0025719404220581,
				"bytes":	655360,
				"bits_per_second":	5229430.2170404615,
				"retransmits":	0,
				"omitted":	false,
				"sender":	true
			}
		}, {
			"streams":	[{
					"socket":	5,
					"start":	2.00369,
					"end":	3.001706,
					"seconds":	0.99801599979400635,
					"bytes":	3014656,
					"bits_per_second":	24165191.745400753,
					"retransmits":	0,
					"snd_cwnd":	201272,
					"snd_wnd":	547840,
					"rtt":	107821,
					"rttvar":	8646,
					"pmtu":	1500,
					"omitted":	false,
					"sender":	true
				}],
			"sum":	{
				"start":	2.00369,
				"end":	3.001706,
				"seconds":	0.99801599979400635,
				"bytes":	3014656,
				"bits_per_second":	24165191.745400753,
				"retransmits":	0,
				"omitted":	false,
				"sender":	true
			}
		}, {
			"streams":	[{
					"socket":	5,
					"start":	3.001706,
					"end":	4.000913,
					"seconds":	0.9992070198059082,
					"bytes":	2228224,
					"bits_per_second":	17839938.71806724,
					"retransmits":	3,
					"snd_cwnd":	227336,
					"snd_wnd":	550400,
					"rtt":	55133,
					"rttvar":	5352,
					"pmtu":	1500,
					"omitted":	false,
					"sender":	true
				}],
			"sum":	{
				"start":	3.001706,
				"end":	4.000913,
				"seconds":	0.9992070198059082,
				"bytes":	2228224,
				"bits_per_second":	17839938.71806724,
				"retransmits":	3,
				"omitted":	false,
				"sender":	true
			}
		}, {
			"streams":	[{
					"socket":	5,
					"start":	4.000913,
					"end":	5.000998,
					"seconds":	1.00008499622345,
					"bytes":	4587520,
					"bits_per_second":	36697040.890112564,
					"retransmits":	0,
					"snd_cwnd":	243264,
					"snd_wnd":	545280,
					"rtt":	44493,
					"rttvar":	367,
					"pmtu":	1500,
					"omitted":	false,
					"sender":	true
				}],
			"sum":	{
				"start":	4.000913,
				"end":	5.000998,
				"seconds":	1.00008499622345,
				"bytes":	4587520,
				"bits_per_second":	36697040.890112564,
				"retransmits":	0,
				"omitted":	false,
				"sender":	true
			}
		}, {
			"streams":	[{
					"socket":	5,
					"start":	5.000998,
					"end":	6.001719,
					"seconds":	1.0007209777832031,
					"bytes":	3145728,
					"bits_per_second":	25147693.071996279,
					"retransmits":	0,
					"snd_cwnd":	253400,
					"snd_wnd":	547840,
					"rtt":	77259,
					"rttvar":	2057,
					"pmtu":	1500,
					"omitted":	false,
					"sender":	true
				}],
			"sum":	{
				"start":	5.000998,
				"end":	6.001719,
				"seconds":	1.0007209777832031,
				"bytes":	3145728,
				"bits_per_second":	25147693.071996279,
				"retransmits":	0,
				"omitted":	false,
				"sender":	true
			}
		}, {
			"streams":	[{
					"socket":	5,
					"start":	6.001719,
					"end":	7.008466,
					"seconds":	1.0067470073699951,
					"bytes":	1179648,
					"bits_per_second":	9373937.9714209456,
					"retransmits":	0,
					"snd_cwnd":	257744,
					"snd_wnd":	550400,
					"rtt":	542395,
					"rttvar":	95701,
					"pmtu":	1500,
					"omitted":	false,
					"sender":	true
				}],
			"sum":	{
				"start":	6.001719,
				"end":	7.008466,
				"seconds":	1.0067470073699951,
				"bytes":	1179648,
				"bits_per_second":	9373937.9714209456,
				"retransmits":	0,
				"omitted":	false,
				"sender":	true
			}
		}, {
			"streams":	[{
					"socket":	5,
					"start":	7.008466,
					"end":	8.015483,
					"seconds":	1.0070170164108276,
					"bytes":	524288,
					"bits_per_second":	4165077.58225296,
					"retransmits":	0,
					"snd_cwnd":	270776,
					"snd_wnd":	550400,
					"rtt":	754287,
					"rttvar":	84696,
					"pmtu":	1500,
					"omitted":	false,
					"sender":	true
				}],
			"sum":	{
				"start":	7.008466,
				"end":	8.015483,
				"seconds":	1.0070170164108276,
				"bytes":	524288,
				"bits_per_second":	4165077.58225296,
				"retransmits":	0,
				"omitted":	false,
				"sender":	true
			}
		}, {
			"streams":	[{
					"socket":	5,
					"start":	8.015483,
					"end":	9.014999,
					"seconds":	0.99951601028442383,
					"bytes":	524288,
					"bits_per_second":	4196334.982974872,
					"retransmits":	0,
					"snd_cwnd":	317112,
					"snd_wnd":	686080,
					"rtt":	452759,
					"rttvar":	18961,
					"pmtu":	1500,
					"omitted":	false,
					"sender":	true
				}],
			"sum":	{
				"start":	8.015483,
				"end":	9.014999,
				"seconds":	0.99951601028442383,
				"bytes":	524288,
				"bits_per_second":	4196334.982974872,
				"retransmits":	0,
				"omitted":	false,
				"sender":	true
			}
		}, {
			"streams":	[{
					"socket":	5,
					"start":	9.014999,
					"end":	10.001028,
					"seconds":	0.986029028892517,
					"bytes":	2883584,
					"bits_per_second":	23395530.277551919,
					"retransmits":	12,
					"snd_cwnd":	263536,
					"snd_wnd":	2979840,
					"rtt":	44298,
					"rttvar":	107,
					"pmtu":	1500,
					"omitted":	false,
					"sender":	true
				}],
			"sum":	{
				"start":	9.014999,
				"end":	10.001028,
				"seconds":	0.986029028892517,
				"bytes":	2883584,
				"bits_per_second":	23395530.277551919,
				"retransmits":	12,
				"omitted":	false,
				"sender":	true
			}
		}, {
			"streams":	[{
					"socket":	5,
					"start":	10.001028,
					"end":	11.001007,
					"seconds":	0.999979019165039,
					"bytes":	5767168,
					"bits_per_second":	46138312.020309873,
					"retransmits":	0,
					"snd_cwnd":	306976,
					"snd_wnd":	3914240,
					"rtt":	50795,
					"rttvar":	91,
					"pmtu":	1500,
					"omitted":	false,
					"sender":	true
				}],
			"sum":	{
				"start":	10.001028,
				"end":	11.001007,
				"seconds":	0.999979019165039,
				"bytes":	5767168,
				"bits_per_second":	46138312.020309873,
				"retransmits":	0,
				"omitted":	false,
				"sender":	true
			}
		}, {
			"streams":	[{
					"socket":	5,
					"start":	11.001007,
					"end":	12.00092,
					"seconds":	0.999912977218628,
					"bytes":	5636096,
					"bits_per_second":	45092692.091485359,
					"retransmits":	0,
					"snd_cwnd":	335936,
					"snd_wnd":	3914240,
					"rtt":	55714,
					"rttvar":	4,
					"pmtu":	1500,
					"omitted":	false,
					"sender":	true
				}],
			"sum":	{
				"start":	11.001007,
				"end":	12.00092,
				"seconds":	0.999912977218628,
				"bytes":	5636096,
				"bits_per_second":	45092692.091485359,