{
	"start":	{
		"connected":	[{
				"socket":	5,
				"local_host":	"10.0.0.1",
				"local_port":	43284,
				"remote_host":	"10.0.0.2",
				"remote_port":	5201
			}],
		"version":	"iperf 3.16",
		"system_info":	"Linux mininet 6.8.0-88-generic #89-Ubuntu SMP PREEMPT_DYNAMIC Sat Oct 11 01:02:46 UTC 2025 x86_64",
		"timestamp":	{
			"time":	"Tue, 02 Dec 2025 18:12:45 GMT",
			"timesecs":	1764699165
		},
		"connecting_to":	{
			"host":	"10.0.0.2",
			"port":	5201
		},
		"cookie":	"o3alvcaiigmkje6kh3k4lapmml5jxi34dnq5",
		"tcp_mss_default":	1448,
		"target_bitrate":	0,
		"fq_rate":	0,
		"sock_bufsize":	0,
		"sndbuf_actual":	87380,
		"rcvbuf_actual":	87380,
		"test_start":	{
			"protocol":	"TCP",
			"num_streams":	1,
			"blksize":	131072,
			"omit":	0,
			"duration":	20,
			"bytes":	0,
			"blocks":	0,
			"reverse":	0,
			"tos":	0,
			"target_bitrate":	0,
			"bidir":	0,
			"fqrate":	0
		}
	},
	"intervals":	[{
			"streams":	[{
					"socket":	5,
					"start":	0,
					"end":	1.00106,
					"seconds":	1.0010600090026855,
					"bytes":	7733248,
					"bits_per_second":	61800474.940193154,
					"retransmits":	0,
					"snd_cwnd":	593680,
					"snd_wnd":	1867264,
					"rtt":	94315,
					"rttvar":	724,
					"pmtu":	1500,
					"omitted":	false,
					"sender":	true
				}],
			"sum":	{
				"start":	0,
				"end":	1.00106,
				"seconds":	1.0010600090026855,
				"bytes":	7733248,
				"bits_per_second":	61800474.940193154,
				"retransmits":	0,
				"omitted":	false,
				"sender":	true
			}
		}, {
			"streams":	[{
					"socket":	5,
					"start":	1.00106,
					"end":	2.000959,
					"seconds":	0.99989902973175049,
					"bytes":	7602176,
					"bits_per_second":	60823549.3700958,
					"retransmits":	0,
					"snd_cwnd":	891968,
					"snd_wnd":	1867264,
					"rtt":	141631,
					"rttvar":	719,
					"pmtu":	1500,
					"omitted":	false,
					"sender":	true
				}],
			"sum":	{
				"start":	1.00106,
				"end":	2.000959,
				"seconds":	0.99989902973175049,
				"bytes":	7602176,
				"bits_per_second":	60823549.3700958,
				"retransmits":	0,
				"omitted":	false,
				"sender":	true
			}
		}, {
			"streams":	[{
					"socket":	5,
					"start":	2.000959,
					"end":	3.000857,
					"seconds":	0.99989801645278931,
					"bytes":	6029312,
					"bits_per_second":	48239415.626720987,
					"retransmits":	0,
					"snd_cwnd":	1188808,
					"snd_wnd":	2479616,
					"rtt":	189811,
					"rttvar":	577,
					"pmtu":	1500,
					"omitted":	false,
					"sender":	true
				}],
			"sum":	{
				"start":	2.000959,
				"end":	3.000857,
				"seconds":	0.99989801645278931,
				"bytes":	6029312,
				"bits_per_second":	48239415.626720987,
				"retransmits":	0,
				"omitted":	false,
				"sender":	true
			}
		}, {
			"streams":	[{
					"socket":	5,
					"start":	3.000857,
					"end":	4.000899,
					"seconds":	1.0000419616699219,
					"bytes":	7864320,
					"bits_per_second":	62911920.110774159,
					"retransmits":	0,
					"snd_cwnd":	1485648,
					"snd_wnd":	3070464,
					"rtt":	236391,
					"rttvar":	417,
					"pmtu":	1500,
					"omitted":	false,
					"sender":	true
				}],
			"sum":	{
				"start":	3.000857,
				"end":	4.000899,
				"seconds":	1.0000419616699219,
				"bytes":	7864320,
				"bits_per_second":	62911920.110774159,
				"retransmits":	0,
				"omitted":	false,
				"sender":	true
			}
		}, {
			"streams":	[{
					"socket":	5,
					"start":	4.000899,
					"end":	5.00106,
					"seconds":	1.0001610517501831,
					"bytes":	6422528,
					"bits_per_second":	51371950.4574685,
					"retransmits":	82,
					"snd_cwnd":	1172880,
					"snd_wnd":	2472960,
					"rtt":	220658,
					"rttvar":	4736,
					"pmtu":	1500,
					"omitted":	false,
					"sender":	true
				}],
			"sum":	{
				"start":	4.000899,
				"end":	5.00106,
				"seconds":	1.0001610517501831,
				"bytes":	6422528,
				"bits_per_second":	51371950.4574685,
				"retransmits":	82,
				"omitted":	false,
				"sender":	true
			}
		}, {
			"streams":	[{
					"socket":	5,
					"start":	5.00106,
					"end":	6.000843,
					"seconds":	0.9997829794883728,
					"bytes":	7340032,
					"bits_per_second":	58733002.266201213,
					"retransmits":	3,
					"snd_cwnd":	865904,
					"snd_wnd":	7414272,
					"rtt":	143317,
					"rttvar":	442,
					"pmtu":	1500,
					"omitted":	false,
					"sender":	true
				}],
			"sum":	{
				"start":	5.00106,
				"end":	6.000843,
				"seconds":	0.9997829794883728,
				"bytes":	7340032,
				"bits_per_second":	58733002.266201213,
				"retransmits":	3,
				"omitted":	false,
				"sender":	true
			}
		}, {
			"streams":	[{
					"socket":	5,
					"start":	6.000843,
					"end":	7.000941,
					"seconds":	1.0000979900360107,
					"bytes":	6684672,
					"bits_per_second":	53472136.263441972,
					"retransmits":	0,
					"snd_cwnd":	919480,
					"snd_wnd":	7414272,
					"rtt":	152774,
					"rttvar":	199,
					"pmtu":	1500,
					"omitted":	false,
					"sender":	true
				}],
			"sum":	{
				"start":	6.000843,
				"end":	7.000941,
				"seconds":	1.0000979900360107,
				"bytes":	6684672,
				"bits_per_second":	53472136.263441972,
				"retransmits":	0,
				"omitted":	false,
				"sender":	true
			}
		}, {
			"streams":	[{
					"socket":	5,
					"start":	7.000941,
					"end":	8.000806,
					"seconds":	0.99986499547958374,
					"bytes":	3276800,
					"bits_per_second":	26217939.540353946,
					"retransmits":	0,
					"snd_cwnd":	957128,
					"snd_wnd":	7417344,
					"rtt":	160460,
					"rttvar":	325,
					"pmtu":	1500,
					"omitted":	false,
					"sender":	true
				}],
			"sum":	{
				"start":	7.000941,
				"end":	8.000806,
				"seconds":	0.99986499547958374,
				"bytes":	3276800,
				"bits_per_second":	26217939.540353946,
				"retransmits":	0,
				"omitted":	false,
				"sender":	true
			}
		}, {
			"streams":	[{
					"socket":	5,
					"start":	8.000806,
					"end":	9.000983,
					"seconds":	1.0001770257949829,
					"bytes":	6684672,
					"bits_per_second":	53467910.80058445,
					"retransmits":	0,
					"snd_cwnd":	980296,
					"snd_wnd":	7414272,
					"rtt":	163540,
					"rttvar":	613,
					"pmtu":	1500,
					"omitted":	false,
					"sender":	true
				}],
			"sum":	{
				"start":	8.000806,
				"end":	9.000983,
				"seconds":	1.0001770257949829,
				"bytes":	6684672,
				"bits_per_second":	53467910.80058445,
				"retransmits":	0,
				"omitted":	false,
				"sender":	true
			}
		}, {
			"streams":	[{
					"socket":	5,
					"start":	9.000983,
					"end":	10.001009,
					"seconds":	1.0000259876251221,
					"bytes":	6684672,
					"bits_per_second":	53475986.286115363,
					"retransmits":	0,
					"snd_cwnd":	991880,
					"snd_wnd":	7414272,
					"rtt":	165631,
					"rttvar":	225,
					"pmtu":	1500,
					"omitted":	false,
					"sender":	true
				}],
			"sum":	{
				"start":	9.000983,
				"end":	10.001009,
				"seconds":	1.0000259876251221,
				"bytes":	6684672,
				"bits_per_second":	53475986.286115363,
				"retransmits":	0,
				"omitted":	false,
				"sender":	true
			}
		}, {
			"streams":	[{
					"socket":	5,
					"start":	10.001009,
					"end":	11.001016,
					"seconds":	1.0000070333480835,
					"bytes":	6553600,
					"bits_per_second":	52428431.252593532,
					"retransmits":	0,
					"snd_cwnd":	996224,
					"snd_wnd":	7414272,
					"rtt":	167656,
					"rttvar":	275,
					"pmtu":	1500,
					"omitted":	false,
					"sender":	true
				}],
			"sum":	{
				"start":	10.001009,
				"end":	11.001016,
				"seconds":	1.0000070333480835,
				"bytes":	6553600,
				"bits_per_second":	52428431.252593532,
				"retransmits":	0,
				"omitted":	false,
				"sender":	true
			}
		}, {
			"streams":	[{
					"socket":	5,
					"start":	11.001016,
					"end":	12.000852,
					"seconds":	0.999836027622223,
					"bytes":	6684672,
					"bits_per_second":	53486146.250578843,
					"retransmits":	0,
					"snd_cwnd":	996224,
					"snd_wnd":	7414272,
					"rtt":	168682,
					"rttvar":	326,
					"pmtu":	1500,
					"omitted":	false,
					"sender":	true
				}],
			"sum":	{
				"start":	11.001016,
				"end":	12.000852,
				"seconds":	0.999836027622223,
				"bytes":	6684672,