{
	"start":	{
		"connected":	[{
				"socket":	5,
				"local_host":	"10.0.0.2",
				"local_port":	5201,
				"remote_host":	"10.0.0.1",
				"remote_port":	43284
			}],
		"version":	"iperf 3.16",
		"system_info":	"Linux mininet 6.8.0-88-generic #89-Ubuntu SMP PREEMPT_DYNAMIC Sat Oct 11 01:02:46 UTC 2025 x86_64",
		"sock_bufsize":	0,
		"sndbuf_actual":	87380,
		"rcvbuf_actual":	87380,
		"timestamp":	{
			"time":	"Tue, 02 Dec 2025 18:12:45 GMT",
			"timesecs":	1764699165
		},
		"accepted_connection":	{
			"host":	"10.0.0.1",
			"port":	43270
		},
		"cookie":	"o3alvcaiigmkje6kh3k4lapmml5jxi34dnq5",
		"tcp_mss_default":	0,
		"target_bitrate":	0,
		"fq_rate":	0,
		"test_start":	{
			"protocol":	"TCP",
			"num_streams":	1,
			"blksize":	131072,
			"omit":	0,
			"duration":	20,
			"bytes":	0,
			"blocks":	0,
			"reverse":	0,
			"tos":	0,
			"target_bitrate":	0,
			"bidir":	0,
			"fqrate":	0
		}
	},
	"intervals":	[{
			"streams":	[{
					"socket":	5,
					"start":	0,
					"end":	1.00071,
					"seconds":	1.0007100105285645,
					"bytes":	4718592,
					"bits_per_second":	37721953.016200483,
					"omitted":	false,
					"sender":	false
				}],
			"sum":	{
				"start":	0,
				"end":	1.00071,
				"seconds":	1.0007100105285645,
				"bytes":	4718592,
				"bits_per_second":	37721953.016200483,
				"omitted":	false,
				"sender":	false
			}
		}, {
			"streams":	[{
					"socket":	5,
					"start":	1.00071,
					"end":	2.000992,
					"seconds":	1.0002820491790771,
					"bytes":	6029312,
					"bits_per_second":	48220895.3360561,
					"omitted":	false,
					"sender":	false
				}],
			"sum":	{
				"start":	1.00071,
				"end":	2.000992,
				"seconds":	1.0002820491790771,
				"bytes":	6029312,
				"bits_per_second":	48220895.3360561,
				"omitted":	false,
				"sender":	false
			}
		}, {
			"streams":	[{
					"socket":	5,
					"start":	2.000992,
					"end":	3.001064,
					"seconds":	1.0000720024108887,
					"bytes":	5898240,
					"bits_per_second":	47182522.744610578,
					"omitted":	false,
					"sender":	false
				}],
			"sum":	{
				"start":	2.000992,
				"end":	3.001064,
				"seconds":	1.0000720024108887,
				"bytes":	5898240,
				"bits_per_second":	47182522.744610578,
				"omitted":	false,
				"sender":	false
			}
		}, {
			"streams":	[{
					"socket":	5,
					"start":	3.001064,
					"end":	4.001111,
					"seconds":	1.000046968460083,
					"bytes":	5898240,
					"bits_per_second":	47183703.854088962,
					"omitted":	false,
					"sender":	false
				}],
			"sum":	{
				"start":	3.001064,
				"end":	4.001111,
				"seconds":	1.000046968460083,
				"bytes":	5898240,
				"bits_per_second":	47183703.854088962,
				"omitted":	false,
				"sender":	false
			}
		}, {
			"streams":	[{
					"socket":	5,
					"start":	4.001111,
					"end":	5.001034,
					"seconds":	0.9999229907989502,
					"bytes":	4849664,
					"bits_per_second":	38800299.980101958,
					"omitted":	false,
					"sender":	false
				}],
			"sum":	{
				"start":	4.001111,
				"end":	5.001034,
				"seconds":	0.9999229907989502,
				"bytes":	4849664,
				"bits_per_second":	38800299.980101958,
				"omitted":	false,
				"sender":	false
			}
		}, {
			"streams":	[{
					"socket":	5,
					"start":	5.001034,
					"end":	6.001109,
					"seconds":	1.0000749826431274,
					"bytes":	7077888,
					"bits_per_second":	56618858.568333685,
					"omitted":	false,
					"sender":	false
				}],
			"sum":	{
				"start":	5.001034,
				"end":	6.001109,
				"seconds":	1.0000749826431274,
				"bytes":	7077888,
				"bits_per_second":	56618858.568333685,
				"omitted":	false,
				"sender":	false
			}
		}, {
			"streams":	[{
					"socket":	5,
					"start":	6.001109,
					"end":	7.000856,
					"seconds":	0.99974697828292847,
					"bytes":	6029312,
					"bits_per_second":	48246703.463753439,
					"omitted":	false,
					"sender":	false
				}],
			"sum":	{
				"start":	6.001109,
				"end":	7.000856,
				"seconds":	0.99974697828292847,
				"bytes":	6029312,
				"bits_per_second":	48246703.463753439,
				"omitted":	false,
				"sender":	false
			}
		}, {
			"streams":	[{
					"socket":	5,
					"start":	7.000856,
					"end":	8.001122,
					"seconds":	1.0002659559249878,
					"bytes":	5898240,
					"bits_per_second":	47173373.96169322,
					"omitted":	false,
					"sender":	false
				}],
			"sum":	{
				"start":	7.000856,
				"end":	8.001122,
				"seconds":	1.0002659559249878,
				"bytes":	5898240,
				"bits_per_second":	47173373.96169322,
				"omitted":	false,
				"sender":	false
			}
		}, {
			"streams":	[{
					"socket":	5,
					"start":	8.001122,
					"end":	9.000459,
					"seconds":	0.99933701753616333,
					"bytes":	5898240,
					"bits_per_second":	47217224.1916301,
					"omitted":	false,
					"sender":	false
				}],
			"sum":	{
				"start":	8.001122,
				"end":	9.000459,
				"seconds":	0.99933701753616333,
				"bytes":	5898240,
				"bits_per_second":	47217224.1916301,
				"omitted":	false,
				"sender":	false
			}
		}, {
			"streams":	[{
					"socket":	5,
					"start":	9.000459,
					"end":	10.001085,
					"seconds":	1.0006259679794312,
					"bytes":	6029312,
					"bits_per_second":	48204321.6381843,
					"omitted":	false,
					"sender":	false
				}],
			"sum":	{
				"start":	9.000459,
				"end":	10.001085,
				"seconds":	1.0006259679794312,
				"bytes":	6029312,
				"bits_per_second":	48204321.6381843,
				"omitted":	false,
				"sender":	false
			}
		}, {
			"streams":	[{
					"socket":	5,
					"start":	10.001085,
					"end":	11.00085,
					"seconds":	0.99976497888565063,
					"bytes":	5898240,
					"bits_per_second":	47197012.2944234,
					"omitted":	false,
					"sender":	false
				}],
			"sum":	{
				"start":	10.001085,
				"end":	11.00085,
				"seconds":	0.99976497888565063,
				"bytes":	5898240,
				"bits_per_second":	47197012.2944234,
				"omitted":	false,
				"sender":	false
			}
		}, {
			"streams":	[{
					"socket":	5,
					"start":	11.00085,
					"end":	12.001014,
					"seconds":	1.0001640319824219,
					"bytes":	6029312,
					"bits_per_second":	48226585.2976082,
					"omitted":	false,
					"sender":	false
				}],
			"sum":	{
				"start":	11.00085,
				"end":	12.001014,
				"seconds":	1.0001640319824219,
				"bytes":	6029312,
				"bits_per_second":	48226585.2976082,
				"omitted":	false,
				"sender":	false
			}
		}, {
			"streams":	[{
					"socket":	5,
					"start":	12.001014,
					"end":	13.001002,
					"seconds":	0.9999880194664,
					"bytes":	5898240,
					"bits_per_second":	47186485.319272824,
					"omitted":	false,
					"sender":	false
				}],
			"sum":	{
				"start":	12.001014,
				"end":	13.001002,
				"seconds":	0.9999880194664,
				"bytes":	5898240,
				"bits_per_second":	47186485.319272824,
				"omitted":	false,
				"sender":	false
			}
		}, {
			"streams":	[{
					"socket":	5,
					"start":	13.001002,
					"end":	14.001151,
					"seconds":	1.0001490116119385,
					"bytes":	5898240,
					"bits_per_second":	47178889.7975818,
					"omitted":	false,
					"sender":	false
				}],
			"sum":	{
				"start":	13.001002,
				"end":	14.001151,
				"seconds":	1.0001490116119385,
				"bytes":	5898240,
				"bits_per_second":	47178889.7975818,
				"omitted":	false,
				"sender":	false
			}
		}, {
			"streams":	[{
					"socket":	5,
					"start":	14.001151,
					"end":	15.001081,
					"seconds":	0.99993002414703369,
					"bytes":	6029312,
					"bits_per_second":	48237871.486202523,
					"omitted":	false,
					"sender":	false
				}],
			"sum":	{
				"start":	14.001151,
				"end":	15.001081,
				"seconds":	0.99993002414703369,
				"bytes":	6029312,
				"bits_per_second":	48237871.486202523,
				"omitted":	false,
				"sender":	false
			}
		}, {
			"streams":	[{
					"socket":	5,
					"start":	15.001081,
					"end":	16.00101,
					"seconds":	0.99992901086807251,
					"bytes":	5898240,
					"bits_per_second":	47189269.925308287,
					"omitted":	false,
					"sender":	false
				}],
			"sum":	{
				"start":	15.001081,
				"end":	16.00101,
				"seconds":	0.99992901086807251,
				"bytes":	5898240,
				"bits_per_second":	47189269.925308287,
				"omitted":	false,