{
	"start":	{
		"connected":	[{
				"socket":	5,
				"local_host":	"10.0.0.2",
				"local_port":	5201,
				"remote_host":	"10.0.0.1",
				"remote_port":	46300
			}],
		"version":	"iperf 3.16",
		"system_info":	"Linux mininet 6.8.0-88-generic #89-Ubuntu SMP PREEMPT_DYNAMIC Sat Oct 11 01:02:46 UTC 2025 x86_64",
		"sock_bufsize":	0,
		"sndbuf_actual":	87380,
		"rcvbuf_actual":	87380,
		"timestamp":	{
			"time":	"Tue, 02 Dec 2025 17:20:30 GMT",
			"timesecs":	1764696030
		},
		"accepted_connection":	{
			"host":	"10.0.0.1",
			"port":	46296
		},
		"cookie":	"zneenfpdl3hg6fo7wmdxspsrttvqzyc75lqf",
		"tcp_mss_default":	0,
		"target_bitrate":	0,
		"fq_rate":	0,
		"test_start":	{
			"protocol":	"TCP",
			"num_streams":	1,
			"blksize":	131072,
			"omit":	0,
			"duration":	20,
			"bytes":	0,
			"blocks":	0,
			"reverse":	0,
			"tos":	0,
			"target_bitrate":	0,
			"bidir":	0,
			"fqrate":	0
		}
	},
	"intervals":	[{
			"streams":	[{
					"socket":	5,
					"start":	0,
					"end":	1.001039,
					"seconds":	1.0010390281677246,
					"bytes":	4325376,
					"bits_per_second":	34567091.81792485,
					"omitted":	false,
					"sender":	false
				}],
			"sum":	{
				"start":	0,
				"end":	1.001039,
				"seconds":	1.0010390281677246,
				"bytes":	4325376,
				"bits_per_second":	34567091.81792485,
				"omitted":	false,
				"sender":	false
			}
		}, {
			"streams":	[{
					"socket":	5,
					"start":	1.001039,
					"end":	2.000748,
					"seconds":	0.99970901012420654,
					"bytes":	6422528,
					"bits_per_second":	51395179.476892367,
					"omitted":	false,
					"sender":	false
				}],
			"sum":	{
				"start":	1.001039,
				"end":	2.000748,
				"seconds":	0.99970901012420654,
				"bytes":	6422528,
				"bits_per_second":	51395179.476892367,
				"omitted":	false,
				"sender":	false
			}
		}, {
			"streams":	[{
					"socket":	5,
					"start":	2.000748,
					"end":	3.001037,
					"seconds":	1.0002889633178711,
					"bytes":	5898240,
					"bits_per_second":	47172288.938876651,
					"omitted":	false,
					"sender":	false
				}],
			"sum":	{
				"start":	2.000748,
				"end":	3.001037,
				"seconds":	1.0002889633178711,
				"bytes":	5898240,
				"bits_per_second":	47172288.938876651,
				"omitted":	false,
				"sender":	false
			}
		}, {
			"streams":	[{
					"socket":	5,
					"start":	3.001037,
					"end":	4.001014,
					"seconds":	0.9999769926071167,
					"bytes":	6029312,
					"bits_per_second":	48235605.775533043,
					"omitted":	false,
					"sender":	false
				}],
			"sum":	{
				"start":	3.001037,
				"end":	4.001014,
				"seconds":	0.9999769926071167,
				"bytes":	6029312,
				"bits_per_second":	48235605.775533043,
				"omitted":	false,
				"sender":	false
			}
		}, {
			"streams":	[{
					"socket":	5,
					"start":	4.001014,
					"end":	5.001045,
					"seconds":	1.0000309944152832,
					"bytes":	4194304,
					"bits_per_second":	33553392.032233194,
					"omitted":	false,
					"sender":	false
				}],
			"sum":	{
				"start":	4.001014,
				"end":	5.001045,
				"seconds":	1.0000309944152832,
				"bytes":	4194304,
				"bits_per_second":	33553392.032233194,
				"omitted":	false,
				"sender":	false
			}
		}, {
			"streams":	[{
					"socket":	5,
					"start":	5.001045,
					"end":	6.00078,
					"seconds":	0.99973499774932861,
					"bytes":	2097152,
					"bits_per_second":	16781663.178512316,
					"omitted":	false,
					"sender":	false
				}],
			"sum":	{
				"start":	5.001045,
				"end":	6.00078,
				"seconds":	0.99973499774932861,
				"bytes":	2097152,
				"bits_per_second":	16781663.178512316,
				"omitted":	false,
				"sender":	false
			}
		}, {
			"streams":	[{
					"socket":	5,
					"start":	6.00078,
					"end":	7.000736,
					"seconds":	0.99995601177215576,
					"bytes":	2359296,
					"bits_per_second":	18875198.286522832,
					"omitted":	false,
					"sender":	false
				}],
			"sum":	{
				"start":	6.00078,
				"end":	7.000736,
				"seconds":	0.99995601177215576,
				"bytes":	2359296,
				"bits_per_second":	18875198.286522832,
				"omitted":	false,
				"sender":	false
			}
		}, {
			"streams":	[{
					"socket":	5,
					"start":	7.000736,
					"end":	8.001036,
					"seconds":	1.0003000497817993,
					"bytes":	1966080,
					"bits_per_second":	15723922.040622681,
					"omitted":	false,
					"sender":	false
				}],
			"sum":	{
				"start":	7.000736,
				"end":	8.001036,
				"seconds":	1.0003000497817993,
				"bytes":	1966080,
				"bits_per_second":	15723922.040622681,
				"omitted":	false,
				"sender":	false
			}
		}, {
			"streams":	[{
					"socket":	5,
					"start":	8.001036,
					"end":	9.001311,
					"seconds":	1.0002750158309937,
					"bytes":	2228224,
					"bits_per_second":	17820890.972860053,
					"omitted":	false,
					"sender":	false
				}],
			"sum":	{
				"start":	8.001036,
				"end":	9.001311,
				"seconds":	1.0002750158309937,
				"bytes":	2228224,
				"bits_per_second":	17820890.972860053,
				"omitted":	false,
				"sender":	false
			}
		}, {
			"streams":	[{
					"socket":	5,
					"start":	9.001311,
					"end":	10.000988,
					"seconds":	0.999677002429962,
					"bytes":	1703936,
					"bits_per_second":	13635892.360097609,
					"omitted":	false,
					"sender":	false
				}],
			"sum":	{
				"start":	9.001311,
				"end":	10.000988,
				"seconds":	0.999677002429962,
				"bytes":	1703936,
				"bits_per_second":	13635892.360097609,
				"omitted":	false,
				"sender":	false
			}
		}, {
			"streams":	[{
					"socket":	5,
					"start":	10.000988,
					"end":	11.00102,
					"seconds":	1.0000319480895996,
					"bytes":	1441792,
					"bits_per_second":	11533967.511772495,
					"omitted":	false,
					"sender":	false
				}],
			"sum":	{
				"start":	10.000988,
				"end":	11.00102,
				"seconds":	1.0000319480895996,
				"bytes":	1441792,
				"bits_per_second":	11533967.511772495,
				"omitted":	false,
				"sender":	false
			}
		}, {
			"streams":	[{
					"socket":	5,
					"start":	11.00102,
					"end":	12.000737,
					"seconds":	0.99971699714660645,
					"bytes":	2359296,
					"bits_per_second":	18879711.012087665,
					"omitted":	false,
					"sender":	false
				}],
			"sum":	{
				"start":	11.00102,
				"end":	12.000737,
				"seconds":	0.99971699714660645,
				"bytes":	2359296,
				"bits_per_second":	18879711.012087665,
				"omitted":	false,
				"sender":	false
			}
		}, {
			"streams":	[{
					"socket":	5,
					"start":	12.000737,
					"end":	13.000938,
					"seconds":	1.0002009868621826,
					"bytes":	2883584,
					"bits_per_second":	23064036.431688331,
					"omitted":	false,
					"sender":	false
				}],
			"sum":	{
				"start":	12.000737,
				"end":	13.000938,
				"seconds":	1.0002009868621826,
				"bytes":	2883584,
				"bits_per_second":	23064036.431688331,
				"omitted":	false,
				"sender":	false
			}
		}, {
			"streams":	[{
					"socket":	5,
					"start":	13.000938,
					"end":	14.001054,
					"seconds":	1.0001159906387329,
					"bytes":	2228224,
					"bits_per_second":	17823724.614797331,
					"omitted":	false,
					"sender":	false
				}],
			"sum":	{
				"start":	13.000938,
				"end":	14.001054,
				"seconds":	1.0001159906387329,
				"bytes":	2228224,
				"bits_per_second":	17823724.614797331,
				"omitted":	false,
				"sender":	false
			}
		}, {
			"streams":	[{
					"socket":	5,
					"start":	14.001054,
					"end":	15.000744,
					"seconds":	0.99968999624252319,
					"bytes":	1966080,
					"bits_per_second":	15733517.449527681,
					"omitted":	false,
					"sender":	false
				}],
			"sum":	{
				"start":	14.001054,
				"end":	15.000744,
				"seconds":	0.99968999624252319,
				"bytes":	1966080,
				"bits_per_second":	15733517.449527681,
				"omitted":	false,
				"sender":	false
			}
		}, {
			"streams":	[{
					"socket":	5,
					"start":	15.000744,
					"end":	16.000712,
					"seconds":	0.99996799230575562,
					"bytes":	1966080,
					"bits_per_second":	15729143.45361439,
					"omitted":	false,
					"sender":	false
				}],
			"sum":	{
				"start":	15.000744,
				"end":	16.000712,
				"seconds":	0.99996799230575562,
				"bytes":	1966080,