{
	"start":	{
		"connected":	[{
				"socket":	5,
				"local_host":	"10.0.0.1",
				"local_port":	43004,
				"remote_host":	"10.0.0.2",
				"remote_port":	5201
			}],
		"version":	"iperf 3.16",
		"system_info":	"Linux mininet 6.8.0-88-generic #89-Ubuntu SMP PREEMPT_DYNAMIC Sat Oct 11 01:02:46 UTC 2025 x86_64",
		"timestamp":	{
			"time":	"Tue, 02 Dec 2025 17:39:03 GMT",
			"timesecs":	1764697143
		},
		"connecting_to":	{
			"host":	"10.0.0.2",
			"port":	5201
		},
		"cookie":	"nak6j7lm3pj4n6vxmza4qdzhp5bqrodrlnyt",
		"tcp_mss_default":	1448,
		"target_bitrate":	0,
		"fq_rate":	0,
		"sock_bufsize":	0,
		"sndbuf_actual":	87380,
		"rcvbuf_actual":	87380,
		"test_start":	{
			"protocol":	"TCP",
			"num_streams":	1,
			"blksize":	131072,
			"omit":	0,
			"duration":	20,
			"bytes":	0,
			"blocks":	0,
			"reverse":	0,
			"tos":	0,
			"target_bitrate":	0,
			"bidir":	0,
			"fqrate":	0
		}
	},
	"intervals":	[{
			"streams":	[{
					"socket":	5,
					"start":	0,
					"end":	1.000799,
					"seconds":	1.0007989406585693,
					"bytes":	16646144,
					"bits_per_second":	133062842.68483427,
					"retransmits":	0,
					"snd_cwnd":	2534000,
					"snd_wnd":	4112896,
					"rtt":	200676,
					"rttvar":	10638,
					"pmtu":	1500,
					"omitted":	false,
					"sender":	true
				}],
			"sum":	{
				"start":	0,
				"end":	1.000799,
				"seconds":	1.0007989406585693,
				"bytes":	16646144,
				"bits_per_second":	133062842.68483427,
				"retransmits":	0,
				"omitted":	false,
				"sender":	true
			}
		}, {
			"streams":	[{
					"socket":	5,
					"start":	1.000799,
					"end":	2.000756,
					"seconds":	0.999957025051117,
					"bytes":	5505024,
					"bits_per_second":	44042084.706338957,
					"retransmits":	0,
					"snd_cwnd":	8491072,
					"snd_wnd":	11919872,
					"rtt":	698932,
					"rttvar":	13996,
					"pmtu":	1500,
					"omitted":	false,
					"sender":	true
				}],
			"sum":	{
				"start":	1.000799,
				"end":	2.000756,
				"seconds":	0.999957025051117,
				"bytes":	5505024,
				"bits_per_second":	44042084.706338957,
				"retransmits":	0,
				"omitted":	false,
				"sender":	true
			}
		}, {
			"streams":	[{
					"socket":	5,
					"start":	2.000756,
					"end":	3.000942,
					"seconds":	1.0001859664916992,
					"bytes":	0,
					"bits_per_second":	0,
					"retransmits":	3182,
					"snd_cwnd":	4273048,
					"snd_wnd":	12462592,
					"rtt":	767353,
					"rttvar":	831,
					"pmtu":	1500,
					"omitted":	false,
					"sender":	true
				}],
			"sum":	{
				"start":	2.000756,
				"end":	3.000942,
				"seconds":	1.0001859664916992,
				"bytes":	0,
				"bits_per_second":	0,
				"retransmits":	3182,
				"omitted":	false,
				"sender":	true
			}
		}, {
			"streams":	[{
					"socket":	5,
					"start":	3.000942,
					"end":	4.000926,
					"seconds":	0.9999840259552002,
					"bytes":	10223616,
					"bits_per_second":	81790234.5208704,
					"retransmits":	2140,
					"snd_cwnd":	1249624,
					"snd_wnd":	12582912,
					"rtt":	198975,
					"rttvar":	376,
					"pmtu":	1500,
					"omitted":	false,
					"sender":	true
				}],
			"sum":	{
				"start":	3.000942,
				"end":	4.000926,
				"seconds":	0.9999840259552002,
				"bytes":	10223616,
				"bits_per_second":	81790234.5208704,
				"retransmits":	2140,
				"omitted":	false,
				"sender":	true
			}
		}, {
			"streams":	[{
					"socket":	5,
					"start":	4.000926,
					"end":	5.00094,
					"seconds":	1.0000139474868774,
					"bytes":	5505024,
					"bits_per_second":	44039577.758567125,
					"retransmits":	418,
					"snd_cwnd":	1084552,
					"snd_wnd":	12582912,
					"rtt":	185912,
					"rttvar":	825,
					"pmtu":	1500,
					"omitted":	false,
					"sender":	true
				}],
			"sum":	{
				"start":	4.000926,
				"end":	5.00094,
				"seconds":	1.0000139474868774,
				"bytes":	5505024,
				"bits_per_second":	44039577.758567125,
				"retransmits":	418,
				"omitted":	false,
				"sender":	true
			}
		}, {
			"streams":	[{
					"socket":	5,
					"start":	5.00094,
					"end":	6.000776,
					"seconds":	0.999836027622223,
					"bytes":	5898240,
					"bits_per_second":	47193658.4563931,
					"retransmits":	0,
					"snd_cwnd":	564720,
					"snd_wnd":	12578304,
					"rtt":	104624,
					"rttvar":	143,
					"pmtu":	1500,
					"omitted":	false,
					"sender":	true
				}],
			"sum":	{
				"start":	5.00094,
				"end":	6.000776,
				"seconds":	0.999836027622223,
				"bytes":	5898240,
				"bits_per_second":	47193658.4563931,
				"retransmits":	0,
				"omitted":	false,
				"sender":	true
			}
		}, {
			"streams":	[{
					"socket":	5,
					"start":	6.000776,
					"end":	7.000885,
					"seconds":	1.0001089572906494,
					"bytes":	5636096,
					"bits_per_second":	45083855.785221614,
					"retransmits":	4,
					"snd_cwnd":	291048,
					"snd_wnd":	12580352,
					"rtt":	104782,
					"rttvar":	419,
					"pmtu":	1500,
					"omitted":	false,
					"sender":	true
				}],
			"sum":	{
				"start":	6.000776,
				"end":	7.000885,
				"seconds":	1.0001089572906494,
				"bytes":	5636096,
				"bits_per_second":	45083855.785221614,
				"retransmits":	4,
				"omitted":	false,
				"sender":	true
			}
		}, {
			"streams":	[{
					"socket":	5,
					"start":	7.000885,
					"end":	8.000888,
					"seconds":	1.0000029802322388,
					"bytes":	5505024,
					"bits_per_second":	44040060.750391155,
					"retransmits":	0,
					"snd_cwnd":	304080,
					"snd_wnd":	12580352,
					"rtt":	104597,
					"rttvar":	204,
					"pmtu":	1500,
					"omitted":	false,
					"sender":	true
				}],
			"sum":	{
				"start":	7.000885,
				"end":	8.000888,
				"seconds":	1.0000029802322388,
				"bytes":	5505024,
				"bits_per_second":	44040060.750391155,
				"retransmits":	0,
				"omitted":	false,
				"sender":	true
			}
		}, {
			"streams":	[{
					"socket":	5,
					"start":	8.000888,
					"end":	9.001047,
					"seconds":	1.0001590251922607,
					"bytes":	0,
					"bits_per_second":	0,
					"retransmits":	2,
					"snd_cwnd":	160728,
					"snd_wnd":	12580352,
					"rtt":	104527,
					"rttvar":	153,
					"pmtu":	1500,
					"omitted":	false,
					"sender":	true
				}],
			"sum":	{
				"start":	8.000888,
				"end":	9.001047,
				"seconds":	1.0001590251922607,
				"bytes":	0,
				"bits_per_second":	0,
				"retransmits":	2,
				"omitted":	false,
				"sender":	true
			}
		}, {
			"streams":	[{
					"socket":	5,
					"start":	9.001047,
					"end":	10.000879,
					"seconds":	0.99983197450637817,
					"bytes":	0,
					"bits_per_second":	0,
					"retransmits":	1,
					"snd_cwnd":	91224,
					"snd_wnd":	12580352,
					"rtt":	104651,
					"rttvar":	174,
					"pmtu":	1500,
					"omitted":	false,
					"sender":	true
				}],
			"sum":	{
				"start":	9.001047,
				"end":	10.000879,
				"seconds":	0.99983197450637817,
				"bytes":	0,
				"bits_per_second":	0,
				"retransmits":	1,
				"omitted":	false,
				"sender":	true
			}
		}, {
			"streams":	[{
					"socket":	5,
					"start":	10.000879,
					"end":	11.000807,
					"seconds":	0.99992799758911133,
					"bytes":	0,
					"bits_per_second":	0,
					"retransmits":	2,
					"snd_cwnd":	83984,
					"snd_wnd":	12580352,
					"rtt":	105413,
					"rttvar":	864,
					"pmtu":	1500,
					"omitted":	false,
					"sender":	true
				}],
			"sum":	{
				"start":	10.000879,
				"end":	11.000807,
				"seconds":	0.99992799758911133,
				"bytes":	0,
				"bits_per_second":	0,
				"retransmits":	2,
				"omitted":	false,
				"sender":	true
			}
		}, {
			"streams":	[{
					"socket":	5,
					"start":	11.000807,
					"end":	12.000905,
					"seconds":	1.0000979900360107,
					"bytes":	0,
					"bits_per_second":	0,
					"retransmits":	0,
					"snd_cwnd":	63712,
					"snd_wnd":	12580352,
					"rtt":	104708,
					"rttvar":	244,
					"pmtu":	1500,
					"omitted":	false,
					"sender":	true
				}],
			"sum":	{
				"start":	11.000807,
				"end":	12.000905,
				"seconds":	1.0000979900360107,
				"bytes":	0,
				"bits_per_second":	0,
				"retransmits":	0,
				"omitted":	false,
				"sender":	true
			}
		}, {
			"streams":	[{
					"socket":	5,
					"start":	12.000905,
					"end":	13.001024,
					"seconds":	1.0001189708709717,