{
	"start":	{
		"connected":	[{
				"socket":	5,
				"local_host":	"10.0.0.1",
				"local_port":	59950,
				"remote_host":	"10.0.0.2",
				"remote_port":	5201
			}],
		"version":	"iperf 3.16",
		"system_info":	"Linux mininet 6.8.0-88-generic #89-Ubuntu SMP PREEMPT_DYNAMIC Sat Oct 11 01:02:46 UTC 2025 x86_64",
		"timestamp":	{
			"time":	"Tue, 02 Dec 2025 18:17:00 GMT",
			"timesecs":	1764699420
		},
		"connecting_to":	{
			"host":	"10.0.0.2",
			"port":	5201
		},
		"cookie":	"bup3s3z2iwzaaac6fuzridg3j7dehimulk2d",
		"tcp_mss_default":	1448,
		"target_bitrate":	0,
		"fq_rate":	0,
		"sock_bufsize":	0,
		"sndbuf_actual":	87380,
		"rcvbuf_actual":	87380,
		"test_start":	{
			"protocol":	"TCP",
			"num_streams":	1,
			"blksize":	131072,
			"omit":	0,
			"duration":	20,
			"bytes":	0,
			"blocks":	0,
			"reverse":	0,
			"tos":	0,
			"target_bitrate":	0,
			"bidir":	0,
			"fqrate":	0
		}
	},
	"intervals":	[{
			"streams":	[{
					"socket":	5,
					"start":	0,
					"end":	1.001032,
					"seconds":	1.0010319948196411,
					"bytes":	5898240,
					"bits_per_second":	47137274.576824717,
					"retransmits":	0,
					"snd_cwnd":	864456,
					"snd_wnd":	3311104,
					"rtt":	137894,
					"rttvar":	584,
					"pmtu":	1500,
					"omitted":	false,
					"sender":	true
				}],
			"sum":	{
				"start":	0,
				"end":	1.001032,
				"seconds":	1.0010319948196411,
				"bytes":	5898240,
				"bits_per_second":	47137274.576824717,
				"retransmits":	0,
				"omitted":	false,
				"sender":	true
			}
		}, {
			"streams":	[{
					"socket":	5,
					"start":	1.001032,
					"end":	2.000725,
					"seconds":	0.999692976474762,
					"bytes":	7864320,
					"bits_per_second":	62933882.182364546,
					"retransmits":	45,
					"snd_cwnd":	770336,
					"snd_wnd":	2998784,
					"rtt":	168595,
					"rttvar":	2229,
					"pmtu":	1500,
					"omitted":	false,
					"sender":	true
				}],
			"sum":	{
				"start":	1.001032,
				"end":	2.000725,
				"seconds":	0.999692976474762,
				"bytes":	7864320,
				"bits_per_second":	62933882.182364546,
				"retransmits":	45,
				"omitted":	false,
				"sender":	true
			}
		}, {
			"streams":	[{
					"socket":	5,
					"start":	2.000725,
					"end":	3.000877,
					"seconds":	1.0001519918441772,
					"bytes":	4456448,
					"bits_per_second":	35646166.073480643,
					"retransmits":	10,
					"snd_cwnd":	577752,
					"snd_wnd":	11111936,
					"rtt":	104680,
					"rttvar":	190,
					"pmtu":	1500,
					"omitted":	false,
					"sender":	true
				}],
			"sum":	{
				"start":	2.000725,
				"end":	3.000877,
				"seconds":	1.0001519918441772,
				"bytes":	4456448,
				"bits_per_second":	35646166.073480643,
				"retransmits":	10,
				"omitted":	false,
				"sender":	true
			}
		}, {
			"streams":	[{
					"socket":	5,
					"start":	3.000877,
					"end":	4.001041,
					"seconds":	1.0001640319824219,
					"bytes":	6553600,
					"bits_per_second":	52420201.4104437,
					"retransmits":	0,
					"snd_cwnd":	615400,
					"snd_wnd":	12578304,
					"rtt":	105466,
					"rttvar":	227,
					"pmtu":	1500,
					"omitted":	false,
					"sender":	true
				}],
			"sum":	{
				"start":	3.000877,
				"end":	4.001041,
				"seconds":	1.0001640319824219,
				"bytes":	6553600,
				"bits_per_second":	52420201.4104437,
				"retransmits":	0,
				"omitted":	false,
				"sender":	true
			}
		}, {
			"streams":	[{
					"socket":	5,
					"start":	4.001041,
					"end":	5.001004,
					"seconds":	0.99996298551559448,
					"bytes":	6684672,
					"bits_per_second":	53479355.510770574,
					"retransmits":	0,
					"snd_cwnd":	638568,
					"snd_wnd":	12578304,
					"rtt":	106953,
					"rttvar":	215,
					"pmtu":	1500,
					"omitted":	false,
					"sender":	true
				}],
			"sum":	{
				"start":	4.001041,
				"end":	5.001004,
				"seconds":	0.99996298551559448,
				"bytes":	6684672,
				"bits_per_second":	53479355.510770574,
				"retransmits":	0,
				"omitted":	false,
				"sender":	true
			}
		}, {
			"streams":	[{
					"socket":	5,
					"start":	5.001004,
					"end":	6.001107,
					"seconds":	1.0001029968261719,
					"bytes":	4456448,
					"bits_per_second":	35647912.3781654,
					"retransmits":	0,
					"snd_cwnd":	650152,
					"snd_wnd":	12578304,
					"rtt":	108295,
					"rttvar":	317,
					"pmtu":	1500,
					"omitted":	false,
					"sender":	true
				}],
			"sum":	{
				"start":	5.001004,
				"end":	6.001107,
				"seconds":	1.0001029968261719,
				"bytes":	4456448,
				"bits_per_second":	35647912.3781654,
				"retransmits":	0,
				"omitted":	false,
				"sender":	true
			}
		}, {
			"streams":	[{
					"socket":	5,
					"start":	6.001107,
					"end":	7.000862,
					"seconds":	0.999755024909973,
					"bytes":	6684672,
					"bits_per_second":	53490479.8351132,
					"retransmits":	0,
					"snd_cwnd":	654496,
					"snd_wnd":	12578304,
					"rtt":	109620,
					"rttvar":	232,
					"pmtu":	1500,
					"omitted":	false,
					"sender":	true
				}],
			"sum":	{
				"start":	6.001107,
				"end":	7.000862,
				"seconds":	0.999755024909973,
				"bytes":	6684672,
				"bits_per_second":	53490479.8351132,
				"retransmits":	0,
				"omitted":	false,
				"sender":	true
			}
		}, {
			"streams":	[{
					"socket":	5,
					"start":	7.000862,
					"end":	8.001162,
					"seconds":	1.0003000497817993,
					"bytes":	6553600,
					"bits_per_second":	52413073.468742274,
					"retransmits":	0,
					"snd_cwnd":	654496,
					"snd_wnd":	12578304,
					"rtt":	109215,
					"rttvar":	372,
					"pmtu":	1500,
					"omitted":	false,
					"sender":	true
				}],
			"sum":	{
				"start":	7.000862,
				"end":	8.001162,
				"seconds":	1.0003000497817993,
				"bytes":	6553600,
				"bits_per_second":	52413073.468742274,
				"retransmits":	0,
				"omitted":	false,
				"sender":	true
			}
		}, {
			"streams":	[{
					"socket":	5,
					"start":	8.001162,
					"end":	9.000939,
					"seconds":	0.99977701902389526,
					"bytes":	4456448,
					"bits_per_second":	35659535.3980105,
					"retransmits":	0,
					"snd_cwnd":	654496,
					"snd_wnd":	12581376,
					"rtt":	109798,
					"rttvar":	393,
					"pmtu":	1500,
					"omitted":	false,
					"sender":	true
				}],
			"sum":	{
				"start":	8.001162,
				"end":	9.000939,
				"seconds":	0.99977701902389526,
				"bytes":	4456448,
				"bits_per_second":	35659535.3980105,
				"retransmits":	0,
				"omitted":	false,
				"sender":	true
			}
		}, {
			"streams":	[{
					"socket":	5,
					"start":	9.000939,
					"end":	10.000794,
					"seconds":	0.99985498189926147,
					"bytes":	6684672,
					"bits_per_second":	53485132.312305681,
					"retransmits":	0,
					"snd_cwnd":	658840,
					"snd_wnd":	12578304,
					"rtt":	109879,
					"rttvar":	180,
					"pmtu":	1500,
					"omitted":	false,
					"sender":	true
				}],
			"sum":	{
				"start":	9.000939,
				"end":	10.000794,
				"seconds":	0.99985498189926147,
				"bytes":	6684672,
				"bits_per_second":	53485132.312305681,
				"retransmits":	0,
				"omitted":	false,
				"sender":	true
			}
		}, {
			"streams":	[{
					"socket":	5,
					"start":	10.000794,
					"end":	11.001037,
					"seconds":	1.0002429485321045,
					"bytes":	6553600,
					"bits_per_second":	52416065.5938053,
					"retransmits":	0,
					"snd_cwnd":	668976,
					"snd_wnd":	12578304,
					"rtt":	111061,
					"rttvar":	125,
					"pmtu":	1500,
					"omitted":	false,
					"sender":	true
				}],
			"sum":	{
				"start":	10.000794,
				"end":	11.001037,
				"seconds":	1.0002429485321045,
				"bytes":	6553600,
				"bits_per_second":	52416065.5938053,
				"retransmits":	0,
				"omitted":	false,
				"sender":	true
			}
		}, {
			"streams":	[{
					"socket":	5,
					"start":	11.001037,
					"end":	12.001001,
					"seconds":	0.99996399879455566,
					"bytes":	4456448,
					"bits_per_second":	35652867.5462092,
					"retransmits":	0,
					"snd_cwnd":	687800,
					"snd_wnd":	12578304,
					"rtt":	114174,
					"rttvar":	175,
					"pmtu":	1500,
					"omitted":	false,
					"sender":	true
				}],
			"sum":	{
				"start":	11.001037,
				"end":	12.001001,
				"seconds":	0.99996399879455566,
				"bytes":	4456448,