{
	"start":	{
		"connected":	[{
				"socket":	5,
				"local_host":	"10.0.0.1",
				"local_port":	33642,
				"remote_host":	"10.0.0.2",
				"remote_port":	5201
			}],
		"version":	"iperf 3.16",
		"system_info":	"Linux mininet 6.8.0-88-generic #89-Ubuntu SMP PREEMPT_DYNAMIC Sat Oct 11 01:02:46 UTC 2025 x86_64",
		"timestamp":	{
			"time":	"Tue, 02 Dec 2025 17:42:11 GMT",
			"timesecs":	1764697331
		},
		"connecting_to":	{
			"host":	"10.0.0.2",
			"port":	5201
		},
		"cookie":	"rykfnthiyj3dysnh2vy4zylmahbbjol2gnth",
		"tcp_mss_default":	1448,
		"target_bitrate":	0,
		"fq_rate":	0,
		"sock_bufsize":	0,
		"sndbuf_actual":	87380,
		"rcvbuf_actual":	87380,
		"test_start":	{
			"protocol":	"TCP",
			"num_streams":	1,
			"blksize":	131072,
			"omit":	0,
			"duration":	20,
			"bytes":	0,
			"blocks":	0,
			"reverse":	0,
			"tos":	0,
			"target_bitrate":	0,
			"bidir":	0,
			"fqrate":	0
		}
	},
	"intervals":	[{
			"streams":	[{
					"socket":	5,
					"start":	0,
					"end":	1.000796,
					"seconds":	1.0007959604263306,
					"bytes":	2490368,
					"bits_per_second":	19907098.73720213,
					"retransmits":	0,
					"snd_cwnd":	298288,
					"snd_wnd":	1196544,
					"rtt":	235996,
					"rttvar":	1022,
					"pmtu":	1500,
					"omitted":	false,
					"sender":	true
				}],
			"sum":	{
				"start":	0,
				"end":	1.000796,
				"seconds":	1.0007959604263306,
				"bytes":	2490368,
				"bits_per_second":	19907098.73720213,
				"retransmits":	0,
				"omitted":	false,
				"sender":	true
			}
		}, {
			"streams":	[{
					"socket":	5,
					"start":	1.000796,
					"end":	2.001022,
					"seconds":	1.0002260208129883,
					"bytes":	1572864,
					"bits_per_second":	12580068.642657937,
					"retransmits":	11,
					"snd_cwnd":	228784,
					"snd_wnd":	1236992,
					"rtt":	191455,
					"rttvar":	338,
					"pmtu":	1500,
					"omitted":	false,
					"sender":	true
				}],
			"sum":	{
				"start":	1.000796,
				"end":	2.001022,
				"seconds":	1.0002260208129883,
				"bytes":	1572864,
				"bits_per_second":	12580068.642657937,
				"retransmits":	11,
				"omitted":	false,
				"sender":	true
			}
		}, {
			"streams":	[{
					"socket":	5,
					"start":	2.001022,
					"end":	3.000913,
					"seconds":	0.99989098310470581,
					"bytes":	655360,
					"bits_per_second":	5243451.6248167632,
					"retransmits":	0,
					"snd_cwnd":	269328,
					"snd_wnd":	2904576,
					"rtt":	217183,
					"rttvar":	1290,
					"pmtu":	1500,
					"omitted":	false,
					"sender":	true
				}],
			"sum":	{
				"start":	2.001022,
				"end":	3.000913,
				"seconds":	0.99989098310470581,
				"bytes":	655360,
				"bits_per_second":	5243451.6248167632,
				"retransmits":	0,
				"omitted":	false,
				"sender":	true
			}
		}, {
			"streams":	[{
					"socket":	5,
					"start":	3.000913,
					"end":	4.000881,
					"seconds":	0.99996799230575562,
					"bytes":	1310720,
					"bits_per_second":	10486095.635742927,
					"retransmits":	0,
					"snd_cwnd":	298288,
					"snd_wnd":	2904576,
					"rtt":	243646,
					"rttvar":	626,
					"pmtu":	1500,
					"omitted":	false,
					"sender":	true
				}],
			"sum":	{
				"start":	3.000913,
				"end":	4.000881,
				"seconds":	0.99996799230575562,
				"bytes":	1310720,
				"bits_per_second":	10486095.635742927,
				"retransmits":	0,
				"omitted":	false,
				"sender":	true
			}
		}, {
			"streams":	[{
					"socket":	5,
					"start":	4.000881,
					"end":	5.000799,
					"seconds":	0.999917984008789,
					"bytes":	1310720,
					"bits_per_second":	10486620.070539538,
					"retransmits":	4,
					"snd_cwnd":	266432,
					"snd_wnd":	2904576,
					"rtt":	258929,
					"rttvar":	311,
					"pmtu":	1500,
					"omitted":	false,
					"sender":	true
				}],
			"sum":	{
				"start":	4.000881,
				"end":	5.000799,
				"seconds":	0.999917984008789,
				"bytes":	1310720,
				"bits_per_second":	10486620.070539538,
				"retransmits":	4,
				"omitted":	false,
				"sender":	true
			}
		}, {
			"streams":	[{
					"socket":	5,
					"start":	5.000799,
					"end":	6.000809,
					"seconds":	1.0000100135803223,
					"bytes":	1310720,
					"bits_per_second":	10485655.001051415,
					"retransmits":	0,
					"snd_cwnd":	238920,
					"snd_wnd":	2907648,
					"rtt":	195155,
					"rttvar":	1169,
					"pmtu":	1500,
					"omitted":	false,
					"sender":	true
				}],
			"sum":	{
				"start":	5.000799,
				"end":	6.000809,
				"seconds":	1.0000100135803223,
				"bytes":	1310720,
				"bits_per_second":	10485655.001051415,
				"retransmits":	0,
				"omitted":	false,
				"sender":	true
			}
		}, {
			"streams":	[{
					"socket":	5,
					"start":	6.000809,
					"end":	7.000801,
					"seconds":	0.9999920129776,
					"bytes":	1310720,
					"bits_per_second":	10485843.750668919,
					"retransmits":	0,
					"snd_cwnd":	256296,
					"snd_wnd":	2907648,
					"rtt":	210877,
					"rttvar":	220,
					"pmtu":	1500,
					"omitted":	false,
					"sender":	true
				}],
			"sum":	{
				"start":	6.000809,
				"end":	7.000801,
				"seconds":	0.9999920129776,
				"bytes":	1310720,
				"bits_per_second":	10485843.750668919,
				"retransmits":	0,
				"omitted":	false,
				"sender":	true
			}
		}, {
			"streams":	[{
					"socket":	5,
					"start":	7.000801,
					"end":	8.000955,
					"seconds":	1.0001540184020996,
					"bytes":	1310720,
					"bits_per_second":	10484145.248701414,
					"retransmits":	0,
					"snd_cwnd":	264984,
					"snd_wnd":	2907648,
					"rtt":	220226,
					"rttvar":	153,
					"pmtu":	1500,
					"omitted":	false,
					"sender":	true
				}],
			"sum":	{
				"start":	7.000801,
				"end":	8.000955,
				"seconds":	1.0001540184020996,
				"bytes":	1310720,
				"bits_per_second":	10484145.248701414,
				"retransmits":	0,
				"omitted":	false,
				"sender":	true
			}
		}, {
			"streams":	[{
					"socket":	5,
					"start":	8.000955,
					"end":	9.000812,
					"seconds":	0.999857008457184,
					"bytes":	655360,
					"bits_per_second":	5243629.7947143028,
					"retransmits":	0,
					"snd_cwnd":	267880,
					"snd_wnd":	2907648,
					"rtt":	223586,
					"rttvar":	967,
					"pmtu":	1500,
					"omitted":	false,
					"sender":	true
				}],
			"sum":	{
				"start":	8.000955,
				"end":	9.000812,
				"seconds":	0.999857008457184,
				"bytes":	655360,
				"bits_per_second":	5243629.7947143028,
				"retransmits":	0,
				"omitted":	false,
				"sender":	true
			}
		}, {
			"streams":	[{
					"socket":	5,
					"start":	9.000812,
					"end":	10.00081,
					"seconds":	0.99999797344207764,
					"bytes":	1310720,
					"bits_per_second":	10485781.250043064,
					"retransmits":	0,
					"snd_cwnd":	267880,
					"snd_wnd":	2907648,
					"rtt":	223695,
					"rttvar":	549,
					"pmtu":	1500,
					"omitted":	false,
					"sender":	true
				}],
			"sum":	{
				"start":	9.000812,
				"end":	10.00081,
				"seconds":	0.99999797344207764,
				"bytes":	1310720,
				"bits_per_second":	10485781.250043064,
				"retransmits":	0,
				"omitted":	false,
				"sender":	true
			}
		}, {
			"streams":	[{
					"socket":	5,
					"start":	10.00081,
					"end":	11.000952,
					"seconds":	1.000141978263855,
					"bytes":	1179648,
					"bits_per_second":	9435844.31520612,
					"retransmits":	0,
					"snd_cwnd":	269328,
					"snd_wnd":	2907648,
					"rtt":	222988,
					"rttvar":	145,
					"pmtu":	1500,
					"omitted":	false,
					"sender":	true
				}],
			"sum":	{
				"start":	10.00081,
				"end":	11.000952,
				"seconds":	1.000141978263855,
				"bytes":	1179648,
				"bits_per_second":	9435844.31520612,
				"retransmits":	0,
				"omitted":	false,
				"sender":	true
			}
		}, {
			"streams":	[{
					"socket":	5,
					"start":	11.000952,
					"end":	12.000794,
					"seconds":	0.99984198808670044,
					"bytes":	1310720,
					"bits_per_second":	10487417.136847364,
					"retransmits":	0,
					"snd_cwnd":	275120,
					"snd_wnd":	2904576,
					"rtt":	228899,
					"rttvar":	117,
					"pmtu":	1500,
					"omitted":	false,
					"sender":	true
				}],
			"sum":	{
				"start":	11.000952,
				"end":	12.000794,
				"seconds":	0.99984198808670044,
				"bytes":	1310720,
				"bits_per_second":	10487417.136847364,