{
	"start":	{
		"connected":	[{
				"socket":	5,
				"local_host":	"10.0.0.2",
				"local_port":	5201,
				"remote_host":	"10.0.0.1",
				"remote_port":	50642
			}],
		"version":	"iperf 3.16",
		"system_info":	"Linux mininet 6.8.0-88-generic #89-Ubuntu SMP PREEMPT_DYNAMIC Sat Oct 11 01:02:46 UTC 2025 x86_64",
		"sock_bufsize":	0,
		"sndbuf_actual":	87380,
		"rcvbuf_actual":	87380,
		"timestamp":	{
			"time":	"Tue, 02 Dec 2025 18:36:58 GMT",
			"timesecs":	1764700618
		},
		"accepted_connection":	{
			"host":	"10.0.0.1",
			"port":	50640
		},
		"cookie":	"wekuugudg243kmca7vtovctvb5deahkucdpc",
		"tcp_mss_default":	0,
		"target_bitrate":	0,
		"fq_rate":	0,
		"test_start":	{
			"protocol":	"TCP",
			"num_streams":	1,
			"blksize":	131072,
			"omit":	0,
			"duration":	20,
			"bytes":	0,
			"blocks":	0,
			"reverse":	0,
			"tos":	0,
			"target_bitrate":	0,
			"bidir":	0,
			"fqrate":	0
		}
	},
	"intervals":	[{
			"streams":	[{
					"socket":	5,
					"start":	0,
					"end":	1.00101,
					"seconds":	1.0010099411010742,
					"bytes":	1048576,
					"bits_per_second":	8380144.5475884471,
					"omitted":	false,
					"sender":	false
				}],
			"sum":	{
				"start":	0,
				"end":	1.00101,
				"seconds":	1.0010099411010742,
				"bytes":	1048576,
				"bits_per_second":	8380144.5475884471,
				"omitted":	false,
				"sender":	false
			}
		}, {
			"streams":	[{
					"socket":	5,
					"start":	1.00101,
					"end":	2.000716,
					"seconds":	0.999705970287323,
					"bytes":	1179648,
					"bits_per_second":	9439959.6286172848,
					"omitted":	false,
					"sender":	false
				}],
			"sum":	{
				"start":	1.00101,
				"end":	2.000716,
				"seconds":	0.999705970287323,
				"bytes":	1179648,
				"bits_per_second":	9439959.6286172848,
				"omitted":	false,
				"sender":	false
			}
		}, {
			"streams":	[{
					"socket":	5,
					"start":	2.000716,
					"end":	3.000806,
					"seconds":	1.0000900030136108,
					"bytes":	1179648,
					"bits_per_second":	9436334.70143943,
					"omitted":	false,
					"sender":	false
				}],
			"sum":	{
				"start":	2.000716,
				"end":	3.000806,
				"seconds":	1.0000900030136108,
				"bytes":	1179648,
				"bits_per_second":	9436334.70143943,
				"omitted":	false,
				"sender":	false
			}
		}, {
			"streams":	[{
					"socket":	5,
					"start":	3.000806,
					"end":	4.001014,
					"seconds":	1.0002080202102661,
					"bytes":	1179648,
					"bits_per_second":	9435221.2832847442,
					"omitted":	false,
					"sender":	false
				}],
			"sum":	{
				"start":	3.000806,
				"end":	4.001014,
				"seconds":	1.0002080202102661,
				"bytes":	1179648,
				"bits_per_second":	9435221.2832847442,
				"omitted":	false,
				"sender":	false
			}
		}, {
			"streams":	[{
					"socket":	5,
					"start":	4.001014,
					"end":	5.000852,
					"seconds":	0.99983799457550049,
					"bytes":	1179648,
					"bits_per_second":	9438713.1227261759,
					"omitted":	false,
					"sender":	false
				}],
			"sum":	{
				"start":	4.001014,
				"end":	5.000852,
				"seconds":	0.99983799457550049,
				"bytes":	1179648,
				"bits_per_second":	9438713.1227261759,
				"omitted":	false,
				"sender":	false
			}
		}, {
			"streams":	[{
					"socket":	5,
					"start":	5.000852,
					"end":	6.000596,
					"seconds":	0.9997439980506897,
					"bytes":	1179648,
					"bits_per_second":	9439600.55614308,
					"omitted":	false,
					"sender":	false
				}],
			"sum":	{
				"start":	5.000852,
				"end":	6.000596,
				"seconds":	0.9997439980506897,
				"bytes":	1179648,
				"bits_per_second":	9439600.55614308,
				"omitted":	false,
				"sender":	false
			}
		}, {
			"streams":	[{
					"socket":	5,
					"start":	6.000596,
					"end":	7.001036,
					"seconds":	1.0004400014877319,
					"bytes":	1179648,
					"bits_per_second":	9433033.4512476251,
					"omitted":	false,
					"sender":	false
				}],
			"sum":	{
				"start":	6.000596,
				"end":	7.001036,
				"seconds":	1.0004400014877319,
				"bytes":	1179648,
				"bits_per_second":	9433033.4512476251,
				"omitted":	false,
				"sender":	false
			}
		}, {
			"streams":	[{
					"socket":	5,
					"start":	7.001036,
					"end":	8.000877,
					"seconds":	0.99984097480773926,
					"bytes":	1310720,
					"bits_per_second":	10487427.765216684,
					"omitted":	false,
					"sender":	false
				}],
			"sum":	{
				"start":	7.001036,
				"end":	8.000877,
				"seconds":	0.99984097480773926,
				"bytes":	1310720,
				"bits_per_second":	10487427.765216684,
				"omitted":	false,
				"sender":	false
			}
		}, {
			"streams":	[{
					"socket":	5,
					"start":	8.000877,
					"end":	9.000829,
					"seconds":	0.99995201826095581,
					"bytes":	1179648,
					"bits_per_second":	9437636.8342277743,
					"omitted":	false,
					"sender":	false
				}],
			"sum":	{
				"start":	8.000877,
				"end":	9.000829,
				"seconds":	0.99995201826095581,
				"bytes":	1179648,
				"bits_per_second":	9437636.8342277743,
				"omitted":	false,
				"sender":	false
			}
		}, {
			"streams":	[{
					"socket":	5,
					"start":	9.000829,
					"end":	10.000618,
					"seconds":	0.999788999557495,
					"bytes":	1179648,
					"bits_per_second":	9439175.6702433,
					"omitted":	false,
					"sender":	false
				}],
			"sum":	{
				"start":	9.000829,
				"end":	10.000618,
				"seconds":	0.999788999557495,
				"bytes":	1179648,
				"bits_per_second":	9439175.6702433,
				"omitted":	false,
				"sender":	false
			}
		}, {
			"streams":	[{
					"socket":	5,
					"start":	10.000618,
					"end":	11.001064,
					"seconds":	1.0004459619522095,
					"bytes":	917504,
					"bits_per_second":	7336760.08414998,
					"omitted":	false,
					"sender":	false
				}],
			"sum":	{
				"start":	10.000618,
				"end":	11.001064,
				"seconds":	1.0004459619522095,
				"bytes":	917504,
				"bits_per_second":	7336760.08414998,
				"omitted":	false,
				"sender":	false
			}
		}, {
			"streams":	[{
					"socket":	5,
					"start":	11.001064,
					"end":	12.001084,
					"seconds":	1.0000200271606445,
					"bytes":	1179648,
					"bits_per_second":	9436995.003785057,
					"omitted":	false,
					"sender":	false
				}],
			"sum":	{
				"start":	11.001064,
				"end":	12.001084,
				"seconds":	1.0000200271606445,
				"bytes":	1179648,
				"bits_per_second":	9436995.003785057,
				"omitted":	false,
				"sender":	false
			}
		}, {
			"streams":	[{
					"socket":	5,
					"start":	12.001084,
					"end":	13.000899,
					"seconds":	0.99981498718261719,
					"bytes":	1179648,
					"bits_per_second":	9438930.3230921552,
					"omitted":	false,
					"sender":	false
				}],
			"sum":	{
				"start":	12.001084,
				"end":	13.000899,
				"seconds":	0.99981498718261719,
				"bytes":	1179648,
				"bits_per_second":	9438930.3230921552,
				"omitted":	false,
				"sender":	false
			}
		}, {
			"streams":	[{
					"socket":	5,
					"start":	13.000899,
					"end":	14.000859,
					"seconds":	0.99996000528335571,
					"bytes":	1179648,
					"bits_per_second":	9437561.45259611,
					"omitted":	false,
					"sender":	false
				}],
			"sum":	{
				"start":	13.000899,
				"end":	14.000859,
				"seconds":	0.99996000528335571,
				"bytes":	1179648,
				"bits_per_second":	9437561.45259611,
				"omitted":	false,
				"sender":	false
			}
		}, {
			"streams":	[{
					"socket":	5,
					"start":	14.000859,
					"end":	15.000817,
					"seconds":	0.99995797872543335,
					"bytes":	1179648,
					"bits_per_second":	9437580.57916476,
					"omitted":	false,
					"sender":	false
				}],
			"sum":	{
				"start":	14.000859,
				"end":	15.000817,
				"seconds":	0.99995797872543335,
				"bytes":	1179648,
				"bits_per_second":	9437580.57916476,
				"omitted":	false,
				"sender":	false
			}
		}, {
			"streams":	[{
					"socket":	5,
					"start":	15.000817,
					"end":	16.000634,
					"seconds":	0.99981701374053955,
					"bytes":	1179648,
					"bits_per_second":	9438911.19105223,
					"omitted":	false,
					"sender":	false
				}],
			"sum":	{
				"start":	15.000817,
				"end":	16.000634,
				"seconds":	0.99981701374053955,
				"bytes":	1179648,
				"bits_per_second":	9438911.19105223,