{
	"start":	{
		"connected":	[{
				"socket":	5,
				"local_host":	"10.0.0.1",
				"local_port":	50008,
				"remote_host":	"10.0.0.2",
				"remote_port":	5201
			}],
		"version":	"iperf 3.16",
		"system_info":	"Linux mininet 6.8.0-88-generic #89-Ubuntu SMP PREEMPT_DYNAMIC Sat Oct 11 01:02:46 UTC 2025 x86_64",
		"timestamp":	{
			"time":	"Tue, 02 Dec 2025 18:45:11 GMT",
			"timesecs":	1764701111
		},
		"connecting_to":	{
			"host":	"10.0.0.2",
			"port":	5201
		},
		"cookie":	"pqonzgp6h272jnth7nmbs2dzx5fljz6yqk3h",
		"tcp_mss_default":	1448,
		"target_bitrate":	0,
		"fq_rate":	0,
		"sock_bufsize":	0,
		"sndbuf_actual":	87380,
		"rcvbuf_actual":	87380,
		"test_start":	{
			"protocol":	"TCP",
			"num_streams":	1,
			"blksize":	131072,
			"omit":	0,
			"duration":	20,
			"bytes":	0,
			"blocks":	0,
			"reverse":	0,
			"tos":	0,
			"target_bitrate":	0,
			"bidir":	0,
			"fqrate":	0
		}
	},
	"intervals":	[{
			"streams":	[{
					"socket":	5,
					"start":	0,
					"end":	1.000486,
					"seconds":	1.0004860162734985,
					"bytes":	3801088,
					"bits_per_second":	30393932.05440595,
					"retransmits":	19,
					"snd_cwnd":	360552,
					"snd_wnd":	804864,
					"rtt":	290084,
					"rttvar":	473,
					"pmtu":	1500,
					"omitted":	false,
					"sender":	true
				}],
			"sum":	{
				"start":	0,
				"end":	1.000486,
				"seconds":	1.0004860162734985,
				"bytes":	3801088,
				"bits_per_second":	30393932.05440595,
				"retransmits":	19,
				"omitted":	false,
				"sender":	true
			}
		}, {
			"streams":	[{
					"socket":	5,
					"start":	1.000486,
					"end":	2.001055,
					"seconds":	1.0005689859390259,
					"bytes":	1179648,
					"bits_per_second":	9431817.42850372,
					"retransmits":	53,
					"snd_cwnd":	272224,
					"snd_wnd":	1646592,
					"rtt":	111287,
					"rttvar":	228,
					"pmtu":	1500,
					"omitted":	false,
					"sender":	true
				}],
			"sum":	{
				"start":	1.000486,
				"end":	2.001055,
				"seconds":	1.0005689859390259,
				"bytes":	1179648,
				"bits_per_second":	9431817.42850372,
				"retransmits":	53,
				"omitted":	false,
				"sender":	true
			}
		}, {
			"streams":	[{
					"socket":	5,
					"start":	2.001055,
					"end":	3.000612,
					"seconds":	0.9995570182800293,
					"bytes":	1310720,
					"bits_per_second":	10490407.058561994,
					"retransmits":	12,
					"snd_cwnd":	269328,
					"snd_wnd":	3370496,
					"rtt":	130539,
					"rttvar":	661,
					"pmtu":	1500,
					"omitted":	false,
					"sender":	true
				}],
			"sum":	{
				"start":	2.001055,
				"end":	3.000612,
				"seconds":	0.9995570182800293,
				"bytes":	1310720,
				"bits_per_second":	10490407.058561994,
				"retransmits":	12,
				"omitted":	false,
				"sender":	true
			}
		}, {
			"streams":	[{
					"socket":	5,
					"start":	3.000612,
					"end":	4.000919,
					"seconds":	1.0003069639205933,
					"bytes":	0,
					"bits_per_second":	0,
					"retransmits":	10,
					"snd_cwnd":	165072,
					"snd_wnd":	3373568,
					"rtt":	127117,
					"rttvar":	3792,
					"pmtu":	1500,
					"omitted":	false,
					"sender":	true
				}],
			"sum":	{
				"start":	3.000612,
				"end":	4.000919,
				"seconds":	1.0003069639205933,
				"bytes":	0,
				"bits_per_second":	0,
				"retransmits":	10,
				"omitted":	false,
				"sender":	true
			}
		}, {
			"streams":	[{
					"socket":	5,
					"start":	4.000919,
					"end":	5.00057,
					"seconds":	0.99965101480484,
					"bytes":	1310720,
					"bits_per_second":	10489420.652513532,
					"retransmits":	6,
					"snd_cwnd":	133216,
					"snd_wnd":	3371520,
					"rtt":	111701,
					"rttvar":	1269,
					"pmtu":	1500,
					"omitted":	false,
					"sender":	true
				}],
			"sum":	{
				"start":	4.000919,
				"end":	5.00057,
				"seconds":	0.99965101480484,
				"bytes":	1310720,
				"bits_per_second":	10489420.652513532,
				"retransmits":	6,
				"omitted":	false,
				"sender":	true
			}
		}, {
			"streams":	[{
					"socket":	5,
					"start":	5.00057,
					"end":	6.000526,
					"seconds":	0.99995601177215576,
					"bytes":	1179648,
					"bits_per_second":	9437599.1432614159,
					"retransmits":	6,
					"snd_cwnd":	272224,
					"snd_wnd":	3373568,
					"rtt":	115320,
					"rttvar":	497,
					"pmtu":	1500,
					"omitted":	false,
					"sender":	true
				}],
			"sum":	{
				"start":	5.00057,
				"end":	6.000526,
				"seconds":	0.99995601177215576,
				"bytes":	1179648,
				"bits_per_second":	9437599.1432614159,
				"retransmits":	6,
				"omitted":	false,
				"sender":	true
			}
		}, {
			"streams":	[{
					"socket":	5,
					"start":	6.000526,
					"end":	7.00093,
					"seconds":	1.0004040002822876,
					"bytes":	1179648,
					"bits_per_second":	9433372.9146795459,
					"retransmits":	7,
					"snd_cwnd":	139008,
					"snd_wnd":	3373568,
					"rtt":	114082,
					"rttvar":	116,
					"pmtu":	1500,
					"omitted":	false,
					"sender":	true
				}],
			"sum":	{
				"start":	6.000526,
				"end":	7.00093,
				"seconds":	1.0004040002822876,
				"bytes":	1179648,
				"bits_per_second":	9433372.9146795459,
				"retransmits":	7,
				"omitted":	false,
				"sender":	true
			}
		}, {
			"streams":	[{
					"socket":	5,
					"start":	7.00093,
					"end":	8.000617,
					"seconds":	0.99968701601028442,
					"bytes":	2359296,
					"bits_per_second":	18880277.224492658,
					"retransmits":	4,
					"snd_cwnd":	272224,
					"snd_wnd":	3373568,
					"rtt":	117542,
					"rttvar":	370,
					"pmtu":	1500,
					"omitted":	false,
					"sender":	true
				}],
			"sum":	{
				"start":	7.00093,
				"end":	8.000617,
				"seconds":	0.99968701601028442,
				"bytes":	2359296,
				"bits_per_second":	18880277.224492658,
				"retransmits":	4,
				"omitted":	false,
				"sender":	true
			}
		}, {
			"streams":	[{
					"socket":	5,
					"start":	8.000617,
					"end":	9.000563,
					"seconds":	0.9999459981918335,
					"bytes":	0,
					"bits_per_second":	0,
					"retransmits":	16,
					"snd_cwnd":	124528,
					"snd_wnd":	3317248,
					"rtt":	105493,
					"rttvar":	265,
					"pmtu":	1500,
					"omitted":	false,
					"sender":	true
				}],
			"sum":	{
				"start":	8.000617,
				"end":	9.000563,
				"seconds":	0.9999459981918335,
				"bytes":	0,
				"bits_per_second":	0,
				"retransmits":	16,
				"omitted":	false,
				"sender":	true
			}
		}, {
			"streams":	[{
					"socket":	5,
					"start":	9.000563,
					"end":	10.000993,
					"seconds":	1.00042998790741,
					"bytes":	2359296,
					"bits_per_second":	18866255.738174487,
					"retransmits":	8,
					"snd_cwnd":	269328,
					"snd_wnd":	3373568,
					"rtt":	109273,
					"rttvar":	2272,
					"pmtu":	1500,
					"omitted":	false,
					"sender":	true
				}],
			"sum":	{
				"start":	9.000563,
				"end":	10.000993,
				"seconds":	1.00042998790741,
				"bytes":	2359296,
				"bits_per_second":	18866255.738174487,
				"retransmits":	8,
				"omitted":	false,
				"sender":	true
			}
		}, {
			"streams":	[{
					"socket":	5,
					"start":	10.000993,
					"end":	11.000458,
					"seconds":	0.999464988708496,
					"bytes":	1179648,
					"bits_per_second":	9442235.7027179953,
					"retransmits":	6,
					"snd_cwnd":	136112,
					"snd_wnd":	3373568,
					"rtt":	136065,
					"rttvar":	1458,
					"pmtu":	1500,
					"omitted":	false,
					"sender":	true
				}],
			"sum":	{
				"start":	10.000993,
				"end":	11.000458,
				"seconds":	0.999464988708496,
				"bytes":	1179648,
				"bits_per_second":	9442235.7027179953,
				"retransmits":	6,
				"omitted":	false,
				"sender":	true
			}
		}, {
			"streams":	[{
					"socket":	5,
					"start":	11.000458,
					"end":	12.00048,
					"seconds":	1.0000220537185669,
					"bytes":	0,
					"bits_per_second":	0,
					"retransmits":	8,
					"snd_cwnd":	269328,
					"snd_wnd":	3373568,
					"rtt":	105103,
					"rttvar":	229,
					"pmtu":	1500,
					"omitted":	false,
					"sender":	true
				}],
			"sum":	{
				"start":	11.000458,
				"end":	12.00048,
				"seconds":	1.0000220537185669,
				"bytes":	0,
				"bits_per_second":	0,
				"retransmits":	8,
				"omitted":	false,
				"sender":	true
			}
		}, {
			"streams":	[{
					"socket":	5,
					"start":	12.00048,