{
	"start":	{
		"connected":	[{
				"socket":	5,
				"local_host":	"10.0.0.1",
				"local_port":	36800,
				"remote_host":	"10.0.0.2",
				"remote_port":	5201
			}],
		"version":	"iperf 3.16",
		"system_info":	"Linux mininet 6.8.0-88-generic #89-Ubuntu SMP PREEMPT_DYNAMIC Sat Oct 11 01:02:46 UTC 2025 x86_64",
		"timestamp":	{
			"time":	"Tue, 02 Dec 2025 17:14:13 GMT",
			"timesecs":	1764695653
		},
		"connecting_to":	{
			"host":	"10.0.0.2",
			"port":	5201
		},
		"cookie":	"354do6g6csbpuuzhekour4icwdptmlvwwdr3",
		"tcp_mss_default":	1448,
		"target_bitrate":	0,
		"fq_rate":	0,
		"sock_bufsize":	0,
		"sndbuf_actual":	87380,
		"rcvbuf_actual":	87380,
		"test_start":	{
			"protocol":	"TCP",
			"num_streams":	1,
			"blksize":	131072,
			"omit":	0,
			"duration":	20,
			"bytes":	0,
			"blocks":	0,
			"reverse":	0,
			"tos":	0,
			"target_bitrate":	0,
			"bidir":	0,
			"fqrate":	0
		}
	},
	"intervals":	[{
			"streams":	[{
					"socket":	5,
					"start":	0,
					"end":	1.001061,
					"seconds":	1.001060962677002,
					"bytes":	3801088,
					"bits_per_second":	30376475.693030838,
					"retransmits":	0,
					"snd_cwnd":	803640,
					"snd_wnd":	1234944,
					"rtt":	321271,
					"rttvar":	14585,
					"pmtu":	1500,
					"omitted":	false,
					"sender":	true
				}],
			"sum":	{
				"start":	0,
				"end":	1.001061,
				"seconds":	1.001060962677002,
				"bytes":	3801088,
				"bits_per_second":	30376475.693030838,
				"retransmits":	0,
				"omitted":	false,
				"sender":	true
			}
		}, {
			"streams":	[{
					"socket":	5,
					"start":	1.001061,
					"end":	2.000948,
					"seconds":	0.999886989593506,
					"bytes":	7340032,
					"bits_per_second":	58726892.750021815,
					"retransmits":	45,
					"snd_cwnd":	1672440,
					"snd_wnd":	2868736,
					"rtt":	781956,
					"rttvar":	832,
					"pmtu":	1500,
					"omitted":	false,
					"sender":	true
				}],
			"sum":	{
				"start":	1.001061,
				"end":	2.000948,
				"seconds":	0.999886989593506,
				"bytes":	7340032,
				"bits_per_second":	58726892.750021815,
				"retransmits":	45,
				"omitted":	false,
				"sender":	true
			}
		}, {
			"streams":	[{
					"socket":	5,
					"start":	2.000948,
					"end":	3.00087,
					"seconds":	0.999921977519989,
					"bytes":	0,
					"bits_per_second":	0,
					"retransmits":	654,
					"snd_cwnd":	779024,
					"snd_wnd":	2868736,
					"rtt":	782212,
					"rttvar":	216,
					"pmtu":	1500,
					"omitted":	false,
					"sender":	true
				}],
			"sum":	{
				"start":	2.000948,
				"end":	3.00087,
				"seconds":	0.999921977519989,
				"bytes":	0,
				"bits_per_second":	0,
				"retransmits":	654,
				"omitted":	false,
				"sender":	true
			}
		}, {
			"streams":	[{
					"socket":	5,
					"start":	3.00087,
					"end":	4.001222,
					"seconds":	1.0003520250320435,
					"bytes":	0,
					"bits_per_second":	0,
					"retransmits":	332,
					"snd_cwnd":	406888,
					"snd_wnd":	3450880,
					"rtt":	316393,
					"rttvar":	329,
					"pmtu":	1500,
					"omitted":	false,
					"sender":	true
				}],
			"sum":	{
				"start":	3.00087,
				"end":	4.001222,
				"seconds":	1.0003520250320435,
				"bytes":	0,
				"bits_per_second":	0,
				"retransmits":	332,
				"omitted":	false,
				"sender":	true
			}
		}, {
			"streams":	[{
					"socket":	5,
					"start":	4.001222,
					"end":	5.000899,
					"seconds":	0.999677002429962,
					"bytes":	3932160,
					"bits_per_second":	31467443.907917559,
					"retransmits":	0,
					"snd_cwnd":	467704,
					"snd_wnd":	5558784,
					"rtt":	390061,
					"rttvar":	95,
					"pmtu":	1500,
					"omitted":	false,
					"sender":	true
				}],
			"sum":	{
				"start":	4.001222,
				"end":	5.000899,
				"seconds":	0.999677002429962,
				"bytes":	3932160,
				"bits_per_second":	31467443.907917559,
				"retransmits":	0,
				"omitted":	false,
				"sender":	true
			}
		}, {
			"streams":	[{
					"socket":	5,
					"start":	5.000899,
					"end":	6.001005,
					"seconds":	1.0001059770584106,
					"bytes":	0,
					"bits_per_second":	0,
					"retransmits":	2,
					"snd_cwnd":	237472,
					"snd_wnd":	7872512,
					"rtt":	196924,
					"rttvar":	606,
					"pmtu":	1500,
					"omitted":	false,
					"sender":	true
				}],
			"sum":	{
				"start":	5.000899,
				"end":	6.001005,
				"seconds":	1.0001059770584106,
				"bytes":	0,
				"bits_per_second":	0,
				"retransmits":	2,
				"omitted":	false,
				"sender":	true
			}
		}, {
			"streams":	[{
					"socket":	5,
					"start":	6.001005,
					"end":	7.000909,
					"seconds":	0.999903976917267,
					"bytes":	3801088,
					"bits_per_second":	30411624.217908327,
					"retransmits":	3,
					"snd_cwnd":	125976,
					"snd_wnd":	9798656,
					"rtt":	106194,
					"rttvar":	256,
					"pmtu":	1500,
					"omitted":	false,
					"sender":	true
				}],
			"sum":	{
				"start":	6.001005,
				"end":	7.000909,
				"seconds":	0.999903976917267,
				"bytes":	3801088,
				"bits_per_second":	30411624.217908327,
				"retransmits":	3,
				"omitted":	false,
				"sender":	true
			}
		}, {
			"streams":	[{
					"socket":	5,
					"start":	7.000909,
					"end":	8.000927,
					"seconds":	1.0000180006027222,
					"bytes":	0,
					"bits_per_second":	0,
					"retransmits":	2,
					"snd_cwnd":	73848,
					"snd_wnd":	11295744,
					"rtt":	104592,
					"rttvar":	149,
					"pmtu":	1500,
					"omitted":	false,
					"sender":	true
				}],
			"sum":	{
				"start":	7.000909,
				"end":	8.000927,
				"seconds":	1.0000180006027222,
				"bytes":	0,
				"bits_per_second":	0,
				"retransmits":	2,
				"omitted":	false,
				"sender":	true
			}
		}, {
			"streams":	[{
					"socket":	5,
					"start":	8.000927,
					"end":	9.000934,
					"seconds":	1.0000070333480835,
					"bytes":	0,
					"bits_per_second":	0,
					"retransmits":	0,
					"snd_cwnd":	85432,
					"snd_wnd":	12581376,
					"rtt":	106500,
					"rttvar":	723,
					"pmtu":	1500,
					"omitted":	false,
					"sender":	true
				}],
			"sum":	{
				"start":	8.000927,
				"end":	9.000934,
				"seconds":	1.0000070333480835,
				"bytes":	0,
				"bits_per_second":	0,
				"retransmits":	0,
				"omitted":	false,
				"sender":	true
			}
		}, {
			"streams":	[{
					"socket":	5,
					"start":	9.000934,
					"end":	10.000931,
					"seconds":	0.99999701976776123,
					"bytes":	0,
					"bits_per_second":	0,
					"retransmits":	0,
					"snd_cwnd":	98464,
					"snd_wnd":	12580352,
					"rtt":	106073,
					"rttvar":	779,
					"pmtu":	1500,
					"omitted":	false,
					"sender":	true
				}],
			"sum":	{
				"start":	9.000934,
				"end":	10.000931,
				"seconds":	0.99999701976776123,
				"bytes":	0,
				"bits_per_second":	0,
				"retransmits":	0,
				"omitted":	false,
				"sender":	true
			}
		}, {
			"streams":	[{
					"socket":	5,
					"start":	10.000931,
					"end":	11.001033,
					"seconds":	1.0001020431518555,
					"bytes":	0,
					"bits_per_second":	0,
					"retransmits":	2,
					"snd_cwnd":	55024,
					"snd_wnd":	12582912,
					"rtt":	105184,
					"rttvar":	520,
					"pmtu":	1500,
					"omitted":	false,
					"sender":	true
				}],
			"sum":	{
				"start":	10.000931,
				"end":	11.001033,
				"seconds":	1.0001020431518555,
				"bytes":	0,
				"bits_per_second":	0,
				"retransmits":	2,
				"omitted":	false,
				"sender":	true
			}
		}, {
			"streams":	[{
					"socket":	5,
					"start":	11.001033,
					"end":	12.000954,
					"seconds":	0.99992102384567261,
					"bytes":	3670016,
					"bits_per_second":	29362446.933140423,
					"retransmits":	0,
					"snd_cwnd":	69504,
					"snd_wnd":	12582912,
					"rtt":	105855,
					"rttvar":	1318,
					"pmtu":	1500,
					"omitted":	false,
					"sender":	true
				}],
			"sum":	{
				"start":	11.001033,
				"end":	12.000954,
				"seconds":	0.99992102384567261,
				"bytes":	3670016,
				"bits_per_second":	29362446.933140423,
				"retransmits":	0,
				"omitted":	false,
				"sender":	true
			}
		}, {
			"streams":	[{
					"socket":	5,
					"start":	12.000954,
					"end":	13.000874,
					"seconds":	0.99992001056671143,
					"bytes":	0,
					"bits_per_second":	0,
					"retransmits":	0,
					"snd_cwnd":	82536,