{
	"start":	{
		"connected":	[{
				"socket":	5,
				"local_host":	"10.0.0.1",
				"local_port":	60936,
				"remote_host":	"10.0.0.2",
				"remote_port":	5201
			}],
		"version":	"iperf 3.16",
		"system_info":	"Linux mininet 6.8.0-88-generic #89-Ubuntu SMP PREEMPT_DYNAMIC Sat Oct 11 01:02:46 UTC 2025 x86_64",
		"timestamp":	{
			"time":	"Tue, 02 Dec 2025 18:08:06 GMT",
			"timesecs":	1764698886
		},
		"connecting_to":	{
			"host":	"10.0.0.2",
			"port":	5201
		},
		"cookie":	"44agvb72sfonziwahtszjh4zx7u7pet46oah",
		"tcp_mss_default":	1448,
		"target_bitrate":	0,
		"fq_rate":	0,
		"sock_bufsize":	0,
		"sndbuf_actual":	87380,
		"rcvbuf_actual":	87380,
		"test_start":	{
			"protocol":	"TCP",
			"num_streams":	1,
			"blksize":	131072,
			"omit":	0,
			"duration":	20,
			"bytes":	0,
			"blocks":	0,
			"reverse":	0,
			"tos":	0,
			"target_bitrate":	0,
			"bidir":	0,
			"fqrate":	0
		}
	},
	"intervals":	[{
			"streams":	[{
					"socket":	5,
					"start":	0,
					"end":	1.000647,
					"seconds":	1.0006469488143921,
					"bytes":	7864320,
					"bits_per_second":	62873883.8154094,
					"retransmits":	0,
					"snd_cwnd":	595128,
					"snd_wnd":	1794560,
					"rtt":	94495,
					"rttvar":	936,
					"pmtu":	1500,
					"omitted":	false,
					"sender":	true
				}],
			"sum":	{
				"start":	0,
				"end":	1.000647,
				"seconds":	1.0006469488143921,
				"bytes":	7864320,
				"bits_per_second":	62873883.8154094,
				"retransmits":	0,
				"omitted":	false,
				"sender":	true
			}
		}, {
			"streams":	[{
					"socket":	5,
					"start":	1.000647,
					"end":	2.000894,
					"seconds":	1.0002470016479492,
					"bytes":	7602176,
					"bits_per_second":	60802389.7095425,
					"retransmits":	0,
					"snd_cwnd":	893416,
					"snd_wnd":	1821696,
					"rtt":	141671,
					"rttvar":	472,
					"pmtu":	1500,
					"omitted":	false,
					"sender":	true
				}],
			"sum":	{
				"start":	1.000647,
				"end":	2.000894,
				"seconds":	1.0002470016479492,
				"bytes":	7602176,
				"bits_per_second":	60802389.7095425,
				"retransmits":	0,
				"omitted":	false,
				"sender":	true
			}
		}, {
			"streams":	[{
					"socket":	5,
					"start":	2.000894,
					"end":	3.000966,
					"seconds":	1.0000720024108887,
					"bytes":	5505024,
					"bits_per_second":	44037021.2283032,
					"retransmits":	40,
					"snd_cwnd":	474944,
					"snd_wnd":	4033536,
					"rtt":	78385,
					"rttvar":	144,
					"pmtu":	1500,
					"omitted":	false,
					"sender":	true
				}],
			"sum":	{
				"start":	2.000894,
				"end":	3.000966,
				"seconds":	1.0000720024108887,
				"bytes":	5505024,
				"bits_per_second":	44037021.2283032,
				"retransmits":	40,
				"omitted":	false,
				"sender":	true
			}
		}, {
			"streams":	[{
					"socket":	5,
					"start":	3.000966,
					"end":	4.000999,
					"seconds":	1.0000330209732056,
					"bytes":	5898240,
					"bits_per_second":	47184361.9264491,
					"retransmits":	4,
					"snd_cwnd":	363448,
					"snd_wnd":	4033536,
					"rtt":	60644,
					"rttvar":	392,
					"pmtu":	1500,
					"omitted":	false,
					"sender":	true
				}],
			"sum":	{
				"start":	3.000966,
				"end":	4.000999,
				"seconds":	1.0000330209732056,
				"bytes":	5898240,
				"bits_per_second":	47184361.9264491,
				"retransmits":	4,
				"omitted":	false,
				"sender":	true
			}
		}, {
			"streams":	[{
					"socket":	5,
					"start":	4.000999,
					"end":	5.000835,
					"seconds":	0.999836027622223,
					"bytes":	5636096,
					"bits_per_second":	45096162.524997845,
					"retransmits":	1,
					"snd_cwnd":	280912,
					"snd_wnd":	4033536,
					"rtt":	48217,
					"rttvar":	391,
					"pmtu":	1500,
					"omitted":	false,
					"sender":	true
				}],
			"sum":	{
				"start":	4.000999,
				"end":	5.000835,
				"seconds":	0.999836027622223,
				"bytes":	5636096,
				"bits_per_second":	45096162.524997845,
				"retransmits":	1,
				"omitted":	false,
				"sender":	true
			}
		}, {
			"streams":	[{
					"socket":	5,
					"start":	5.000835,
					"end":	6.000925,
					"seconds":	1.0000900030136108,
					"bytes":	7340032,
					"bits_per_second":	58714971.475623116,
					"retransmits":	0,
					"snd_cwnd":	304080,
					"snd_wnd":	4033536,
					"rtt":	50710,
					"rttvar":	312,
					"pmtu":	1500,
					"omitted":	false,
					"sender":	true
				}],
			"sum":	{
				"start":	5.000835,
				"end":	6.000925,
				"seconds":	1.0000900030136108,
				"bytes":	7340032,
				"bits_per_second":	58714971.475623116,
				"retransmits":	0,
				"omitted":	false,
				"sender":	true
			}
		}, {
			"streams":	[{
					"socket":	5,
					"start":	6.000925,
					"end":	7.000656,
					"seconds":	0.99973100423812866,
					"bytes":	5373952,
					"bits_per_second":	43003183.674155325,
					"retransmits":	4,
					"snd_cwnd":	225888,
					"snd_wnd":	4033536,
					"rtt":	44616,
					"rttvar":	313,
					"pmtu":	1500,
					"omitted":	false,
					"sender":	true
				}],
			"sum":	{
				"start":	6.000925,
				"end":	7.000656,
				"seconds":	0.99973100423812866,
				"bytes":	5373952,
				"bits_per_second":	43003183.674155325,
				"retransmits":	4,
				"omitted":	false,
				"sender":	true
			}
		}, {
			"streams":	[{
					"socket":	5,
					"start":	7.000656,
					"end":	8.000893,
					"seconds":	1.000236988067627,
					"bytes":	3670016,
					"bits_per_second":	29353171.648572281,
					"retransmits":	4,
					"snd_cwnd":	179552,
					"snd_wnd":	4034560,
					"rtt":	44612,
					"rttvar":	119,
					"pmtu":	1500,
					"omitted":	false,
					"sender":	true
				}],
			"sum":	{
				"start":	7.000656,
				"end":	8.000893,
				"seconds":	1.000236988067627,
				"bytes":	3670016,
				"bits_per_second":	29353171.648572281,
				"retransmits":	4,
				"omitted":	false,
				"sender":	true
			}
		}, {
			"streams":	[{
					"socket":	5,
					"start":	8.000893,
					"end":	9.00105,
					"seconds":	1.0001569986343384,
					"bytes":	1835008,
					"bits_per_second":	14677759.611785803,
					"retransmits":	7,
					"snd_cwnd":	99912,
					"snd_wnd":	4038656,
					"rtt":	44969,
					"rttvar":	355,
					"pmtu":	1500,
					"omitted":	false,
					"sender":	true
				}],
			"sum":	{
				"start":	8.000893,
				"end":	9.00105,
				"seconds":	1.0001569986343384,
				"bytes":	1835008,
				"bits_per_second":	14677759.611785803,
				"retransmits":	7,
				"omitted":	false,
				"sender":	true
			}
		}, {
			"streams":	[{
					"socket":	5,
					"start":	9.00105,
					"end":	10.000836,
					"seconds":	0.99978601932525635,
					"bytes":	1835008,
					"bits_per_second":	14683205.922310656,
					"retransmits":	0,
					"snd_cwnd":	117288,
					"snd_wnd":	4038656,
					"rtt":	44771,
					"rttvar":	304,
					"pmtu":	1500,
					"omitted":	false,
					"sender":	true
				}],
			"sum":	{
				"start":	9.00105,
				"end":	10.000836,
				"seconds":	0.99978601932525635,
				"bytes":	1835008,
				"bits_per_second":	14683205.922310656,
				"retransmits":	0,
				"omitted":	false,
				"sender":	true
			}
		}, {
			"streams":	[{
					"socket":	5,
					"start":	10.000836,
					"end":	11.001049,
					"seconds":	1.0002130270004272,
					"bytes":	3670016,
					"bits_per_second":	29353874.8320936,
					"retransmits":	5,
					"snd_cwnd":	63712,
					"snd_wnd":	4038656,
					"rtt":	45250,
					"rttvar":	726,
					"pmtu":	1500,
					"omitted":	false,
					"sender":	true
				}],
			"sum":	{
				"start":	10.000836,
				"end":	11.001049,
				"seconds":	1.0002130270004272,
				"bytes":	3670016,
				"bits_per_second":	29353874.8320936,
				"retransmits":	5,
				"omitted":	false,
				"sender":	true
			}
		}, {
			"streams":	[{
					"socket":	5,
					"start":	11.001049,
					"end":	12.000653,
					"seconds":	0.9996039867401123,
					"bytes":	1835008,
					"bits_per_second":	14685879.803135158,
					"retransmits":	1,
					"snd_cwnd":	55024,
					"snd_wnd":	4038656,
					"rtt":	44790,
					"rttvar":	268,
					"pmtu":	1500,
					"omitted":	false,
					"sender":	true
				}],
			"sum":	{
				"start":	11.001049,
				"end":	12.000653,
				"seconds":	0.9996039867401123,
				"bytes":	1835008,
				"bits_per_second":	14685879.803135158,
				"retransmits":	1,