{
	"start":	{
		"connected":	[{
				"socket":	5,
				"local_host":	"10.0.0.1",
				"local_port":	45716,
				"remote_host":	"10.0.0.2",
				"remote_port":	5201
			}],
		"version":	"iperf 3.16",
		"system_info":	"Linux mininet 6.8.0-88-generic #89-Ubuntu SMP PREEMPT_DYNAMIC Sat Oct 11 01:02:46 UTC 2025 x86_64",
		"timestamp":	{
			"time":	"Tue, 02 Dec 2025 17:44:31 GMT",
			"timesecs":	1764697471
		},
		"connecting_to":	{
			"host":	"10.0.0.2",
			"port":	5201
		},
		"cookie":	"kgcrkv3nsc7qoqwaycegxnbbide7eos5u2wf",
		"tcp_mss_default":	1448,
		"target_bitrate":	0,
		"fq_rate":	0,
		"sock_bufsize":	0,
		"sndbuf_actual":	87380,
		"rcvbuf_actual":	87380,
		"test_start":	{
			"protocol":	"TCP",
			"num_streams":	1,
			"blksize":	131072,
			"omit":	0,
			"duration":	20,
			"bytes":	0,
			"blocks":	0,
			"reverse":	0,
			"tos":	0,
			"target_bitrate":	0,
			"bidir":	0,
			"fqrate":	0
		}
	},
	"intervals":	[{
			"streams":	[{
					"socket":	5,
					"start":	0,
					"end":	1.00105,
					"seconds":	1.0010499954223633,
					"bytes":	2490368,
					"bits_per_second":	19902046.941815436,
					"retransmits":	2,
					"snd_cwnd":	195480,
					"snd_wnd":	1281024,
					"rtt":	218314,
					"rttvar":	2759,
					"pmtu":	1500,
					"omitted":	false,
					"sender":	true
				}],
			"sum":	{
				"start":	0,
				"end":	1.00105,
				"seconds":	1.0010499954223633,
				"bytes":	2490368,
				"bits_per_second":	19902046.941815436,
				"retransmits":	2,
				"omitted":	false,
				"sender":	true
			}
		}, {
			"streams":	[{
					"socket":	5,
					"start":	1.00105,
					"end":	2.000632,
					"seconds":	0.99958199262619019,
					"bytes":	1179648,
					"bits_per_second":	9441130.46215028,
					"retransmits":	0,
					"snd_cwnd":	231680,
					"snd_wnd":	2607616,
					"rtt":	187682,
					"rttvar":	182,
					"pmtu":	1500,
					"omitted":	false,
					"sender":	true
				}],
			"sum":	{
				"start":	1.00105,
				"end":	2.000632,
				"seconds":	0.99958199262619019,
				"bytes":	1179648,
				"bits_per_second":	9441130.46215028,
				"retransmits":	0,
				"omitted":	false,
				"sender":	true
			}
		}, {
			"streams":	[{
					"socket":	5,
					"start":	2.000632,
					"end":	3.001095,
					"seconds":	1.0004630088806152,
					"bytes":	1179648,
					"bits_per_second":	9432816.5221810155,
					"retransmits":	0,
					"snd_cwnd":	257744,
					"snd_wnd":	2607616,
					"rtt":	210990,
					"rttvar":	392,
					"pmtu":	1500,
					"omitted":	false,
					"sender":	true
				}],
			"sum":	{
				"start":	2.000632,
				"end":	3.001095,
				"seconds":	1.0004630088806152,
				"bytes":	1179648,
				"bits_per_second":	9432816.5221810155,
				"retransmits":	0,
				"omitted":	false,
				"sender":	true
			}
		}, {
			"streams":	[{
					"socket":	5,
					"start":	3.001095,
					"end":	4.001058,
					"seconds":	0.99996298551559448,
					"bytes":	1179648,
					"bits_per_second":	9437533.3254301,
					"retransmits":	2,
					"snd_cwnd":	192584,
					"snd_wnd":	2610688,
					"rtt":	158329,
					"rttvar":	697,
					"pmtu":	1500,
					"omitted":	false,
					"sender":	true
				}],
			"sum":	{
				"start":	3.001095,
				"end":	4.001058,
				"seconds":	0.99996298551559448,
				"bytes":	1179648,
				"bits_per_second":	9437533.3254301,
				"retransmits":	2,
				"omitted":	false,
				"sender":	true
			}
		}, {
			"streams":	[{
					"socket":	5,
					"start":	4.001058,
					"end":	5.001036,
					"seconds":	0.999978005886078,
					"bytes":	1179648,
					"bits_per_second":	9437391.5670652539,
					"retransmits":	0,
					"snd_cwnd":	212856,
					"snd_wnd":	2610688,
					"rtt":	173944,
					"rttvar":	1067,
					"pmtu":	1500,
					"omitted":	false,
					"sender":	true
				}],
			"sum":	{
				"start":	4.001058,
				"end":	5.001036,
				"seconds":	0.999978005886078,
				"bytes":	1179648,
				"bits_per_second":	9437391.5670652539,
				"retransmits":	0,
				"omitted":	false,
				"sender":	true
			}
		}, {
			"streams":	[{
					"socket":	5,
					"start":	5.001036,
					"end":	6.000852,
					"seconds":	0.99981600046157837,
					"bytes":	1179648,
					"bits_per_second":	9438920.7570625,
					"retransmits":	0,
					"snd_cwnd":	221544,
					"snd_wnd":	2610688,
					"rtt":	183839,
					"rttvar":	624,
					"pmtu":	1500,
					"omitted":	false,
					"sender":	true
				}],
			"sum":	{
				"start":	5.001036,
				"end":	6.000852,
				"seconds":	0.99981600046157837,
				"bytes":	1179648,
				"bits_per_second":	9438920.7570625,
				"retransmits":	0,
				"omitted":	false,
				"sender":	true
			}
		}, {
			"streams":	[{
					"socket":	5,
					"start":	6.000852,
					"end":	7.000698,
					"seconds":	0.99984598159790039,
					"bytes":	1179648,
					"bits_per_second":	9438637.72390023,
					"retransmits":	0,
					"snd_cwnd":	224440,
					"snd_wnd":	2610688,
					"rtt":	187223,
					"rttvar":	682,
					"pmtu":	1500,
					"omitted":	false,
					"sender":	true
				}],
			"sum":	{
				"start":	6.000852,
				"end":	7.000698,
				"seconds":	0.99984598159790039,
				"bytes":	1179648,
				"bits_per_second":	9438637.72390023,
				"retransmits":	0,
				"omitted":	false,
				"sender":	true
			}
		}, {
			"streams":	[{
					"socket":	5,
					"start":	7.000698,
					"end":	8.000866,
					"seconds":	1.0001679658889771,
					"bytes":	1310720,
					"bits_per_second":	10483999.045780241,
					"retransmits":	6,
					"snd_cwnd":	156384,
					"snd_wnd":	2523136,
					"rtt":	161446,
					"rttvar":	3651,
					"pmtu":	1500,
					"omitted":	false,
					"sender":	true
				}],
			"sum":	{
				"start":	7.000698,
				"end":	8.000866,
				"seconds":	1.0001679658889771,
				"bytes":	1310720,
				"bits_per_second":	10483999.045780241,
				"retransmits":	6,
				"omitted":	false,
				"sender":	true
			}
		}, {
			"streams":	[{
					"socket":	5,
					"start":	8.000866,
					"end":	9.001,
					"seconds":	1.0001339912414551,
					"bytes":	1179648,
					"bits_per_second":	9435919.6694092248,
					"retransmits":	0,
					"snd_cwnd":	186792,
					"snd_wnd":	2610688,
					"rtt":	151738,
					"rttvar":	595,
					"pmtu":	1500,
					"omitted":	false,
					"sender":	true
				}],
			"sum":	{
				"start":	8.000866,
				"end":	9.001,
				"seconds":	1.0001339912414551,
				"bytes":	1179648,
				"bits_per_second":	9435919.6694092248,
				"retransmits":	0,
				"omitted":	false,
				"sender":	true
			}
		}, {
			"streams":	[{
					"socket":	5,
					"start":	9.001,
					"end":	10.000874,
					"seconds":	0.99987399578094482,
					"bytes":	1179648,
					"bits_per_second":	9438373.27485365,
					"retransmits":	0,
					"snd_cwnd":	208512,
					"snd_wnd":	2610688,
					"rtt":	170883,
					"rttvar":	140,
					"pmtu":	1500,
					"omitted":	false,
					"sender":	true
				}],
			"sum":	{
				"start":	9.001,
				"end":	10.000874,
				"seconds":	0.99987399578094482,
				"bytes":	1179648,
				"bits_per_second":	9438373.27485365,
				"retransmits":	0,
				"omitted":	false,
				"sender":	true
			}
		}, {
			"streams":	[{
					"socket":	5,
					"start":	10.000874,
					"end":	11.000979,
					"seconds":	1.0001050233840942,
					"bytes":	1179648,
					"bits_per_second":	9436192.97908037,
					"retransmits":	2,
					"snd_cwnd":	167968,
					"snd_wnd":	2607616,
					"rtt":	181490,
					"rttvar":	353,
					"pmtu":	1500,
					"omitted":	false,
					"sender":	true
				}],
			"sum":	{
				"start":	10.000874,
				"end":	11.000979,
				"seconds":	1.0001050233840942,
				"bytes":	1179648,
				"bits_per_second":	9436192.97908037,
				"retransmits":	2,
				"omitted":	false,
				"sender":	true
			}
		}, {
			"streams":	[{
					"socket":	5,
					"start":	11.000979,
					"end":	12.000607,
					"seconds":	0.99962800741195679,
					"bytes":	1179648,
					"bits_per_second":	9440695.8688892,
					"retransmits":	0,
					"snd_cwnd":	170864,
					"snd_wnd":	2610688,
					"rtt":	140188,
					"rttvar":	500,
					"pmtu":	1500,
					"omitted":	false,
					"sender":	true
				}],
			"sum":	{
				"start":	11.000979,
				"end":	12.000607,
				"seconds":	0.99962800741195679,
				"bytes":	1179648,
				"bits_per_second":	9440695.8688892,
				"retransmits":	0,