{
	"start":	{
		"connected":	[{
				"socket":	5,
				"local_host":	"10.0.0.2",
				"local_port":	5201,
				"remote_host":	"10.0.0.1",
				"remote_port":	36522
			}],
		"version":	"iperf 3.16",
		"system_info":	"Linux mininet 6.8.0-88-generic #89-Ubuntu SMP PREEMPT_DYNAMIC Sat Oct 11 01:02:46 UTC 2025 x86_64",
		"sock_bufsize":	0,
		"sndbuf_actual":	87380,
		"rcvbuf_actual":	87380,
		"timestamp":	{
			"time":	"Tue, 02 Dec 2025 18:06:34 GMT",
			"timesecs":	1764698794
		},
		"accepted_connection":	{
			"host":	"10.0.0.1",
			"port":	36514
		},
		"cookie":	"trzlhpk6eztwibmykhvshhgg2wwyqg2ov4te",
		"tcp_mss_default":	0,
		"target_bitrate":	0,
		"fq_rate":	0,
		"test_start":	{
			"protocol":	"TCP",
			"num_streams":	1,
			"blksize":	131072,
			"omit":	0,
			"duration":	20,
			"bytes":	0,
			"blocks":	0,
			"reverse":	0,
			"tos":	0,
			"target_bitrate":	0,
			"bidir":	0,
			"fqrate":	0
		}
	},
	"intervals":	[{
			"streams":	[{
					"socket":	5,
					"start":	0,
					"end":	1.001043,
					"seconds":	1.00104296207428,
					"bytes":	3670016,
					"bits_per_second":	29329538.403788716,
					"omitted":	false,
					"sender":	false
				}],
			"sum":	{
				"start":	0,
				"end":	1.001043,
				"seconds":	1.00104296207428,
				"bytes":	3670016,
				"bits_per_second":	29329538.403788716,
				"omitted":	false,
				"sender":	false
			}
		}, {
			"streams":	[{
					"socket":	5,
					"start":	1.001043,
					"end":	2.000999,
					"seconds":	0.99995601177215576,
					"bytes":	7077888,
					"bits_per_second":	56625594.8595685,
					"omitted":	false,
					"sender":	false
				}],
			"sum":	{
				"start":	1.001043,
				"end":	2.000999,
				"seconds":	0.99995601177215576,
				"bytes":	7077888,
				"bits_per_second":	56625594.8595685,
				"omitted":	false,
				"sender":	false
			}
		}, {
			"streams":	[{
					"socket":	5,
					"start":	2.000999,
					"end":	3.000889,
					"seconds":	0.9998900294303894,
					"bytes":	5898240,
					"bits_per_second":	47191109.633206919,
					"omitted":	false,
					"sender":	false
				}],
			"sum":	{
				"start":	2.000999,
				"end":	3.000889,
				"seconds":	0.9998900294303894,
				"bytes":	5898240,
				"bits_per_second":	47191109.633206919,
				"omitted":	false,
				"sender":	false
			}
		}, {
			"streams":	[{
					"socket":	5,
					"start":	3.000889,
					"end":	4.001009,
					"seconds":	1.0001200437545776,
					"bytes":	5898240,
					"bits_per_second":	47180256.304891229,
					"omitted":	false,
					"sender":	false
				}],
			"sum":	{
				"start":	3.000889,
				"end":	4.001009,
				"seconds":	1.0001200437545776,
				"bytes":	5898240,
				"bits_per_second":	47180256.304891229,
				"omitted":	false,
				"sender":	false
			}
		}, {
			"streams":	[{
					"socket":	5,
					"start":	4.001009,
					"end":	5.000854,
					"seconds":	0.999845027923584,
					"bytes":	6029312,
					"bits_per_second":	48241972.158595823,
					"omitted":	false,
					"sender":	false
				}],
			"sum":	{
				"start":	4.001009,
				"end":	5.000854,
				"seconds":	0.999845027923584,
				"bytes":	6029312,
				"bits_per_second":	48241972.158595823,
				"omitted":	false,
				"sender":	false
			}
		}, {
			"streams":	[{
					"socket":	5,
					"start":	5.000854,
					"end":	6.001035,
					"seconds":	1.0001809597015381,
					"bytes":	5898240,
					"bits_per_second":	47177382.7948901,
					"omitted":	false,
					"sender":	false
				}],
			"sum":	{
				"start":	5.000854,
				"end":	6.001035,
				"seconds":	1.0001809597015381,
				"bytes":	5898240,
				"bits_per_second":	47177382.7948901,
				"omitted":	false,
				"sender":	false
			}
		}, {
			"streams":	[{
					"socket":	5,
					"start":	6.001035,
					"end":	7.001046,
					"seconds":	1.0000109672546387,
					"bytes":	6029312,
					"bits_per_second":	48233967.0058016,
					"omitted":	false,
					"sender":	false
				}],
			"sum":	{
				"start":	6.001035,
				"end":	7.001046,
				"seconds":	1.0000109672546387,
				"bytes":	6029312,
				"bits_per_second":	48233967.0058016,
				"omitted":	false,
				"sender":	false
			}
		}, {
			"streams":	[{
					"socket":	5,
					"start":	7.001046,
					"end":	8.000849,
					"seconds":	0.99980300664901733,
					"bytes":	5898240,
					"bits_per_second":	47195217.143975548,
					"omitted":	false,
					"sender":	false
				}],
			"sum":	{
				"start":	7.001046,
				"end":	8.000849,
				"seconds":	0.99980300664901733,
				"bytes":	5898240,
				"bits_per_second":	47195217.143975548,
				"omitted":	false,
				"sender":	false
			}
		}, {
			"streams":	[{
					"socket":	5,
					"start":	8.000849,
					"end":	9.000983,
					"seconds":	1.0001339912414551,
					"bytes":	5898240,
					"bits_per_second":	47179598.347046129,
					"omitted":	false,
					"sender":	false
				}],
			"sum":	{
				"start":	8.000849,
				"end":	9.000983,
				"seconds":	1.0001339912414551,
				"bytes":	5898240,
				"bits_per_second":	47179598.347046129,
				"omitted":	false,
				"sender":	false
			}
		}, {
			"streams":	[{
					"socket":	5,
					"start":	9.000983,
					"end":	10.000863,
					"seconds":	0.999880015850067,
					"bytes":	6029312,
					"bits_per_second":	48240284.0694766,
					"omitted":	false,
					"sender":	false
				}],
			"sum":	{
				"start":	9.000983,
				"end":	10.000863,
				"seconds":	0.999880015850067,
				"bytes":	6029312,
				"bits_per_second":	48240284.0694766,
				"omitted":	false,
				"sender":	false
			}
		}, {
			"streams":	[{
					"socket":	5,
					"start":	10.000863,
					"end":	11.000856,
					"seconds":	0.99999302625656128,
					"bytes":	5898240,
					"bits_per_second":	47186249.064794816,
					"omitted":	false,
					"sender":	false
				}],
			"sum":	{
				"start":	10.000863,
				"end":	11.000856,
				"seconds":	0.99999302625656128,
				"bytes":	5898240,
				"bits_per_second":	47186249.064794816,
				"omitted":	false,
				"sender":	false
			}
		}, {
			"streams":	[{
					"socket":	5,
					"start":	11.000856,
					"end":	12.000954,
					"seconds":	1.0000979900360107,
					"bytes":	5898240,
					"bits_per_second":	47181296.703037038,
					"omitted":	false,
					"sender":	false
				}],
			"sum":	{
				"start":	11.000856,
				"end":	12.000954,
				"seconds":	1.0000979900360107,
				"bytes":	5898240,
				"bits_per_second":	47181296.703037038,
				"omitted":	false,
				"sender":	false
			}
		}, {
			"streams":	[{
					"socket":	5,
					"start":	12.000954,
					"end":	13.001032,
					"seconds":	1.0000779628753662,
					"bytes":	6029312,
					"bits_per_second":	48230735.793156534,
					"omitted":	false,
					"sender":	false
				}],
			"sum":	{
				"start":	12.000954,
				"end":	13.001032,
				"seconds":	1.0000779628753662,
				"bytes":	6029312,
				"bits_per_second":	48230735.793156534,
				"omitted":	false,
				"sender":	false
			}
		}, {
			"streams":	[{
					"socket":	5,
					"start":	13.001032,
					"end":	14.000952,
					"seconds":	0.99992001056671143,
					"bytes":	5898240,
					"bits_per_second":	47189694.676934272,
					"omitted":	false,
					"sender":	false
				}],
			"sum":	{
				"start":	13.001032,
				"end":	14.000952,
				"seconds":	0.99992001056671143,
				"bytes":	5898240,
				"bits_per_second":	47189694.676934272,
				"omitted":	false,
				"sender":	false
			}
		}, {
			"streams":	[{
					"socket":	5,
					"start":	14.000952,
					"end":	15.000898,
					"seconds":	0.9999459981918335,
					"bytes":	6029312,
					"bits_per_second":	48237100.8906688,
					"omitted":	false,
					"sender":	false
				}],
			"sum":	{
				"start":	14.000952,
				"end":	15.000898,
				"seconds":	0.9999459981918335,
				"bytes":	6029312,
				"bits_per_second":	48237100.8906688,
				"omitted":	false,
				"sender":	false
			}
		}, {
			"streams":	[{
					"socket":	5,
					"start":	15.000898,
					"end":	16.000881,
					"seconds":	0.999983012676239,
					"bytes":	5898240,
					"bits_per_second":	47186721.576116636,
					"omitted":	false,
					"sender":	false
				}],
			"sum":	{
				"start":	15.000898,
				"end":	16.000881,
				"seconds":	0.999983012676239,
				"bytes":	5898240,
				"bits_per_second":	47186721.576116636,