{
	"start":	{
		"connected":	[{
				"socket":	5,
				"local_host":	"10.0.0.1",
				"local_port":	58072,
				"remote_host":	"10.0.0.2",
				"remote_port":	5201
			}],
		"version":	"iperf 3.16",
		"system_info":	"Linux mininet 6.8.0-88-generic #89-Ubuntu SMP PREEMPT_DYNAMIC Sat Oct 11 01:02:46 UTC 2025 x86_64",
		"timestamp":	{
			"time":	"Tue, 02 Dec 2025 17:37:04 GMT",
			"timesecs":	1764697024
		},
		"connecting_to":	{
			"host":	"10.0.0.2",
			"port":	5201
		},
		"cookie":	"iid6di5plafllnnct3yug25zogi5qof4gwly",
		"tcp_mss_default":	1448,
		"target_bitrate":	0,
		"fq_rate":	0,
		"sock_bufsize":	0,
		"sndbuf_actual":	87380,
		"rcvbuf_actual":	87380,
		"test_start":	{
			"protocol":	"TCP",
			"num_streams":	1,
			"blksize":	131072,
			"omit":	0,
			"duration":	20,
			"bytes":	0,
			"blocks":	0,
			"reverse":	0,
			"tos":	0,
			"target_bitrate":	0,
			"bidir":	0,
			"fqrate":	0
		}
	},
	"intervals":	[{
			"streams":	[{
					"socket":	5,
					"start":	0,
					"end":	1.000654,
					"seconds":	1.0006539821624756,
					"bytes":	16646144,
					"bits_per_second":	133082118.66824651,
					"retransmits":	0,
					"snd_cwnd":	2534000,
					"snd_wnd":	4201984,
					"rtt":	201290,
					"rttvar":	10527,
					"pmtu":	1500,
					"omitted":	false,
					"sender":	true
				}],
			"sum":	{
				"start":	0,
				"end":	1.000654,
				"seconds":	1.0006539821624756,
				"bytes":	16646144,
				"bits_per_second":	133082118.66824651,
				"retransmits":	0,
				"omitted":	false,
				"sender":	true
			}
		}, {
			"streams":	[{
					"socket":	5,
					"start":	1.000654,
					"end":	2.000736,
					"seconds":	1.0000820159912109,
					"bytes":	5505024,
					"bits_per_second":	44036580.296217464,
					"retransmits":	0,
					"snd_cwnd":	8491072,
					"snd_wnd":	11799552,
					"rtt":	697583,
					"rttvar":	14345,
					"pmtu":	1500,
					"omitted":	false,
					"sender":	true
				}],
			"sum":	{
				"start":	1.000654,
				"end":	2.000736,
				"seconds":	1.0000820159912109,
				"bytes":	5505024,
				"bits_per_second":	44036580.296217464,
				"retransmits":	0,
				"omitted":	false,
				"sender":	true
			}
		}, {
			"streams":	[{
					"socket":	5,
					"start":	2.000736,
					"end":	3.001006,
					"seconds":	1.0002700090408325,
					"bytes":	0,
					"bits_per_second":	0,
					"retransmits":	3132,
					"snd_cwnd":	4345448,
					"snd_wnd":	12459008,
					"rtt":	768617,
					"rttvar":	1089,
					"pmtu":	1500,
					"omitted":	false,
					"sender":	true
				}],
			"sum":	{
				"start":	2.000736,
				"end":	3.001006,
				"seconds":	1.0002700090408325,
				"bytes":	0,
				"bits_per_second":	0,
				"retransmits":	3132,
				"omitted":	false,
				"sender":	true
			}
		}, {
			"streams":	[{
					"socket":	5,
					"start":	3.001006,
					"end":	4.000588,
					"seconds":	0.99958199262619019,
					"bytes":	14417920,
					"bits_per_second":	115391594.5373923,
					"retransmits":	2163,
					"snd_cwnd":	1300304,
					"snd_wnd":	12582912,
					"rtt":	203510,
					"rttvar":	566,
					"pmtu":	1500,
					"omitted":	false,
					"sender":	true
				}],
			"sum":	{
				"start":	3.001006,
				"end":	4.000588,
				"seconds":	0.99958199262619019,
				"bytes":	14417920,
				"bits_per_second":	115391594.5373923,
				"retransmits":	2163,
				"omitted":	false,
				"sender":	true
			}
		}, {
			"streams":	[{
					"socket":	5,
					"start":	4.000588,
					"end":	5.000975,
					"seconds":	1.0003869533538818,
					"bytes":	5505024,
					"bits_per_second":	44023157.0917149,
					"retransmits":	480,
					"snd_cwnd":	1110616,
					"snd_wnd":	12582912,
					"rtt":	187109,
					"rttvar":	375,
					"pmtu":	1500,
					"omitted":	false,
					"sender":	true
				}],
			"sum":	{
				"start":	4.000588,
				"end":	5.000975,
				"seconds":	1.0003869533538818,
				"bytes":	5505024,
				"bits_per_second":	44023157.0917149,
				"retransmits":	480,
				"omitted":	false,
				"sender":	true
			}
		}, {
			"streams":	[{
					"socket":	5,
					"start":	5.000975,
					"end":	6.001056,
					"seconds":	1.000080943107605,
					"bytes":	5505024,
					"bits_per_second":	44036627.5385186,
					"retransmits":	0,
					"snd_cwnd":	1117856,
					"snd_wnd":	12578304,
					"rtt":	186729,
					"rttvar":	345,
					"pmtu":	1500,
					"omitted":	false,
					"sender":	true
				}],
			"sum":	{
				"start":	5.000975,
				"end":	6.001056,
				"seconds":	1.000080943107605,
				"bytes":	5505024,
				"bits_per_second":	44036627.5385186,
				"retransmits":	0,
				"omitted":	false,
				"sender":	true
			}
		}, {
			"streams":	[{
					"socket":	5,
					"start":	6.001056,
					"end":	7.000786,
					"seconds":	0.99972999095916748,
					"bytes":	5505024,
					"bits_per_second":	44052086.461612172,
					"retransmits":	0,
					"snd_cwnd":	1126544,
					"snd_wnd":	12578304,
					"rtt":	188338,
					"rttvar":	478,
					"pmtu":	1500,
					"omitted":	false,
					"sender":	true
				}],
			"sum":	{
				"start":	6.001056,
				"end":	7.000786,
				"seconds":	0.99972999095916748,
				"bytes":	5505024,
				"bits_per_second":	44052086.461612172,
				"retransmits":	0,
				"omitted":	false,
				"sender":	true
			}
		}, {
			"streams":	[{
					"socket":	5,
					"start":	7.000786,
					"end":	8.000991,
					"seconds":	1.0002050399780273,
					"bytes":	5636096,
					"bits_per_second":	45079524.895206,
					"retransmits":	0,
					"snd_cwnd":	1133784,
					"snd_wnd":	12578304,
					"rtt":	191024,
					"rttvar":	155,
					"pmtu":	1500,
					"omitted":	false,
					"sender":	true
				}],
			"sum":	{
				"start":	7.000786,
				"end":	8.000991,
				"seconds":	1.0002050399780273,
				"bytes":	5636096,
				"bits_per_second":	45079524.895206,
				"retransmits":	0,
				"omitted":	false,
				"sender":	true
			}
		}, {
			"streams":	[{
					"socket":	5,
					"start":	8.000991,
					"end":	9.000985,
					"seconds":	0.99999397993087769,
					"bytes":	5505024,
					"bits_per_second":	44040457.126596078,
					"retransmits":	0,
					"snd_cwnd":	1141024,
					"snd_wnd":	12578304,
					"rtt":	191605,
					"rttvar":	209,
					"pmtu":	1500,
					"omitted":	false,
					"sender":	true
				}],
			"sum":	{
				"start":	8.000991,
				"end":	9.000985,
				"seconds":	0.99999397993087769,
				"bytes":	5505024,
				"bits_per_second":	44040457.126596078,
				"retransmits":	0,
				"omitted":	false,
				"sender":	true
			}
		}, {
			"streams":	[{
					"socket":	5,
					"start":	9.000985,
					"end":	10.000965,
					"seconds":	0.99997997283935547,
					"bytes":	5505024,
					"bits_per_second":	44041074.0176643,
					"retransmits":	0,
					"snd_cwnd":	1148264,
					"snd_wnd":	12578304,
					"rtt":	191360,
					"rttvar":	143,
					"pmtu":	1500,
					"omitted":	false,
					"sender":	true
				}],
			"sum":	{
				"start":	9.000985,
				"end":	10.000965,
				"seconds":	0.99997997283935547,
				"bytes":	5505024,
				"bits_per_second":	44041074.0176643,
				"retransmits":	0,
				"omitted":	false,
				"sender":	true
			}
		}, {
			"streams":	[{
					"socket":	5,
					"start":	10.000965,
					"end":	11.00107,
					"seconds":	1.0001050233840942,
					"bytes":	5505024,
					"bits_per_second":	44035567.2357084,
					"retransmits":	0,
					"snd_cwnd":	1155504,
					"snd_wnd":	12578304,
					"rtt":	192969,
					"rttvar":	346,
					"pmtu":	1500,
					"omitted":	false,
					"sender":	true
				}],
			"sum":	{
				"start":	10.000965,
				"end":	11.00107,
				"seconds":	1.0001050233840942,
				"bytes":	5505024,
				"bits_per_second":	44035567.2357084,
				"retransmits":	0,
				"omitted":	false,
				"sender":	true
			}
		}, {
			"streams":	[{
					"socket":	5,
					"start":	11.00107,
					"end":	12.001002,
					"seconds":	0.99993199110031128,
					"bytes":	5636096,
					"bits_per_second":	45091834.646059223,
					"retransmits":	0,
					"snd_cwnd":	1162744,
					"snd_wnd":	12578304,
					"rtt":	195048,
					"rttvar":	243,
					"pmtu":	1500,
					"omitted":	false,
					"sender":	true
				}],
			"sum":	{
				"start":	11.00107,
				"end":	12.001002,
				"seconds":	0.99993199110031128,
				"bytes":	5636096,
				"bits_per_second":	45091834.646059223,