{
	"start":	{
		"connected":	[{
				"socket":	5,
				"local_host":	"10.0.0.1",
				"local_port":	49524,
				"remote_host":	"10.0.0.2",
				"remote_port":	5201
			}],
		"version":	"iperf 3.16",
		"system_info":	"Linux mininet 6.8.0-88-generic #89-Ubuntu SMP PREEMPT_DYNAMIC Sat Oct 11 01:02:46 UTC 2025 x86_64",
		"timestamp":	{
			"time":	"Tue, 02 Dec 2025 19:14:09 GMT",
			"timesecs":	1764702849
		},
		"connecting_to":	{
			"host":	"10.0.0.2",
			"port":	5201
		},
		"cookie":	"3ysnilqgsycxe4mbf4tvqroqb2htwrvglrbz",
		"tcp_mss_default":	1448,
		"target_bitrate":	0,
		"fq_rate":	0,
		"sock_bufsize":	0,
		"sndbuf_actual":	87380,
		"rcvbuf_actual":	87380,
		"test_start":	{
			"protocol":	"TCP",
			"num_streams":	1,
			"blksize":	131072,
			"omit":	0,
			"duration":	20,
			"bytes":	0,
			"blocks":	0,
			"reverse":	0,
			"tos":	0,
			"target_bitrate":	0,
			"bidir":	0,
			"fqrate":	0
		}
	},
	"intervals":	[{
			"streams":	[{
					"socket":	5,
					"start":	0,
					"end":	1.001141,
					"seconds":	1.0011409521102905,
					"bytes":	15597568,
					"bits_per_second":	124638337.62566289,
					"retransmits":	5,
					"snd_cwnd":	1788280,
					"snd_wnd":	3075072,
					"rtt":	141761,
					"rttvar":	7684,
					"pmtu":	1500,
					"omitted":	false,
					"sender":	true
				}],
			"sum":	{
				"start":	0,
				"end":	1.001141,
				"seconds":	1.0011409521102905,
				"bytes":	15597568,
				"bits_per_second":	124638337.62566289,
				"retransmits":	5,
				"omitted":	false,
				"sender":	true
			}
		}, {
			"streams":	[{
					"socket":	5,
					"start":	1.001141,
					"end":	2.001001,
					"seconds":	0.99985998868942261,
					"bytes":	7340032,
					"bits_per_second":	58728478.651264183,
					"retransmits":	14,
					"snd_cwnd":	793504,
					"snd_wnd":	12581376,
					"rtt":	128368,
					"rttvar":	2174,
					"pmtu":	1500,
					"omitted":	false,
					"sender":	true
				}],
			"sum":	{
				"start":	1.001141,
				"end":	2.001001,
				"seconds":	0.99985998868942261,
				"bytes":	7340032,
				"bits_per_second":	58728478.651264183,
				"retransmits":	14,
				"omitted":	false,
				"sender":	true
			}
		}, {
			"streams":	[{
					"socket":	5,
					"start":	2.001001,
					"end":	3.000942,
					"seconds":	0.99994099140167236,
					"bytes":	6160384,
					"bits_per_second":	49285980.2966145,
					"retransmits":	21,
					"snd_cwnd":	1300304,
					"snd_wnd":	12576768,
					"rtt":	129795,
					"rttvar":	1834,
					"pmtu":	1500,
					"omitted":	false,
					"sender":	true
				}],
			"sum":	{
				"start":	2.001001,
				"end":	3.000942,
				"seconds":	0.99994099140167236,
				"bytes":	6160384,
				"bits_per_second":	49285980.2966145,
				"retransmits":	21,
				"omitted":	false,
				"sender":	true
			}
		}, {
			"streams":	[{
					"socket":	5,
					"start":	3.000942,
					"end":	4.000948,
					"seconds":	1.0000059604644775,
					"bytes":	5505024,
					"bits_per_second":	44039929.501564614,
					"retransmits":	43,
					"snd_cwnd":	1297408,
					"snd_wnd":	12579328,
					"rtt":	105822,
					"rttvar":	421,
					"pmtu":	1500,
					"omitted":	false,
					"sender":	true
				}],
			"sum":	{
				"start":	3.000942,
				"end":	4.000948,
				"seconds":	1.0000059604644775,
				"bytes":	5505024,
				"bits_per_second":	44039929.501564614,
				"retransmits":	43,
				"omitted":	false,
				"sender":	true
			}
		}, {
			"streams":	[{
					"socket":	5,
					"start":	4.000948,
					"end":	5.000978,
					"seconds":	1.0000300407409668,
					"bytes":	6029312,
					"bits_per_second":	48233047.043527722,
					"retransmits":	48,
					"snd_cwnd":	1294512,
					"snd_wnd":	12578304,
					"rtt":	105638,
					"rttvar":	193,
					"pmtu":	1500,
					"omitted":	false,
					"sender":	true
				}],
			"sum":	{
				"start":	4.000948,
				"end":	5.000978,
				"seconds":	1.0000300407409668,
				"bytes":	6029312,
				"bits_per_second":	48233047.043527722,
				"retransmits":	48,
				"omitted":	false,
				"sender":	true
			}
		}, {
			"streams":	[{
					"socket":	5,
					"start":	5.000978,
					"end":	6.001067,
					"seconds":	1.0000890493392944,
					"bytes":	5505024,
					"bits_per_second":	44036270.599198148,
					"retransmits":	30,
					"snd_cwnd":	616848,
					"snd_wnd":	12582912,
					"rtt":	105702,
					"rttvar":	103,
					"pmtu":	1500,
					"omitted":	false,
					"sender":	true
				}],
			"sum":	{
				"start":	5.000978,
				"end":	6.001067,
				"seconds":	1.0000890493392944,
				"bytes":	5505024,
				"bits_per_second":	44036270.599198148,
				"retransmits":	30,
				"omitted":	false,
				"sender":	true
			}
		}, {
			"streams":	[{
					"socket":	5,
					"start":	6.001067,
					"end":	7.001083,
					"seconds":	1.0000159740448,
					"bytes":	6029312,
					"bits_per_second":	48233725.5123078,
					"retransmits":	41,
					"snd_cwnd":	738480,
					"snd_wnd":	12581376,
					"rtt":	105684,
					"rttvar":	372,
					"pmtu":	1500,
					"omitted":	false,
					"sender":	true
				}],
			"sum":	{
				"start":	6.001067,
				"end":	7.001083,
				"seconds":	1.0000159740448,
				"bytes":	6029312,
				"bits_per_second":	48233725.5123078,
				"retransmits":	41,
				"omitted":	false,
				"sender":	true
			}
		}, {
			"streams":	[{
					"socket":	5,
					"start":	7.001083,
					"end":	8.001141,
					"seconds":	1.0000580549240112,
					"bytes":	6029312,
					"bits_per_second":	48231695.912558861,
					"retransmits":	26,
					"snd_cwnd":	697936,
					"snd_wnd":	12582912,
					"rtt":	106093,
					"rttvar":	380,
					"pmtu":	1500,
					"omitted":	false,
					"sender":	true
				}],
			"sum":	{
				"start":	7.001083,
				"end":	8.001141,
				"seconds":	1.0000580549240112,
				"bytes":	6029312,
				"bits_per_second":	48231695.912558861,
				"retransmits":	26,
				"omitted":	false,
				"sender":	true
			}
		}, {
			"streams":	[{
					"socket":	5,
					"start":	8.001141,
					"end":	9.001072,
					"seconds":	0.99993097782135,
					"bytes":	6029312,
					"bits_per_second":	48237825.479807951,
					"retransmits":	49,
					"snd_cwnd":	625536,
					"snd_wnd":	12579328,
					"rtt":	106204,
					"rttvar":	134,
					"pmtu":	1500,
					"omitted":	false,
					"sender":	true
				}],
			"sum":	{
				"start":	8.001141,
				"end":	9.001072,
				"seconds":	0.99993097782135,
				"bytes":	6029312,
				"bits_per_second":	48237825.479807951,
				"retransmits":	49,
				"omitted":	false,
				"sender":	true
			}
		}, {
			"streams":	[{
					"socket":	5,
					"start":	9.001072,
					"end":	10.001072,
					"seconds":	1,
					"bytes":	6029312,
					"bits_per_second":	48234496,
					"retransmits":	39,
					"snd_cwnd":	1297408,
					"snd_wnd":	12582912,
					"rtt":	105884,
					"rttvar":	269,
					"pmtu":	1500,
					"omitted":	false,
					"sender":	true
				}],
			"sum":	{
				"start":	9.001072,
				"end":	10.001072,
				"seconds":	1,
				"bytes":	6029312,
				"bits_per_second":	48234496,
				"retransmits":	39,
				"omitted":	false,
				"sender":	true
			}
		}, {
			"streams":	[{
					"socket":	5,
					"start":	10.001072,
					"end":	11.001002,
					"seconds":	0.99993002414703369,
					"bytes":	5636096,
					"bits_per_second":	45091923.345798016,
					"retransmits":	35,
					"snd_cwnd":	5792,
					"snd_wnd":	12582912,
					"rtt":	104582,
					"rttvar":	150,
					"pmtu":	1500,
					"omitted":	false,
					"sender":	true
				}],
			"sum":	{
				"start":	10.001072,
				"end":	11.001002,
				"seconds":	0.99993002414703369,
				"bytes":	5636096,
				"bits_per_second":	45091923.345798016,
				"retransmits":	35,
				"omitted":	false,
				"sender":	true
			}
		}, {
			"streams":	[{
					"socket":	5,
					"start":	11.001002,
					"end":	12.001259,
					"seconds":	1.0002570152282715,
					"bytes":	0,
					"bits_per_second":	0,
					"retransmits":	41,
					"snd_cwnd":	1103376,
					"snd_wnd":	12516352,
					"rtt":	113030,
					"rttvar":	164,
					"pmtu":	1500,
					"omitted":	false,
					"sender":	true
				}],
			"sum":	{
				"start":	11.001002,
				"end":	12.001259,
				"seconds":	1.0002570152282715,
				"bytes":	0,
				"bits_per_second":	0,
				"retransmits":	41,
				"omitted":	false,