{
	"start":	{
		"connected":	[{
				"socket":	5,
				"local_host":	"10.0.0.1",
				"local_port":	47838,
				"remote_host":	"10.0.0.2",
				"remote_port":	5201
			}],
		"version":	"iperf 3.16",
		"system_info":	"Linux mininet 6.8.0-88-generic #89-Ubuntu SMP PREEMPT_DYNAMIC Sat Oct 11 01:02:46 UTC 2025 x86_64",
		"timestamp":	{
			"time":	"Tue, 02 Dec 2025 17:24:22 GMT",
			"timesecs":	1764696262
		},
		"connecting_to":	{
			"host":	"10.0.0.2",
			"port":	5201
		},
		"cookie":	"ivfzcq7guip733lzest6mhs72pqbk42xgtpb",
		"tcp_mss_default":	1448,
		"target_bitrate":	0,
		"fq_rate":	0,
		"sock_bufsize":	0,
		"sndbuf_actual":	87380,
		"rcvbuf_actual":	87380,
		"test_start":	{
			"protocol":	"TCP",
			"num_streams":	1,
			"blksize":	131072,
			"omit":	0,
			"duration":	20,
			"bytes":	0,
			"blocks":	0,
			"reverse":	0,
			"tos":	0,
			"target_bitrate":	0,
			"bidir":	0,
			"fqrate":	0
		}
	},
	"intervals":	[{
			"streams":	[{
					"socket":	5,
					"start":	0,
					"end":	1.000763,
					"seconds":	1.0007630586624146,
					"bytes":	19398656,
					"bits_per_second":	155070919.79136461,
					"retransmits":	0,
					"snd_cwnd":	4818944,
					"snd_wnd":	6787072,
					"rtt":	390645,
					"rttvar":	13253,
					"pmtu":	1500,
					"omitted":	false,
					"sender":	true
				}],
			"sum":	{
				"start":	0,
				"end":	1.000763,
				"seconds":	1.0007630586624146,
				"bytes":	19398656,
				"bits_per_second":	155070919.79136461,
				"retransmits":	0,
				"omitted":	false,
				"sender":	true
			}
		}, {
			"streams":	[{
					"socket":	5,
					"start":	1.000763,
					"end":	2.000869,
					"seconds":	1.0001059770584106,
					"bytes":	5505024,
					"bits_per_second":	44035525.244569,
					"retransmits":	696,
					"snd_cwnd":	6048296,
					"snd_wnd":	12568576,
					"rtt":	759440,
					"rttvar":	1916,
					"pmtu":	1500,
					"omitted":	false,
					"sender":	true
				}],
			"sum":	{
				"start":	1.000763,
				"end":	2.000869,
				"seconds":	1.0001059770584106,
				"bytes":	5505024,
				"bits_per_second":	44035525.244569,
				"retransmits":	696,
				"omitted":	false,
				"sender":	true
			}
		}, {
			"streams":	[{
					"socket":	5,
					"start":	2.000869,
					"end":	3.001019,
					"seconds":	1.0001499652862549,
					"bytes":	0,
					"bits_per_second":	0,
					"retransmits":	3794,
					"snd_cwnd":	1458136,
					"snd_wnd":	12439552,
					"rtt":	295141,
					"rttvar":	3707,
					"pmtu":	1500,
					"omitted":	false,
					"sender":	true
				}],
			"sum":	{
				"start":	2.000869,
				"end":	3.001019,
				"seconds":	1.0001499652862549,
				"bytes":	0,
				"bits_per_second":	0,
				"retransmits":	3794,
				"omitted":	false,
				"sender":	true
			}
		}, {
			"streams":	[{
					"socket":	5,
					"start":	3.001019,
					"end":	4.000858,
					"seconds":	0.99983900785446167,
					"bytes":	10354688,
					"bits_per_second":	82850842.33486715,
					"retransmits":	926,
					"snd_cwnd":	1636240,
					"snd_wnd":	12582912,
					"rtt":	287516,
					"rttvar":	5109,
					"pmtu":	1500,
					"omitted":	false,
					"sender":	true
				}],
			"sum":	{
				"start":	3.001019,
				"end":	4.000858,
				"seconds":	0.99983900785446167,
				"bytes":	10354688,
				"bits_per_second":	82850842.33486715,
				"retransmits":	926,
				"omitted":	false,
				"sender":	true
			}
		}, {
			"streams":	[{
					"socket":	5,
					"start":	4.000858,
					"end":	5.000978,
					"seconds":	1.0001200437545776,
					"bytes":	5767168,
					"bits_per_second":	46131806.164782532,
					"retransmits":	278,
					"snd_cwnd":	1097584,
					"snd_wnd":	12578304,
					"rtt":	184901,
					"rttvar":	222,
					"pmtu":	1500,
					"omitted":	false,
					"sender":	true
				}],
			"sum":	{
				"start":	4.000858,
				"end":	5.000978,
				"seconds":	1.0001200437545776,
				"bytes":	5767168,
				"bits_per_second":	46131806.164782532,
				"retransmits":	278,
				"omitted":	false,
				"sender":	true
			}
		}, {
			"streams":	[{
					"socket":	5,
					"start":	5.000978,
					"end":	6.000786,
					"seconds":	0.99980801343917847,
					"bytes":	5505024,
					"bits_per_second":	44048648.748582073,
					"retransmits":	0,
					"snd_cwnd":	1104824,
					"snd_wnd":	12578304,
					"rtt":	185261,
					"rttvar":	128,
					"pmtu":	1500,
					"omitted":	false,
					"sender":	true
				}],
			"sum":	{
				"start":	5.000978,
				"end":	6.000786,
				"seconds":	0.99980801343917847,
				"bytes":	5505024,
				"bits_per_second":	44048648.748582073,
				"retransmits":	0,
				"omitted":	false,
				"sender":	true
			}
		}, {
			"streams":	[{
					"socket":	5,
					"start":	6.000786,
					"end":	7.001069,
					"seconds":	1.0002830028533936,
					"bytes":	5505024,
					"bits_per_second":	44027732.02620814,
					"retransmits":	0,
					"snd_cwnd":	1113512,
					"snd_wnd":	12578304,
					"rtt":	187127,
					"rttvar":	997,
					"pmtu":	1500,
					"omitted":	false,
					"sender":	true
				}],
			"sum":	{
				"start":	6.000786,
				"end":	7.001069,
				"seconds":	1.0002830028533936,
				"bytes":	5505024,
				"bits_per_second":	44027732.02620814,
				"retransmits":	0,
				"omitted":	false,
				"sender":	true
			}
		}, {
			"streams":	[{
					"socket":	5,
					"start":	7.001069,
					"end":	8.001039,
					"seconds":	0.999970018863678,
					"bytes":	5636096,
					"bits_per_second":	45090119.8530301,
					"retransmits":	0,
					"snd_cwnd":	1120752,
					"snd_wnd":	12578304,
					"rtt":	187839,
					"rttvar":	202,
					"pmtu":	1500,
					"omitted":	false,
					"sender":	true
				}],
			"sum":	{
				"start":	7.001069,
				"end":	8.001039,
				"seconds":	0.999970018863678,
				"bytes":	5636096,
				"bits_per_second":	45090119.8530301,
				"retransmits":	0,
				"omitted":	false,
				"sender":	true
			}
		}, {
			"streams":	[{
					"socket":	5,
					"start":	8.001039,
					"end":	9.001073,
					"seconds":	1.000033974647522,
					"bytes":	11010048,
					"bits_per_second":	88077391.601665676,
					"retransmits":	0,
					"snd_cwnd":	1127992,
					"snd_wnd":	12578304,
					"rtt":	188829,
					"rttvar":	187,
					"pmtu":	1500,
					"omitted":	false,
					"sender":	true
				}],
			"sum":	{
				"start":	8.001039,
				"end":	9.001073,
				"seconds":	1.000033974647522,
				"bytes":	11010048,
				"bits_per_second":	88077391.601665676,
				"retransmits":	0,
				"omitted":	false,
				"sender":	true
			}
		}, {
			"streams":	[{
					"socket":	5,
					"start":	9.001073,
					"end":	10.000892,
					"seconds":	0.999818980693817,
					"bytes":	5505024,
					"bits_per_second":	44048165.568369813,
					"retransmits":	0,
					"snd_cwnd":	1136680,
					"snd_wnd":	12578304,
					"rtt":	189469,
					"rttvar":	396,
					"pmtu":	1500,
					"omitted":	false,
					"sender":	true
				}],
			"sum":	{
				"start":	9.001073,
				"end":	10.000892,
				"seconds":	0.999818980693817,
				"bytes":	5505024,
				"bits_per_second":	44048165.568369813,
				"retransmits":	0,
				"omitted":	false,
				"sender":	true
			}
		}, {
			"streams":	[{
					"socket":	5,
					"start":	10.000892,
					"end":	11.000771,
					"seconds":	0.999879002571106,
					"bytes":	5636096,
					"bits_per_second":	45094224.285196483,
					"retransmits":	0,
					"snd_cwnd":	1143920,
					"snd_wnd":	12578304,
					"rtt":	191596,
					"rttvar":	382,
					"pmtu":	1500,
					"omitted":	false,
					"sender":	true
				}],
			"sum":	{
				"start":	10.000892,
				"end":	11.000771,
				"seconds":	0.999879002571106,
				"bytes":	5636096,
				"bits_per_second":	45094224.285196483,
				"retransmits":	0,
				"omitted":	false,
				"sender":	true
			}
		}, {
			"streams":	[{
					"socket":	5,
					"start":	11.000771,
					"end":	12.000953,
					"seconds":	1.000182032585144,
					"bytes":	5505024,
					"bits_per_second":	44032176.709044136,
					"retransmits":	0,
					"snd_cwnd":	1151160,
					"snd_wnd":	12578304,
					"rtt":	194036,
					"rttvar":	127,
					"pmtu":	1500,
					"omitted":	false,
					"sender":	true
				}],
			"sum":	{
				"start":	11.000771,
				"end":	12.000953,
				"seconds":	1.000182032585144,
				"bytes":	5505024,
				"bits_per_second":	44032176.709044136,