{
	"start":	{
		"connected":	[{
				"socket":	5,
				"local_host":	"10.0.0.2",
				"local_port":	5201,
				"remote_host":	"10.0.0.1",
				"remote_port":	47838
			}],
		"version":	"iperf 3.16",
		"system_info":	"Linux mininet 6.8.0-88-generic #89-Ubuntu SMP PREEMPT_DYNAMIC Sat Oct 11 01:02:46 UTC 2025 x86_64",
		"sock_bufsize":	0,
		"sndbuf_actual":	87380,
		"rcvbuf_actual":	87380,
		"timestamp":	{
			"time":	"Tue, 02 Dec 2025 17:24:22 GMT",
			"timesecs":	1764696262
		},
		"accepted_connection":	{
			"host":	"10.0.0.1",
			"port":	47828
		},
		"cookie":	"ivfzcq7guip733lzest6mhs72pqbk42xgtpb",
		"tcp_mss_default":	0,
		"target_bitrate":	0,
		"fq_rate":	0,
		"test_start":	{
			"protocol":	"TCP",
			"num_streams":	1,
			"blksize":	131072,
			"omit":	0,
			"duration":	20,
			"bytes":	0,
			"blocks":	0,
			"reverse":	0,
			"tos":	0,
			"target_bitrate":	0,
			"bidir":	0,
			"fqrate":	0
		}
	},
	"intervals":	[{
			"streams":	[{
					"socket":	5,
					"start":	0,
					"end":	1.00099,
					"seconds":	1.0009900331497192,
					"bytes":	4718592,
					"bits_per_second":	37711400.463418879,
					"omitted":	false,
					"sender":	false
				}],
			"sum":	{
				"start":	0,
				"end":	1.00099,
				"seconds":	1.0009900331497192,
				"bytes":	4718592,
				"bits_per_second":	37711400.463418879,
				"omitted":	false,
				"sender":	false
			}
		}, {
			"streams":	[{
					"socket":	5,
					"start":	1.00099,
					"end":	2.001031,
					"seconds":	1.0000410079956055,
					"bytes":	3932160,
					"bits_per_second":	31455990.052898146,
					"omitted":	false,
					"sender":	false
				}],
			"sum":	{
				"start":	1.00099,
				"end":	2.001031,
				"seconds":	1.0000410079956055,
				"bytes":	3932160,
				"bits_per_second":	31455990.052898146,
				"omitted":	false,
				"sender":	false
			}
		}, {
			"streams":	[{
					"socket":	5,
					"start":	2.001031,
					"end":	3.000998,
					"seconds":	0.99996697902679443,
					"bytes":	131072,
					"bits_per_second":	1048610.6261433889,
					"omitted":	false,
					"sender":	false
				}],
			"sum":	{
				"start":	2.001031,
				"end":	3.000998,
				"seconds":	0.99996697902679443,
				"bytes":	131072,
				"bits_per_second":	1048610.6261433889,
				"omitted":	false,
				"sender":	false
			}
		}, {
			"streams":	[{
					"socket":	5,
					"start":	3.000998,
					"end":	4.00106,
					"seconds":	1.0000619888305664,
					"bytes":	13631488,
					"bits_per_second":	109045144.41901852,
					"omitted":	false,
					"sender":	false
				}],
			"sum":	{
				"start":	3.000998,
				"end":	4.00106,
				"seconds":	1.0000619888305664,
				"bytes":	13631488,
				"bits_per_second":	109045144.41901852,
				"omitted":	false,
				"sender":	false
			}
		}, {
			"streams":	[{
					"socket":	5,
					"start":	4.00106,
					"end":	5.001013,
					"seconds":	0.99995297193527222,
					"bytes":	6160384,
					"bits_per_second":	49285389.796501487,
					"omitted":	false,
					"sender":	false
				}],
			"sum":	{
				"start":	4.00106,
				"end":	5.001013,
				"seconds":	0.99995297193527222,
				"bytes":	6160384,
				"bits_per_second":	49285389.796501487,
				"omitted":	false,
				"sender":	false
			}
		}, {
			"streams":	[{
					"socket":	5,
					"start":	5.001013,
					"end":	6.000956,
					"seconds":	0.99994301795959473,
					"bytes":	5898240,
					"bits_per_second":	47188608.9032192,
					"omitted":	false,
					"sender":	false
				}],
			"sum":	{
				"start":	5.001013,
				"end":	6.000956,
				"seconds":	0.99994301795959473,
				"bytes":	5898240,
				"bits_per_second":	47188608.9032192,
				"omitted":	false,
				"sender":	false
			}
		}, {
			"streams":	[{
					"socket":	5,
					"start":	6.000956,
					"end":	7.001047,
					"seconds":	1.0000909566879272,
					"bytes":	5898240,
					"bits_per_second":	47181628.515339233,
					"omitted":	false,
					"sender":	false
				}],
			"sum":	{
				"start":	6.000956,
				"end":	7.001047,
				"seconds":	1.0000909566879272,
				"bytes":	5898240,
				"bits_per_second":	47181628.515339233,
				"omitted":	false,
				"sender":	false
			}
		}, {
			"streams":	[{
					"socket":	5,
					"start":	7.001047,
					"end":	8.001046,
					"seconds":	0.99999898672103882,
					"bytes":	6029312,
					"bits_per_second":	48234544.875049524,
					"omitted":	false,
					"sender":	false
				}],
			"sum":	{
				"start":	7.001047,
				"end":	8.001046,
				"seconds":	0.99999898672103882,
				"bytes":	6029312,
				"bits_per_second":	48234544.875049524,
				"omitted":	false,
				"sender":	false
			}
		}, {
			"streams":	[{
					"socket":	5,
					"start":	8.001046,
					"end":	9.00101,
					"seconds":	0.99996399879455566,
					"bytes":	5898240,
					"bits_per_second":	47187618.811159253,
					"omitted":	false,
					"sender":	false
				}],
			"sum":	{
				"start":	8.001046,
				"end":	9.00101,
				"seconds":	0.99996399879455566,
				"bytes":	5898240,
				"bits_per_second":	47187618.811159253,
				"omitted":	false,
				"sender":	false
			}
		}, {
			"streams":	[{
					"socket":	5,
					"start":	9.00101,
					"end":	10.000986,
					"seconds":	0.99997597932815552,
					"bytes":	6029312,
					"bits_per_second":	48235654.652831621,
					"omitted":	false,
					"sender":	false
				}],
			"sum":	{
				"start":	9.00101,
				"end":	10.000986,
				"seconds":	0.99997597932815552,
				"bytes":	6029312,
				"bits_per_second":	48235654.652831621,
				"omitted":	false,
				"sender":	false
			}
		}, {
			"streams":	[{
					"socket":	5,
					"start":	10.000986,
					"end":	11.001113,
					"seconds":	1.0001269578933716,
					"bytes":	5898240,
					"bits_per_second":	47179930.135460585,
					"omitted":	false,
					"sender":	false
				}],
			"sum":	{
				"start":	10.000986,
				"end":	11.001113,
				"seconds":	1.0001269578933716,
				"bytes":	5898240,
				"bits_per_second":	47179930.135460585,
				"omitted":	false,
				"sender":	false
			}
		}, {
			"streams":	[{
					"socket":	5,
					"start":	11.001113,
					"end":	12.001039,
					"seconds":	0.999925971031189,
					"bytes":	5898240,
					"bits_per_second":	47189413.3836116,
					"omitted":	false,
					"sender":	false
				}],
			"sum":	{
				"start":	11.001113,
				"end":	12.001039,
				"seconds":	0.999925971031189,
				"bytes":	5898240,
				"bits_per_second":	47189413.3836116,
				"omitted":	false,
				"sender":	false
			}
		}, {
			"streams":	[{
					"socket":	5,
					"start":	12.001039,
					"end":	13.001098,
					"seconds":	1.0000590085983276,
					"bytes":	6029312,
					"bits_per_second":	48231649.917943314,
					"omitted":	false,
					"sender":	false
				}],
			"sum":	{
				"start":	12.001039,
				"end":	13.001098,
				"seconds":	1.0000590085983276,
				"bytes":	6029312,
				"bits_per_second":	48231649.917943314,
				"omitted":	false,
				"sender":	false
			}
		}, {
			"streams":	[{
					"socket":	5,
					"start":	13.001098,
					"end":	14.000999,
					"seconds":	0.999900996685028,
					"bytes":	5898240,
					"bits_per_second":	47190592.025045969,
					"omitted":	false,
					"sender":	false
				}],
			"sum":	{
				"start":	13.001098,
				"end":	14.000999,
				"seconds":	0.999900996685028,
				"bytes":	5898240,
				"bits_per_second":	47190592.025045969,
				"omitted":	false,
				"sender":	false
			}
		}, {
			"streams":	[{
					"socket":	5,
					"start":	14.000999,
					"end":	15.000978,
					"seconds":	0.999979019165039,
					"bytes":	6029312,
					"bits_per_second":	48235508.021233052,
					"omitted":	false,
					"sender":	false
				}],
			"sum":	{
				"start":	14.000999,
				"end":	15.000978,
				"seconds":	0.999979019165039,
				"bytes":	6029312,
				"bits_per_second":	48235508.021233052,
				"omitted":	false,
				"sender":	false
			}
		}, {
			"streams":	[{
					"socket":	5,
					"start":	15.000978,
					"end":	16.001077,
					"seconds":	1.0000989437103271,
					"bytes":	5898240,
					"bits_per_second":	47181251.711897746,
					"omitted":	false,
					"sender":	false
				}],
			"sum":	{
				"start":	15.000978,
				"end":	16.001077,
				"seconds":	1.0000989437103271,
				"bytes":	5898240,
				"bits_per_second":	47181251.711897746,