{
	"start":	{
		"connected":	[{
				"socket":	5,
				"local_host":	"10.0.0.1",
				"local_port":	55470,
				"remote_host":	"10.0.0.2",
				"remote_port":	5201
			}],
		"version":	"iperf 3.16",
		"system_info":	"Linux mininet 6.8.0-88-generic #89-Ubuntu SMP PREEMPT_DYNAMIC Sat Oct 11 01:02:46 UTC 2025 x86_64",
		"timestamp":	{
			"time":	"Tue, 02 Dec 2025 18:10:48 GMT",
			"timesecs":	1764699048
		},
		"connecting_to":	{
			"host":	"10.0.0.2",
			"port":	5201
		},
		"cookie":	"su62kasvb52zh2dlsnf7w2ekjogimkop6v7f",
		"tcp_mss_default":	1448,
		"target_bitrate":	0,
		"fq_rate":	0,
		"sock_bufsize":	0,
		"sndbuf_actual":	87380,
		"rcvbuf_actual":	87380,
		"test_start":	{
			"protocol":	"TCP",
			"num_streams":	1,
			"blksize":	131072,
			"omit":	0,
			"duration":	20,
			"bytes":	0,
			"blocks":	0,
			"reverse":	0,
			"tos":	0,
			"target_bitrate":	0,
			"bidir":	0,
			"fqrate":	0
		}
	},
	"intervals":	[{
			"streams":	[{
					"socket":	5,
					"start":	0,
					"end":	1.000351,
					"seconds":	1.0003509521484375,
					"bytes":	1310720,
					"bits_per_second":	10482081.291050809,
					"retransmits":	10,
					"snd_cwnd":	21720,
					"snd_wnd":	1507840,
					"rtt":	44659,
					"rttvar":	229,
					"pmtu":	1500,
					"omitted":	false,
					"sender":	true
				}],
			"sum":	{
				"start":	0,
				"end":	1.000351,
				"seconds":	1.0003509521484375,
				"bytes":	1310720,
				"bits_per_second":	10482081.291050809,
				"retransmits":	10,
				"omitted":	false,
				"sender":	true
			}
		}, {
			"streams":	[{
					"socket":	5,
					"start":	1.000351,
					"end":	2.000365,
					"seconds":	1.0000139474868774,
					"bytes":	524288,
					"bits_per_second":	4194245.5008159168,
					"retransmits":	2,
					"snd_cwnd":	27512,
					"snd_wnd":	2428928,
					"rtt":	44563,
					"rttvar":	214,
					"pmtu":	1500,
					"omitted":	false,
					"sender":	true
				}],
			"sum":	{
				"start":	1.000351,
				"end":	2.000365,
				"seconds":	1.0000139474868774,
				"bytes":	524288,
				"bits_per_second":	4194245.5008159168,
				"retransmits":	2,
				"omitted":	false,
				"sender":	true
			}
		}, {
			"streams":	[{
					"socket":	5,
					"start":	2.000365,
					"end":	3.001408,
					"seconds":	1.00104296207428,
					"bytes":	524288,
					"bits_per_second":	4189934.0576841021,
					"retransmits":	2,
					"snd_cwnd":	31856,
					"snd_wnd":	3262464,
					"rtt":	44731,
					"rttvar":	126,
					"pmtu":	1500,
					"omitted":	false,
					"sender":	true
				}],
			"sum":	{
				"start":	2.000365,
				"end":	3.001408,
				"seconds":	1.00104296207428,
				"bytes":	524288,
				"bits_per_second":	4189934.0576841021,
				"retransmits":	2,
				"omitted":	false,
				"sender":	true
			}
		}, {
			"streams":	[{
					"socket":	5,
					"start":	3.001408,
					"end":	4.000669,
					"seconds":	0.99926102161407471,
					"bytes":	786432,
					"bits_per_second":	6296108.6882360429,
					"retransmits":	4,
					"snd_cwnd":	23168,
					"snd_wnd":	3264512,
					"rtt":	45153,
					"rttvar":	1059,
					"pmtu":	1500,
					"omitted":	false,
					"sender":	true
				}],
			"sum":	{
				"start":	3.001408,
				"end":	4.000669,
				"seconds":	0.99926102161407471,
				"bytes":	786432,
				"bits_per_second":	6296108.6882360429,
				"retransmits":	4,
				"omitted":	false,
				"sender":	true
			}
		}, {
			"streams":	[{
					"socket":	5,
					"start":	4.000669,
					"end":	5.000339,
					"seconds":	0.99967002868652344,
					"bytes":	524288,
					"bits_per_second":	4195688.45683104,
					"retransmits":	1,
					"snd_cwnd":	26064,
					"snd_wnd":	3264512,
					"rtt":	45121,
					"rttvar":	569,
					"pmtu":	1500,
					"omitted":	false,
					"sender":	true
				}],
			"sum":	{
				"start":	4.000669,
				"end":	5.000339,
				"seconds":	0.99967002868652344,
				"bytes":	524288,
				"bits_per_second":	4195688.45683104,
				"retransmits":	1,
				"omitted":	false,
				"sender":	true
			}
		}, {
			"streams":	[{
					"socket":	5,
					"start":	5.000339,
					"end":	6.000537,
					"seconds":	1.0001980066299438,
					"bytes":	524288,
					"bits_per_second":	4193473.6644119513,
					"retransmits":	4,
					"snd_cwnd":	23168,
					"snd_wnd":	3261440,
					"rtt":	46346,
					"rttvar":	3285,
					"pmtu":	1500,
					"omitted":	false,
					"sender":	true
				}],
			"sum":	{
				"start":	5.000339,
				"end":	6.000537,
				"seconds":	1.0001980066299438,
				"bytes":	524288,
				"bits_per_second":	4193473.6644119513,
				"retransmits":	4,
				"omitted":	false,
				"sender":	true
			}
		}, {
			"streams":	[{
					"socket":	5,
					"start":	6.000537,
					"end":	7.000412,
					"seconds":	0.999875009059906,
					"bytes":	262144,
					"bits_per_second":	2097414.1577673457,
					"retransmits":	4,
					"snd_cwnd":	18824,
					"snd_wnd":	3264512,
					"rtt":	48054,
					"rttvar":	6535,
					"pmtu":	1500,
					"omitted":	false,
					"sender":	true
				}],
			"sum":	{
				"start":	6.000537,
				"end":	7.000412,
				"seconds":	0.999875009059906,
				"bytes":	262144,
				"bits_per_second":	2097414.1577673457,
				"retransmits":	4,
				"omitted":	false,
				"sender":	true
			}
		}, {
			"streams":	[{
					"socket":	5,
					"start":	7.000412,
					"end":	8.000599,
					"seconds":	1.0001870393753052,
					"bytes":	786432,
					"bits_per_second":	6290279.4700574251,
					"retransmits":	0,
					"snd_cwnd":	34752,
					"snd_wnd":	3261440,
					"rtt":	44920,
					"rttvar":	584,
					"pmtu":	1500,
					"omitted":	false,
					"sender":	true
				}],
			"sum":	{
				"start":	7.000412,
				"end":	8.000599,
				"seconds":	1.0001870393753052,
				"bytes":	786432,
				"bits_per_second":	6290279.4700574251,
				"retransmits":	0,
				"omitted":	false,
				"sender":	true
			}
		}, {
			"streams":	[{
					"socket":	5,
					"start":	8.000599,
					"end":	9.000746,
					"seconds":	1.0001469850540161,
					"bytes":	524288,
					"bits_per_second":	4193687.5906029684,
					"retransmits":	4,
					"snd_cwnd":	27512,
					"snd_wnd":	3264512,
					"rtt":	44875,
					"rttvar":	417,
					"pmtu":	1500,
					"omitted":	false,
					"sender":	true
				}],
			"sum":	{
				"start":	8.000599,
				"end":	9.000746,
				"seconds":	1.0001469850540161,
				"bytes":	524288,
				"bits_per_second":	4193687.5906029684,
				"retransmits":	4,
				"omitted":	false,
				"sender":	true
			}
		}, {
			"streams":	[{
					"socket":	5,
					"start":	9.000746,
					"end":	10.000384,
					"seconds":	0.999638020992279,
					"bytes":	524288,
					"bits_per_second":	4195822.7997736353,
					"retransmits":	6,
					"snd_cwnd":	14480,
					"snd_wnd":	3261440,
					"rtt":	45497,
					"rttvar":	925,
					"pmtu":	1500,
					"omitted":	false,
					"sender":	true
				}],
			"sum":	{
				"start":	9.000746,
				"end":	10.000384,
				"seconds":	0.999638020992279,
				"bytes":	524288,
				"bits_per_second":	4195822.7997736353,
				"retransmits":	6,
				"omitted":	false,
				"sender":	true
			}
		}, {
			"streams":	[{
					"socket":	5,
					"start":	10.000384,
					"end":	11.000318,
					"seconds":	0.99993401765823364,
					"bytes":	262144,
					"bits_per_second":	2097290.3841309091,
					"retransmits":	3,
					"snd_cwnd":	20272,
					"snd_wnd":	3261440,
					"rtt":	47681,
					"rttvar":	5803,
					"pmtu":	1500,
					"omitted":	false,
					"sender":	true
				}],
			"sum":	{
				"start":	10.000384,
				"end":	11.000318,
				"seconds":	0.99993401765823364,
				"bytes":	262144,
				"bits_per_second":	2097290.3841309091,
				"retransmits":	3,
				"omitted":	false,
				"sender":	true
			}
		}, {
			"streams":	[{
					"socket":	5,
					"start":	11.000318,
					"end":	12.000923,
					"seconds":	1.00060498714447,
					"bytes":	524288,
					"bits_per_second":	4191768.0342266918,
					"retransmits":	4,
					"snd_cwnd":	18824,
					"snd_wnd":	3261440,
					"rtt":	46820,
					"rttvar":	3412,
					"pmtu":	1500,
					"omitted":	false,
					"sender":	true
				}],
			"sum":	{
				"start":	11.000318,
				"end":	12.000923,
				"seconds":	1.00060498714447,
				"bytes":	524288,
				"bits_per_second":	4191768.0342266918,
				"retransmits":	4,