{
	"start":	{
		"connected":	[{
				"socket":	5,
				"local_host":	"10.0.0.2",
				"local_port":	5201,
				"remote_host":	"10.0.0.1",
				"remote_port":	55470
			}],
		"version":	"iperf 3.16",
		"system_info":	"Linux mininet 6.8.0-88-generic #89-Ubuntu SMP PREEMPT_DYNAMIC Sat Oct 11 01:02:46 UTC 2025 x86_64",
		"sock_bufsize":	0,
		"sndbuf_actual":	87380,
		"rcvbuf_actual":	87380,
		"timestamp":	{
			"time":	"Tue, 02 Dec 2025 18:10:48 GMT",
			"timesecs":	1764699048
		},
		"accepted_connection":	{
			"host":	"10.0.0.1",
			"port":	55458
		},
		"cookie":	"su62kasvb52zh2dlsnf7w2ekjogimkop6v7f",
		"tcp_mss_default":	0,
		"target_bitrate":	0,
		"fq_rate":	0,
		"test_start":	{
			"protocol":	"TCP",
			"num_streams":	1,
			"blksize":	131072,
			"omit":	0,
			"duration":	20,
			"bytes":	0,
			"blocks":	0,
			"reverse":	0,
			"tos":	0,
			"target_bitrate":	0,
			"bidir":	0,
			"fqrate":	0
		}
	},
	"intervals":	[{
			"streams":	[{
					"socket":	5,
					"start":	0,
					"end":	1.00071,
					"seconds":	1.0007100105285645,
					"bytes":	786432,
					"bits_per_second":	6286992.1693667471,
					"omitted":	false,
					"sender":	false
				}],
			"sum":	{
				"start":	0,
				"end":	1.00071,
				"seconds":	1.0007100105285645,
				"bytes":	786432,
				"bits_per_second":	6286992.1693667471,
				"omitted":	false,
				"sender":	false
			}
		}, {
			"streams":	[{
					"socket":	5,
					"start":	1.00071,
					"end":	2.000826,
					"seconds":	1.0001159906387329,
					"bytes":	524288,
					"bits_per_second":	4193817.5564229013,
					"omitted":	false,
					"sender":	false
				}],
			"sum":	{
				"start":	1.00071,
				"end":	2.000826,
				"seconds":	1.0001159906387329,
				"bytes":	524288,
				"bits_per_second":	4193817.5564229013,
				"omitted":	false,
				"sender":	false
			}
		}, {
			"streams":	[{
					"socket":	5,
					"start":	2.000826,
					"end":	3.000735,
					"seconds":	0.999908983707428,
					"bytes":	524288,
					"bits_per_second":	4194685.7847486325,
					"omitted":	false,
					"sender":	false
				}],
			"sum":	{
				"start":	2.000826,
				"end":	3.000735,
				"seconds":	0.999908983707428,
				"bytes":	524288,
				"bits_per_second":	4194685.7847486325,
				"omitted":	false,
				"sender":	false
			}
		}, {
			"streams":	[{
					"socket":	5,
					"start":	3.000735,
					"end":	4.000759,
					"seconds":	1.0000239610672,
					"bytes":	786432,
					"bits_per_second":	6291305.2536120443,
					"omitted":	false,
					"sender":	false
				}],
			"sum":	{
				"start":	3.000735,
				"end":	4.000759,
				"seconds":	1.0000239610672,
				"bytes":	786432,
				"bits_per_second":	6291305.2536120443,
				"omitted":	false,
				"sender":	false
			}
		}, {
			"streams":	[{
					"socket":	5,
					"start":	4.000759,
					"end":	5.000724,
					"seconds":	0.999965012073517,
					"bytes":	524288,
					"bits_per_second":	4194450.755134658,
					"omitted":	false,
					"sender":	false
				}],
			"sum":	{
				"start":	4.000759,
				"end":	5.000724,
				"seconds":	0.999965012073517,
				"bytes":	524288,
				"bits_per_second":	4194450.755134658,
				"omitted":	false,
				"sender":	false
			}
		}, {
			"streams":	[{
					"socket":	5,
					"start":	5.000724,
					"end":	6.000719,
					"seconds":	0.999994993209839,
					"bytes":	524288,
					"bits_per_second":	4194325.0001051435,
					"omitted":	false,
					"sender":	false
				}],
			"sum":	{
				"start":	5.000724,
				"end":	6.000719,
				"seconds":	0.999994993209839,
				"bytes":	524288,
				"bits_per_second":	4194325.0001051435,
				"omitted":	false,
				"sender":	false
			}
		}, {
			"streams":	[{
					"socket":	5,
					"start":	6.000719,
					"end":	7.000739,
					"seconds":	1.0000200271606445,
					"bytes":	393216,
					"bits_per_second":	3145665.001261686,
					"omitted":	false,
					"sender":	false
				}],
			"sum":	{
				"start":	6.000719,
				"end":	7.000739,
				"seconds":	1.0000200271606445,
				"bytes":	393216,
				"bits_per_second":	3145665.001261686,
				"omitted":	false,
				"sender":	false
			}
		}, {
			"streams":	[{
					"socket":	5,
					"start":	7.000739,
					"end":	8.001362,
					"seconds":	1.0006229877471924,
					"bytes":	524288,
					"bits_per_second":	4191692.6268534735,
					"omitted":	false,
					"sender":	false
				}],
			"sum":	{
				"start":	7.000739,
				"end":	8.001362,
				"seconds":	1.0006229877471924,
				"bytes":	524288,
				"bits_per_second":	4191692.6268534735,
				"omitted":	false,
				"sender":	false
			}
		}, {
			"streams":	[{
					"socket":	5,
					"start":	8.001362,
					"end":	9.000761,
					"seconds":	0.99939900636672974,
					"bytes":	655360,
					"bits_per_second":	5246032.8323321585,
					"omitted":	false,
					"sender":	false
				}],
			"sum":	{
				"start":	8.001362,
				"end":	9.000761,
				"seconds":	0.99939900636672974,
				"bytes":	655360,
				"bits_per_second":	5246032.8323321585,
				"omitted":	false,
				"sender":	false
			}
		}, {
			"streams":	[{
					"socket":	5,
					"start":	9.000761,
					"end":	10.001101,
					"seconds":	1.0003399848937988,
					"bytes":	393216,
					"bits_per_second":	3144658.8634902625,
					"omitted":	false,
					"sender":	false
				}],
			"sum":	{
				"start":	9.000761,
				"end":	10.001101,
				"seconds":	1.0003399848937988,
				"bytes":	393216,
				"bits_per_second":	3144658.8634902625,
				"omitted":	false,
				"sender":	false
			}
		}, {
			"streams":	[{
					"socket":	5,
					"start":	10.001101,
					"end":	11.000785,
					"seconds":	0.999683976173401,
					"bytes":	393216,
					"bits_per_second":	3146722.4392665024,
					"omitted":	false,
					"sender":	false
				}],
			"sum":	{
				"start":	10.001101,
				"end":	11.000785,
				"seconds":	0.999683976173401,
				"bytes":	393216,
				"bits_per_second":	3146722.4392665024,
				"omitted":	false,
				"sender":	false
			}
		}, {
			"streams":	[{
					"socket":	5,
					"start":	11.000785,
					"end":	12.001147,
					"seconds":	1.0003620386123657,
					"bytes":	524288,
					"bits_per_second":	4192786.0495566721,
					"omitted":	false,
					"sender":	false
				}],
			"sum":	{
				"start":	11.000785,
				"end":	12.001147,
				"seconds":	1.0003620386123657,
				"bytes":	524288,
				"bits_per_second":	4192786.0495566721,
				"omitted":	false,
				"sender":	false
			}
		}, {
			"streams":	[{
					"socket":	5,
					"start":	12.001147,
					"end":	13.000853,
					"seconds":	0.999705970287323,
					"bytes":	393216,
					"bits_per_second":	3146653.2095390949,
					"omitted":	false,
					"sender":	false
				}],
			"sum":	{
				"start":	12.001147,
				"end":	13.000853,
				"seconds":	0.999705970287323,
				"bytes":	393216,
				"bits_per_second":	3146653.2095390949,
				"omitted":	false,
				"sender":	false
			}
		}, {
			"streams":	[{
					"socket":	5,
					"start":	13.000853,
					"end":	14.000787,
					"seconds":	0.99993401765823364,
					"bytes":	393216,
					"bits_per_second":	3145935.5761963637,
					"omitted":	false,
					"sender":	false
				}],
			"sum":	{
				"start":	13.000853,
				"end":	14.000787,
				"seconds":	0.99993401765823364,
				"bytes":	393216,
				"bits_per_second":	3145935.5761963637,
				"omitted":	false,
				"sender":	false
			}
		}, {
			"streams":	[{
					"socket":	5,
					"start":	14.000787,
					"end":	15.000701,
					"seconds":	0.999913990497589,
					"bytes":	262144,
					"bits_per_second":	2097332.3905152986,
					"omitted":	false,
					"sender":	false
				}],
			"sum":	{
				"start":	14.000787,
				"end":	15.000701,
				"seconds":	0.999913990497589,
				"bytes":	262144,
				"bits_per_second":	2097332.3905152986,
				"omitted":	false,
				"sender":	false
			}
		}, {
			"streams":	[{
					"socket":	5,
					"start":	15.000701,
					"end":	16.000751,
					"seconds":	1.0000499486923218,
					"bytes":	655360,
					"bits_per_second":	5242618.13807966,
					"omitted":	false,
					"sender":	false
				}],
			"sum":	{
				"start":	15.000701,
				"end":	16.000751,
				"seconds":	1.0000499486923218,
				"bytes":	655360,
				"bits_per_second":	5242618.13807966,
				"omitted":	false,