{
	"start":	{
		"connected":	[{
				"socket":	5,
				"local_host":	"10.0.0.1",
				"local_port":	47990,
				"remote_host":	"10.0.0.2",
				"remote_port":	5201
			}],
		"version":	"iperf 3.16",
		"system_info":	"Linux mininet 6.8.0-88-generic #89-Ubuntu SMP PREEMPT_DYNAMIC Sat Oct 11 01:02:46 UTC 2025 x86_64",
		"timestamp":	{
			"time":	"Tue, 02 Dec 2025 17:13:24 GMT",
			"timesecs":	1764695604
		},
		"connecting_to":	{
			"host":	"10.0.0.2",
			"port":	5201
		},
		"cookie":	"aiczfzyoltasq6atgrnvyrftnyugpyul7o32",
		"tcp_mss_default":	1448,
		"target_bitrate":	0,
		"fq_rate":	0,
		"sock_bufsize":	0,
		"sndbuf_actual":	87380,
		"rcvbuf_actual":	87380,
		"test_start":	{
			"protocol":	"TCP",
			"num_streams":	1,
			"blksize":	131072,
			"omit":	0,
			"duration":	20,
			"bytes":	0,
			"blocks":	0,
			"reverse":	0,
			"tos":	0,
			"target_bitrate":	0,
			"bidir":	0,
			"fqrate":	0
		}
	},
	"intervals":	[{
			"streams":	[{
					"socket":	5,
					"start":	0,
					"end":	1.000661,
					"seconds":	1.0006610155105591,
					"bytes":	4194304,
					"bits_per_second":	33532266.651639063,
					"retransmits":	0,
					"snd_cwnd":	805088,
					"snd_wnd":	1217536,
					"rtt":	322289,
					"rttvar":	13900,
					"pmtu":	1500,
					"omitted":	false,
					"sender":	true
				}],
			"sum":	{
				"start":	0,
				"end":	1.000661,
				"seconds":	1.0006610155105591,
				"bytes":	4194304,
				"bits_per_second":	33532266.651639063,
				"retransmits":	0,
				"omitted":	false,
				"sender":	true
			}
		}, {
			"streams":	[{
					"socket":	5,
					"start":	1.000661,
					"end":	2.000889,
					"seconds":	1.0002280473709106,
					"bytes":	4456448,
					"bits_per_second":	35643455.603659414,
					"retransmits":	55,
					"snd_cwnd":	1608728,
					"snd_wnd":	2871296,
					"rtt":	770483,
					"rttvar":	1433,
					"pmtu":	1500,
					"omitted":	false,
					"sender":	true
				}],
			"sum":	{
				"start":	1.000661,
				"end":	2.000889,
				"seconds":	1.0002280473709106,
				"bytes":	4456448,
				"bits_per_second":	35643455.603659414,
				"retransmits":	55,
				"omitted":	false,
				"sender":	true
			}
		}, {
			"streams":	[{
					"socket":	5,
					"start":	2.000889,
					"end":	3.000672,
					"seconds":	0.9997829794883728,
					"bytes":	0,
					"bits_per_second":	0,
					"retransmits":	658,
					"snd_cwnd":	684904,
					"snd_wnd":	3417088,
					"rtt":	771942,
					"rttvar":	343,
					"pmtu":	1500,
					"omitted":	false,
					"sender":	true
				}],
			"sum":	{
				"start":	2.000889,
				"end":	3.000672,
				"seconds":	0.9997829794883728,
				"bytes":	0,
				"bits_per_second":	0,
				"retransmits":	658,
				"omitted":	false,
				"sender":	true
			}
		}, {
			"streams":	[{
					"socket":	5,
					"start":	3.000672,
					"end":	4.000781,
					"seconds":	1.0001089572906494,
					"bytes":	4325376,
					"bits_per_second":	34599238.160751469,
					"retransmits":	292,
					"snd_cwnd":	490872,
					"snd_wnd":	3762688,
					"rtt":	323714,
					"rttvar":	3235,
					"pmtu":	1500,
					"omitted":	false,
					"sender":	true
				}],
			"sum":	{
				"start":	3.000672,
				"end":	4.000781,
				"seconds":	1.0001089572906494,
				"bytes":	4325376,
				"bits_per_second":	34599238.160751469,
				"retransmits":	292,
				"omitted":	false,
				"sender":	true
			}
		}, {
			"streams":	[{
					"socket":	5,
					"start":	4.000781,
					"end":	5.000651,
					"seconds":	0.999870002269745,
					"bytes":	0,
					"bits_per_second":	0,
					"retransmits":	0,
					"snd_cwnd":	459016,
					"snd_wnd":	5286912,
					"rtt":	383886,
					"rttvar":	86,
					"pmtu":	1500,
					"omitted":	false,
					"sender":	true
				}],
			"sum":	{
				"start":	4.000781,
				"end":	5.000651,
				"seconds":	0.999870002269745,
				"bytes":	0,
				"bits_per_second":	0,
				"retransmits":	0,
				"omitted":	false,
				"sender":	true
			}
		}, {
			"streams":	[{
					"socket":	5,
					"start":	5.000651,
					"end":	6.000993,
					"seconds":	1.0003420114517212,
					"bytes":	3538944,
					"bits_per_second":	28301872.4355219,
					"retransmits":	0,
					"snd_cwnd":	463360,
					"snd_wnd":	7593984,
					"rtt":	386403,
					"rttvar":	472,
					"pmtu":	1500,
					"omitted":	false,
					"sender":	true
				}],
			"sum":	{
				"start":	5.000651,
				"end":	6.000993,
				"seconds":	1.0003420114517212,
				"bytes":	3538944,
				"bits_per_second":	28301872.4355219,
				"retransmits":	0,
				"omitted":	false,
				"sender":	true
			}
		}, {
			"streams":	[{
					"socket":	5,
					"start":	6.000993,
					"end":	7.000738,
					"seconds":	0.999745011329651,
					"bytes":	0,
					"bits_per_second":	0,
					"retransmits":	0,
					"snd_cwnd":	466256,
					"snd_wnd":	7592960,
					"rtt":	388810,
					"rttvar":	204,
					"pmtu":	1500,
					"omitted":	false,
					"sender":	true
				}],
			"sum":	{
				"start":	6.000993,
				"end":	7.000738,
				"seconds":	0.999745011329651,
				"bytes":	0,
				"bits_per_second":	0,
				"retransmits":	0,
				"omitted":	false,
				"sender":	true
			}
		}, {
			"streams":	[{
					"socket":	5,
					"start":	7.000738,
					"end":	8.000715,
					"seconds":	0.9999769926071167,
					"bytes":	0,
					"bits_per_second":	0,
					"retransmits":	0,
					"snd_cwnd":	470600,
					"snd_wnd":	7592960,
					"rtt":	391620,
					"rttvar":	878,
					"pmtu":	1500,
					"omitted":	false,
					"sender":	true
				}],
			"sum":	{
				"start":	7.000738,
				"end":	8.000715,
				"seconds":	0.9999769926071167,
				"bytes":	0,
				"bits_per_second":	0,
				"retransmits":	0,
				"omitted":	false,
				"sender":	true
			}
		}, {
			"streams":	[{
					"socket":	5,
					"start":	8.000715,
					"end":	9.000836,
					"seconds":	1.000120997428894,
					"bytes":	3670016,
					"bits_per_second":	29356575.929791361,
					"retransmits":	0,
					"snd_cwnd":	474944,
					"snd_wnd":	7592960,
					"rtt":	395483,
					"rttvar":	756,
					"pmtu":	1500,
					"omitted":	false,
					"sender":	true
				}],
			"sum":	{
				"start":	8.000715,
				"end":	9.000836,
				"seconds":	1.000120997428894,
				"bytes":	3670016,
				"bits_per_second":	29356575.929791361,
				"retransmits":	0,
				"omitted":	false,
				"sender":	true
			}
		}, {
			"streams":	[{
					"socket":	5,
					"start":	9.000836,
					"end":	10.000646,
					"seconds":	0.999809980392456,
					"bytes":	0,
					"bits_per_second":	0,
					"retransmits":	0,
					"snd_cwnd":	477840,
					"snd_wnd":	7592960,
					"rtt":	398510,
					"rttvar":	600,
					"pmtu":	1500,
					"omitted":	false,
					"sender":	true
				}],
			"sum":	{
				"start":	9.000836,
				"end":	10.000646,
				"seconds":	0.999809980392456,
				"bytes":	0,
				"bits_per_second":	0,
				"retransmits":	0,
				"omitted":	false,
				"sender":	true
			}
		}, {
			"streams":	[{
					"socket":	5,
					"start":	10.000646,
					"end":	11.000667,
					"seconds":	1.0000209808349609,
					"bytes":	0,
					"bits_per_second":	0,
					"retransmits":	0,
					"snd_cwnd":	482184,
					"snd_wnd":	7592960,
					"rtt":	401406,
					"rttvar":	641,
					"pmtu":	1500,
					"omitted":	false,
					"sender":	true
				}],
			"sum":	{
				"start":	10.000646,
				"end":	11.000667,
				"seconds":	1.0000209808349609,
				"bytes":	0,
				"bits_per_second":	0,
				"retransmits":	0,
				"omitted":	false,
				"sender":	true
			}
		}, {
			"streams":	[{
					"socket":	5,
					"start":	11.000667,
					"end":	12.001065,
					"seconds":	1.00039803981781,
					"bytes":	3670016,
					"bits_per_second":	29348446.14984151,
					"retransmits":	0,
					"snd_cwnd":	485080,
					"snd_wnd":	7592960,
					"rtt":	403718,
					"rttvar":	433,
					"pmtu":	1500,
					"omitted":	false,
					"sender":	true
				}],
			"sum":	{
				"start":	11.000667,
				"end":	12.001065,
				"seconds":	1.00039803981781,
				"bytes":	3670016,
				"bits_per_second":	29348446.14984151,
				"retransmits":	0,
				"omitted":	false,
				"sender":	true
			}
		}, {
			"streams":	[{
					"socket":	5,
					"start":	12.001065,
					"end":	13.00067,
					"seconds":	0.99960500001907349,
					"bytes":	0,
					"bits_per_second":	0,
					"retransmits":	0,