{
	"start":	{
		"connected":	[{
				"socket":	5,
				"local_host":	"10.0.0.1",
				"local_port":	44458,
				"remote_host":	"10.0.0.2",
				"remote_port":	5201
			}],
		"version":	"iperf 3.16",
		"system_info":	"Linux mininet 6.8.0-88-generic #89-Ubuntu SMP PREEMPT_DYNAMIC Sat Oct 11 01:02:46 UTC 2025 x86_64",
		"timestamp":	{
			"time":	"Tue, 02 Dec 2025 17:32:58 GMT",
			"timesecs":	1764696778
		},
		"connecting_to":	{
			"host":	"10.0.0.2",
			"port":	5201
		},
		"cookie":	"lz4sixvk2zut7i2lwximz22dwfj7bs4bzs5a",
		"tcp_mss_default":	1448,
		"target_bitrate":	0,
		"fq_rate":	0,
		"sock_bufsize":	0,
		"sndbuf_actual":	87380,
		"rcvbuf_actual":	87380,
		"test_start":	{
			"protocol":	"TCP",
			"num_streams":	1,
			"blksize":	131072,
			"omit":	0,
			"duration":	20,
			"bytes":	0,
			"blocks":	0,
			"reverse":	0,
			"tos":	0,
			"target_bitrate":	0,
			"bidir":	0,
			"fqrate":	0
		}
	},
	"intervals":	[{
			"streams":	[{
					"socket":	5,
					"start":	0,
					"end":	1.00072,
					"seconds":	1.0007200241088867,
					"bytes":	15597568,
					"bits_per_second":	124690763.64402081,
					"retransmits":	0,
					"snd_cwnd":	2548480,
					"snd_wnd":	4124160,
					"rtt":	201882,
					"rttvar":	10872,
					"pmtu":	1500,
					"omitted":	false,
					"sender":	true
				}],
			"sum":	{
				"start":	0,
				"end":	1.00072,
				"seconds":	1.0007200241088867,
				"bytes":	15597568,
				"bits_per_second":	124690763.64402081,
				"retransmits":	0,
				"omitted":	false,
				"sender":	true
			}
		}, {
			"streams":	[{
					"socket":	5,
					"start":	1.00072,
					"end":	2.000669,
					"seconds":	0.99994897842407227,
					"bytes":	5505024,
					"bits_per_second":	44042439.11465133,
					"retransmits":	2059,
					"snd_cwnd":	1007808,
					"snd_wnd":	7729152,
					"rtt":	188273,
					"rttvar":	1936,
					"pmtu":	1500,
					"omitted":	false,
					"sender":	true
				}],
			"sum":	{
				"start":	1.00072,
				"end":	2.000669,
				"seconds":	0.99994897842407227,
				"bytes":	5505024,
				"bits_per_second":	44042439.11465133,
				"retransmits":	2059,
				"omitted":	false,
				"sender":	true
			}
		}, {
			"streams":	[{
					"socket":	5,
					"start":	2.000669,
					"end":	3.000996,
					"seconds":	1.0003269910812378,
					"bytes":	5505024,
					"bits_per_second":	44025795.957377546,
					"retransmits":	226,
					"snd_cwnd":	249056,
					"snd_wnd":	12579328,
					"rtt":	104648,
					"rttvar":	322,
					"pmtu":	1500,
					"omitted":	false,
					"sender":	true
				}],
			"sum":	{
				"start":	2.000669,
				"end":	3.000996,
				"seconds":	1.0003269910812378,
				"bytes":	5505024,
				"bits_per_second":	44025795.957377546,
				"retransmits":	226,
				"omitted":	false,
				"sender":	true
			}
		}, {
			"streams":	[{
					"socket":	5,
					"start":	3.000996,
					"end":	4.001077,
					"seconds":	1.000080943107605,
					"bytes":	0,
					"bits_per_second":	0,
					"retransmits":	4,
					"snd_cwnd":	65160,
					"snd_wnd":	12582912,
					"rtt":	105341,
					"rttvar":	1417,
					"pmtu":	1500,
					"omitted":	false,
					"sender":	true
				}],
			"sum":	{
				"start":	3.000996,
				"end":	4.001077,
				"seconds":	1.000080943107605,
				"bytes":	0,
				"bits_per_second":	0,
				"retransmits":	4,
				"omitted":	false,
				"sender":	true
			}
		}, {
			"streams":	[{
					"socket":	5,
					"start":	4.001077,
					"end":	5.001126,
					"seconds":	1.0000489950180054,
					"bytes":	5636096,
					"bits_per_second":	45086558.983230814,
					"retransmits":	4,
					"snd_cwnd":	27512,
					"snd_wnd":	12582912,
					"rtt":	106236,
					"rttvar":	1014,
					"pmtu":	1500,
					"omitted":	false,
					"sender":	true
				}],
			"sum":	{
				"start":	4.001077,
				"end":	5.001126,
				"seconds":	1.0000489950180054,
				"bytes":	5636096,
				"bits_per_second":	45086558.983230814,
				"retransmits":	4,
				"omitted":	false,
				"sender":	true
			}
		}, {
			"streams":	[{
					"socket":	5,
					"start":	5.001126,
					"end":	6.001027,
					"seconds":	0.999900996685028,
					"bytes":	0,
					"bits_per_second":	0,
					"retransmits":	0,
					"snd_cwnd":	30408,
					"snd_wnd":	12580352,
					"rtt":	104754,
					"rttvar":	335,
					"pmtu":	1500,
					"omitted":	false,
					"sender":	true
				}],
			"sum":	{
				"start":	5.001126,
				"end":	6.001027,
				"seconds":	0.999900996685028,
				"bytes":	0,
				"bits_per_second":	0,
				"retransmits":	0,
				"omitted":	false,
				"sender":	true
			}
		}, {
			"streams":	[{
					"socket":	5,
					"start":	6.001027,
					"end":	7.000665,
					"seconds":	0.999638020992279,
					"bytes":	0,
					"bits_per_second":	0,
					"retransmits":	0,
					"snd_cwnd":	43440,
					"snd_wnd":	12582912,
					"rtt":	104931,
					"rttvar":	406,
					"pmtu":	1500,
					"omitted":	false,
					"sender":	true
				}],
			"sum":	{
				"start":	6.001027,
				"end":	7.000665,
				"seconds":	0.999638020992279,
				"bytes":	0,
				"bits_per_second":	0,
				"retransmits":	0,
				"omitted":	false,
				"sender":	true
			}
		}, {
			"streams":	[{
					"socket":	5,
					"start":	7.000665,
					"end":	8.000946,
					"seconds":	1.0002809762954712,
					"bytes":	0,
					"bits_per_second":	0,
					"retransmits":	0,
					"snd_cwnd":	56472,
					"snd_wnd":	12580352,
					"rtt":	104526,
					"rttvar":	98,
					"pmtu":	1500,
					"omitted":	false,
					"sender":	true
				}],
			"sum":	{
				"start":	7.000665,
				"end":	8.000946,
				"seconds":	1.0002809762954712,
				"bytes":	0,
				"bits_per_second":	0,
				"retransmits":	0,
				"omitted":	false,
				"sender":	true
			}
		}, {
			"streams":	[{
					"socket":	5,
					"start":	8.000946,
					"end":	9.000958,
					"seconds":	1.0000120401382446,
					"bytes":	0,
					"bits_per_second":	0,
					"retransmits":	0,
					"snd_cwnd":	70952,
					"snd_wnd":	12580352,
					"rtt":	104660,
					"rttvar":	145,
					"pmtu":	1500,
					"omitted":	false,
					"sender":	true
				}],
			"sum":	{
				"start":	8.000946,
				"end":	9.000958,
				"seconds":	1.0000120401382446,
				"bytes":	0,
				"bits_per_second":	0,
				"retransmits":	0,
				"omitted":	false,
				"sender":	true
			}
		}, {
			"streams":	[{
					"socket":	5,
					"start":	9.000958,
					"end":	10.000648,
					"seconds":	0.99968999624252319,
					"bytes":	0,
					"bits_per_second":	0,
					"retransmits":	0,
					"snd_cwnd":	83984,
					"snd_wnd":	12580352,
					"rtt":	104702,
					"rttvar":	244,
					"pmtu":	1500,
					"omitted":	false,
					"sender":	true
				}],
			"sum":	{
				"start":	9.000958,
				"end":	10.000648,
				"seconds":	0.99968999624252319,
				"bytes":	0,
				"bits_per_second":	0,
				"retransmits":	0,
				"omitted":	false,
				"sender":	true
			}
		}, {
			"streams":	[{
					"socket":	5,
					"start":	10.000648,
					"end":	11.001075,
					"seconds":	1.0004270076751709,
					"bytes":	0,
					"bits_per_second":	0,
					"retransmits":	2,
					"snd_cwnd":	50680,
					"snd_wnd":	12580352,
					"rtt":	104612,
					"rttvar":	116,
					"pmtu":	1500,
					"omitted":	false,
					"sender":	true
				}],
			"sum":	{
				"start":	10.000648,
				"end":	11.001075,
				"seconds":	1.0004270076751709,
				"bytes":	0,
				"bits_per_second":	0,
				"retransmits":	2,
				"omitted":	false,
				"sender":	true
			}
		}, {
			"streams":	[{
					"socket":	5,
					"start":	11.001075,
					"end":	12.001161,
					"seconds":	1.0000859498977661,
					"bytes":	0,
					"bits_per_second":	0,
					"retransmits":	0,
					"snd_cwnd":	63712,
					"snd_wnd":	12580352,
					"rtt":	104591,
					"rttvar":	73,
					"pmtu":	1500,
					"omitted":	false,
					"sender":	true
				}],
			"sum":	{
				"start":	11.001075,
				"end":	12.001161,
				"seconds":	1.0000859498977661,
				"bytes":	0,
				"bits_per_second":	0,
				"retransmits":	0,
				"omitted":	false,
				"sender":	true
			}
		}, {
			"streams":	[{
					"socket":	5,
					"start":	12.001161,
					"end":	13.001422,
					"seconds":	1.0002609491348267,
					"bytes":	0,
					"bits_per_second":	0,
					"retransmits":	0,
					"snd_cwnd":	76744,
					"snd_wnd":	12580352,
					"rtt":	104845,