{
	"start":	{
		"connected":	[{
				"socket":	5,
				"local_host":	"10.0.0.1",
				"local_port":	52908,
				"remote_host":	"10.0.0.2",
				"remote_port":	5201
			}],
		"version":	"iperf 3.16",
		"system_info":	"Linux mininet 6.8.0-88-generic #89-Ubuntu SMP PREEMPT_DYNAMIC Sat Oct 11 01:02:46 UTC 2025 x86_64",
		"timestamp":	{
			"time":	"Tue, 02 Dec 2025 17:55:30 GMT",
			"timesecs":	1764698130
		},
		"connecting_to":	{
			"host":	"10.0.0.2",
			"port":	5201
		},
		"cookie":	"x6thvtmkghz3aunoeavheoh3hwkdxxbqmpye",
		"tcp_mss_default":	1448,
		"target_bitrate":	0,
		"fq_rate":	0,
		"sock_bufsize":	0,
		"sndbuf_actual":	87380,
		"rcvbuf_actual":	87380,
		"test_start":	{
			"protocol":	"TCP",
			"num_streams":	1,
			"blksize":	131072,
			"omit":	0,
			"duration":	20,
			"bytes":	0,
			"blocks":	0,
			"reverse":	0,
			"tos":	0,
			"target_bitrate":	0,
			"bidir":	0,
			"fqrate":	0
		}
	},
	"intervals":	[{
			"streams":	[{
					"socket":	5,
					"start":	0,
					"end":	1.001652,
					"seconds":	1.0016520023345947,
					"bytes":	2621440,
					"bits_per_second":	20936932.139226746,
					"retransmits":	0,
					"snd_cwnd":	502456,
					"snd_wnd":	1200128,
					"rtt":	323184,
					"rttvar":	14342,
					"pmtu":	1500,
					"omitted":	false,
					"sender":	true
				}],
			"sum":	{
				"start":	0,
				"end":	1.001652,
				"seconds":	1.0016520023345947,
				"bytes":	2621440,
				"bits_per_second":	20936932.139226746,
				"retransmits":	0,
				"omitted":	false,
				"sender":	true
			}
		}, {
			"streams":	[{
					"socket":	5,
					"start":	1.001652,
					"end":	2.001084,
					"seconds":	0.9994320273399353,
					"bytes":	1048576,
					"bits_per_second":	8393375.2076436058,
					"retransmits":	175,
					"snd_cwnd":	280912,
					"snd_wnd":	2215424,
					"rtt":	231904,
					"rttvar":	850,
					"pmtu":	1500,
					"omitted":	false,
					"sender":	true
				}],
			"sum":	{
				"start":	1.001652,
				"end":	2.001084,
				"seconds":	0.9994320273399353,
				"bytes":	1048576,
				"bits_per_second":	8393375.2076436058,
				"retransmits":	175,
				"omitted":	false,
				"sender":	true
			}
		}, {
			"streams":	[{
					"socket":	5,
					"start":	2.001084,
					"end":	3.001115,
					"seconds":	1.0000309944152832,
					"bytes":	2097152,
					"bits_per_second":	16776696.016116597,
					"retransmits":	3,
					"snd_cwnd":	183896,
					"snd_wnd":	4535296,
					"rtt":	169485,
					"rttvar":	4660,
					"pmtu":	1500,
					"omitted":	false,
					"sender":	true
				}],
			"sum":	{
				"start":	2.001084,
				"end":	3.001115,
				"seconds":	1.0000309944152832,
				"bytes":	2097152,
				"bits_per_second":	16776696.016116597,
				"retransmits":	3,
				"omitted":	false,
				"sender":	true
			}
		}, {
			"streams":	[{
					"socket":	5,
					"start":	3.001115,
					"end":	4.001095,
					"seconds":	0.99997997283935547,
					"bytes":	1048576,
					"bits_per_second":	8388776.00336463,
					"retransmits":	0,
					"snd_cwnd":	205616,
					"snd_wnd":	6927360,
					"rtt":	169069,
					"rttvar":	704,
					"pmtu":	1500,
					"omitted":	false,
					"sender":	true
				}],
			"sum":	{
				"start":	3.001115,
				"end":	4.001095,
				"seconds":	0.99997997283935547,
				"bytes":	1048576,
				"bits_per_second":	8388776.00336463,
				"retransmits":	0,
				"omitted":	false,
				"sender":	true
			}
		}, {
			"streams":	[{
					"socket":	5,
					"start":	4.001095,
					"end":	5.001162,
					"seconds":	1.0000669956207275,
					"bytes":	1048576,
					"bits_per_second":	8388046.0376490168,
					"retransmits":	0,
					"snd_cwnd":	217200,
					"snd_wnd":	7587840,
					"rtt":	179717,
					"rttvar":	802,
					"pmtu":	1500,
					"omitted":	false,
					"sender":	true
				}],
			"sum":	{
				"start":	4.001095,
				"end":	5.001162,
				"seconds":	1.0000669956207275,
				"bytes":	1048576,
				"bits_per_second":	8388046.0376490168,
				"retransmits":	0,
				"omitted":	false,
				"sender":	true
			}
		}, {
			"streams":	[{
					"socket":	5,
					"start":	5.001162,
					"end":	6.001093,
					"seconds":	0.99993097782135,
					"bytes":	1048576,
					"bits_per_second":	8389187.0399666,
					"retransmits":	0,
					"snd_cwnd":	221544,
					"snd_wnd":	7587840,
					"rtt":	185003,
					"rttvar":	491,
					"pmtu":	1500,
					"omitted":	false,
					"sender":	true
				}],
			"sum":	{
				"start":	5.001162,
				"end":	6.001093,
				"seconds":	0.99993097782135,
				"bytes":	1048576,
				"bits_per_second":	8389187.0399666,
				"retransmits":	0,
				"omitted":	false,
				"sender":	true
			}
		}, {
			"streams":	[{
					"socket":	5,
					"start":	6.001093,
					"end":	7.001118,
					"seconds":	1.0000250339508057,
					"bytes":	1179648,
					"bits_per_second":	9436947.7559141237,
					"retransmits":	2,
					"snd_cwnd":	178104,
					"snd_wnd":	7590400,
					"rtt":	143770,
					"rttvar":	795,
					"pmtu":	1500,
					"omitted":	false,
					"sender":	true
				}],
			"sum":	{
				"start":	6.001093,
				"end":	7.001118,
				"seconds":	1.0000250339508057,
				"bytes":	1179648,
				"bits_per_second":	9436947.7559141237,
				"retransmits":	2,
				"omitted":	false,
				"sender":	true
			}
		}, {
			"streams":	[{
					"socket":	5,
					"start":	7.001118,
					"end":	8.001099,
					"seconds":	0.99998098611831665,
					"bytes":	1048576,
					"bits_per_second":	8388767.50303277,
					"retransmits":	2,
					"snd_cwnd":	139008,
					"snd_wnd":	7590400,
					"rtt":	144876,
					"rttvar":	4284,
					"pmtu":	1500,
					"omitted":	false,
					"sender":	true
				}],
			"sum":	{
				"start":	7.001118,
				"end":	8.001099,
				"seconds":	0.99998098611831665,
				"bytes":	1048576,
				"bits_per_second":	8388767.50303277,
				"retransmits":	2,
				"omitted":	false,
				"sender":	true
			}
		}, {
			"streams":	[{
					"socket":	5,
					"start":	8.001099,
					"end":	9.0011,
					"seconds":	1.0000009536743164,
					"bytes":	2097152,
					"bits_per_second":	16777200.000015259,
					"retransmits":	0,
					"snd_cwnd":	157832,
					"snd_wnd":	7587840,
					"rtt":	129493,
					"rttvar":	196,
					"pmtu":	1500,
					"omitted":	false,
					"sender":	true
				}],
			"sum":	{
				"start":	8.001099,
				"end":	9.0011,
				"seconds":	1.0000009536743164,
				"bytes":	2097152,
				"bits_per_second":	16777200.000015259,
				"retransmits":	0,
				"omitted":	false,
				"sender":	true
			}
		}, {
			"streams":	[{
					"socket":	5,
					"start":	9.0011,
					"end":	10.001103,
					"seconds":	1.0000029802322388,
					"bytes":	1048576,
					"bits_per_second":	8388583.0000745058,
					"retransmits":	0,
					"snd_cwnd":	166520,
					"snd_wnd":	7587840,
					"rtt":	137483,
					"rttvar":	783,
					"pmtu":	1500,
					"omitted":	false,
					"sender":	true
				}],
			"sum":	{
				"start":	9.0011,
				"end":	10.001103,
				"seconds":	1.0000029802322388,
				"bytes":	1048576,
				"bits_per_second":	8388583.0000745058,
				"retransmits":	0,
				"omitted":	false,
				"sender":	true
			}
		}, {
			"streams":	[{
					"socket":	5,
					"start":	10.001103,
					"end":	11.001257,
					"seconds":	1.0001540184020996,
					"bytes":	1048576,
					"bits_per_second":	8387316.1989611322,
					"retransmits":	0,
					"snd_cwnd":	167968,
					"snd_wnd":	7587840,
					"rtt":	139459,
					"rttvar":	391,
					"pmtu":	1500,
					"omitted":	false,
					"sender":	true
				}],
			"sum":	{
				"start":	10.001103,
				"end":	11.001257,
				"seconds":	1.0001540184020996,
				"bytes":	1048576,
				"bits_per_second":	8387316.1989611322,
				"retransmits":	0,
				"omitted":	false,
				"sender":	true
			}
		}, {
			"streams":	[{
					"socket":	5,
					"start":	11.001257,
					"end":	12.001089,
					"seconds":	0.99983197450637817,
					"bytes":	1048576,
					"bits_per_second":	8390017.7368717343,
					"retransmits":	0,
					"snd_cwnd":	167968,
					"snd_wnd":	7587840,
					"rtt":	140024,
					"rttvar":	588,
					"pmtu":	1500,
					"omitted":	false,
					"sender":	true
				}],
			"sum":	{
				"start":	11.001257,
				"end":	12.001089,
				"seconds":	0.99983197450637817,
				"bytes":	1048576,
				"bits_per_second":	8390017.7368717343,