{
	"start":	{
		"connected":	[{
				"socket":	5,
				"local_host":	"10.0.0.1",
				"local_port":	37794,
				"remote_host":	"10.0.0.2",
				"remote_port":	5201
			}],
		"version":	"iperf 3.16",
		"system_info":	"Linux mininet 6.8.0-88-generic #89-Ubuntu SMP PREEMPT_DYNAMIC Sat Oct 11 01:02:46 UTC 2025 x86_64",
		"timestamp":	{
			"time":	"Tue, 02 Dec 2025 18:15:04 GMT",
			"timesecs":	1764699304
		},
		"connecting_to":	{
			"host":	"10.0.0.2",
			"port":	5201
		},
		"cookie":	"s6dlx4eeg7ams2r5euwt7rynjoq2gcxuqzm4",
		"tcp_mss_default":	1448,
		"target_bitrate":	0,
		"fq_rate":	0,
		"sock_bufsize":	0,
		"sndbuf_actual":	87380,
		"rcvbuf_actual":	87380,
		"test_start":	{
			"protocol":	"TCP",
			"num_streams":	1,
			"blksize":	131072,
			"omit":	0,
			"duration":	20,
			"bytes":	0,
			"blocks":	0,
			"reverse":	0,
			"tos":	0,
			"target_bitrate":	0,
			"bidir":	0,
			"fqrate":	0
		}
	},
	"intervals":	[{
			"streams":	[{
					"socket":	5,
					"start":	0,
					"end":	1.00056,
					"seconds":	1.0005600452423096,
					"bytes":	3670016,
					"bits_per_second":	29343694.203669447,
					"retransmits":	17,
					"snd_cwnd":	55024,
					"snd_wnd":	4323328,
					"rtt":	44711,
					"rttvar":	330,
					"pmtu":	1500,
					"omitted":	false,
					"sender":	true
				}],
			"sum":	{
				"start":	0,
				"end":	1.00056,
				"seconds":	1.0005600452423096,
				"bytes":	3670016,
				"bits_per_second":	29343694.203669447,
				"retransmits":	17,
				"omitted":	false,
				"sender":	true
			}
		}, {
			"streams":	[{
					"socket":	5,
					"start":	1.00056,
					"end":	2.000521,
					"seconds":	0.999961018562317,
					"bytes":	1048576,
					"bits_per_second":	8388935.01274743,
					"retransmits":	6,
					"snd_cwnd":	21720,
					"snd_wnd":	4854272,
					"rtt":	45014,
					"rttvar":	331,
					"pmtu":	1500,
					"omitted":	false,
					"sender":	true
				}],
			"sum":	{
				"start":	1.00056,
				"end":	2.000521,
				"seconds":	0.999961018562317,
				"bytes":	1048576,
				"bits_per_second":	8388935.01274743,
				"retransmits":	6,
				"omitted":	false,
				"sender":	true
			}
		}, {
			"streams":	[{
					"socket":	5,
					"start":	2.000521,
					"end":	3.001004,
					"seconds":	1.00048303604126,
					"bytes":	524288,
					"bits_per_second":	4192278.9781585336,
					"retransmits":	2,
					"snd_cwnd":	24616,
					"snd_wnd":	4854272,
					"rtt":	45079,
					"rttvar":	1048,
					"pmtu":	1500,
					"omitted":	false,
					"sender":	true
				}],
			"sum":	{
				"start":	2.000521,
				"end":	3.001004,
				"seconds":	1.00048303604126,
				"bytes":	524288,
				"bits_per_second":	4192278.9781585336,
				"retransmits":	2,
				"omitted":	false,
				"sender":	true
			}
		}, {
			"streams":	[{
					"socket":	5,
					"start":	3.001004,
					"end":	4.00056,
					"seconds":	0.999556005001068,
					"bytes":	524288,
					"bits_per_second":	4196167.0771969585,
					"retransmits":	2,
					"snd_cwnd":	27512,
					"snd_wnd":	4854272,
					"rtt":	46393,
					"rttvar":	3121,
					"pmtu":	1500,
					"omitted":	false,
					"sender":	true
				}],
			"sum":	{
				"start":	3.001004,
				"end":	4.00056,
				"seconds":	0.999556005001068,
				"bytes":	524288,
				"bits_per_second":	4196167.0771969585,
				"retransmits":	2,
				"omitted":	false,
				"sender":	true
			}
		}, {
			"streams":	[{
					"socket":	5,
					"start":	4.00056,
					"end":	5.000551,
					"seconds":	0.999990999698639,
					"bytes":	524288,
					"bits_per_second":	4194341.7503397642,
					"retransmits":	4,
					"snd_cwnd":	23168,
					"snd_wnd":	4851712,
					"rtt":	44585,
					"rttvar":	144,
					"pmtu":	1500,
					"omitted":	false,
					"sender":	true
				}],
			"sum":	{
				"start":	4.00056,
				"end":	5.000551,
				"seconds":	0.999990999698639,
				"bytes":	524288,
				"bits_per_second":	4194341.7503397642,
				"retransmits":	4,
				"omitted":	false,
				"sender":	true
			}
		}, {
			"streams":	[{
					"socket":	5,
					"start":	5.000551,
					"end":	6.000571,
					"seconds":	1.0000200271606445,
					"bytes":	524288,
					"bits_per_second":	4194220.001682248,
					"retransmits":	4,
					"snd_cwnd":	18824,
					"snd_wnd":	4852736,
					"rtt":	45085,
					"rttvar":	465,
					"pmtu":	1500,
					"omitted":	false,
					"sender":	true
				}],
			"sum":	{
				"start":	5.000551,
				"end":	6.000571,
				"seconds":	1.0000200271606445,
				"bytes":	524288,
				"bits_per_second":	4194220.001682248,
				"retransmits":	4,
				"omitted":	false,
				"sender":	true
			}
		}, {
			"streams":	[{
					"socket":	5,
					"start":	6.000571,
					"end":	7.000543,
					"seconds":	0.99997198581695557,
					"bytes":	524288,
					"bits_per_second":	4194421.50329176,
					"retransmits":	2,
					"snd_cwnd":	26064,
					"snd_wnd":	4854272,
					"rtt":	46433,
					"rttvar":	3343,
					"pmtu":	1500,
					"omitted":	false,
					"sender":	true
				}],
			"sum":	{
				"start":	6.000571,
				"end":	7.000543,
				"seconds":	0.99997198581695557,
				"bytes":	524288,
				"bits_per_second":	4194421.50329176,
				"retransmits":	2,
				"omitted":	false,
				"sender":	true
			}
		}, {
			"streams":	[{
					"socket":	5,
					"start":	7.000543,
					"end":	8.000521,
					"seconds":	0.999978005886078,
					"bytes":	524288,
					"bits_per_second":	4194396.2520290017,
					"retransmits":	6,
					"snd_cwnd":	13032,
					"snd_wnd":	4852736,
					"rtt":	45703,
					"rttvar":	993,
					"pmtu":	1500,
					"omitted":	false,
					"sender":	true
				}],
			"sum":	{
				"start":	7.000543,
				"end":	8.000521,
				"seconds":	0.999978005886078,
				"bytes":	524288,
				"bits_per_second":	4194396.2520290017,
				"retransmits":	6,
				"omitted":	false,
				"sender":	true
			}
		}, {
			"streams":	[{
					"socket":	5,
					"start":	8.000521,
					"end":	9.000471,
					"seconds":	0.99994999170303345,
					"bytes":	0,
					"bits_per_second":	0,
					"retransmits":	2,
					"snd_cwnd":	21720,
					"snd_wnd":	4854272,
					"rtt":	45410,
					"rttvar":	998,
					"pmtu":	1500,
					"omitted":	false,
					"sender":	true
				}],
			"sum":	{
				"start":	8.000521,
				"end":	9.000471,
				"seconds":	0.99994999170303345,
				"bytes":	0,
				"bits_per_second":	0,
				"retransmits":	2,
				"omitted":	false,
				"sender":	true
			}
		}, {
			"streams":	[{
					"socket":	5,
					"start":	9.000471,
					"end":	10.00074,
					"seconds":	1.0002690553665161,
					"bytes":	524288,
					"bits_per_second":	4193175.80354731,
					"retransmits":	4,
					"snd_cwnd":	17376,
					"snd_wnd":	4854272,
					"rtt":	45341,
					"rttvar":	935,
					"pmtu":	1500,
					"omitted":	false,
					"sender":	true
				}],
			"sum":	{
				"start":	9.000471,
				"end":	10.00074,
				"seconds":	1.0002690553665161,
				"bytes":	524288,
				"bits_per_second":	4193175.80354731,
				"retransmits":	4,
				"omitted":	false,
				"sender":	true
			}
		}, {
			"streams":	[{
					"socket":	5,
					"start":	10.00074,
					"end":	11.000504,
					"seconds":	0.99976402521133423,
					"bytes":	524288,
					"bits_per_second":	4195293.983611173,
					"retransmits":	2,
					"snd_cwnd":	23168,
					"snd_wnd":	4854272,
					"rtt":	46792,
					"rttvar":	4499,
					"pmtu":	1500,
					"omitted":	false,
					"sender":	true
				}],
			"sum":	{
				"start":	10.00074,
				"end":	11.000504,
				"seconds":	0.99976402521133423,
				"bytes":	524288,
				"bits_per_second":	4195293.983611173,
				"retransmits":	2,
				"omitted":	false,
				"sender":	true
			}
		}, {
			"streams":	[{
					"socket":	5,
					"start":	11.000504,
					"end":	12.000834,
					"seconds":	1.0003299713134766,
					"bytes":	524288,
					"bits_per_second":	4192920.456529656,
					"retransmits":	2,
					"snd_cwnd":	28960,
					"snd_wnd":	4851712,
					"rtt":	46331,
					"rttvar":	3602,
					"pmtu":	1500,
					"omitted":	false,
					"sender":	true
				}],
			"sum":	{
				"start":	11.000504,
				"end":	12.000834,
				"seconds":	1.0003299713134766,
				"bytes":	524288,
				"bits_per_second":	4192920.456529656,
				"retransmits":	2,
				"omitted":	false,