{
	"start":	{
		"connected":	[{
				"socket":	5,
				"local_host":	"10.0.0.2",
				"local_port":	5201,
				"remote_host":	"10.0.0.1",
				"remote_port":	37794
			}],
		"version":	"iperf 3.16",
		"system_info":	"Linux mininet 6.8.0-88-generic #89-Ubuntu SMP PREEMPT_DYNAMIC Sat Oct 11 01:02:46 UTC 2025 x86_64",
		"sock_bufsize":	0,
		"sndbuf_actual":	87380,
		"rcvbuf_actual":	87380,
		"timestamp":	{
			"time":	"Tue, 02 Dec 2025 18:15:04 GMT",
			"timesecs":	1764699304
		},
		"accepted_connection":	{
			"host":	"10.0.0.1",
			"port":	37790
		},
		"cookie":	"s6dlx4eeg7ams2r5euwt7rynjoq2gcxuqzm4",
		"tcp_mss_default":	0,
		"target_bitrate":	0,
		"fq_rate":	0,
		"test_start":	{
			"protocol":	"TCP",
			"num_streams":	1,
			"blksize":	131072,
			"omit":	0,
			"duration":	20,
			"bytes":	0,
			"blocks":	0,
			"reverse":	0,
			"tos":	0,
			"target_bitrate":	0,
			"bidir":	0,
			"fqrate":	0
		}
	},
	"intervals":	[{
			"streams":	[{
					"socket":	5,
					"start":	0,
					"end":	1.000832,
					"seconds":	1.0008319616317749,
					"bytes":	2359296,
					"bits_per_second":	18858678.30322573,
					"omitted":	false,
					"sender":	false
				}],
			"sum":	{
				"start":	0,
				"end":	1.000832,
				"seconds":	1.0008319616317749,
				"bytes":	2359296,
				"bits_per_second":	18858678.30322573,
				"omitted":	false,
				"sender":	false
			}
		}, {
			"streams":	[{
					"socket":	5,
					"start":	1.000832,
					"end":	2.000704,
					"seconds":	0.99987202882766724,
					"bytes":	786432,
					"bits_per_second":	6292261.2280459767,
					"omitted":	false,
					"sender":	false
				}],
			"sum":	{
				"start":	1.000832,
				"end":	2.000704,
				"seconds":	0.99987202882766724,
				"bytes":	786432,
				"bits_per_second":	6292261.2280459767,
				"omitted":	false,
				"sender":	false
			}
		}, {
			"streams":	[{
					"socket":	5,
					"start":	2.000704,
					"end":	3.000736,
					"seconds":	1.0000319480895996,
					"bytes":	655360,
					"bits_per_second":	5242712.5053511336,
					"omitted":	false,
					"sender":	false
				}],
			"sum":	{
				"start":	2.000704,
				"end":	3.000736,
				"seconds":	1.0000319480895996,
				"bytes":	655360,
				"bits_per_second":	5242712.5053511336,
				"omitted":	false,
				"sender":	false
			}
		}, {
			"streams":	[{
					"socket":	5,
					"start":	3.000736,
					"end":	4.000692,
					"seconds":	0.99995601177215576,
					"bytes":	655360,
					"bits_per_second":	5243110.63514523,
					"omitted":	false,
					"sender":	false
				}],
			"sum":	{
				"start":	3.000736,
				"end":	4.000692,
				"seconds":	0.99995601177215576,
				"bytes":	655360,
				"bits_per_second":	5243110.63514523,
				"omitted":	false,
				"sender":	false
			}
		}, {
			"streams":	[{
					"socket":	5,
					"start":	4.000692,
					"end":	5.000691,
					"seconds":	0.99999898672103882,
					"bytes":	524288,
					"bits_per_second":	4194308.2500043064,
					"omitted":	false,
					"sender":	false
				}],
			"sum":	{
				"start":	4.000692,
				"end":	5.000691,
				"seconds":	0.99999898672103882,
				"bytes":	524288,
				"bits_per_second":	4194308.2500043064,
				"omitted":	false,
				"sender":	false
			}
		}, {
			"streams":	[{
					"socket":	5,
					"start":	5.000691,
					"end":	6.000698,
					"seconds":	1.0000070333480835,
					"bytes":	393216,
					"bits_per_second":	3145705.8751556119,
					"omitted":	false,
					"sender":	false
				}],
			"sum":	{
				"start":	5.000691,
				"end":	6.000698,
				"seconds":	1.0000070333480835,
				"bytes":	393216,
				"bits_per_second":	3145705.8751556119,
				"omitted":	false,
				"sender":	false
			}
		}, {
			"streams":	[{
					"socket":	5,
					"start":	6.000698,
					"end":	7.000718,
					"seconds":	1.0000200271606445,
					"bytes":	393216,
					"bits_per_second":	3145665.001261686,
					"omitted":	false,
					"sender":	false
				}],
			"sum":	{
				"start":	6.000698,
				"end":	7.000718,
				"seconds":	1.0000200271606445,
				"bytes":	393216,
				"bits_per_second":	3145665.001261686,
				"omitted":	false,
				"sender":	false
			}
		}, {
			"streams":	[{
					"socket":	5,
					"start":	7.000718,
					"end":	8.001894,
					"seconds":	1.0011759996414185,
					"bytes":	655360,
					"bits_per_second":	5236721.6172559,
					"omitted":	false,
					"sender":	false
				}],
			"sum":	{
				"start":	7.000718,
				"end":	8.001894,
				"seconds":	1.0011759996414185,
				"bytes":	655360,
				"bits_per_second":	5236721.6172559,
				"omitted":	false,
				"sender":	false
			}
		}, {
			"streams":	[{
					"socket":	5,
					"start":	8.001894,
					"end":	9.000793,
					"seconds":	0.998898983001709,
					"bytes":	262144,
					"bits_per_second":	2099463.5450503929,
					"omitted":	false,
					"sender":	false
				}],
			"sum":	{
				"start":	8.001894,
				"end":	9.000793,
				"seconds":	0.998898983001709,
				"bytes":	262144,
				"bits_per_second":	2099463.5450503929,
				"omitted":	false,
				"sender":	false
			}
		}, {
			"streams":	[{
					"socket":	5,
					"start":	9.000793,
					"end":	10.000696,
					"seconds":	0.99990302324295044,
					"bytes":	524288,
					"bits_per_second":	4194710.7894491218,
					"omitted":	false,
					"sender":	false
				}],
			"sum":	{
				"start":	9.000793,
				"end":	10.000696,
				"seconds":	0.99990302324295044,
				"bytes":	524288,
				"bits_per_second":	4194710.7894491218,
				"omitted":	false,
				"sender":	false
			}
		}, {
			"streams":	[{
					"socket":	5,
					"start":	10.000696,
					"end":	11.000724,
					"seconds":	1.0000280141830444,
					"bytes":	393216,
					"bits_per_second":	3145639.87746868,
					"omitted":	false,
					"sender":	false
				}],
			"sum":	{
				"start":	10.000696,
				"end":	11.000724,
				"seconds":	1.0000280141830444,
				"bytes":	393216,
				"bits_per_second":	3145639.87746868,
				"omitted":	false,
				"sender":	false
			}
		}, {
			"streams":	[{
					"socket":	5,
					"start":	11.000724,
					"end":	12.000785,
					"seconds":	1.00006103515625,
					"bytes":	524288,
					"bits_per_second":	4194048.0156240463,
					"omitted":	false,
					"sender":	false
				}],
			"sum":	{
				"start":	11.000724,
				"end":	12.000785,
				"seconds":	1.00006103515625,
				"bytes":	524288,
				"bits_per_second":	4194048.0156240463,
				"omitted":	false,
				"sender":	false
			}
		}, {
			"streams":	[{
					"socket":	5,
					"start":	12.000785,
					"end":	13.00066,
					"seconds":	0.999875009059906,
					"bytes":	393216,
					"bits_per_second":	3146121.2366510187,
					"omitted":	false,
					"sender":	false
				}],
			"sum":	{
				"start":	12.000785,
				"end":	13.00066,
				"seconds":	0.999875009059906,
				"bytes":	393216,
				"bits_per_second":	3146121.2366510187,
				"omitted":	false,
				"sender":	false
			}
		}, {
			"streams":	[{
					"socket":	5,
					"start":	13.00066,
					"end":	14.000651,
					"seconds":	0.999990999698639,
					"bytes":	393216,
					"bits_per_second":	3145756.3127548234,
					"omitted":	false,
					"sender":	false
				}],
			"sum":	{
				"start":	13.00066,
				"end":	14.000651,
				"seconds":	0.999990999698639,
				"bytes":	393216,
				"bits_per_second":	3145756.3127548234,
				"omitted":	false,
				"sender":	false
			}
		}, {
			"streams":	[{
					"socket":	5,
					"start":	14.000651,
					"end":	15.000702,
					"seconds":	1.0000510215759277,
					"bytes":	524288,
					"bits_per_second":	4194090.01091806,
					"omitted":	false,
					"sender":	false
				}],
			"sum":	{
				"start":	14.000651,
				"end":	15.000702,
				"seconds":	1.0000510215759277,
				"bytes":	524288,
				"bits_per_second":	4194090.01091806,
				"omitted":	false,
				"sender":	false
			}
		}, {
			"streams":	[{
					"socket":	5,
					"start":	15.000702,
					"end":	16.000704,
					"seconds":	1.0000020265579224,
					"bytes":	393216,
					"bits_per_second":	3145721.62501292,
					"omitted":	false,
					"sender":	false
				}],
			"sum":	{
				"start":	15.000702,
				"end":	16.000704,
				"seconds":	1.0000020265579224,
				"bytes":	393216,
				"bits_per_second":	3145721.62501292,
				"omitted":	false,