{
	"start":	{
		"connected":	[{
				"socket":	5,
				"local_host":	"10.0.0.1",
				"local_port":	47026,
				"remote_host":	"10.0.0.2",
				"remote_port":	5201
			}],
		"version":	"iperf 3.16",
		"system_info":	"Linux mininet 6.8.0-88-generic #89-Ubuntu SMP PREEMPT_DYNAMIC Sat Oct 11 01:02:46 UTC 2025 x86_64",
		"timestamp":	{
			"time":	"Tue, 02 Dec 2025 17:00:24 GMT",
			"timesecs":	1764694824
		},
		"connecting_to":	{
			"host":	"10.0.0.2",
			"port":	5201
		},
		"cookie":	"3vqojgjsldnxmcyftnf3rkicnezwyq4xj3l4",
		"tcp_mss_default":	1448,
		"target_bitrate":	0,
		"fq_rate":	0,
		"sock_bufsize":	0,
		"sndbuf_actual":	87380,
		"rcvbuf_actual":	87380,
		"test_start":	{
			"protocol":	"TCP",
			"num_streams":	1,
			"blksize":	131072,
			"omit":	0,
			"duration":	20,
			"bytes":	0,
			"blocks":	0,
			"reverse":	0,
			"tos":	0,
			"target_bitrate":	0,
			"bidir":	0,
			"fqrate":	0
		}
	},
	"intervals":	[{
			"streams":	[{
					"socket":	5,
					"start":	0,
					"end":	1.000511,
					"seconds":	1.0005110502243042,
					"bytes":	6029312,
					"bits_per_second":	48209858.34108112,
					"retransmits":	0,
					"snd_cwnd":	1097584,
					"snd_wnd":	1779200,
					"rtt":	444177,
					"rttvar":	14530,
					"pmtu":	1500,
					"omitted":	false,
					"sender":	true
				}],
			"sum":	{
				"start":	0,
				"end":	1.000511,
				"seconds":	1.0005110502243042,
				"bytes":	6029312,
				"bits_per_second":	48209858.34108112,
				"retransmits":	0,
				"omitted":	false,
				"sender":	true
			}
		}, {
			"streams":	[{
					"socket":	5,
					"start":	1.000511,
					"end":	2.000506,
					"seconds":	0.999994993209839,
					"bytes":	2621440,
					"bits_per_second":	20971625.000525717,
					"retransmits":	177,
					"snd_cwnd":	1013600,
					"snd_wnd":	3556352,
					"rtt":	745317,
					"rttvar":	1662,
					"pmtu":	1500,
					"omitted":	false,
					"sender":	true
				}],
			"sum":	{
				"start":	1.000511,
				"end":	2.000506,
				"seconds":	0.999994993209839,
				"bytes":	2621440,
				"bits_per_second":	20971625.000525717,
				"retransmits":	177,
				"omitted":	false,
				"sender":	true
			}
		}, {
			"streams":	[{
					"socket":	5,
					"start":	2.000506,
					"end":	3.000873,
					"seconds":	1.0003670454025269,
					"bytes":	3670016,
					"bits_per_second":	29349355.454013478,
					"retransmits":	760,
					"snd_cwnd":	514040,
					"snd_wnd":	3770368,
					"rtt":	349825,
					"rttvar":	122,
					"pmtu":	1500,
					"omitted":	false,
					"sender":	true
				}],
			"sum":	{
				"start":	2.000506,
				"end":	3.000873,
				"seconds":	1.0003670454025269,
				"bytes":	3670016,
				"bits_per_second":	29349355.454013478,
				"retransmits":	760,
				"omitted":	false,
				"sender":	true
			}
		}, {
			"streams":	[{
					"socket":	5,
					"start":	3.000873,
					"end":	4.001057,
					"seconds":	1.0001840591430664,
					"bytes":	0,
					"bits_per_second":	0,
					"retransmits":	71,
					"snd_cwnd":	485080,
					"snd_wnd":	3886592,
					"rtt":	403376,
					"rttvar":	532,
					"pmtu":	1500,
					"omitted":	false,
					"sender":	true
				}],
			"sum":	{
				"start":	3.000873,
				"end":	4.001057,
				"seconds":	1.0001840591430664,
				"bytes":	0,
				"bits_per_second":	0,
				"retransmits":	71,
				"omitted":	false,
				"sender":	true
			}
		}, {
			"streams":	[{
					"socket":	5,
					"start":	4.001057,
					"end":	5.000969,
					"seconds":	0.99991202354431152,
					"bytes":	3538944,
					"bits_per_second":	28314042.969146635,
					"retransmits":	8,
					"snd_cwnd":	445984,
					"snd_wnd":	5176320,
					"rtt":	371990,
					"rttvar":	198,
					"pmtu":	1500,
					"omitted":	false,
					"sender":	true
				}],
			"sum":	{
				"start":	4.001057,
				"end":	5.000969,
				"seconds":	0.99991202354431152,
				"bytes":	3538944,
				"bits_per_second":	28314042.969146635,
				"retransmits":	8,
				"omitted":	false,
				"sender":	true
			}
		}, {
			"streams":	[{
					"socket":	5,
					"start":	5.000969,
					"end":	6.000876,
					"seconds":	0.99990701675415039,
					"bytes":	0,
					"bits_per_second":	0,
					"retransmits":	0,
					"snd_cwnd":	450328,
					"snd_wnd":	6240256,
					"rtt":	374861,
					"rttvar":	912,
					"pmtu":	1500,
					"omitted":	false,
					"sender":	true
				}],
			"sum":	{
				"start":	5.000969,
				"end":	6.000876,
				"seconds":	0.99990701675415039,
				"bytes":	0,
				"bits_per_second":	0,
				"retransmits":	0,
				"omitted":	false,
				"sender":	true
			}
		}, {
			"streams":	[{
					"socket":	5,
					"start":	6.000876,
					"end":	7.000644,
					"seconds":	0.99976801872253418,
					"bytes":	0,
					"bits_per_second":	0,
					"retransmits":	0,
					"snd_cwnd":	453224,
					"snd_wnd":	6240256,
					"rtt":	376785,
					"rttvar":	186,
					"pmtu":	1500,
					"omitted":	false,
					"sender":	true
				}],
			"sum":	{
				"start":	6.000876,
				"end":	7.000644,
				"seconds":	0.99976801872253418,
				"bytes":	0,
				"bits_per_second":	0,
				"retransmits":	0,
				"omitted":	false,
				"sender":	true
			}
		}, {
			"streams":	[{
					"socket":	5,
					"start":	7.000644,
					"end":	8.000869,
					"seconds":	1.0002249479293823,
					"bytes":	3538944,
					"bits_per_second":	28305184.807286818,
					"retransmits":	0,
					"snd_cwnd":	457568,
					"snd_wnd":	6240256,
					"rtt":	381565,
					"rttvar":	83,
					"pmtu":	1500,
					"omitted":	false,
					"sender":	true
				}],
			"sum":	{
				"start":	7.000644,
				"end":	8.000869,
				"seconds":	1.0002249479293823,
				"bytes":	3538944,
				"bits_per_second":	28305184.807286818,
				"retransmits":	0,
				"omitted":	false,
				"sender":	true
			}
		}, {
			"streams":	[{
					"socket":	5,
					"start":	8.000869,
					"end":	9.001028,
					"seconds":	1.0001590251922607,
					"bytes":	0,
					"bits_per_second":	0,
					"retransmits":	0,
					"snd_cwnd":	461912,
					"snd_wnd":	6240256,
					"rtt":	384280,
					"rttvar":	551,
					"pmtu":	1500,
					"omitted":	false,
					"sender":	true
				}],
			"sum":	{
				"start":	8.000869,
				"end":	9.001028,
				"seconds":	1.0001590251922607,
				"bytes":	0,
				"bits_per_second":	0,
				"retransmits":	0,
				"omitted":	false,
				"sender":	true
			}
		}, {
			"streams":	[{
					"socket":	5,
					"start":	9.001028,
					"end":	10.001028,
					"seconds":	1,
					"bytes":	0,
					"bits_per_second":	0,
					"retransmits":	0,
					"snd_cwnd":	464808,
					"snd_wnd":	6240256,
					"rtt":	386704,
					"rttvar":	212,
					"pmtu":	1500,
					"omitted":	false,
					"sender":	true
				}],
			"sum":	{
				"start":	9.001028,
				"end":	10.001028,
				"seconds":	1,
				"bytes":	0,
				"bits_per_second":	0,
				"retransmits":	0,
				"omitted":	false,
				"sender":	true
			}
		}, {
			"streams":	[{
					"socket":	5,
					"start":	10.001028,
					"end":	11.00084,
					"seconds":	0.99981200695037842,
					"bytes":	3538944,
					"bits_per_second":	28316875.375757642,
					"retransmits":	0,
					"snd_cwnd":	469152,
					"snd_wnd":	6240256,
					"rtt":	391290,
					"rttvar":	334,
					"pmtu":	1500,
					"omitted":	false,
					"sender":	true
				}],
			"sum":	{
				"start":	10.001028,
				"end":	11.00084,
				"seconds":	0.99981200695037842,
				"bytes":	3538944,
				"bits_per_second":	28316875.375757642,
				"retransmits":	0,
				"omitted":	false,
				"sender":	true
			}
		}, {
			"streams":	[{
					"socket":	5,
					"start":	11.00084,
					"end":	12.001022,
					"seconds":	1.000182032585144,
					"bytes":	0,
					"bits_per_second":	0,
					"retransmits":	0,
					"snd_cwnd":	472048,
					"snd_wnd":	6240256,
					"rtt":	393256,
					"rttvar":	522,
					"pmtu":	1500,
					"omitted":	false,
					"sender":	true
				}],
			"sum":	{
				"start":	11.00084,
				"end":	12.001022,
				"seconds":	1.000182032585144,
				"bytes":	0,
				"bits_per_second":	0,
				"retransmits":	0,
				"omitted":	false,
				"sender":	true
			}
		}, {
			"streams":	[{
					"socket":	5,
					"start":	12.001022,
					"end":	13.001001,
					"seconds":	0.999979019165039,
					"bytes":	0,
					"bits_per_second":	0,
					"retransmits":	0,
					"snd_cwnd":	476392,