{
	"start":	{
		"connected":	[{
				"socket":	5,
				"local_host":	"10.0.0.1",
				"local_port":	51544,
				"remote_host":	"10.0.0.2",
				"remote_port":	5201
			}],
		"version":	"iperf 3.16",
		"system_info":	"Linux mininet 6.8.0-88-generic #89-Ubuntu SMP PREEMPT_DYNAMIC Sat Oct 11 01:02:46 UTC 2025 x86_64",
		"timestamp":	{
			"time":	"Tue, 02 Dec 2025 18:56:54 GMT",
			"timesecs":	1764701814
		},
		"connecting_to":	{
			"host":	"10.0.0.2",
			"port":	5201
		},
		"cookie":	"e44qlynvhv5bjaix2gb2sciafjnuyeo2h35c",
		"tcp_mss_default":	1448,
		"target_bitrate":	0,
		"fq_rate":	0,
		"sock_bufsize":	0,
		"sndbuf_actual":	87380,
		"rcvbuf_actual":	87380,
		"test_start":	{
			"protocol":	"TCP",
			"num_streams":	1,
			"blksize":	131072,
			"omit":	0,
			"duration":	20,
			"bytes":	0,
			"blocks":	0,
			"reverse":	0,
			"tos":	0,
			"target_bitrate":	0,
			"bidir":	0,
			"fqrate":	0
		}
	},
	"intervals":	[{
			"streams":	[{
					"socket":	5,
					"start":	0,
					"end":	1.001041,
					"seconds":	1.001041054725647,
					"bytes":	10878976,
					"bits_per_second":	86941297.3515383,
					"retransmits":	35,
					"snd_cwnd":	379376,
					"snd_wnd":	8597504,
					"rtt":	77652,
					"rttvar":	6490,
					"pmtu":	1500,
					"omitted":	false,
					"sender":	true
				}],
			"sum":	{
				"start":	0,
				"end":	1.001041,
				"seconds":	1.001041054725647,
				"bytes":	10878976,
				"bits_per_second":	86941297.3515383,
				"retransmits":	35,
				"omitted":	false,
				"sender":	true
			}
		}, {
			"streams":	[{
					"socket":	5,
					"start":	1.001041,
					"end":	2.00088,
					"seconds":	0.99983900785446167,
					"bytes":	4980736,
					"bits_per_second":	39852303.907910779,
					"retransmits":	44,
					"snd_cwnd":	289600,
					"snd_wnd":	9682944,
					"rtt":	48751,
					"rttvar":	958,
					"pmtu":	1500,
					"omitted":	false,
					"sender":	true
				}],
			"sum":	{
				"start":	1.001041,
				"end":	2.00088,
				"seconds":	0.99983900785446167,
				"bytes":	4980736,
				"bits_per_second":	39852303.907910779,
				"retransmits":	44,
				"omitted":	false,
				"sender":	true
			}
		}, {
			"streams":	[{
					"socket":	5,
					"start":	2.00088,
					"end":	3.000774,
					"seconds":	0.99989402294158936,
					"bytes":	7602176,
					"bits_per_second":	60823853.933121033,
					"retransmits":	79,
					"snd_cwnd":	567616,
					"snd_wnd":	9680896,
					"rtt":	50391,
					"rttvar":	1905,
					"pmtu":	1500,
					"omitted":	false,
					"sender":	true
				}],
			"sum":	{
				"start":	2.00088,
				"end":	3.000774,
				"seconds":	0.99989402294158936,
				"bytes":	7602176,
				"bits_per_second":	60823853.933121033,
				"retransmits":	79,
				"omitted":	false,
				"sender":	true
			}
		}, {
			"streams":	[{
					"socket":	5,
					"start":	3.000774,
					"end":	4.001031,
					"seconds":	1.0002570152282715,
					"bytes":	4980736,
					"bits_per_second":	39835649.631416641,
					"retransmits":	38,
					"snd_cwnd":	419920,
					"snd_wnd":	9644032,
					"rtt":	45722,
					"rttvar":	160,
					"pmtu":	1500,
					"omitted":	false,
					"sender":	true
				}],
			"sum":	{
				"start":	3.000774,
				"end":	4.001031,
				"seconds":	1.0002570152282715,
				"bytes":	4980736,
				"bits_per_second":	39835649.631416641,
				"retransmits":	38,
				"omitted":	false,
				"sender":	true
			}
		}, {
			"streams":	[{
					"socket":	5,
					"start":	4.001031,
					"end":	5.000935,
					"seconds":	0.999903976917267,
					"bytes":	4980736,
					"bits_per_second":	39849714.4924316,
					"retransmits":	53,
					"snd_cwnd":	576304,
					"snd_wnd":	9682944,
					"rtt":	53085,
					"rttvar":	1380,
					"pmtu":	1500,
					"omitted":	false,
					"sender":	true
				}],
			"sum":	{
				"start":	4.001031,
				"end":	5.000935,
				"seconds":	0.999903976917267,
				"bytes":	4980736,
				"bits_per_second":	39849714.4924316,
				"retransmits":	53,
				"omitted":	false,
				"sender":	true
			}
		}, {
			"streams":	[{
					"socket":	5,
					"start":	5.000935,
					"end":	6.000996,
					"seconds":	1.00006103515625,
					"bytes":	7340032,
					"bits_per_second":	58716672.218736649,
					"retransmits":	46,
					"snd_cwnd":	582096,
					"snd_wnd":	9681920,
					"rtt":	45626,
					"rttvar":	156,
					"pmtu":	1500,
					"omitted":	false,
					"sender":	true
				}],
			"sum":	{
				"start":	5.000935,
				"end":	6.000996,
				"seconds":	1.00006103515625,
				"bytes":	7340032,
				"bits_per_second":	58716672.218736649,
				"retransmits":	46,
				"omitted":	false,
				"sender":	true
			}
		}, {
			"streams":	[{
					"socket":	5,
					"start":	6.000996,
					"end":	7.001081,
					"seconds":	1.00008499622345,
					"bytes":	5111808,
					"bits_per_second":	40890988.42041114,
					"retransmits":	39,
					"snd_cwnd":	570512,
					"snd_wnd":	9681920,
					"rtt":	48089,
					"rttvar":	133,
					"pmtu":	1500,
					"omitted":	false,
					"sender":	true
				}],
			"sum":	{
				"start":	6.000996,
				"end":	7.001081,
				"seconds":	1.00008499622345,
				"bytes":	5111808,
				"bits_per_second":	40890988.42041114,
				"retransmits":	39,
				"omitted":	false,
				"sender":	true
			}
		}, {
			"streams":	[{
					"socket":	5,
					"start":	7.001081,
					"end":	8.000898,
					"seconds":	0.99981701374053955,
					"bytes":	5111808,
					"bits_per_second":	40901948.494559661,
					"retransmits":	42,
					"snd_cwnd":	573408,
					"snd_wnd":	9681920,
					"rtt":	48708,
					"rttvar":	371,
					"pmtu":	1500,
					"omitted":	false,
					"sender":	true
				}],
			"sum":	{
				"start":	7.001081,
				"end":	8.000898,
				"seconds":	0.99981701374053955,
				"bytes":	5111808,
				"bits_per_second":	40901948.494559661,
				"retransmits":	42,
				"omitted":	false,
				"sender":	true
			}
		}, {
			"streams":	[{
					"socket":	5,
					"start":	8.000898,
					"end":	9.001049,
					"seconds":	1.0001510381698608,
					"bytes":	7602176,
					"bits_per_second":	60808223.637189351,
					"retransmits":	67,
					"snd_cwnd":	582096,
					"snd_wnd":	9687040,
					"rtt":	44778,
					"rttvar":	120,
					"pmtu":	1500,
					"omitted":	false,
					"sender":	true
				}],
			"sum":	{
				"start":	8.000898,
				"end":	9.001049,
				"seconds":	1.0001510381698608,
				"bytes":	7602176,
				"bits_per_second":	60808223.637189351,
				"retransmits":	67,
				"omitted":	false,
				"sender":	true
			}
		}, {
			"streams":	[{
					"socket":	5,
					"start":	9.001049,
					"end":	10.00094,
					"seconds":	0.99989098310470581,
					"bytes":	5242880,
					"bits_per_second":	41947612.9985341,
					"retransmits":	34,
					"snd_cwnd":	576304,
					"snd_wnd":	9687040,
					"rtt":	49751,
					"rttvar":	354,
					"pmtu":	1500,
					"omitted":	false,
					"sender":	true
				}],
			"sum":	{
				"start":	9.001049,
				"end":	10.00094,
				"seconds":	0.99989098310470581,
				"bytes":	5242880,
				"bits_per_second":	41947612.9985341,
				"retransmits":	34,
				"omitted":	false,
				"sender":	true
			}
		}, {
			"streams":	[{
					"socket":	5,
					"start":	10.00094,
					"end":	11.001019,
					"seconds":	1.0000790357589722,
					"bytes":	4980736,
					"bits_per_second":	39842738.9988837,
					"retransmits":	50,
					"snd_cwnd":	257744,
					"snd_wnd":	9687040,
					"rtt":	45555,
					"rttvar":	475,
					"pmtu":	1500,
					"omitted":	false,
					"sender":	true
				}],
			"sum":	{
				"start":	10.00094,
				"end":	11.001019,
				"seconds":	1.0000790357589722,
				"bytes":	4980736,
				"bits_per_second":	39842738.9988837,
				"retransmits":	50,
				"omitted":	false,
				"sender":	true
			}
		}, {
			"streams":	[{
					"socket":	5,
					"start":	11.001019,
					"end":	12.000942,
					"seconds":	0.9999229907989502,
					"bytes":	5111808,
					"bits_per_second":	40897613.4925399,
					"retransmits":	44,
					"snd_cwnd":	322904,
					"snd_wnd":	9681920,
					"rtt":	46190,
					"rttvar":	430,
					"pmtu":	1500,
					"omitted":	false,
					"sender":	true
				}],
			"sum":	{
				"start":	11.001019,
				"end":	12.000942,
				"seconds":	0.9999229907989502,
				"bytes":	5111808,
				"bits_per_second":	40897613.4925399,