{
	"start":	{
		"connected":	[{
				"socket":	5,
				"local_host":	"10.0.0.1",
				"local_port":	35596,
				"remote_host":	"10.0.0.2",
				"remote_port":	5201
			}],
		"version":	"iperf 3.16",
		"system_info":	"Linux mininet 6.8.0-88-generic #89-Ubuntu SMP PREEMPT_DYNAMIC Sat Oct 11 01:02:46 UTC 2025 x86_64",
		"timestamp":	{
			"time":	"Tue, 02 Dec 2025 16:56:54 GMT",
			"timesecs":	1764694614
		},
		"connecting_to":	{
			"host":	"10.0.0.2",
			"port":	5201
		},
		"cookie":	"ljltekslfvsfvfya74a6h5jwkkyjbeqcos4i",
		"tcp_mss_default":	1448,
		"target_bitrate":	0,
		"fq_rate":	0,
		"sock_bufsize":	0,
		"sndbuf_actual":	87380,
		"rcvbuf_actual":	87380,
		"test_start":	{
			"protocol":	"TCP",
			"num_streams":	1,
			"blksize":	131072,
			"omit":	0,
			"duration":	20,
			"bytes":	0,
			"blocks":	0,
			"reverse":	0,
			"tos":	0,
			"target_bitrate":	0,
			"bidir":	0,
			"fqrate":	0
		}
	},
	"intervals":	[{
			"streams":	[{
					"socket":	5,
					"start":	0,
					"end":	1.001004,
					"seconds":	1.0010039806365967,
					"bytes":	4194304,
					"bits_per_second":	33520777.78817701,
					"retransmits":	65,
					"snd_cwnd":	611056,
					"snd_wnd":	1829376,
					"rtt":	371171,
					"rttvar":	625,
					"pmtu":	1500,
					"omitted":	false,
					"sender":	true
				}],
			"sum":	{
				"start":	0,
				"end":	1.001004,
				"seconds":	1.0010039806365967,
				"bytes":	4194304,
				"bits_per_second":	33520777.78817701,
				"retransmits":	65,
				"omitted":	false,
				"sender":	true
			}
		}, {
			"streams":	[{
					"socket":	5,
					"start":	1.001004,
					"end":	2.000969,
					"seconds":	0.999965012073517,
					"bytes":	1835008,
					"bits_per_second":	14680577.642971303,
					"retransmits":	447,
					"snd_cwnd":	218648,
					"snd_wnd":	1872896,
					"rtt":	180040,
					"rttvar":	868,
					"pmtu":	1500,
					"omitted":	false,
					"sender":	true
				}],
			"sum":	{
				"start":	1.001004,
				"end":	2.000969,
				"seconds":	0.999965012073517,
				"bytes":	1835008,
				"bits_per_second":	14680577.642971303,
				"retransmits":	447,
				"omitted":	false,
				"sender":	true
			}
		}, {
			"streams":	[{
					"socket":	5,
					"start":	2.000969,
					"end":	3.001012,
					"seconds":	1.0000430345535278,
					"bytes":	2097152,
					"bits_per_second":	16776494.03106961,
					"retransmits":	6,
					"snd_cwnd":	65160,
					"snd_wnd":	4079104,
					"rtt":	52106,
					"rttvar":	69,
					"pmtu":	1500,
					"omitted":	false,
					"sender":	true
				}],
			"sum":	{
				"start":	2.000969,
				"end":	3.001012,
				"seconds":	1.0000430345535278,
				"bytes":	2097152,
				"bits_per_second":	16776494.03106961,
				"retransmits":	6,
				"omitted":	false,
				"sender":	true
			}
		}, {
			"streams":	[{
					"socket":	5,
					"start":	3.001012,
					"end":	4.001171,
					"seconds":	1.0001590251922607,
					"bytes":	1835008,
					"bits_per_second":	14677729.871185284,
					"retransmits":	0,
					"snd_cwnd":	86880,
					"snd_wnd":	6471168,
					"rtt":	71537,
					"rttvar":	256,
					"pmtu":	1500,
					"omitted":	false,
					"sender":	true
				}],
			"sum":	{
				"start":	3.001012,
				"end":	4.001171,
				"seconds":	1.0001590251922607,
				"bytes":	1835008,
				"bits_per_second":	14677729.871185284,
				"retransmits":	0,
				"omitted":	false,
				"sender":	true
			}
		}, {
			"streams":	[{
					"socket":	5,
					"start":	4.001171,
					"end":	5.001012,
					"seconds":	0.99984097480773926,
					"bytes":	0,
					"bits_per_second":	0,
					"retransmits":	4,
					"snd_cwnd":	37648,
					"snd_wnd":	8286720,
					"rtt":	44557,
					"rttvar":	103,
					"pmtu":	1500,
					"omitted":	false,
					"sender":	true
				}],
			"sum":	{
				"start":	4.001171,
				"end":	5.001012,
				"seconds":	0.99984097480773926,
				"bytes":	0,
				"bits_per_second":	0,
				"retransmits":	4,
				"omitted":	false,
				"sender":	true
			}
		}, {
			"streams":	[{
					"socket":	5,
					"start":	5.001012,
					"end":	6.001002,
					"seconds":	0.99998998641967773,
					"bytes":	1835008,
					"bits_per_second":	14680211.001472011,
					"retransmits":	0,
					"snd_cwnd":	68056,
					"snd_wnd":	10479104,
					"rtt":	54512,
					"rttvar":	252,
					"pmtu":	1500,
					"omitted":	false,
					"sender":	true
				}],
			"sum":	{
				"start":	5.001012,
				"end":	6.001002,
				"seconds":	0.99998998641967773,
				"bytes":	1835008,
				"bits_per_second":	14680211.001472011,
				"retransmits":	0,
				"omitted":	false,
				"sender":	true
			}
		}, {
			"streams":	[{
					"socket":	5,
					"start":	6.001002,
					"end":	7.00102,
					"seconds":	1.0000180006027222,
					"bytes":	0,
					"bits_per_second":	0,
					"retransmits":	0,
					"snd_cwnd":	89776,
					"snd_wnd":	12159488,
					"rtt":	73486,
					"rttvar":	835,
					"pmtu":	1500,
					"omitted":	false,
					"sender":	true
				}],
			"sum":	{
				"start":	6.001002,
				"end":	7.00102,
				"seconds":	1.0000180006027222,
				"bytes":	0,
				"bits_per_second":	0,
				"retransmits":	0,
				"omitted":	false,
				"sender":	true
			}
		}, {
			"streams":	[{
					"socket":	5,
					"start":	7.00102,
					"end":	8.001006,
					"seconds":	0.99998599290847778,
					"bytes":	1835008,
					"bits_per_second":	14680269.627880249,
					"retransmits":	0,
					"snd_cwnd":	107152,
					"snd_wnd":	12159488,
					"rtt":	87328,
					"rttvar":	327,
					"pmtu":	1500,
					"omitted":	false,
					"sender":	true
				}],
			"sum":	{
				"start":	7.00102,
				"end":	8.001006,
				"seconds":	0.99998599290847778,
				"bytes":	1835008,
				"bits_per_second":	14680269.627880249,
				"retransmits":	0,
				"omitted":	false,
				"sender":	true
			}
		}, {
			"streams":	[{
					"socket":	5,
					"start":	8.001006,
					"end":	9.001003,
					"seconds":	0.99999701976776123,
					"bytes":	1703936,
					"bits_per_second":	13631528.625121072,
					"retransmits":	0,
					"snd_cwnd":	123080,
					"snd_wnd":	12159488,
					"rtt":	100064,
					"rttvar":	1193,
					"pmtu":	1500,
					"omitted":	false,
					"sender":	true
				}],
			"sum":	{
				"start":	8.001006,
				"end":	9.001003,
				"seconds":	0.99999701976776123,
				"bytes":	1703936,
				"bits_per_second":	13631528.625121072,
				"retransmits":	0,
				"omitted":	false,
				"sender":	true
			}
		}, {
			"streams":	[{
					"socket":	5,
					"start":	9.001003,
					"end":	10.001031,
					"seconds":	1.0000280141830444,
					"bytes":	0,
					"bits_per_second":	0,
					"retransmits":	2,
					"snd_cwnd":	72400,
					"snd_wnd":	12162560,
					"rtt":	58853,
					"rttvar":	894,
					"pmtu":	1500,
					"omitted":	false,
					"sender":	true
				}],
			"sum":	{
				"start":	9.001003,
				"end":	10.001031,
				"seconds":	1.0000280141830444,
				"bytes":	0,
				"bits_per_second":	0,
				"retransmits":	2,
				"omitted":	false,
				"sender":	true
			}
		}, {
			"streams":	[{
					"socket":	5,
					"start":	10.001031,
					"end":	11.001004,
					"seconds":	0.99997299909591675,
					"bytes":	1835008,
					"bits_per_second":	14680460.385702772,
					"retransmits":	0,
					"snd_cwnd":	92672,
					"snd_wnd":	12162560,
					"rtt":	75666,
					"rttvar":	704,
					"pmtu":	1500,
					"omitted":	false,
					"sender":	true
				}],
			"sum":	{
				"start":	10.001031,
				"end":	11.001004,
				"seconds":	0.99997299909591675,
				"bytes":	1835008,
				"bits_per_second":	14680460.385702772,
				"retransmits":	0,
				"omitted":	false,
				"sender":	true
			}
		}, {
			"streams":	[{
					"socket":	5,
					"start":	11.001004,
					"end":	12.001083,
					"seconds":	1.0000790357589722,
					"bytes":	1835008,
					"bits_per_second":	14678903.841693992,
					"retransmits":	0,
					"snd_cwnd":	110048,
					"snd_wnd":	12162560,
					"rtt":	90730,
					"rttvar":	466,
					"pmtu":	1500,
					"omitted":	false,
					"sender":	true
				}],
			"sum":	{
				"start":	11.001004,
				"end":	12.001083,
				"seconds":	1.0000790357589722,
				"bytes":	1835008,
				"bits_per_second":	14678903.841693992,
				"retransmits":	0,
				"omitted":	false,
				"sender":	true
			}
		}, {
			"streams":	[{
					"socket":	5,