{
	"start":	{
		"connected":	[{
				"socket":	5,
				"local_host":	"10.0.0.2",
				"local_port":	5201,
				"remote_host":	"10.0.0.1",
				"remote_port":	35596
			}],
		"version":	"iperf 3.16",
		"system_info":	"Linux mininet 6.8.0-88-generic #89-Ubuntu SMP PREEMPT_DYNAMIC Sat Oct 11 01:02:46 UTC 2025 x86_64",
		"sock_bufsize":	0,
		"sndbuf_actual":	87380,
		"rcvbuf_actual":	87380,
		"timestamp":	{
			"time":	"Tue, 02 Dec 2025 16:56:54 GMT",
			"timesecs":	1764694614
		},
		"accepted_connection":	{
			"host":	"10.0.0.1",
			"port":	35582
		},
		"cookie":	"ljltekslfvsfvfya74a6h5jwkkyjbeqcos4i",
		"tcp_mss_default":	0,
		"target_bitrate":	0,
		"fq_rate":	0,
		"test_start":	{
			"protocol":	"TCP",
			"num_streams":	1,
			"blksize":	131072,
			"omit":	0,
			"duration":	20,
			"bytes":	0,
			"blocks":	0,
			"reverse":	0,
			"tos":	0,
			"target_bitrate":	0,
			"bidir":	0,
			"fqrate":	0
		}
	},
	"intervals":	[{
			"streams":	[{
					"socket":	5,
					"start":	0,
					"end":	1.001085,
					"seconds":	1.0010850429534912,
					"bytes":	786432,
					"bits_per_second":	6284636.89901747,
					"omitted":	false,
					"sender":	false
				}],
			"sum":	{
				"start":	0,
				"end":	1.001085,
				"seconds":	1.0010850429534912,
				"bytes":	786432,
				"bits_per_second":	6284636.89901747,
				"omitted":	false,
				"sender":	false
			}
		}, {
			"streams":	[{
					"socket":	5,
					"start":	1.001085,
					"end":	2.000625,
					"seconds":	0.99953997135162354,
					"bytes":	1310720,
					"bits_per_second":	10490585.970084496,
					"omitted":	false,
					"sender":	false
				}],
			"sum":	{
				"start":	1.001085,
				"end":	2.000625,
				"seconds":	0.99953997135162354,
				"bytes":	1310720,
				"bits_per_second":	10490585.970084496,
				"omitted":	false,
				"sender":	false
			}
		}, {
			"streams":	[{
					"socket":	5,
					"start":	2.000625,
					"end":	3.001032,
					"seconds":	1.0004069805145264,
					"bytes":	1310720,
					"bits_per_second":	10481494.236082794,
					"omitted":	false,
					"sender":	false
				}],
			"sum":	{
				"start":	2.000625,
				"end":	3.001032,
				"seconds":	1.0004069805145264,
				"bytes":	1310720,
				"bits_per_second":	10481494.236082794,
				"omitted":	false,
				"sender":	false
			}
		}, {
			"streams":	[{
					"socket":	5,
					"start":	3.001032,
					"end":	4.000965,
					"seconds":	0.99993300437927246,
					"bytes":	1179648,
					"bits_per_second":	9437816.29236082,
					"omitted":	false,
					"sender":	false
				}],
			"sum":	{
				"start":	3.001032,
				"end":	4.000965,
				"seconds":	0.99993300437927246,
				"bytes":	1179648,
				"bits_per_second":	9437816.29236082,
				"omitted":	false,
				"sender":	false
			}
		}, {
			"streams":	[{
					"socket":	5,
					"start":	4.000965,
					"end":	5.000508,
					"seconds":	0.999543011188507,
					"bytes":	917504,
					"bits_per_second":	7343387.8460841132,
					"omitted":	false,
					"sender":	false
				}],
			"sum":	{
				"start":	4.000965,
				"end":	5.000508,
				"seconds":	0.999543011188507,
				"bytes":	917504,
				"bits_per_second":	7343387.8460841132,
				"omitted":	false,
				"sender":	false
			}
		}, {
			"streams":	[{
					"socket":	5,
					"start":	5.000508,
					"end":	6.001049,
					"seconds":	1.0005409717559814,
					"bytes":	1179648,
					"bits_per_second":	9432081.51030281,
					"omitted":	false,
					"sender":	false
				}],
			"sum":	{
				"start":	5.000508,
				"end":	6.001049,
				"seconds":	1.0005409717559814,
				"bytes":	1179648,
				"bits_per_second":	9432081.51030281,
				"omitted":	false,
				"sender":	false
			}
		}, {
			"streams":	[{
					"socket":	5,
					"start":	6.001049,
					"end":	7.000457,
					"seconds":	0.99940800666809082,
					"bytes":	1179648,
					"bits_per_second":	9442774.05927782,
					"omitted":	false,
					"sender":	false
				}],
			"sum":	{
				"start":	6.001049,
				"end":	7.000457,
				"seconds":	0.99940800666809082,
				"bytes":	1179648,
				"bits_per_second":	9442774.05927782,
				"omitted":	false,
				"sender":	false
			}
		}, {
			"streams":	[{
					"socket":	5,
					"start":	7.000457,
					"end":	8.001039,
					"seconds":	1.0005819797515869,
					"bytes":	1179648,
					"bits_per_second":	9431694.9445191454,
					"omitted":	false,
					"sender":	false
				}],
			"sum":	{
				"start":	7.000457,
				"end":	8.001039,
				"seconds":	1.0005819797515869,
				"bytes":	1179648,
				"bits_per_second":	9431694.9445191454,
				"omitted":	false,
				"sender":	false
			}
		}, {
			"streams":	[{
					"socket":	5,
					"start":	8.001039,
					"end":	9.001609,
					"seconds":	1.0005700588226318,
					"bytes":	1179648,
					"bits_per_second":	9431807.3150267061,
					"omitted":	false,
					"sender":	false
				}],
			"sum":	{
				"start":	8.001039,
				"end":	9.001609,
				"seconds":	1.0005700588226318,
				"bytes":	1179648,
				"bits_per_second":	9431807.3150267061,
				"omitted":	false,
				"sender":	false
			}
		}, {
			"streams":	[{
					"socket":	5,
					"start":	9.001609,
					"end":	10.000564,
					"seconds":	0.998955011367798,
					"bytes":	1179648,
					"bits_per_second":	9447056.06619695,
					"omitted":	false,
					"sender":	false
				}],
			"sum":	{
				"start":	9.001609,
				"end":	10.000564,
				"seconds":	0.998955011367798,
				"bytes":	1179648,
				"bits_per_second":	9447056.06619695,
				"omitted":	false,
				"sender":	false
			}
		}, {
			"streams":	[{
					"socket":	5,
					"start":	10.000564,
					"end":	11.00098,
					"seconds":	1.0004160404205322,
					"bytes":	1179648,
					"bits_per_second":	9433259.38279939,
					"omitted":	false,
					"sender":	false
				}],
			"sum":	{
				"start":	10.000564,
				"end":	11.00098,
				"seconds":	1.0004160404205322,
				"bytes":	1179648,
				"bits_per_second":	9433259.38279939,
				"omitted":	false,
				"sender":	false
			}
		}, {
			"streams":	[{
					"socket":	5,
					"start":	11.00098,
					"end":	12.000204,
					"seconds":	0.99922400712966919,
					"bytes":	1179648,
					"bits_per_second":	9444512.87465448,
					"omitted":	false,
					"sender":	false
				}],
			"sum":	{
				"start":	11.00098,
				"end":	12.000204,
				"seconds":	0.99922400712966919,
				"bytes":	1179648,
				"bits_per_second":	9444512.87465448,
				"omitted":	false,
				"sender":	false
			}
		}, {
			"streams":	[{
					"socket":	5,
					"start":	12.000204,
					"end":	13.000932,
					"seconds":	1.0007280111312866,
					"bytes":	1310720,
					"bits_per_second":	10478131.803412028,
					"omitted":	false,
					"sender":	false
				}],
			"sum":	{
				"start":	12.000204,
				"end":	13.000932,
				"seconds":	1.0007280111312866,
				"bytes":	1310720,
				"bits_per_second":	10478131.803412028,
				"omitted":	false,
				"sender":	false
			}
		}, {
			"streams":	[{
					"socket":	5,
					"start":	13.000932,
					"end":	14.000839,
					"seconds":	0.99990701675415039,
					"bytes":	1179648,
					"bits_per_second":	9438061.5816003848,
					"omitted":	false,
					"sender":	false
				}],
			"sum":	{
				"start":	13.000932,
				"end":	14.000839,
				"seconds":	0.99990701675415039,
				"bytes":	1179648,
				"bits_per_second":	9438061.5816003848,
				"omitted":	false,
				"sender":	false
			}
		}, {
			"streams":	[{
					"socket":	5,
					"start":	14.000839,
					"end":	15.00058,
					"seconds":	0.999741017818451,
					"bytes":	1179648,
					"bits_per_second":	9439628.69563261,
					"omitted":	false,
					"sender":	false
				}],
			"sum":	{
				"start":	14.000839,
				"end":	15.00058,
				"seconds":	0.999741017818451,
				"bytes":	1179648,
				"bits_per_second":	9439628.69563261,
				"omitted":	false,
				"sender":	false
			}
		}, {
			"streams":	[{
					"socket":	5,
					"start":	15.00058,
					"end":	16.001092,
					"seconds":	1.0005120038986206,
					"bytes":	1179648,
					"bits_per_second":	9432354.59767282,
					"omitted":	false,
					"sender":	false
				}],
			"sum":	{
				"start":	15.00058,
				"end":	16.001092,
				"seconds":	1.0005120038986206,
				"bytes":	1179648,
				"bits_per_second":	9432354.59767282,
				"omitted":	false,