{
	"start":	{
		"connected":	[{
				"socket":	5,
				"local_host":	"10.0.0.1",
				"local_port":	40760,
				"remote_host":	"10.0.0.2",
				"remote_port":	5201
			}],
		"version":	"iperf 3.16",
		"system_info":	"Linux mininet 6.8.0-88-generic #89-Ubuntu SMP PREEMPT_DYNAMIC Sat Oct 11 01:02:46 UTC 2025 x86_64",
		"timestamp":	{
			"time":	"Tue, 02 Dec 2025 18:42:26 GMT",
			"timesecs":	1764700946
		},
		"connecting_to":	{
			"host":	"10.0.0.2",
			"port":	5201
		},
		"cookie":	"r4wuibxrlat326n2twiizc3quuly4a3cmxby",
		"tcp_mss_default":	1448,
		"target_bitrate":	0,
		"fq_rate":	0,
		"sock_bufsize":	0,
		"sndbuf_actual":	87380,
		"rcvbuf_actual":	87380,
		"test_start":	{
			"protocol":	"TCP",
			"num_streams":	1,
			"blksize":	131072,
			"omit":	0,
			"duration":	20,
			"bytes":	0,
			"blocks":	0,
			"reverse":	0,
			"tos":	0,
			"target_bitrate":	0,
			"bidir":	0,
			"fqrate":	0
		}
	},
	"intervals":	[{
			"streams":	[{
					"socket":	5,
					"start":	0,
					"end":	1.001086,
					"seconds":	1.0010859966278076,
					"bytes":	2752512,
					"bits_per_second":	21996208.192078847,
					"retransmits":	18,
					"snd_cwnd":	346072,
					"snd_wnd":	879104,
					"rtt":	291866,
					"rttvar":	270,
					"pmtu":	1500,
					"omitted":	false,
					"sender":	true
				}],
			"sum":	{
				"start":	0,
				"end":	1.001086,
				"seconds":	1.0010859966278076,
				"bytes":	2752512,
				"bits_per_second":	21996208.192078847,
				"retransmits":	18,
				"omitted":	false,
				"sender":	true
			}
		}, {
			"streams":	[{
					"socket":	5,
					"start":	1.001086,
					"end":	2.001056,
					"seconds":	0.999970018863678,
					"bytes":	2359296,
					"bits_per_second":	18874933.891966086,
					"retransmits":	64,
					"snd_cwnd":	272224,
					"snd_wnd":	1318400,
					"rtt":	104981,
					"rttvar":	722,
					"pmtu":	1500,
					"omitted":	false,
					"sender":	true
				}],
			"sum":	{
				"start":	1.001086,
				"end":	2.001056,
				"seconds":	0.999970018863678,
				"bytes":	2359296,
				"bits_per_second":	18874933.891966086,
				"retransmits":	64,
				"omitted":	false,
				"sender":	true
			}
		}, {
			"streams":	[{
					"socket":	5,
					"start":	2.001056,
					"end":	3.001061,
					"seconds":	1.0000050067901611,
					"bytes":	1179648,
					"bits_per_second":	9437136.75023657,
					"retransmits":	0,
					"snd_cwnd":	266432,
					"snd_wnd":	3704832,
					"rtt":	114362,
					"rttvar":	47,
					"pmtu":	1500,
					"omitted":	false,
					"sender":	true
				}],
			"sum":	{
				"start":	2.001056,
				"end":	3.001061,
				"seconds":	1.0000050067901611,
				"bytes":	1179648,
				"bits_per_second":	9437136.75023657,
				"retransmits":	0,
				"omitted":	false,
				"sender":	true
			}
		}, {
			"streams":	[{
					"socket":	5,
					"start":	3.001061,
					"end":	4.001078,
					"seconds":	1.0000170469284058,
					"bytes":	1179648,
					"bits_per_second":	9437023.12774238,
					"retransmits":	0,
					"snd_cwnd":	266432,
					"snd_wnd":	6099968,
					"rtt":	116823,
					"rttvar":	54,
					"pmtu":	1500,
					"omitted":	false,
					"sender":	true
				}],
			"sum":	{
				"start":	3.001061,
				"end":	4.001078,
				"seconds":	1.0000170469284058,
				"bytes":	1179648,
				"bits_per_second":	9437023.12774238,
				"retransmits":	0,
				"omitted":	false,
				"sender":	true
			}
		}, {
			"streams":	[{
					"socket":	5,
					"start":	4.001078,
					"end":	5.001077,
					"seconds":	0.99999898672103882,
					"bytes":	1179648,
					"bits_per_second":	9437193.56250969,
					"retransmits":	0,
					"snd_cwnd":	269328,
					"snd_wnd":	8492032,
					"rtt":	120537,
					"rttvar":	2233,
					"pmtu":	1500,
					"omitted":	false,
					"sender":	true
				}],
			"sum":	{
				"start":	4.001078,
				"end":	5.001077,
				"seconds":	0.99999898672103882,
				"bytes":	1179648,
				"bits_per_second":	9437193.56250969,
				"retransmits":	0,
				"omitted":	false,
				"sender":	true
			}
		}, {
			"streams":	[{
					"socket":	5,
					"start":	5.001077,
					"end":	6.00108,
					"seconds":	1.0000029802322388,
					"bytes":	1179648,
					"bits_per_second":	9437155.87508382,
					"retransmits":	0,
					"snd_cwnd":	266432,
					"snd_wnd":	10881024,
					"rtt":	130975,
					"rttvar":	3070,
					"pmtu":	1500,
					"omitted":	false,
					"sender":	true
				}],
			"sum":	{
				"start":	5.001077,
				"end":	6.00108,
				"seconds":	1.0000029802322388,
				"bytes":	1179648,
				"bits_per_second":	9437155.87508382,
				"retransmits":	0,
				"omitted":	false,
				"sender":	true
			}
		}, {
			"streams":	[{
					"socket":	5,
					"start":	6.00108,
					"end":	7.001084,
					"seconds":	1.0000040531158447,
					"bytes":	1179648,
					"bits_per_second":	9437145.75015503,
					"retransmits":	0,
					"snd_cwnd":	266432,
					"snd_wnd":	12070912,
					"rtt":	118568,
					"rttvar":	156,
					"pmtu":	1500,
					"omitted":	false,
					"sender":	true
				}],
			"sum":	{
				"start":	6.00108,
				"end":	7.001084,
				"seconds":	1.0000040531158447,
				"bytes":	1179648,
				"bits_per_second":	9437145.75015503,
				"retransmits":	0,
				"omitted":	false,
				"sender":	true
			}
		}, {
			"streams":	[{
					"socket":	5,
					"start":	7.001084,
					"end":	8.001087,
					"seconds":	1.0000029802322388,
					"bytes":	1179648,
					"bits_per_second":	9437155.87508382,
					"retransmits":	0,
					"snd_cwnd":	266432,
					"snd_wnd":	12070912,
					"rtt":	118052,
					"rttvar":	137,
					"pmtu":	1500,
					"omitted":	false,
					"sender":	true
				}],
			"sum":	{
				"start":	7.001084,
				"end":	8.001087,
				"seconds":	1.0000029802322388,
				"bytes":	1179648,
				"bits_per_second":	9437155.87508382,
				"retransmits":	0,
				"omitted":	false,
				"sender":	true
			}
		}, {
			"streams":	[{
					"socket":	5,
					"start":	8.001087,
					"end":	9.001064,
					"seconds":	0.9999769926071167,
					"bytes":	1048576,
					"bits_per_second":	8388801.00444053,
					"retransmits":	0,
					"snd_cwnd":	266432,
					"snd_wnd":	12070912,
					"rtt":	116595,
					"rttvar":	289,
					"pmtu":	1500,
					"omitted":	false,
					"sender":	true
				}],
			"sum":	{
				"start":	8.001087,
				"end":	9.001064,
				"seconds":	0.9999769926071167,
				"bytes":	1048576,
				"bits_per_second":	8388801.00444053,
				"retransmits":	0,
				"omitted":	false,
				"sender":	true
			}
		}, {
			"streams":	[{
					"socket":	5,
					"start":	9.001064,
					"end":	10.001079,
					"seconds":	1.0000150203704834,
					"bytes":	1179648,
					"bits_per_second":	9437042.2521291059,
					"retransmits":	2,
					"snd_cwnd":	266432,
					"snd_wnd":	12073984,
					"rtt":	112682,
					"rttvar":	356,
					"pmtu":	1500,
					"omitted":	false,
					"sender":	true
				}],
			"sum":	{
				"start":	9.001064,
				"end":	10.001079,
				"seconds":	1.0000150203704834,
				"bytes":	1179648,
				"bits_per_second":	9437042.2521291059,
				"retransmits":	2,
				"omitted":	false,
				"sender":	true
			}
		}, {
			"streams":	[{
					"socket":	5,
					"start":	10.001079,
					"end":	11.001097,
					"seconds":	1.0000180006027222,
					"bytes":	1179648,
					"bits_per_second":	9437014.1280577965,
					"retransmits":	0,
					"snd_cwnd":	266432,
					"snd_wnd":	12073984,
					"rtt":	132950,
					"rttvar":	2110,
					"pmtu":	1500,
					"omitted":	false,
					"sender":	true
				}],
			"sum":	{
				"start":	10.001079,
				"end":	11.001097,
				"seconds":	1.0000180006027222,
				"bytes":	1179648,
				"bits_per_second":	9437014.1280577965,
				"retransmits":	0,
				"omitted":	false,
				"sender":	true
			}
		}, {
			"streams":	[{
					"socket":	5,
					"start":	11.001097,
					"end":	12.001085,
					"seconds":	0.9999880194664,
					"bytes":	1179648,
					"bits_per_second":	9437297.0638545658,
					"retransmits":	0,
					"snd_cwnd":	5792,
					"snd_wnd":	12073984,
					"rtt":	113281,
					"rttvar":	479,
					"pmtu":	1500,
					"omitted":	false,
					"sender":	true
				}],
			"sum":	{
				"start":	11.001097,
				"end":	12.001085,
				"seconds":	0.9999880194664,
				"bytes":	1179648,
				"bits_per_second":	9437297.0638545658,