{
	"start":	{
		"connected":	[{
				"socket":	5,
				"local_host":	"10.0.0.1",
				"local_port":	38886,
				"remote_host":	"10.0.0.2",
				"remote_port":	5201
			}],
		"version":	"iperf 3.16",
		"system_info":	"Linux mininet 6.8.0-88-generic #89-Ubuntu SMP PREEMPT_DYNAMIC Sat Oct 11 01:02:46 UTC 2025 x86_64",
		"timestamp":	{
			"time":	"Tue, 02 Dec 2025 19:01:32 GMT",
			"timesecs":	1764702092
		},
		"connecting_to":	{
			"host":	"10.0.0.2",
			"port":	5201
		},
		"cookie":	"ghuj4otitotxibakmiajn6ns5zlavzcmmlk5",
		"tcp_mss_default":	1448,
		"target_bitrate":	0,
		"fq_rate":	0,
		"sock_bufsize":	0,
		"sndbuf_actual":	87380,
		"rcvbuf_actual":	87380,
		"test_start":	{
			"protocol":	"TCP",
			"num_streams":	1,
			"blksize":	131072,
			"omit":	0,
			"duration":	20,
			"bytes":	0,
			"blocks":	0,
			"reverse":	0,
			"tos":	0,
			"target_bitrate":	0,
			"bidir":	0,
			"fqrate":	0
		}
	},
	"intervals":	[{
			"streams":	[{
					"socket":	5,
					"start":	0,
					"end":	1.00107,
					"seconds":	1.0010700225830078,
					"bytes":	10485760,
					"bits_per_second":	83796415.942566335,
					"retransmits":	0,
					"snd_cwnd":	590784,
					"snd_wnd":	3860992,
					"rtt":	48187,
					"rttvar":	99,
					"pmtu":	1500,
					"omitted":	false,
					"sender":	true
				}],
			"sum":	{
				"start":	0,
				"end":	1.00107,
				"seconds":	1.0010700225830078,
				"bytes":	10485760,
				"bits_per_second":	83796415.942566335,
				"retransmits":	0,
				"omitted":	false,
				"sender":	true
			}
		}, {
			"streams":	[{
					"socket":	5,
					"start":	1.00107,
					"end":	2.001053,
					"seconds":	0.999983012676239,
					"bytes":	7471104,
					"bits_per_second":	59769847.329747736,
					"retransmits":	0,
					"snd_cwnd":	567616,
					"snd_wnd":	3860992,
					"rtt":	52842,
					"rttvar":	302,
					"pmtu":	1500,
					"omitted":	false,
					"sender":	true
				}],
			"sum":	{
				"start":	1.00107,
				"end":	2.001053,
				"seconds":	0.999983012676239,
				"bytes":	7471104,
				"bits_per_second":	59769847.329747736,
				"retransmits":	0,
				"omitted":	false,
				"sender":	true
			}
		}, {
			"streams":	[{
					"socket":	5,
					"start":	2.001053,
					"end":	3.00084,
					"seconds":	0.99978697299957275,
					"bytes":	4980736,
					"bits_per_second":	39854378.058611721,
					"retransmits":	0,
					"snd_cwnd":	564720,
					"snd_wnd":	3859968,
					"rtt":	61825,
					"rttvar":	1642,
					"pmtu":	1500,
					"omitted":	false,
					"sender":	true
				}],
			"sum":	{
				"start":	2.001053,
				"end":	3.00084,
				"seconds":	0.99978697299957275,
				"bytes":	4980736,
				"bits_per_second":	39854378.058611721,
				"retransmits":	0,
				"omitted":	false,
				"sender":	true
			}
		}, {
			"streams":	[{
					"socket":	5,
					"start":	3.00084,
					"end":	4.000951,
					"seconds":	1.0001109838485718,
					"bytes":	4980736,
					"bits_per_second":	39841466.240743861,
					"retransmits":	4,
					"snd_cwnd":	573408,
					"snd_wnd":	3860992,
					"rtt":	61665,
					"rttvar":	65,
					"pmtu":	1500,
					"omitted":	false,
					"sender":	true
				}],
			"sum":	{
				"start":	3.00084,
				"end":	4.000951,
				"seconds":	1.0001109838485718,
				"bytes":	4980736,
				"bits_per_second":	39841466.240743861,
				"retransmits":	4,
				"omitted":	false,
				"sender":	true
			}
		}, {
			"streams":	[{
					"socket":	5,
					"start":	4.000951,
					"end":	5.001068,
					"seconds":	1.0001169443130493,
					"bytes":	7471104,
					"bits_per_second":	59761843.192301318,
					"retransmits":	8,
					"snd_cwnd":	567616,
					"snd_wnd":	3860992,
					"rtt":	57011,
					"rttvar":	79,
					"pmtu":	1500,
					"omitted":	false,
					"sender":	true
				}],
			"sum":	{
				"start":	4.000951,
				"end":	5.001068,
				"seconds":	1.0001169443130493,
				"bytes":	7471104,
				"bits_per_second":	59761843.192301318,
				"retransmits":	8,
				"omitted":	false,
				"sender":	true
			}
		}, {
			"streams":	[{
					"socket":	5,
					"start":	5.001068,
					"end":	6.000801,
					"seconds":	0.99973297119140625,
					"bytes":	4980736,
					"bits_per_second":	39856530.8419454,
					"retransmits":	4,
					"snd_cwnd":	567616,
					"snd_wnd":	3860992,
					"rtt":	54614,
					"rttvar":	87,
					"pmtu":	1500,
					"omitted":	false,
					"sender":	true
				}],
			"sum":	{
				"start":	5.001068,
				"end":	6.000801,
				"seconds":	0.99973297119140625,
				"bytes":	4980736,
				"bits_per_second":	39856530.8419454,
				"retransmits":	4,
				"omitted":	false,
				"sender":	true
			}
		}, {
			"streams":	[{
					"socket":	5,
					"start":	6.000801,
					"end":	7.00105,
					"seconds":	1.0002490282058716,
					"bytes":	4980736,
					"bits_per_second":	39835967.72042942,
					"retransmits":	4,
					"snd_cwnd":	567616,
					"snd_wnd":	3862016,
					"rtt":	64894,
					"rttvar":	1234,
					"pmtu":	1500,
					"omitted":	false,
					"sender":	true
				}],
			"sum":	{
				"start":	6.000801,
				"end":	7.00105,
				"seconds":	1.0002490282058716,
				"bytes":	4980736,
				"bits_per_second":	39835967.72042942,
				"retransmits":	4,
				"omitted":	false,
				"sender":	true
			}
		}, {
			"streams":	[{
					"socket":	5,
					"start":	7.00105,
					"end":	8.000971,
					"seconds":	0.99992102384567261,
					"bytes":	7471104,
					"bits_per_second":	59773552.685321569,
					"retransmits":	4,
					"snd_cwnd":	567616,
					"snd_wnd":	3866112,
					"rtt":	59310,
					"rttvar":	570,
					"pmtu":	1500,
					"omitted":	false,
					"sender":	true
				}],
			"sum":	{
				"start":	7.00105,
				"end":	8.000971,
				"seconds":	0.99992102384567261,
				"bytes":	7471104,
				"bits_per_second":	59773552.685321569,
				"retransmits":	4,
				"omitted":	false,
				"sender":	true
			}
		}, {
			"streams":	[{
					"socket":	5,
					"start":	8.000971,
					"end":	9.000801,
					"seconds":	0.99983000755310059,
					"bytes":	4980736,
					"bits_per_second":	39852662.6516396,
					"retransmits":	0,
					"snd_cwnd":	573408,
					"snd_wnd":	3860992,
					"rtt":	66784,
					"rttvar":	132,
					"pmtu":	1500,
					"omitted":	false,
					"sender":	true
				}],
			"sum":	{
				"start":	8.000971,
				"end":	9.000801,
				"seconds":	0.99983000755310059,
				"bytes":	4980736,
				"bits_per_second":	39852662.6516396,
				"retransmits":	0,
				"omitted":	false,
				"sender":	true
			}
		}, {
			"streams":	[{
					"socket":	5,
					"start":	9.000801,
					"end":	10.001022,
					"seconds":	1.0002210140228271,
					"bytes":	7340032,
					"bits_per_second":	58707280.8676862,
					"retransmits":	8,
					"snd_cwnd":	573408,
					"snd_wnd":	3860992,
					"rtt":	63545,
					"rttvar":	266,
					"pmtu":	1500,
					"omitted":	false,
					"sender":	true
				}],
			"sum":	{
				"start":	9.000801,
				"end":	10.001022,
				"seconds":	1.0002210140228271,
				"bytes":	7340032,
				"bits_per_second":	58707280.8676862,
				"retransmits":	8,
				"omitted":	false,
				"sender":	true
			}
		}, {
			"streams":	[{
					"socket":	5,
					"start":	10.001022,
					"end":	11.001015,
					"seconds":	0.99999302625656128,
					"bytes":	2490368,
					"bits_per_second":	19923082.938468922,
					"retransmits":	0,
					"snd_cwnd":	570512,
					"snd_wnd":	3860992,
					"rtt":	47285,
					"rttvar":	48,
					"pmtu":	1500,
					"omitted":	false,
					"sender":	true
				}],
			"sum":	{
				"start":	10.001022,
				"end":	11.001015,
				"seconds":	0.99999302625656128,
				"bytes":	2490368,
				"bits_per_second":	19923082.938468922,
				"retransmits":	0,
				"omitted":	false,
				"sender":	true
			}
		}, {
			"streams":	[{
					"socket":	5,
					"start":	11.001015,
					"end":	12.0008,
					"seconds":	0.999785006046295,
					"bytes":	7471104,
					"bits_per_second":	59781684.700752951,
					"retransmits":	0,
					"snd_cwnd":	567616,
					"snd_wnd":	3866112,
					"rtt":	54906,
					"rttvar":	1056,
					"pmtu":	1500,
					"omitted":	false,
					"sender":	true
				}],
			"sum":	{
				"start":	11.001015,
				"end":	12.0008,
				"seconds":	0.999785006046295,
				"bytes":	7471104,
				"bits_per_second":	59781684.700752951,
				"retransmits":	0,