{
	"start":	{
		"connected":	[{
				"socket":	5,
				"local_host":	"10.0.0.2",
				"local_port":	5201,
				"remote_host":	"10.0.0.1",
				"remote_port":	38886
			}],
		"version":	"iperf 3.16",
		"system_info":	"Linux mininet 6.8.0-88-generic #89-Ubuntu SMP PREEMPT_DYNAMIC Sat Oct 11 01:02:46 UTC 2025 x86_64",
		"sock_bufsize":	0,
		"sndbuf_actual":	87380,
		"rcvbuf_actual":	87380,
		"timestamp":	{
			"time":	"Tue, 02 Dec 2025 19:01:32 GMT",
			"timesecs":	1764702092
		},
		"accepted_connection":	{
			"host":	"10.0.0.1",
			"port":	38878
		},
		"cookie":	"ghuj4otitotxibakmiajn6ns5zlavzcmmlk5",
		"tcp_mss_default":	0,
		"target_bitrate":	0,
		"fq_rate":	0,
		"test_start":	{
			"protocol":	"TCP",
			"num_streams":	1,
			"blksize":	131072,
			"omit":	0,
			"duration":	20,
			"bytes":	0,
			"blocks":	0,
			"reverse":	0,
			"tos":	0,
			"target_bitrate":	0,
			"bidir":	0,
			"fqrate":	0
		}
	},
	"intervals":	[{
			"streams":	[{
					"socket":	5,
					"start":	0,
					"end":	1.001,
					"seconds":	1.0010000467300415,
					"bytes":	4718592,
					"bits_per_second":	37711023.214547776,
					"omitted":	false,
					"sender":	false
				}],
			"sum":	{
				"start":	0,
				"end":	1.001,
				"seconds":	1.0010000467300415,
				"bytes":	4718592,
				"bits_per_second":	37711023.214547776,
				"omitted":	false,
				"sender":	false
			}
		}, {
			"streams":	[{
					"socket":	5,
					"start":	1.001,
					"end":	2.001062,
					"seconds":	1.0000619888305664,
					"bytes":	5898240,
					"bits_per_second":	47182995.1813061,
					"omitted":	false,
					"sender":	false
				}],
			"sum":	{
				"start":	1.001,
				"end":	2.001062,
				"seconds":	1.0000619888305664,
				"bytes":	5898240,
				"bits_per_second":	47182995.1813061,
				"omitted":	false,
				"sender":	false
			}
		}, {
			"streams":	[{
					"socket":	5,
					"start":	2.001062,
					"end":	3.000987,
					"seconds":	0.99992501735687256,
					"bytes":	6029312,
					"bits_per_second":	48238113.0212138,
					"omitted":	false,
					"sender":	false
				}],
			"sum":	{
				"start":	2.001062,
				"end":	3.000987,
				"seconds":	0.99992501735687256,
				"bytes":	6029312,
				"bits_per_second":	48238113.0212138,
				"omitted":	false,
				"sender":	false
			}
		}, {
			"streams":	[{
					"socket":	5,
					"start":	3.000987,
					"end":	4.000991,
					"seconds":	1.0000040531158447,
					"bytes":	5898240,
					"bits_per_second":	47185728.750775158,
					"omitted":	false,
					"sender":	false
				}],
			"sum":	{
				"start":	3.000987,
				"end":	4.000991,
				"seconds":	1.0000040531158447,
				"bytes":	5898240,
				"bits_per_second":	47185728.750775158,
				"omitted":	false,
				"sender":	false
			}
		}, {
			"streams":	[{
					"socket":	5,
					"start":	4.000991,
					"end":	5.001031,
					"seconds":	1.0000400543212891,
					"bytes":	5898240,
					"bits_per_second":	47184030.075699635,
					"omitted":	false,
					"sender":	false
				}],
			"sum":	{
				"start":	4.000991,
				"end":	5.001031,
				"seconds":	1.0000400543212891,
				"bytes":	5898240,
				"bits_per_second":	47184030.075699635,
				"omitted":	false,
				"sender":	false
			}
		}, {
			"streams":	[{
					"socket":	5,
					"start":	5.001031,
					"end":	6.000995,
					"seconds":	0.99996399879455566,
					"bytes":	6029312,
					"bits_per_second":	48236232.562518343,
					"omitted":	false,
					"sender":	false
				}],
			"sum":	{
				"start":	5.001031,
				"end":	6.000995,
				"seconds":	0.99996399879455566,
				"bytes":	6029312,
				"bits_per_second":	48236232.562518343,
				"omitted":	false,
				"sender":	false
			}
		}, {
			"streams":	[{
					"socket":	5,
					"start":	6.000995,
					"end":	7.000985,
					"seconds":	0.99998998641967773,
					"bytes":	5898240,
					"bits_per_second":	47186392.504731461,
					"omitted":	false,
					"sender":	false
				}],
			"sum":	{
				"start":	6.000995,
				"end":	7.000985,
				"seconds":	0.99998998641967773,
				"bytes":	5898240,
				"bits_per_second":	47186392.504731461,
				"omitted":	false,
				"sender":	false
			}
		}, {
			"streams":	[{
					"socket":	5,
					"start":	7.000985,
					"end":	8.001013,
					"seconds":	1.0000280141830444,
					"bytes":	5898240,
					"bits_per_second":	47184598.162030213,
					"omitted":	false,
					"sender":	false
				}],
			"sum":	{
				"start":	7.000985,
				"end":	8.001013,
				"seconds":	1.0000280141830444,
				"bytes":	5898240,
				"bits_per_second":	47184598.162030213,
				"omitted":	false,
				"sender":	false
			}
		}, {
			"streams":	[{
					"socket":	5,
					"start":	8.001013,
					"end":	9.000993,
					"seconds":	0.99997997283935547,
					"bytes":	6029312,
					"bits_per_second":	48235462.019346625,
					"omitted":	false,
					"sender":	false
				}],
			"sum":	{
				"start":	8.001013,
				"end":	9.000993,
				"seconds":	0.99997997283935547,
				"bytes":	6029312,
				"bits_per_second":	48235462.019346625,
				"omitted":	false,
				"sender":	false
			}
		}, {
			"streams":	[{
					"socket":	5,
					"start":	9.000993,
					"end":	10.001131,
					"seconds":	1.0001380443573,
					"bytes":	5898240,
					"bits_per_second":	47179407.149062321,
					"omitted":	false,
					"sender":	false
				}],
			"sum":	{
				"start":	9.000993,
				"end":	10.001131,
				"seconds":	1.0001380443573,
				"bytes":	5898240,
				"bits_per_second":	47179407.149062321,
				"omitted":	false,
				"sender":	false
			}
		}, {
			"streams":	[{
					"socket":	5,
					"start":	10.001131,
					"end":	11.001049,
					"seconds":	0.999917984008789,
					"bytes":	4456448,
					"bits_per_second":	35654508.239834428,
					"omitted":	false,
					"sender":	false
				}],
			"sum":	{
				"start":	10.001131,
				"end":	11.001049,
				"seconds":	0.999917984008789,
				"bytes":	4456448,
				"bits_per_second":	35654508.239834428,
				"omitted":	false,
				"sender":	false
			}
		}, {
			"streams":	[{
					"socket":	5,
					"start":	11.001049,
					"end":	12.001075,
					"seconds":	1.0000259876251221,
					"bytes":	5898240,
					"bits_per_second":	47184693.7818665,
					"omitted":	false,
					"sender":	false
				}],
			"sum":	{
				"start":	11.001049,
				"end":	12.001075,
				"seconds":	1.0000259876251221,
				"bytes":	5898240,
				"bits_per_second":	47184693.7818665,
				"omitted":	false,
				"sender":	false
			}
		}, {
			"streams":	[{
					"socket":	5,
					"start":	12.001075,
					"end":	13.001004,
					"seconds":	0.99992901086807251,
					"bytes":	6029312,
					"bits_per_second":	48237920.368092917,
					"omitted":	false,
					"sender":	false
				}],
			"sum":	{
				"start":	12.001075,
				"end":	13.001004,
				"seconds":	0.99992901086807251,
				"bytes":	6029312,
				"bits_per_second":	48237920.368092917,
				"omitted":	false,
				"sender":	false
			}
		}, {
			"streams":	[{
					"socket":	5,
					"start":	13.001004,
					"end":	14.000984,
					"seconds":	0.99997997283935547,
					"bytes":	5898240,
					"bits_per_second":	47186865.018926047,
					"omitted":	false,
					"sender":	false
				}],
			"sum":	{
				"start":	13.001004,
				"end":	14.000984,
				"seconds":	0.99997997283935547,
				"bytes":	5898240,
				"bits_per_second":	47186865.018926047,
				"omitted":	false,
				"sender":	false
			}
		}, {
			"streams":	[{
					"socket":	5,
					"start":	14.000984,
					"end":	15.001054,
					"seconds":	1.0000699758529663,
					"bytes":	6029312,
					"bits_per_second":	48231120.986169472,
					"omitted":	false,
					"sender":	false
				}],
			"sum":	{
				"start":	14.000984,
				"end":	15.001054,
				"seconds":	1.0000699758529663,
				"bytes":	6029312,
				"bits_per_second":	48231120.986169472,
				"omitted":	false,
				"sender":	false
			}
		}, {
			"streams":	[{
					"socket":	5,
					"start":	15.001054,
					"end":	16.000971,
					"seconds":	0.999916970729828,
					"bytes":	5898240,
					"bits_per_second":	47189838.137820125,
					"omitted":	false,
					"sender":	false
				}],
			"sum":	{
				"start":	15.001054,
				"end":	16.000971,
				"seconds":	0.999916970729828,
				"bytes":	5898240,
				"bits_per_second":	47189838.137820125,