{
	"start":	{
		"connected":	[{
				"socket":	5,
				"local_host":	"10.0.0.1",
				"local_port":	46916,
				"remote_host":	"10.0.0.2",
				"remote_port":	5201
			}],
		"version":	"iperf 3.16",
		"system_info":	"Linux mininet 6.8.0-88-generic #89-Ubuntu SMP PREEMPT_DYNAMIC Sat Oct 11 01:02:46 UTC 2025 x86_64",
		"timestamp":	{
			"time":	"Tue, 02 Dec 2025 18:01:51 GMT",
			"timesecs":	1764698511
		},
		"connecting_to":	{
			"host":	"10.0.0.2",
			"port":	5201
		},
		"cookie":	"jyvouwyyssxwxe2k3pzu2yu3o4kck2jg2j7n",
		"tcp_mss_default":	1448,
		"target_bitrate":	0,
		"fq_rate":	0,
		"sock_bufsize":	0,
		"sndbuf_actual":	87380,
		"rcvbuf_actual":	87380,
		"test_start":	{
			"protocol":	"TCP",
			"num_streams":	1,
			"blksize":	131072,
			"omit":	0,
			"duration":	20,
			"bytes":	0,
			"blocks":	0,
			"reverse":	0,
			"tos":	0,
			"target_bitrate":	0,
			"bidir":	0,
			"fqrate":	0
		}
	},
	"intervals":	[{
			"streams":	[{
					"socket":	5,
					"start":	0,
					"end":	1.001069,
					"seconds":	1.0010689496994019,
					"bytes":	2883584,
					"bits_per_second":	23044039.081350986,
					"retransmits":	0,
					"snd_cwnd":	501008,
					"snd_wnd":	1287680,
					"rtt":	322243,
					"rttvar":	13933,
					"pmtu":	1500,
					"omitted":	false,
					"sender":	true
				}],
			"sum":	{
				"start":	0,
				"end":	1.001069,
				"seconds":	1.0010689496994019,
				"bytes":	2883584,
				"bits_per_second":	23044039.081350986,
				"retransmits":	0,
				"omitted":	false,
				"sender":	true
			}
		}, {
			"streams":	[{
					"socket":	5,
					"start":	1.001069,
					"end":	2.001072,
					"seconds":	1.0000029802322388,
					"bytes":	1179648,
					"bits_per_second":	9437155.87508382,
					"retransmits":	4,
					"snd_cwnd":	250504,
					"snd_wnd":	1824768,
					"rtt":	205290,
					"rttvar":	1263,
					"pmtu":	1500,
					"omitted":	false,
					"sender":	true
				}],
			"sum":	{
				"start":	1.001069,
				"end":	2.001072,
				"seconds":	1.0000029802322388,
				"bytes":	1179648,
				"bits_per_second":	9437155.87508382,
				"retransmits":	4,
				"omitted":	false,
				"sender":	true
			}
		}, {
			"streams":	[{
					"socket":	5,
					"start":	2.001072,
					"end":	3.0008,
					"seconds":	0.99972802400589,
					"bytes":	1048576,
					"bits_per_second":	8390890.12068204,
					"retransmits":	0,
					"snd_cwnd":	275120,
					"snd_wnd":	2601984,
					"rtt":	225176,
					"rttvar":	280,
					"pmtu":	1500,
					"omitted":	false,
					"sender":	true
				}],
			"sum":	{
				"start":	2.001072,
				"end":	3.0008,
				"seconds":	0.99972802400589,
				"bytes":	1048576,
				"bits_per_second":	8390890.12068204,
				"retransmits":	0,
				"omitted":	false,
				"sender":	true
			}
		}, {
			"streams":	[{
					"socket":	5,
					"start":	3.0008,
					"end":	4.000822,
					"seconds":	1.0000220537185669,
					"bytes":	1048576,
					"bits_per_second":	8388423.0040798476,
					"retransmits":	2,
					"snd_cwnd":	211408,
					"snd_wnd":	2601984,
					"rtt":	238343,
					"rttvar":	420,
					"pmtu":	1500,
					"omitted":	false,
					"sender":	true
				}],
			"sum":	{
				"start":	3.0008,
				"end":	4.000822,
				"seconds":	1.0000220537185669,
				"bytes":	1048576,
				"bits_per_second":	8388423.0040798476,
				"retransmits":	2,
				"omitted":	false,
				"sender":	true
			}
		}, {
			"streams":	[{
					"socket":	5,
					"start":	4.000822,
					"end":	5.001016,
					"seconds":	1.0001939535140991,
					"bytes":	2097152,
					"bits_per_second":	16773962.63100235,
					"retransmits":	0,
					"snd_cwnd":	222992,
					"snd_wnd":	2601984,
					"rtt":	182166,
					"rttvar":	455,
					"pmtu":	1500,
					"omitted":	false,
					"sender":	true
				}],
			"sum":	{
				"start":	4.000822,
				"end":	5.001016,
				"seconds":	1.0001939535140991,
				"bytes":	2097152,
				"bits_per_second":	16773962.63100235,
				"retransmits":	0,
				"omitted":	false,
				"sender":	true
			}
		}, {
			"streams":	[{
					"socket":	5,
					"start":	5.001016,
					"end":	6.000659,
					"seconds":	0.99964302778244019,
					"bytes":	1048576,
					"bits_per_second":	8391603.56933503,
					"retransmits":	2,
					"snd_cwnd":	167968,
					"snd_wnd":	2601984,
					"rtt":	136337,
					"rttvar":	1030,
					"pmtu":	1500,
					"omitted":	false,
					"sender":	true
				}],
			"sum":	{
				"start":	5.001016,
				"end":	6.000659,
				"seconds":	0.99964302778244019,
				"bytes":	1048576,
				"bits_per_second":	8391603.56933503,
				"retransmits":	2,
				"omitted":	false,
				"sender":	true
			}
		}, {
			"streams":	[{
					"socket":	5,
					"start":	6.000659,
					"end":	7.000824,
					"seconds":	1.0001649856567383,
					"bytes":	1048576,
					"bits_per_second":	8387224.2283024825,
					"retransmits":	4,
					"snd_cwnd":	92672,
					"snd_wnd":	2601984,
					"rtt":	105227,
					"rttvar":	1239,
					"pmtu":	1500,
					"omitted":	false,
					"sender":	true
				}],
			"sum":	{
				"start":	6.000659,
				"end":	7.000824,
				"seconds":	1.0001649856567383,
				"bytes":	1048576,
				"bits_per_second":	8387224.2283024825,
				"retransmits":	4,
				"omitted":	false,
				"sender":	true
			}
		}, {
			"streams":	[{
					"socket":	5,
					"start":	7.000824,
					"end":	8.000796,
					"seconds":	0.99997198581695557,
					"bytes":	1048576,
					"bits_per_second":	8388843.00658352,
					"retransmits":	0,
					"snd_cwnd":	102808,
					"snd_wnd":	2601984,
					"rtt":	105760,
					"rttvar":	687,
					"pmtu":	1500,
					"omitted":	false,
					"sender":	true
				}],
			"sum":	{
				"start":	7.000824,
				"end":	8.000796,
				"seconds":	0.99997198581695557,
				"bytes":	1048576,
				"bits_per_second":	8388843.00658352,
				"retransmits":	0,
				"omitted":	false,
				"sender":	true
			}
		}, {
			"streams":	[{
					"socket":	5,
					"start":	8.000796,
					"end":	9.001031,
					"seconds":	1.0002349615097046,
					"bytes":	1048576,
					"bits_per_second":	8386637.46300035,
					"retransmits":	0,
					"snd_cwnd":	105704,
					"snd_wnd":	2601984,
					"rtt":	105355,
					"rttvar":	428,
					"pmtu":	1500,
					"omitted":	false,
					"sender":	true
				}],
			"sum":	{
				"start":	8.000796,
				"end":	9.001031,
				"seconds":	1.0002349615097046,
				"bytes":	1048576,
				"bits_per_second":	8386637.46300035,
				"retransmits":	0,
				"omitted":	false,
				"sender":	true
			}
		}, {
			"streams":	[{
					"socket":	5,
					"start":	9.001031,
					"end":	10.000629,
					"seconds":	0.99959802627563477,
					"bytes":	1048576,
					"bits_per_second":	8391981.3560004756,
					"retransmits":	0,
					"snd_cwnd":	110048,
					"snd_wnd":	2601984,
					"rtt":	105192,
					"rttvar":	719,
					"pmtu":	1500,
					"omitted":	false,
					"sender":	true
				}],
			"sum":	{
				"start":	9.001031,
				"end":	10.000629,
				"seconds":	0.99959802627563477,
				"bytes":	1048576,
				"bits_per_second":	8391981.3560004756,
				"retransmits":	0,
				"omitted":	false,
				"sender":	true
			}
		}, {
			"streams":	[{
					"socket":	5,
					"start":	10.000629,
					"end":	11.000678,
					"seconds":	1.0000489950180054,
					"bytes":	0,
					"bits_per_second":	0,
					"retransmits":	4,
					"snd_cwnd":	60816,
					"snd_wnd":	2604544,
					"rtt":	104794,
					"rttvar":	254,
					"pmtu":	1500,
					"omitted":	false,
					"sender":	true
				}],
			"sum":	{
				"start":	10.000629,
				"end":	11.000678,
				"seconds":	1.0000489950180054,
				"bytes":	0,
				"bits_per_second":	0,
				"retransmits":	4,
				"omitted":	false,
				"sender":	true
			}
		}, {
			"streams":	[{
					"socket":	5,
					"start":	11.000678,
					"end":	12.001017,
					"seconds":	1.0003390312194824,
					"bytes":	1048576,
					"bits_per_second":	8385764.9638780039,
					"retransmits":	0,
					"snd_cwnd":	68056,
					"snd_wnd":	2601984,
					"rtt":	106935,
					"rttvar":	904,
					"pmtu":	1500,
					"omitted":	false,
					"sender":	true
				}],
			"sum":	{
				"start":	11.000678,
				"end":	12.001017,
				"seconds":	1.0003390312194824,
				"bytes":	1048576,
				"bits_per_second":	8385764.9638780039,
				"retransmits":	0,
				"omitted":	false,