{
	"start":	{
		"connected":	[{
				"socket":	5,
				"local_host":	"10.0.0.1",
				"local_port":	44584,
				"remote_host":	"10.0.0.2",
				"remote_port":	5201
			}],
		"version":	"iperf 3.16",
		"system_info":	"Linux mininet 6.8.0-88-generic #89-Ubuntu SMP PREEMPT_DYNAMIC Sat Oct 11 01:02:46 UTC 2025 x86_64",
		"timestamp":	{
			"time":	"Tue, 02 Dec 2025 19:11:46 GMT",
			"timesecs":	1764702706
		},
		"connecting_to":	{
			"host":	"10.0.0.2",
			"port":	5201
		},
		"cookie":	"2iul4elsod2dsy5ovq25cnyiqczqtgdkojkj",
		"tcp_mss_default":	1448,
		"target_bitrate":	0,
		"fq_rate":	0,
		"sock_bufsize":	0,
		"sndbuf_actual":	87380,
		"rcvbuf_actual":	87380,
		"test_start":	{
			"protocol":	"TCP",
			"num_streams":	1,
			"blksize":	131072,
			"omit":	0,
			"duration":	20,
			"bytes":	0,
			"blocks":	0,
			"reverse":	0,
			"tos":	0,
			"target_bitrate":	0,
			"bidir":	0,
			"fqrate":	0
		}
	},
	"intervals":	[{
			"streams":	[{
					"socket":	5,
					"start":	0,
					"end":	1.001061,
					"seconds":	1.001060962677002,
					"bytes":	16908288,
					"bits_per_second":	135122943.60003373,
					"retransmits":	0,
					"snd_cwnd":	1876608,
					"snd_wnd":	4140032,
					"rtt":	194723,
					"rttvar":	8584,
					"pmtu":	1500,
					"omitted":	false,
					"sender":	true
				}],
			"sum":	{
				"start":	0,
				"end":	1.001061,
				"seconds":	1.001060962677002,
				"bytes":	16908288,
				"bits_per_second":	135122943.60003373,
				"retransmits":	0,
				"omitted":	false,
				"sender":	true
			}
		}, {
			"streams":	[{
					"socket":	5,
					"start":	1.001061,
					"end":	2.001066,
					"seconds":	1.0000050067901611,
					"bytes":	5636096,
					"bits_per_second":	45088542.251130275,
					"retransmits":	10,
					"snd_cwnd":	1862128,
					"snd_wnd":	8823296,
					"rtt":	313961,
					"rttvar":	657,
					"pmtu":	1500,
					"omitted":	false,
					"sender":	true
				}],
			"sum":	{
				"start":	1.001061,
				"end":	2.001066,
				"seconds":	1.0000050067901611,
				"bytes":	5636096,
				"bits_per_second":	45088542.251130275,
				"retransmits":	10,
				"omitted":	false,
				"sender":	true
			}
		}, {
			"streams":	[{
					"socket":	5,
					"start":	2.001066,
					"end":	3.001078,
					"seconds":	1.0000120401382446,
					"bytes":	5505024,
					"bits_per_second":	44039661.7563842,
					"retransmits":	2,
					"snd_cwnd":	1317680,
					"snd_wnd":	12578304,
					"rtt":	109896,
					"rttvar":	66,
					"pmtu":	1500,
					"omitted":	false,
					"sender":	true
				}],
			"sum":	{
				"start":	2.001066,
				"end":	3.001078,
				"seconds":	1.0000120401382446,
				"bytes":	5505024,
				"bits_per_second":	44039661.7563842,
				"retransmits":	2,
				"omitted":	false,
				"sender":	true
			}
		}, {
			"streams":	[{
					"socket":	5,
					"start":	3.001078,
					"end":	4.001063,
					"seconds":	0.9999849796295166,
					"bytes":	5505024,
					"bits_per_second":	44040853.509936124,
					"retransmits":	3,
					"snd_cwnd":	1288720,
					"snd_wnd":	12582912,
					"rtt":	128000,
					"rttvar":	1135,
					"pmtu":	1500,
					"omitted":	false,
					"sender":	true
				}],
			"sum":	{
				"start":	3.001078,
				"end":	4.001063,
				"seconds":	0.9999849796295166,
				"bytes":	5505024,
				"bits_per_second":	44040853.509936124,
				"retransmits":	3,
				"omitted":	false,
				"sender":	true
			}
		}, {
			"streams":	[{
					"socket":	5,
					"start":	4.001063,
					"end":	5.001091,
					"seconds":	1.0000280141830444,
					"bytes":	5505024,
					"bits_per_second":	44038958.28456153,
					"retransmits":	16,
					"snd_cwnd":	1297408,
					"snd_wnd":	12579328,
					"rtt":	116830,
					"rttvar":	1614,
					"pmtu":	1500,
					"omitted":	false,
					"sender":	true
				}],
			"sum":	{
				"start":	4.001063,
				"end":	5.001091,
				"seconds":	1.0000280141830444,
				"bytes":	5505024,
				"bits_per_second":	44038958.28456153,
				"retransmits":	16,
				"omitted":	false,
				"sender":	true
			}
		}, {
			"streams":	[{
					"socket":	5,
					"start":	5.001091,
					"end":	6.00104,
					"seconds":	0.99994897842407227,
					"bytes":	5636096,
					"bits_per_second":	45091068.617381126,
					"retransmits":	3,
					"snd_cwnd":	1291616,
					"snd_wnd":	12582912,
					"rtt":	112599,
					"rttvar":	155,
					"pmtu":	1500,
					"omitted":	false,
					"sender":	true
				}],
			"sum":	{
				"start":	5.001091,
				"end":	6.00104,
				"seconds":	0.99994897842407227,
				"bytes":	5636096,
				"bits_per_second":	45091068.617381126,
				"retransmits":	3,
				"omitted":	false,
				"sender":	true
			}
		}, {
			"streams":	[{
					"socket":	5,
					"start":	6.00104,
					"end":	7.001048,
					"seconds":	1.0000079870224,
					"bytes":	5505024,
					"bits_per_second":	44039840.252809413,
					"retransmits":	0,
					"snd_cwnd":	1282928,
					"snd_wnd":	12578304,
					"rtt":	111002,
					"rttvar":	104,
					"pmtu":	1500,
					"omitted":	false,
					"sender":	true
				}],
			"sum":	{
				"start":	6.00104,
				"end":	7.001048,
				"seconds":	1.0000079870224,
				"bytes":	5505024,
				"bits_per_second":	44039840.252809413,
				"retransmits":	0,
				"omitted":	false,
				"sender":	true
			}
		}, {
			"streams":	[{
					"socket":	5,
					"start":	7.001048,
					"end":	8.001067,
					"seconds":	1.0000189542770386,
					"bytes":	5505024,
					"bits_per_second":	44039357.265821785,
					"retransmits":	4,
					"snd_cwnd":	1282928,
					"snd_wnd":	12578304,
					"rtt":	104977,
					"rttvar":	126,
					"pmtu":	1500,
					"omitted":	false,
					"sender":	true
				}],
			"sum":	{
				"start":	7.001048,
				"end":	8.001067,
				"seconds":	1.0000189542770386,
				"bytes":	5505024,
				"bits_per_second":	44039357.265821785,
				"retransmits":	4,
				"omitted":	false,
				"sender":	true
			}
		}, {
			"streams":	[{
					"socket":	5,
					"start":	8.001067,
					"end":	9.001078,
					"seconds":	1.0000109672546387,
					"bytes":	5505024,
					"bits_per_second":	44039709.005297124,
					"retransmits":	9,
					"snd_cwnd":	1288720,
					"snd_wnd":	12582912,
					"rtt":	105315,
					"rttvar":	871,
					"pmtu":	1500,
					"omitted":	false,
					"sender":	true
				}],
			"sum":	{
				"start":	8.001067,
				"end":	9.001078,
				"seconds":	1.0000109672546387,
				"bytes":	5505024,
				"bits_per_second":	44039709.005297124,
				"retransmits":	9,
				"omitted":	false,
				"sender":	true
			}
		}, {
			"streams":	[{
					"socket":	5,
					"start":	9.001078,
					"end":	10.00107,
					"seconds":	0.9999920129776,
					"bytes":	5636096,
					"bits_per_second":	45089128.127876349,
					"retransmits":	3,
					"snd_cwnd":	1265552,
					"snd_wnd":	12582912,
					"rtt":	115288,
					"rttvar":	1471,
					"pmtu":	1500,
					"omitted":	false,
					"sender":	true
				}],
			"sum":	{
				"start":	9.001078,
				"end":	10.00107,
				"seconds":	0.9999920129776,
				"bytes":	5636096,
				"bits_per_second":	45089128.127876349,
				"retransmits":	3,
				"omitted":	false,
				"sender":	true
			}
		}, {
			"streams":	[{
					"socket":	5,
					"start":	10.00107,
					"end":	11.001072,
					"seconds":	1.0000020265579224,
					"bytes":	11010048,
					"bits_per_second":	88080205.500361741,
					"retransmits":	3,
					"snd_cwnd":	1274240,
					"snd_wnd":	12580352,
					"rtt":	111333,
					"rttvar":	1252,
					"pmtu":	1500,
					"omitted":	false,
					"sender":	true
				}],
			"sum":	{
				"start":	10.00107,
				"end":	11.001072,
				"seconds":	1.0000020265579224,
				"bytes":	11010048,
				"bits_per_second":	88080205.500361741,
				"retransmits":	3,
				"omitted":	false,
				"sender":	true
			}
		}, {
			"streams":	[{
					"socket":	5,
					"start":	11.001072,
					"end":	12.001052,
					"seconds":	0.99997997283935547,
					"bytes":	5505024,
					"bits_per_second":	44041074.0176643,
					"retransmits":	6,
					"snd_cwnd":	1280032,
					"snd_wnd":	12579328,
					"rtt":	104479,
					"rttvar":	57,
					"pmtu":	1500,
					"omitted":	false,
					"sender":	true
				}],
			"sum":	{
				"start":	11.001072,
				"end":	12.001052,
				"seconds":	0.99997997283935547,
				"bytes":	5505024,