{
	"start":	{
		"connected":	[{
				"socket":	5,
				"local_host":	"10.0.0.1",
				"local_port":	34144,
				"remote_host":	"10.0.0.2",
				"remote_port":	5201
			}],
		"version":	"iperf 3.16",
		"system_info":	"Linux mininet 6.8.0-88-generic #89-Ubuntu SMP PREEMPT_DYNAMIC Sat Oct 11 01:02:46 UTC 2025 x86_64",
		"timestamp":	{
			"time":	"Tue, 02 Dec 2025 17:05:06 GMT",
			"timesecs":	1764695106
		},
		"connecting_to":	{
			"host":	"10.0.0.2",
			"port":	5201
		},
		"cookie":	"um77765apveffgemrwjjworn5x2zzb2odpdm",
		"tcp_mss_default":	1448,
		"target_bitrate":	0,
		"fq_rate":	0,
		"sock_bufsize":	0,
		"sndbuf_actual":	87380,
		"rcvbuf_actual":	87380,
		"test_start":	{
			"protocol":	"TCP",
			"num_streams":	1,
			"blksize":	131072,
			"omit":	0,
			"duration":	20,
			"bytes":	0,
			"blocks":	0,
			"reverse":	0,
			"tos":	0,
			"target_bitrate":	0,
			"bidir":	0,
			"fqrate":	0
		}
	},
	"intervals":	[{
			"streams":	[{
					"socket":	5,
					"start":	0,
					"end":	1.001101,
					"seconds":	1.001101016998291,
					"bytes":	4194304,
					"bits_per_second":	33517528.6312363,
					"retransmits":	9,
					"snd_cwnd":	570512,
					"snd_wnd":	1703424,
					"rtt":	440521,
					"rttvar":	14434,
					"pmtu":	1500,
					"omitted":	false,
					"sender":	true
				}],
			"sum":	{
				"start":	0,
				"end":	1.001101,
				"seconds":	1.001101016998291,
				"bytes":	4194304,
				"bits_per_second":	33517528.6312363,
				"retransmits":	9,
				"omitted":	false,
				"sender":	true
			}
		}, {
			"streams":	[{
					"socket":	5,
					"start":	1.001101,
					"end":	2.001057,
					"seconds":	0.99995601177215576,
					"bytes":	1835008,
					"bits_per_second":	14680709.778406648,
					"retransmits":	17,
					"snd_cwnd":	363448,
					"snd_wnd":	2654208,
					"rtt":	313111,
					"rttvar":	415,
					"pmtu":	1500,
					"omitted":	false,
					"sender":	true
				}],
			"sum":	{
				"start":	1.001101,
				"end":	2.001057,
				"seconds":	0.99995601177215576,
				"bytes":	1835008,
				"bits_per_second":	14680709.778406648,
				"retransmits":	17,
				"omitted":	false,
				"sender":	true
			}
		}, {
			"streams":	[{
					"socket":	5,
					"start":	2.001057,
					"end":	3.001096,
					"seconds":	1.0000389814376831,
					"bytes":	1572864,
					"bits_per_second":	12582421.51911965,
					"retransmits":	8,
					"snd_cwnd":	14480,
					"snd_wnd":	4689920,
					"rtt":	44929,
					"rttvar":	507,
					"pmtu":	1500,
					"omitted":	false,
					"sender":	true
				}],
			"sum":	{
				"start":	2.001057,
				"end":	3.001096,
				"seconds":	1.0000389814376831,
				"bytes":	1572864,
				"bits_per_second":	12582421.51911965,
				"retransmits":	8,
				"omitted":	false,
				"sender":	true
			}
		}, {
			"streams":	[{
					"socket":	5,
					"start":	3.001096,
					"end":	4.001063,
					"seconds":	0.99996697902679443,
					"bytes":	0,
					"bits_per_second":	0,
					"retransmits":	3,
					"snd_cwnd":	18824,
					"snd_wnd":	5295104,
					"rtt":	44649,
					"rttvar":	282,
					"pmtu":	1500,
					"omitted":	false,
					"sender":	true
				}],
			"sum":	{
				"start":	3.001096,
				"end":	4.001063,
				"seconds":	0.99996697902679443,
				"bytes":	0,
				"bits_per_second":	0,
				"retransmits":	3,
				"omitted":	false,
				"sender":	true
			}
		}, {
			"streams":	[{
					"socket":	5,
					"start":	4.001063,
					"end":	5.001588,
					"seconds":	1.0005249977111816,
					"bytes":	0,
					"bits_per_second":	0,
					"retransmits":	4,
					"snd_cwnd":	15928,
					"snd_wnd":	6282752,
					"rtt":	44654,
					"rttvar":	111,
					"pmtu":	1500,
					"omitted":	false,
					"sender":	true
				}],
			"sum":	{
				"start":	4.001063,
				"end":	5.001588,
				"seconds":	1.0005249977111816,
				"bytes":	0,
				"bits_per_second":	0,
				"retransmits":	4,
				"omitted":	false,
				"sender":	true
			}
		}, {
			"streams":	[{
					"socket":	5,
					"start":	5.001588,
					"end":	6.001088,
					"seconds":	0.99949997663497925,
					"bytes":	0,
					"bits_per_second":	0,
					"retransmits":	4,
					"snd_cwnd":	21720,
					"snd_wnd":	7496192,
					"rtt":	44642,
					"rttvar":	254,
					"pmtu":	1500,
					"omitted":	false,
					"sender":	true
				}],
			"sum":	{
				"start":	5.001588,
				"end":	6.001088,
				"seconds":	0.99949997663497925,
				"bytes":	0,
				"bits_per_second":	0,
				"retransmits":	4,
				"omitted":	false,
				"sender":	true
			}
		}, {
			"streams":	[{
					"socket":	5,
					"start":	6.001088,
					"end":	7.001217,
					"seconds":	1.0001289844512939,
					"bytes":	1572864,
					"bits_per_second":	12581289.209314765,
					"retransmits":	3,
					"snd_cwnd":	15928,
					"snd_wnd":	8923648,
					"rtt":	44694,
					"rttvar":	388,
					"pmtu":	1500,
					"omitted":	false,
					"sender":	true
				}],
			"sum":	{
				"start":	6.001088,
				"end":	7.001217,
				"seconds":	1.0001289844512939,
				"bytes":	1572864,
				"bits_per_second":	12581289.209314765,
				"retransmits":	3,
				"omitted":	false,
				"sender":	true
			}
		}, {
			"streams":	[{
					"socket":	5,
					"start":	7.001217,
					"end":	8.001033,
					"seconds":	0.99981600046157837,
					"bytes":	0,
					"bits_per_second":	0,
					"retransmits":	3,
					"snd_cwnd":	15928,
					"snd_wnd":	9665024,
					"rtt":	45243,
					"rttvar":	635,
					"pmtu":	1500,
					"omitted":	false,
					"sender":	true
				}],
			"sum":	{
				"start":	7.001217,
				"end":	8.001033,
				"seconds":	0.99981600046157837,
				"bytes":	0,
				"bits_per_second":	0,
				"retransmits":	3,
				"omitted":	false,
				"sender":	true
			}
		}, {
			"streams":	[{
					"socket":	5,
					"start":	8.001033,
					"end":	9.001104,
					"seconds":	1.0000710487365723,
					"bytes":	0,
					"bits_per_second":	0,
					"retransmits":	2,
					"snd_cwnd":	27512,
					"snd_wnd":	10264576,
					"rtt":	44641,
					"rttvar":	239,
					"pmtu":	1500,
					"omitted":	false,
					"sender":	true
				}],
			"sum":	{
				"start":	8.001033,
				"end":	9.001104,
				"seconds":	1.0000710487365723,
				"bytes":	0,
				"bits_per_second":	0,
				"retransmits":	2,
				"omitted":	false,
				"sender":	true
			}
		}, {
			"streams":	[{
					"socket":	5,
					"start":	9.001104,
					"end":	10.001068,
					"seconds":	0.99996399879455566,
					"bytes":	1441792,
					"bits_per_second":	11534751.264950039,
					"retransmits":	4,
					"snd_cwnd":	18824,
					"snd_wnd":	11405824,
					"rtt":	44759,
					"rttvar":	312,
					"pmtu":	1500,
					"omitted":	false,
					"sender":	true
				}],
			"sum":	{
				"start":	9.001104,
				"end":	10.001068,
				"seconds":	0.99996399879455566,
				"bytes":	1441792,
				"bits_per_second":	11534751.264950039,
				"retransmits":	4,
				"omitted":	false,
				"sender":	true
			}
		}, {
			"streams":	[{
					"socket":	5,
					"start":	10.001068,
					"end":	11.001024,
					"seconds":	0.99995601177215576,
					"bytes":	0,
					"bits_per_second":	0,
					"retransmits":	1,
					"snd_cwnd":	36200,
					"snd_wnd":	12073472,
					"rtt":	44876,
					"rttvar":	586,
					"pmtu":	1500,
					"omitted":	false,
					"sender":	true
				}],
			"sum":	{
				"start":	10.001068,
				"end":	11.001024,
				"seconds":	0.99995601177215576,
				"bytes":	0,
				"bits_per_second":	0,
				"retransmits":	1,
				"omitted":	false,
				"sender":	true
			}
		}, {
			"streams":	[{
					"socket":	5,
					"start":	11.001024,
					"end":	12.001587,
					"seconds":	1.0005630254745483,
					"bytes":	0,
					"bits_per_second":	0,
					"retransmits":	5,
					"snd_cwnd":	23168,
					"snd_wnd":	12071936,
					"rtt":	46730,
					"rttvar":	1429,
					"pmtu":	1500,
					"omitted":	false,
					"sender":	true
				}],
			"sum":	{
				"start":	11.001024,
				"end":	12.001587,
				"seconds":	1.0005630254745483,
				"bytes":	0,
				"bits_per_second":	0,
				"retransmits":	5,
				"omitted":	false,
				"sender":	true
			}
		}, {
			"streams":	[{
					"socket":	5,
					"start":	12.001587,
					"end":	13.001068,
					"seconds":	0.99948102235794067,
					"bytes":	1572864,
					"bits_per_second":	12589445.640813503,
					"retransmits":	5,
					"snd_cwnd":	28960,