{
	"start":	{
		"connected":	[{
				"socket":	5,
				"local_host":	"10.0.0.2",
				"local_port":	5201,
				"remote_host":	"10.0.0.1",
				"remote_port":	34144
			}],
		"version":	"iperf 3.16",
		"system_info":	"Linux mininet 6.8.0-88-generic #89-Ubuntu SMP PREEMPT_DYNAMIC Sat Oct 11 01:02:46 UTC 2025 x86_64",
		"sock_bufsize":	0,
		"sndbuf_actual":	87380,
		"rcvbuf_actual":	87380,
		"timestamp":	{
			"time":	"Tue, 02 Dec 2025 17:05:06 GMT",
			"timesecs":	1764695106
		},
		"accepted_connection":	{
			"host":	"10.0.0.1",
			"port":	34136
		},
		"cookie":	"um77765apveffgemrwjjworn5x2zzb2odpdm",
		"tcp_mss_default":	0,
		"target_bitrate":	0,
		"fq_rate":	0,
		"test_start":	{
			"protocol":	"TCP",
			"num_streams":	1,
			"blksize":	131072,
			"omit":	0,
			"duration":	20,
			"bytes":	0,
			"blocks":	0,
			"reverse":	0,
			"tos":	0,
			"target_bitrate":	0,
			"bidir":	0,
			"fqrate":	0
		}
	},
	"intervals":	[{
			"streams":	[{
					"socket":	5,
					"start":	0,
					"end":	1.000571,
					"seconds":	1.0005710124969482,
					"bytes":	655360,
					"bits_per_second":	5239887.9584930921,
					"omitted":	false,
					"sender":	false
				}],
			"sum":	{
				"start":	0,
				"end":	1.000571,
				"seconds":	1.0005710124969482,
				"bytes":	655360,
				"bits_per_second":	5239887.9584930921,
				"omitted":	false,
				"sender":	false
			}
		}, {
			"streams":	[{
					"socket":	5,
					"start":	1.000571,
					"end":	2.000831,
					"seconds":	1.00025999546051,
					"bytes":	1572864,
					"bits_per_second":	12579641.350354061,
					"omitted":	false,
					"sender":	false
				}],
			"sum":	{
				"start":	1.000571,
				"end":	2.000831,
				"seconds":	1.00025999546051,
				"bytes":	1572864,
				"bits_per_second":	12579641.350354061,
				"omitted":	false,
				"sender":	false
			}
		}, {
			"streams":	[{
					"socket":	5,
					"start":	2.000831,
					"end":	3.00051,
					"seconds":	0.99967902898788452,
					"bytes":	1048576,
					"bits_per_second":	8391301.3644919265,
					"omitted":	false,
					"sender":	false
				}],
			"sum":	{
				"start":	2.000831,
				"end":	3.00051,
				"seconds":	0.99967902898788452,
				"bytes":	1048576,
				"bits_per_second":	8391301.3644919265,
				"omitted":	false,
				"sender":	false
			}
		}, {
			"streams":	[{
					"socket":	5,
					"start":	3.00051,
					"end":	4.000882,
					"seconds":	1.000372052192688,
					"bytes":	262144,
					"bits_per_second":	2096372.0401857591,
					"omitted":	false,
					"sender":	false
				}],
			"sum":	{
				"start":	3.00051,
				"end":	4.000882,
				"seconds":	1.000372052192688,
				"bytes":	262144,
				"bits_per_second":	2096372.0401857591,
				"omitted":	false,
				"sender":	false
			}
		}, {
			"streams":	[{
					"socket":	5,
					"start":	4.000882,
					"end":	5.000421,
					"seconds":	0.999539017677307,
					"bytes":	524288,
					"bits_per_second":	4196238.3917203881,
					"omitted":	false,
					"sender":	false
				}],
			"sum":	{
				"start":	4.000882,
				"end":	5.000421,
				"seconds":	0.999539017677307,
				"bytes":	524288,
				"bits_per_second":	4196238.3917203881,
				"omitted":	false,
				"sender":	false
			}
		}, {
			"streams":	[{
					"socket":	5,
					"start":	5.000421,
					"end":	6.000609,
					"seconds":	1.0001879930496216,
					"bytes":	524288,
					"bits_per_second":	4193515.6482046582,
					"omitted":	false,
					"sender":	false
				}],
			"sum":	{
				"start":	5.000421,
				"end":	6.000609,
				"seconds":	1.0001879930496216,
				"bytes":	524288,
				"bits_per_second":	4193515.6482046582,
				"omitted":	false,
				"sender":	false
			}
		}, {
			"streams":	[{
					"socket":	5,
					"start":	6.000609,
					"end":	7.000331,
					"seconds":	0.99972200393676758,
					"bytes":	786432,
					"bits_per_second":	6293205.4863503184,
					"omitted":	false,
					"sender":	false
				}],
			"sum":	{
				"start":	6.000609,
				"end":	7.000331,
				"seconds":	0.99972200393676758,
				"bytes":	786432,
				"bits_per_second":	6293205.4863503184,
				"omitted":	false,
				"sender":	false
			}
		}, {
			"streams":	[{
					"socket":	5,
					"start":	7.000331,
					"end":	8.00084,
					"seconds":	1.0005090236663818,
					"bytes":	393216,
					"bits_per_second":	3144127.5646594646,
					"omitted":	false,
					"sender":	false
				}],
			"sum":	{
				"start":	7.000331,
				"end":	8.00084,
				"seconds":	1.0005090236663818,
				"bytes":	393216,
				"bits_per_second":	3144127.5646594646,
				"omitted":	false,
				"sender":	false
			}
		}, {
			"streams":	[{
					"socket":	5,
					"start":	8.00084,
					"end":	9.000973,
					"seconds":	1.0001330375671387,
					"bytes":	262144,
					"bits_per_second":	2096873.0371125438,
					"omitted":	false,
					"sender":	false
				}],
			"sum":	{
				"start":	8.00084,
				"end":	9.000973,
				"seconds":	1.0001330375671387,
				"bytes":	262144,
				"bits_per_second":	2096873.0371125438,
				"omitted":	false,
				"sender":	false
			}
		}, {
			"streams":	[{
					"socket":	5,
					"start":	9.000973,
					"end":	10.000783,
					"seconds":	0.999809980392456,
					"bytes":	655360,
					"bits_per_second":	5243876.4393430129,
					"omitted":	false,
					"sender":	false
				}],
			"sum":	{
				"start":	9.000973,
				"end":	10.000783,
				"seconds":	0.999809980392456,
				"bytes":	655360,
				"bits_per_second":	5243876.4393430129,
				"omitted":	false,
				"sender":	false
			}
		}, {
			"streams":	[{
					"socket":	5,
					"start":	10.000783,
					"end":	11.001053,
					"seconds":	1.0002700090408325,
					"bytes":	393216,
					"bits_per_second":	3144878.8542770222,
					"omitted":	false,
					"sender":	false
				}],
			"sum":	{
				"start":	10.000783,
				"end":	11.001053,
				"seconds":	1.0002700090408325,
				"bytes":	393216,
				"bits_per_second":	3144878.8542770222,
				"omitted":	false,
				"sender":	false
			}
		}, {
			"streams":	[{
					"socket":	5,
					"start":	11.001053,
					"end":	12.000327,
					"seconds":	0.99927401542663574,
					"bytes":	393216,
					"bits_per_second":	3148013.4091718025,
					"omitted":	false,
					"sender":	false
				}],
			"sum":	{
				"start":	11.001053,
				"end":	12.000327,
				"seconds":	0.99927401542663574,
				"bytes":	393216,
				"bits_per_second":	3148013.4091718025,
				"omitted":	false,
				"sender":	false
			}
		}, {
			"streams":	[{
					"socket":	5,
					"start":	12.000327,
					"end":	13.000324,
					"seconds":	0.99999701976776123,
					"bytes":	524288,
					"bits_per_second":	4194316.5000372529,
					"omitted":	false,
					"sender":	false
				}],
			"sum":	{
				"start":	12.000327,
				"end":	13.000324,
				"seconds":	0.99999701976776123,
				"bytes":	524288,
				"bits_per_second":	4194316.5000372529,
				"omitted":	false,
				"sender":	false
			}
		}, {
			"streams":	[{
					"socket":	5,
					"start":	13.000324,
					"end":	14.000326,
					"seconds":	1.0000020265579224,
					"bytes":	524288,
					"bits_per_second":	4194295.5000172257,
					"omitted":	false,
					"sender":	false
				}],
			"sum":	{
				"start":	13.000324,
				"end":	14.000326,
				"seconds":	1.0000020265579224,
				"bytes":	524288,
				"bits_per_second":	4194295.5000172257,
				"omitted":	false,
				"sender":	false
			}
		}, {
			"streams":	[{
					"socket":	5,
					"start":	14.000326,
					"end":	15.000659,
					"seconds":	1.0003329515457153,
					"bytes":	655360,
					"bits_per_second":	5241134.9560150923,
					"omitted":	false,
					"sender":	false
				}],
			"sum":	{
				"start":	14.000326,
				"end":	15.000659,
				"seconds":	1.0003329515457153,
				"bytes":	655360,
				"bits_per_second":	5241134.9560150923,
				"omitted":	false,
				"sender":	false
			}
		}, {
			"streams":	[{
					"socket":	5,
					"start":	15.000659,
					"end":	16.00034,
					"seconds":	0.999680995941162,
					"bytes":	262144,
					"bits_per_second":	2097821.2134818169,
					"omitted":	false,
					"sender":	false
				}],
			"sum":	{
				"start":	15.000659,
				"end":	16.00034,
				"seconds":	0.999680995941162,
				"bytes":	262144,
				"bits_per_second":	2097821.2134818169,
				"omitted":	false,