{
	"start":	{
		"connected":	[{
				"socket":	5,
				"local_host":	"10.0.0.1",
				"local_port":	39408,
				"remote_host":	"10.0.0.2",
				"remote_port":	5201
			}],
		"version":	"iperf 3.16",
		"system_info":	"Linux mininet 6.8.0-88-generic #89-Ubuntu SMP PREEMPT_DYNAMIC Sat Oct 11 01:02:46 UTC 2025 x86_64",
		"timestamp":	{
			"time":	"Tue, 02 Dec 2025 18:30:24 GMT",
			"timesecs":	1764700224
		},
		"connecting_to":	{
			"host":	"10.0.0.2",
			"port":	5201
		},
		"cookie":	"s3x2sqgfvkaauygpos22jiukzcnzyipvvsgv",
		"tcp_mss_default":	1448,
		"target_bitrate":	0,
		"fq_rate":	0,
		"sock_bufsize":	0,
		"sndbuf_actual":	87380,
		"rcvbuf_actual":	87380,
		"test_start":	{
			"protocol":	"TCP",
			"num_streams":	1,
			"blksize":	131072,
			"omit":	0,
			"duration":	20,
			"bytes":	0,
			"blocks":	0,
			"reverse":	0,
			"tos":	0,
			"target_bitrate":	0,
			"bidir":	0,
			"fqrate":	0
		}
	},
	"intervals":	[{
			"streams":	[{
					"socket":	5,
					"start":	0,
					"end":	1.001048,
					"seconds":	1.0010479688644409,
					"bytes":	2228224,
					"bits_per_second":	17807130.681480777,
					"retransmits":	0,
					"snd_cwnd":	124528,
					"snd_wnd":	1141248,
					"rtt":	64626,
					"rttvar":	3761,
					"pmtu":	1500,
					"omitted":	false,
					"sender":	true
				}],
			"sum":	{
				"start":	0,
				"end":	1.001048,
				"seconds":	1.0010479688644409,
				"bytes":	2228224,
				"bits_per_second":	17807130.681480777,
				"retransmits":	0,
				"omitted":	false,
				"sender":	true
			}
		}, {
			"streams":	[{
					"socket":	5,
					"start":	1.001048,
					"end":	2.001068,
					"seconds":	1.0000200271606445,
					"bytes":	1179648,
					"bits_per_second":	9436995.003785057,
					"retransmits":	0,
					"snd_cwnd":	124528,
					"snd_wnd":	1141248,
					"rtt":	69030,
					"rttvar":	113,
					"pmtu":	1500,
					"omitted":	false,
					"sender":	true
				}],
			"sum":	{
				"start":	1.001048,
				"end":	2.001068,
				"seconds":	1.0000200271606445,
				"bytes":	1179648,
				"bits_per_second":	9436995.003785057,
				"retransmits":	0,
				"omitted":	false,
				"sender":	true
			}
		}, {
			"streams":	[{
					"socket":	5,
					"start":	2.001068,
					"end":	3.000861,
					"seconds":	0.999792993068695,
					"bytes":	1179648,
					"bits_per_second":	9439137.96698471,
					"retransmits":	0,
					"snd_cwnd":	124528,
					"snd_wnd":	1141248,
					"rtt":	71780,
					"rttvar":	80,
					"pmtu":	1500,
					"omitted":	false,
					"sender":	true
				}],
			"sum":	{
				"start":	2.001068,
				"end":	3.000861,
				"seconds":	0.999792993068695,
				"bytes":	1179648,
				"bits_per_second":	9439137.96698471,
				"retransmits":	0,
				"omitted":	false,
				"sender":	true
			}
		}, {
			"streams":	[{
					"socket":	5,
					"start":	3.000861,
					"end":	4.000926,
					"seconds":	1.0000649690628052,
					"bytes":	1179648,
					"bits_per_second":	9436570.91483157,
					"retransmits":	0,
					"snd_cwnd":	124528,
					"snd_wnd":	1142272,
					"rtt":	77302,
					"rttvar":	1184,
					"pmtu":	1500,
					"omitted":	false,
					"sender":	true
				}],
			"sum":	{
				"start":	3.000861,
				"end":	4.000926,
				"seconds":	1.0000649690628052,
				"bytes":	1179648,
				"bits_per_second":	9436570.91483157,
				"retransmits":	0,
				"omitted":	false,
				"sender":	true
			}
		}, {
			"streams":	[{
					"socket":	5,
					"start":	4.000926,
					"end":	5.000601,
					"seconds":	0.99967497587203979,
					"bytes":	1179648,
					"bits_per_second":	9440252.30977471,
					"retransmits":	0,
					"snd_cwnd":	124528,
					"snd_wnd":	1142272,
					"rtt":	85843,
					"rttvar":	2599,
					"pmtu":	1500,
					"omitted":	false,
					"sender":	true
				}],
			"sum":	{
				"start":	4.000926,
				"end":	5.000601,
				"seconds":	0.99967497587203979,
				"bytes":	1179648,
				"bits_per_second":	9440252.30977471,
				"retransmits":	0,
				"omitted":	false,
				"sender":	true
			}
		}, {
			"streams":	[{
					"socket":	5,
					"start":	5.000601,
					"end":	6.000552,
					"seconds":	0.99995100498199463,
					"bytes":	1179648,
					"bits_per_second":	9437646.39765518,
					"retransmits":	0,
					"snd_cwnd":	127424,
					"snd_wnd":	1142272,
					"rtt":	89973,
					"rttvar":	56,
					"pmtu":	1500,
					"omitted":	false,
					"sender":	true
				}],
			"sum":	{
				"start":	5.000601,
				"end":	6.000552,
				"seconds":	0.99995100498199463,
				"bytes":	1179648,
				"bits_per_second":	9437646.39765518,
				"retransmits":	0,
				"omitted":	false,
				"sender":	true
			}
		}, {
			"streams":	[{
					"socket":	5,
					"start":	6.000552,
					"end":	7.000995,
					"seconds":	1.0004429817199707,
					"bytes":	1179648,
					"bits_per_second":	9433005.35106509,
					"retransmits":	0,
					"snd_cwnd":	121632,
					"snd_wnd":	1142272,
					"rtt":	95210,
					"rttvar":	184,
					"pmtu":	1500,
					"omitted":	false,
					"sender":	true
				}],
			"sum":	{
				"start":	6.000552,
				"end":	7.000995,
				"seconds":	1.0004429817199707,
				"bytes":	1179648,
				"bits_per_second":	9433005.35106509,
				"retransmits":	0,
				"omitted":	false,
				"sender":	true
			}
		}, {
			"streams":	[{
					"socket":	5,
					"start":	7.000995,
					"end":	8.001056,
					"seconds":	1.00006103515625,
					"bytes":	1179648,
					"bits_per_second":	9436608.0351541042,
					"retransmits":	0,
					"snd_cwnd":	121632,
					"snd_wnd":	1141248,
					"rtt":	89850,
					"rttvar":	1231,
					"pmtu":	1500,
					"omitted":	false,
					"sender":	true
				}],
			"sum":	{
				"start":	7.000995,
				"end":	8.001056,
				"seconds":	1.00006103515625,
				"bytes":	1179648,
				"bits_per_second":	9436608.0351541042,
				"retransmits":	0,
				"omitted":	false,
				"sender":	true
			}
		}, {
			"streams":	[{
					"socket":	5,
					"start":	8.001056,
					"end":	9.000678,
					"seconds":	0.99962198734283447,
					"bytes":	1703936,
					"bits_per_second":	13636642.823588561,
					"retransmits":	0,
					"snd_cwnd":	124528,
					"snd_wnd":	1141248,
					"rtt":	90779,
					"rttvar":	3116,
					"pmtu":	1500,
					"omitted":	false,
					"sender":	true
				}],
			"sum":	{
				"start":	8.001056,
				"end":	9.000678,
				"seconds":	0.99962198734283447,
				"bytes":	1703936,
				"bits_per_second":	13636642.823588561,
				"retransmits":	0,
				"omitted":	false,
				"sender":	true
			}
		}, {
			"streams":	[{
					"socket":	5,
					"start":	9.000678,
					"end":	10.001517,
					"seconds":	1.0008389949798584,
					"bytes":	1179648,
					"bits_per_second":	9429272.88738377,
					"retransmits":	0,
					"snd_cwnd":	127424,
					"snd_wnd":	1141248,
					"rtt":	88222,
					"rttvar":	92,
					"pmtu":	1500,
					"omitted":	false,
					"sender":	true
				}],
			"sum":	{
				"start":	9.000678,
				"end":	10.001517,
				"seconds":	1.0008389949798584,
				"bytes":	1179648,
				"bits_per_second":	9429272.88738377,
				"retransmits":	0,
				"omitted":	false,
				"sender":	true
			}
		}, {
			"streams":	[{
					"socket":	5,
					"start":	10.001517,
					"end":	11.000993,
					"seconds":	0.99947601556777954,
					"bytes":	655360,
					"bits_per_second":	5245628.6277381452,
					"retransmits":	0,
					"snd_cwnd":	127424,
					"snd_wnd":	1141248,
					"rtt":	54889,
					"rttvar":	150,
					"pmtu":	1500,
					"omitted":	false,
					"sender":	true
				}],
			"sum":	{
				"start":	10.001517,
				"end":	11.000993,
				"seconds":	0.99947601556777954,
				"bytes":	655360,
				"bits_per_second":	5245628.6277381452,
				"retransmits":	0,
				"omitted":	false,
				"sender":	true
			}
		}, {
			"streams":	[{
					"socket":	5,
					"start":	11.000993,
					"end":	12.000589,
					"seconds":	0.9995959997177124,
					"bytes":	1179648,
					"bits_per_second":	9440998.16592411,
					"retransmits":	0,
					"snd_cwnd":	124528,
					"snd_wnd":	1141248,
					"rtt":	57900,
					"rttvar":	199,
					"pmtu":	1500,
					"omitted":	false,
					"sender":	true
				}],
			"sum":	{
				"start":	11.000993,
				"end":	12.000589,
				"seconds":	0.9995959997177124,
				"bytes":	1179648,
				"bits_per_second":	9440998.16592411,
				"retransmits":	0,