{
	"start":	{
		"connected":	[{
				"socket":	5,
				"local_host":	"10.0.0.2",
				"local_port":	5201,
				"remote_host":	"10.0.0.1",
				"remote_port":	39408
			}],
		"version":	"iperf 3.16",
		"system_info":	"Linux mininet 6.8.0-88-generic #89-Ubuntu SMP PREEMPT_DYNAMIC Sat Oct 11 01:02:46 UTC 2025 x86_64",
		"sock_bufsize":	0,
		"sndbuf_actual":	87380,
		"rcvbuf_actual":	87380,
		"timestamp":	{
			"time":	"Tue, 02 Dec 2025 18:30:24 GMT",
			"timesecs":	1764700224
		},
		"accepted_connection":	{
			"host":	"10.0.0.1",
			"port":	39400
		},
		"cookie":	"s3x2sqgfvkaauygpos22jiukzcnzyipvvsgv",
		"tcp_mss_default":	0,
		"target_bitrate":	0,
		"fq_rate":	0,
		"test_start":	{
			"protocol":	"TCP",
			"num_streams":	1,
			"blksize":	131072,
			"omit":	0,
			"duration":	20,
			"bytes":	0,
			"blocks":	0,
			"reverse":	0,
			"tos":	0,
			"target_bitrate":	0,
			"bidir":	0,
			"fqrate":	0
		}
	},
	"intervals":	[{
			"streams":	[{
					"socket":	5,
					"start":	0,
					"end":	1.000963,
					"seconds":	1.0009629726409912,
					"bytes":	1048576,
					"bits_per_second":	8380537.77140934,
					"omitted":	false,
					"sender":	false
				}],
			"sum":	{
				"start":	0,
				"end":	1.000963,
				"seconds":	1.0009629726409912,
				"bytes":	1048576,
				"bits_per_second":	8380537.77140934,
				"omitted":	false,
				"sender":	false
			}
		}, {
			"streams":	[{
					"socket":	5,
					"start":	1.000963,
					"end":	2.000968,
					"seconds":	1.0000050067901611,
					"bytes":	1179648,
					"bits_per_second":	9437136.75023657,
					"omitted":	false,
					"sender":	false
				}],
			"sum":	{
				"start":	1.000963,
				"end":	2.000968,
				"seconds":	1.0000050067901611,
				"bytes":	1179648,
				"bits_per_second":	9437136.75023657,
				"omitted":	false,
				"sender":	false
			}
		}, {
			"streams":	[{
					"socket":	5,
					"start":	2.000968,
					"end":	3.000806,
					"seconds":	0.99983799457550049,
					"bytes":	1179648,
					"bits_per_second":	9438713.1227261759,
					"omitted":	false,
					"sender":	false
				}],
			"sum":	{
				"start":	2.000968,
				"end":	3.000806,
				"seconds":	0.99983799457550049,
				"bytes":	1179648,
				"bits_per_second":	9438713.1227261759,
				"omitted":	false,
				"sender":	false
			}
		}, {
			"streams":	[{
					"socket":	5,
					"start":	3.000806,
					"end":	4.001075,
					"seconds":	1.0002690553665161,
					"bytes":	1179648,
					"bits_per_second":	9434645.55798145,
					"omitted":	false,
					"sender":	false
				}],
			"sum":	{
				"start":	3.000806,
				"end":	4.001075,
				"seconds":	1.0002690553665161,
				"bytes":	1179648,
				"bits_per_second":	9434645.55798145,
				"omitted":	false,
				"sender":	false
			}
		}, {
			"streams":	[{
					"socket":	5,
					"start":	4.001075,
					"end":	5.000739,
					"seconds":	0.999664008617401,
					"bytes":	1179648,
					"bits_per_second":	9440355.87822375,
					"omitted":	false,
					"sender":	false
				}],
			"sum":	{
				"start":	4.001075,
				"end":	5.000739,
				"seconds":	0.999664008617401,
				"bytes":	1179648,
				"bits_per_second":	9440355.87822375,
				"omitted":	false,
				"sender":	false
			}
		}, {
			"streams":	[{
					"socket":	5,
					"start":	5.000739,
					"end":	6.001047,
					"seconds":	1.0003080368041992,
					"bytes":	1179648,
					"bits_per_second":	9434277.89518724,
					"omitted":	false,
					"sender":	false
				}],
			"sum":	{
				"start":	5.000739,
				"end":	6.001047,
				"seconds":	1.0003080368041992,
				"bytes":	1179648,
				"bits_per_second":	9434277.89518724,
				"omitted":	false,
				"sender":	false
			}
		}, {
			"streams":	[{
					"socket":	5,
					"start":	6.001047,
					"end":	7.000741,
					"seconds":	0.999693989753723,
					"bytes":	1179648,
					"bits_per_second":	9440072.75898985,
					"omitted":	false,
					"sender":	false
				}],
			"sum":	{
				"start":	6.001047,
				"end":	7.000741,
				"seconds":	0.999693989753723,
				"bytes":	1179648,
				"bits_per_second":	9440072.75898985,
				"omitted":	false,
				"sender":	false
			}
		}, {
			"streams":	[{
					"socket":	5,
					"start":	7.000741,
					"end":	8.000747,
					"seconds":	1.0000059604644775,
					"bytes":	1310720,
					"bits_per_second":	10485697.500372527,
					"omitted":	false,
					"sender":	false
				}],
			"sum":	{
				"start":	7.000741,
				"end":	8.000747,
				"seconds":	1.0000059604644775,
				"bytes":	1310720,
				"bits_per_second":	10485697.500372527,
				"omitted":	false,
				"sender":	false
			}
		}, {
			"streams":	[{
					"socket":	5,
					"start":	8.000747,
					"end":	9.000981,
					"seconds":	1.0002340078353882,
					"bytes":	1179648,
					"bits_per_second":	9434976.14165615,
					"omitted":	false,
					"sender":	false
				}],
			"sum":	{
				"start":	8.000747,
				"end":	9.000981,
				"seconds":	1.0002340078353882,
				"bytes":	1179648,
				"bits_per_second":	9434976.14165615,
				"omitted":	false,
				"sender":	false
			}
		}, {
			"streams":	[{
					"socket":	5,
					"start":	9.000981,
					"end":	10.000769,
					"seconds":	0.999787986278534,
					"bytes":	1179648,
					"bits_per_second":	9439185.23678966,
					"omitted":	false,
					"sender":	false
				}],
			"sum":	{
				"start":	9.000981,
				"end":	10.000769,
				"seconds":	0.999787986278534,
				"bytes":	1179648,
				"bits_per_second":	9439185.23678966,
				"omitted":	false,
				"sender":	false
			}
		}, {
			"streams":	[{
					"socket":	5,
					"start":	10.000769,
					"end":	11.001012,
					"seconds":	1.0002429485321045,
					"bytes":	917504,
					"bits_per_second":	7338249.18313274,
					"omitted":	false,
					"sender":	false
				}],
			"sum":	{
				"start":	10.000769,
				"end":	11.001012,
				"seconds":	1.0002429485321045,
				"bytes":	917504,
				"bits_per_second":	7338249.18313274,
				"omitted":	false,
				"sender":	false
			}
		}, {
			"streams":	[{
					"socket":	5,
					"start":	11.001012,
					"end":	12.000887,
					"seconds":	0.999875009059906,
					"bytes":	1179648,
					"bits_per_second":	9438363.7099530566,
					"omitted":	false,
					"sender":	false
				}],
			"sum":	{
				"start":	11.001012,
				"end":	12.000887,
				"seconds":	0.999875009059906,
				"bytes":	1179648,
				"bits_per_second":	9438363.7099530566,
				"omitted":	false,
				"sender":	false
			}
		}, {
			"streams":	[{
					"socket":	5,
					"start":	12.000887,
					"end":	13.001049,
					"seconds":	1.0001620054244995,
					"bytes":	1179648,
					"bits_per_second":	9435655.3726459239,
					"omitted":	false,
					"sender":	false
				}],
			"sum":	{
				"start":	12.000887,
				"end":	13.001049,
				"seconds":	1.0001620054244995,
				"bytes":	1179648,
				"bits_per_second":	9435655.3726459239,
				"omitted":	false,
				"sender":	false
			}
		}, {
			"streams":	[{
					"socket":	5,
					"start":	13.001049,
					"end":	14.000822,
					"seconds":	0.99977302551269531,
					"bytes":	1179648,
					"bits_per_second":	9439326.4862897266,
					"omitted":	false,
					"sender":	false
				}],
			"sum":	{
				"start":	13.001049,
				"end":	14.000822,
				"seconds":	0.99977302551269531,
				"bytes":	1179648,
				"bits_per_second":	9439326.4862897266,
				"omitted":	false,
				"sender":	false
			}
		}, {
			"streams":	[{
					"socket":	5,
					"start":	14.000822,
					"end":	15.000994,
					"seconds":	1.0001720190048218,
					"bytes":	1179648,
					"bits_per_second":	9435560.9042033236,
					"omitted":	false,
					"sender":	false
				}],
			"sum":	{
				"start":	14.000822,
				"end":	15.000994,
				"seconds":	1.0001720190048218,
				"bytes":	1179648,
				"bits_per_second":	9435560.9042033236,
				"omitted":	false,
				"sender":	false
			}
		}, {
			"streams":	[{
					"socket":	5,
					"start":	15.000994,
					"end":	16.000979,
					"seconds":	0.9999849796295166,
					"bytes":	1179648,
					"bits_per_second":	9437325.75212917,
					"omitted":	false,
					"sender":	false
				}],
			"sum":	{
				"start":	15.000994,
				"end":	16.000979,
				"seconds":	0.9999849796295166,
				"bytes":	1179648,
				"bits_per_second":	9437325.75212917,
				"omitted":	false,