{
	"start":	{
		"connected":	[{
				"socket":	5,
				"local_host":	"10.0.0.1",
				"local_port":	47460,
				"remote_host":	"10.0.0.2",
				"remote_port":	5201
			}],
		"version":	"iperf 3.16",
		"system_info":	"Linux mininet 6.8.0-88-generic #89-Ubuntu SMP PREEMPT_DYNAMIC Sat Oct 11 01:02:46 UTC 2025 x86_64",
		"timestamp":	{
			"time":	"Tue, 02 Dec 2025 17:46:04 GMT",
			"timesecs":	1764697564
		},
		"connecting_to":	{
			"host":	"10.0.0.2",
			"port":	5201
		},
		"cookie":	"a5khdp2i2p3li6hndjbu5zvjdmglevzjqa7o",
		"tcp_mss_default":	1448,
		"target_bitrate":	0,
		"fq_rate":	0,
		"sock_bufsize":	0,
		"sndbuf_actual":	87380,
		"rcvbuf_actual":	87380,
		"test_start":	{
			"protocol":	"TCP",
			"num_streams":	1,
			"blksize":	131072,
			"omit":	0,
			"duration":	20,
			"bytes":	0,
			"blocks":	0,
			"reverse":	0,
			"tos":	0,
			"target_bitrate":	0,
			"bidir":	0,
			"fqrate":	0
		}
	},
	"intervals":	[{
			"streams":	[{
					"socket":	5,
					"start":	0,
					"end":	1.000995,
					"seconds":	1.0009950399398804,
					"bytes":	1441792,
					"bits_per_second":	11522870.283845512,
					"retransmits":	9,
					"snd_cwnd":	34752,
					"snd_wnd":	958464,
					"rtt":	44746,
					"rttvar":	434,
					"pmtu":	1500,
					"omitted":	false,
					"sender":	true
				}],
			"sum":	{
				"start":	0,
				"end":	1.000995,
				"seconds":	1.0009950399398804,
				"bytes":	1441792,
				"bits_per_second":	11522870.283845512,
				"retransmits":	9,
				"omitted":	false,
				"sender":	true
			}
		}, {
			"streams":	[{
					"socket":	5,
					"start":	1.000995,
					"end":	2.000665,
					"seconds":	0.99967002868652344,
					"bytes":	524288,
					"bits_per_second":	4195688.45683104,
					"retransmits":	4,
					"snd_cwnd":	27512,
					"snd_wnd":	957440,
					"rtt":	46515,
					"rttvar":	1208,
					"pmtu":	1500,
					"omitted":	false,
					"sender":	true
				}],
			"sum":	{
				"start":	1.000995,
				"end":	2.000665,
				"seconds":	0.99967002868652344,
				"bytes":	524288,
				"bits_per_second":	4195688.45683104,
				"retransmits":	4,
				"omitted":	false,
				"sender":	true
			}
		}, {
			"streams":	[{
					"socket":	5,
					"start":	2.000665,
					"end":	3.000406,
					"seconds":	0.999741017818451,
					"bytes":	524288,
					"bits_per_second":	4195390.53139227,
					"retransmits":	2,
					"snd_cwnd":	33304,
					"snd_wnd":	957440,
					"rtt":	45927,
					"rttvar":	1005,
					"pmtu":	1500,
					"omitted":	false,
					"sender":	true
				}],
			"sum":	{
				"start":	2.000665,
				"end":	3.000406,
				"seconds":	0.999741017818451,
				"bytes":	524288,
				"bits_per_second":	4195390.53139227,
				"retransmits":	2,
				"omitted":	false,
				"sender":	true
			}
		}, {
			"streams":	[{
					"socket":	5,
					"start":	3.000406,
					"end":	4.000423,
					"seconds":	1.0000170469284058,
					"bytes":	655360,
					"bits_per_second":	5242790.6265235431,
					"retransmits":	6,
					"snd_cwnd":	17376,
					"snd_wnd":	957440,
					"rtt":	47877,
					"rttvar":	5237,
					"pmtu":	1500,
					"omitted":	false,
					"sender":	true
				}],
			"sum":	{
				"start":	3.000406,
				"end":	4.000423,
				"seconds":	1.0000170469284058,
				"bytes":	655360,
				"bits_per_second":	5242790.6265235431,
				"retransmits":	6,
				"omitted":	false,
				"sender":	true
			}
		}, {
			"streams":	[{
					"socket":	5,
					"start":	4.000423,
					"end":	5.000857,
					"seconds":	1.0004340410232544,
					"bytes":	262144,
					"bits_per_second":	2096242.1449144324,
					"retransmits":	5,
					"snd_cwnd":	17376,
					"snd_wnd":	957440,
					"rtt":	45030,
					"rttvar":	699,
					"pmtu":	1500,
					"omitted":	false,
					"sender":	true
				}],
			"sum":	{
				"start":	4.000423,
				"end":	5.000857,
				"seconds":	1.0004340410232544,
				"bytes":	262144,
				"bits_per_second":	2096242.1449144324,
				"retransmits":	5,
				"omitted":	false,
				"sender":	true
			}
		}, {
			"streams":	[{
					"socket":	5,
					"start":	5.000857,
					"end":	6.000857,
					"seconds":	1,
					"bytes":	262144,
					"bits_per_second":	2097152,
					"retransmits":	2,
					"snd_cwnd":	20272,
					"snd_wnd":	957440,
					"rtt":	46326,
					"rttvar":	1105,
					"pmtu":	1500,
					"omitted":	false,
					"sender":	true
				}],
			"sum":	{
				"start":	5.000857,
				"end":	6.000857,
				"seconds":	1,
				"bytes":	262144,
				"bits_per_second":	2097152,
				"retransmits":	2,
				"omitted":	false,
				"sender":	true
			}
		}, {
			"streams":	[{
					"socket":	5,
					"start":	6.000857,
					"end":	7.000542,
					"seconds":	0.999684989452362,
					"bytes":	524288,
					"bits_per_second":	4195625.6663388368,
					"retransmits":	4,
					"snd_cwnd":	18824,
					"snd_wnd":	957440,
					"rtt":	45791,
					"rttvar":	1480,
					"pmtu":	1500,
					"omitted":	false,
					"sender":	true
				}],
			"sum":	{
				"start":	6.000857,
				"end":	7.000542,
				"seconds":	0.999684989452362,
				"bytes":	524288,
				"bits_per_second":	4195625.6663388368,
				"retransmits":	4,
				"omitted":	false,
				"sender":	true
			}
		}, {
			"streams":	[{
					"socket":	5,
					"start":	7.000542,
					"end":	8.000924,
					"seconds":	1.0003819465637207,
					"bytes":	262144,
					"bits_per_second":	2096351.30582239,
					"retransmits":	3,
					"snd_cwnd":	26064,
					"snd_wnd":	960000,
					"rtt":	45419,
					"rttvar":	1346,
					"pmtu":	1500,
					"omitted":	false,
					"sender":	true
				}],
			"sum":	{
				"start":	7.000542,
				"end":	8.000924,
				"seconds":	1.0003819465637207,
				"bytes":	262144,
				"bits_per_second":	2096351.30582239,
				"retransmits":	3,
				"omitted":	false,
				"sender":	true
			}
		}, {
			"streams":	[{
					"socket":	5,
					"start":	8.000924,
					"end":	9.000838,
					"seconds":	0.999913990497589,
					"bytes":	786432,
					"bits_per_second":	6291997.1715458957,
					"retransmits":	2,
					"snd_cwnd":	28960,
					"snd_wnd":	957440,
					"rtt":	44744,
					"rttvar":	266,
					"pmtu":	1500,
					"omitted":	false,
					"sender":	true
				}],
			"sum":	{
				"start":	8.000924,
				"end":	9.000838,
				"seconds":	0.999913990497589,
				"bytes":	786432,
				"bits_per_second":	6291997.1715458957,
				"retransmits":	2,
				"omitted":	false,
				"sender":	true
			}
		}, {
			"streams":	[{
					"socket":	5,
					"start":	9.000838,
					"end":	10.000554,
					"seconds":	0.99971598386764526,
					"bytes":	524288,
					"bits_per_second":	4195495.5884303376,
					"retransmits":	4,
					"snd_cwnd":	23168,
					"snd_wnd":	957440,
					"rtt":	45559,
					"rttvar":	1284,
					"pmtu":	1500,
					"omitted":	false,
					"sender":	true
				}],
			"sum":	{
				"start":	9.000838,
				"end":	10.000554,
				"seconds":	0.99971598386764526,
				"bytes":	524288,
				"bits_per_second":	4195495.5884303376,
				"retransmits":	4,
				"omitted":	false,
				"sender":	true
			}
		}, {
			"streams":	[{
					"socket":	5,
					"start":	10.000554,
					"end":	11.000385,
					"seconds":	0.99983102083206177,
					"bytes":	262144,
					"bits_per_second":	2097506.4348921133,
					"retransmits":	5,
					"snd_cwnd":	17376,
					"snd_wnd":	960000,
					"rtt":	46024,
					"rttvar":	2168,
					"pmtu":	1500,
					"omitted":	false,
					"sender":	true
				}],
			"sum":	{
				"start":	10.000554,
				"end":	11.000385,
				"seconds":	0.99983102083206177,
				"bytes":	262144,
				"bits_per_second":	2097506.4348921133,
				"retransmits":	5,
				"omitted":	false,
				"sender":	true
			}
		}, {
			"streams":	[{
					"socket":	5,
					"start":	11.000385,
					"end":	12.000811,
					"seconds":	1.0004260540008545,
					"bytes":	524288,
					"bits_per_second":	4192517.7610342577,
					"retransmits":	3,
					"snd_cwnd":	17376,
					"snd_wnd":	960000,
					"rtt":	45294,
					"rttvar":	840,
					"pmtu":	1500,
					"omitted":	false,
					"sender":	true
				}],
			"sum":	{
				"start":	11.000385,
				"end":	12.000811,
				"seconds":	1.0004260540008545,
				"bytes":	524288,
				"bits_per_second":	4192517.7610342577,
				"retransmits":	3,
				"omitted":	false,