{
	"start":	{
		"connected":	[{
				"socket":	5,
				"local_host":	"10.0.0.1",
				"local_port":	58974,
				"remote_host":	"10.0.0.2",
				"remote_port":	5201
			}],
		"version":	"iperf 3.16",
		"system_info":	"Linux CSCE952FinalProject 6.14.0-36-generic #36~24.04.1-Ubuntu SMP PREEMPT_DYNAMIC Wed Oct 15 15:45:17 UTC 2 x86_64",
		"timestamp":	{
			"time":	"Sun, 30 Nov 2025 04:24:58 GMT",
			"timesecs":	1764476698
		},
		"connecting_to":	{
			"host":	"10.0.0.2",
			"port":	5201
		},
		"cookie":	"7udmfkuybii5cnz64edzwx6b2zxcq65utfci",
		"tcp_mss_default":	1448,
		"target_bitrate":	0,
		"fq_rate":	0,
		"sock_bufsize":	0,
		"sndbuf_actual":	87380,
		"rcvbuf_actual":	87380,
		"test_start":	{
			"protocol":	"TCP",
			"num_streams":	1,
			"blksize":	131072,
			"omit":	0,
			"duration":	20,
			"bytes":	0,
			"blocks":	0,
			"reverse":	0,
			"tos":	0,
			"target_bitrate":	0,
			"bidir":	0,
			"fqrate":	0
		}
	},
	"intervals":	[{
			"streams":	[{
					"socket":	5,
					"start":	0,
					"end":	1.001217,
					"seconds":	1.0012170076370239,
					"bytes":	1966080,
					"bits_per_second":	15709521.392491348,
					"retransmits":	8,
					"snd_cwnd":	165072,
					"snd_wnd":	532992,
					"rtt":	304963,
					"rttvar":	19454,
					"pmtu":	1500,
					"omitted":	false,
					"sender":	true
				}],
			"sum":	{
				"start":	0,
				"end":	1.001217,
				"seconds":	1.0012170076370239,
				"bytes":	1966080,
				"bits_per_second":	15709521.392491348,
				"retransmits":	8,
				"omitted":	false,
				"sender":	true
			}
		}, {
			"streams":	[{
					"socket":	5,
					"start":	1.001217,
					"end":	2.001678,
					"seconds":	1.0004609823226929,
					"bytes":	786432,
					"bits_per_second":	6288557.08634795,
					"retransmits":	2,
					"snd_cwnd":	89776,
					"snd_wnd":	1739264,
					"rtt":	121472,
					"rttvar":	7828,
					"pmtu":	1500,
					"omitted":	false,
					"sender":	true
				}],
			"sum":	{
				"start":	1.001217,
				"end":	2.001678,
				"seconds":	1.0004609823226929,
				"bytes":	786432,
				"bits_per_second":	6288557.08634795,
				"retransmits":	2,
				"omitted":	false,
				"sender":	true
			}
		}, {
			"streams":	[{
					"socket":	5,
					"start":	2.001678,
					"end":	3.011212,
					"seconds":	1.0095340013504028,
					"bytes":	655360,
					"bits_per_second":	5193366.43737295,
					"retransmits":	0,
					"snd_cwnd":	101360,
					"snd_wnd":	3195904,
					"rtt":	122475,
					"rttvar":	20497,
					"pmtu":	1500,
					"omitted":	false,
					"sender":	true
				}],
			"sum":	{
				"start":	2.001678,
				"end":	3.011212,
				"seconds":	1.0095340013504028,
				"bytes":	655360,
				"bits_per_second":	5193366.43737295,
				"retransmits":	0,
				"omitted":	false,
				"sender":	true
			}
		}, {
			"streams":	[{
					"socket":	5,
					"start":	3.011212,
					"end":	4.002781,
					"seconds":	0.99156898260116577,
					"bytes":	786432,
					"bits_per_second":	6344950.3871084517,
					"retransmits":	7,
					"snd_cwnd":	8688,
					"snd_wnd":	3899392,
					"rtt":	71097,
					"rttvar":	8128,
					"pmtu":	1500,
					"omitted":	false,
					"sender":	true
				}],
			"sum":	{
				"start":	3.011212,
				"end":	4.002781,
				"seconds":	0.99156898260116577,
				"bytes":	786432,
				"bits_per_second":	6344950.3871084517,
				"retransmits":	7,
				"omitted":	false,
				"sender":	true
			}
		}, {
			"streams":	[{
					"socket":	5,
					"start":	4.002781,
					"end":	5.009077,
					"seconds":	1.0062960386276245,
					"bytes":	0,
					"bits_per_second":	0,
					"retransmits":	1,
					"snd_cwnd":	10136,
					"snd_wnd":	4102144,
					"rtt":	81160,
					"rttvar":	16856,
					"pmtu":	1500,
					"omitted":	false,
					"sender":	true
				}],
			"sum":	{
				"start":	4.002781,
				"end":	5.009077,
				"seconds":	1.0062960386276245,
				"bytes":	0,
				"bits_per_second":	0,
				"retransmits":	1,
				"omitted":	false,
				"sender":	true
			}
		}, {
			"streams":	[{
					"socket":	5,
					"start":	5.009077,
					"end":	6.022958,
					"seconds":	1.0138809680938721,
					"bytes":	0,
					"bits_per_second":	0,
					"retransmits":	2,
					"snd_cwnd":	11584,
					"snd_wnd":	4197888,
					"rtt":	172008,
					"rttvar":	90621,
					"pmtu":	1500,
					"omitted":	false,
					"sender":	true
				}],
			"sum":	{
				"start":	5.009077,
				"end":	6.022958,
				"seconds":	1.0138809680938721,
				"bytes":	0,
				"bits_per_second":	0,
				"retransmits":	2,
				"omitted":	false,
				"sender":	true
			}
		}, {
			"streams":	[{
					"socket":	5,
					"start":	6.022958,
					"end":	7.007747,
					"seconds":	0.98478901386261,
					"bytes":	0,
					"bits_per_second":	0,
					"retransmits":	0,
					"snd_cwnd":	17376,
					"snd_wnd":	4339712,
					"rtt":	165174,
					"rttvar":	46868,
					"pmtu":	1500,
					"omitted":	false,
					"sender":	true
				}],
			"sum":	{
				"start":	6.022958,
				"end":	7.007747,
				"seconds":	0.98478901386261,
				"bytes":	0,
				"bits_per_second":	0,
				"retransmits":	0,
				"omitted":	false,
				"sender":	true
			}
		}, {
			"streams":	[{
					"socket":	5,
					"start":	7.007747,
					"end":	8.026905,
					"seconds":	1.0191580057144165,
					"bytes":	0,
					"bits_per_second":	0,
					"retransmits":	1,
					"snd_cwnd":	15928,
					"snd_wnd":	4577280,
					"rtt":	128214,
					"rttvar":	11755,
					"pmtu":	1500,
					"omitted":	false,
					"sender":	true
				}],
			"sum":	{
				"start":	7.007747,
				"end":	8.026905,
				"seconds":	1.0191580057144165,
				"bytes":	0,
				"bits_per_second":	0,
				"retransmits":	1,
				"omitted":	false,
				"sender":	true
			}
		}, {
			"streams":	[{
					"socket":	5,
					"start":	8.026905,
					"end":	9.002921,
					"seconds":	0.97601598501205444,
					"bytes":	655360,
					"bits_per_second":	5371715.3002727171,
					"retransmits":	2,
					"snd_cwnd":	23168,
					"snd_wnd":	5228544,
					"rtt":	55857,
					"rttvar":	4336,
					"pmtu":	1500,
					"omitted":	false,
					"sender":	true
				}],
			"sum":	{
				"start":	8.026905,
				"end":	9.002921,
				"seconds":	0.97601598501205444,
				"bytes":	655360,
				"bits_per_second":	5371715.3002727171,
				"retransmits":	2,
				"omitted":	false,
				"sender":	true
			}
		}, {
			"streams":	[{
					"socket":	5,
					"start":	9.002921,
					"end":	10.044531,
					"seconds":	1.0416100025177,
					"bytes":	0,
					"bits_per_second":	0,
					"retransmits":	2,
					"snd_cwnd":	18824,
					"snd_wnd":	5590528,
					"rtt":	198590,
					"rttvar":	149008,
					"pmtu":	1500,
					"omitted":	false,
					"sender":	true
				}],
			"sum":	{
				"start":	9.002921,
				"end":	10.044531,
				"seconds":	1.0416100025177,
				"bytes":	0,
				"bits_per_second":	0,
				"retransmits":	2,
				"omitted":	false,
				"sender":	true
			}
		}, {
			"streams":	[{
					"socket":	5,
					"start":	10.044531,
					"end":	11.000883,
					"seconds":	0.95635199546813965,
					"bytes":	0,
					"bits_per_second":	0,
					"retransmits":	2,
					"snd_cwnd":	15928,
					"snd_wnd":	5744128,
					"rtt":	150691,
					"rttvar":	15726,
					"pmtu":	1500,
					"omitted":	false,
					"sender":	true
				}],
			"sum":	{
				"start":	10.044531,
				"end":	11.000883,
				"seconds":	0.95635199546813965,
				"bytes":	0,
				"bits_per_second":	0,
				"retransmits":	2,
				"omitted":	false,
				"sender":	true
			}
		}, {
			"streams":	[{
					"socket":	5,
					"start":	11.000883,
					"end":	12.006697,
					"seconds":	1.0058139562606812,
					"bytes":	0,
					"bits_per_second":	0,
					"retransmits":	0,
					"snd_cwnd":	24616,
					"snd_wnd":	5981696,
					"rtt":	196566,
					"rttvar":	50795,
					"pmtu":	1500,
					"omitted":	false,
					"sender":	true
				}],
			"sum":	{
				"start":	11.000883,
				"end":	12.006697,
				"seconds":	1.0058139562606812,
				"bytes":	0,
				"bits_per_second":	0,
				"retransmits":	0,
				"omitted":	false,
				"sender":	true
			}
		}, {
			"streams":	[{
					"socket":	5,
					"start":	12.006697,
					"end":	13.017331,
					"seconds":	1.0106339454650879,
					"bytes":	655360,
					"bits_per_second":	5187714.1308441376,
					"retransmits":	0,