{
	"start":	{
		"connected":	[{
				"socket":	5,
				"local_host":	"10.0.0.2",
				"local_port":	5201,
				"remote_host":	"10.0.0.1",
				"remote_port":	58974
			}],
		"version":	"iperf 3.16",
		"system_info":	"Linux CSCE952FinalProject 6.14.0-36-generic #36~24.04.1-Ubuntu SMP PREEMPT_DYNAMIC Wed Oct 15 15:45:17 UTC 2 x86_64",
		"sock_bufsize":	0,
		"sndbuf_actual":	87380,
		"rcvbuf_actual":	87380,
		"timestamp":	{
			"time":	"Sun, 30 Nov 2025 04:24:58 GMT",
			"timesecs":	1764476698
		},
		"accepted_connection":	{
			"host":	"10.0.0.1",
			"port":	58960
		},
		"cookie":	"7udmfkuybii5cnz64edzwx6b2zxcq65utfci",
		"tcp_mss_default":	0,
		"target_bitrate":	0,
		"fq_rate":	0,
		"test_start":	{
			"protocol":	"TCP",
			"num_streams":	1,
			"blksize":	131072,
			"omit":	0,
			"duration":	20,
			"bytes":	0,
			"blocks":	0,
			"reverse":	0,
			"tos":	0,
			"target_bitrate":	0,
			"bidir":	0,
			"fqrate":	0
		}
	},
	"intervals":	[{
			"streams":	[{
					"socket":	5,
					"start":	0,
					"end":	1.001147,
					"seconds":	1.0011470317840576,
					"bytes":	655360,
					"bits_per_second":	5236873.1400592746,
					"omitted":	false,
					"sender":	false
				}],
			"sum":	{
				"start":	0,
				"end":	1.001147,
				"seconds":	1.0011470317840576,
				"bytes":	655360,
				"bits_per_second":	5236873.1400592746,
				"omitted":	false,
				"sender":	false
			}
		}, {
			"streams":	[{
					"socket":	5,
					"start":	1.001147,
					"end":	2.0025,
					"seconds":	1.0013530254364014,
					"bytes":	786432,
					"bits_per_second":	6282955.00206644,
					"omitted":	false,
					"sender":	false
				}],
			"sum":	{
				"start":	1.001147,
				"end":	2.0025,
				"seconds":	1.0013530254364014,
				"bytes":	786432,
				"bits_per_second":	6282955.00206644,
				"omitted":	false,
				"sender":	false
			}
		}, {
			"streams":	[{
					"socket":	5,
					"start":	2.0025,
					"end":	3.036446,
					"seconds":	1.0339460372924805,
					"bytes":	655360,
					"bits_per_second":	5070748.1927481918,
					"omitted":	false,
					"sender":	false
				}],
			"sum":	{
				"start":	2.0025,
				"end":	3.036446,
				"seconds":	1.0339460372924805,
				"bytes":	655360,
				"bits_per_second":	5070748.1927481918,
				"omitted":	false,
				"sender":	false
			}
		}, {
			"streams":	[{
					"socket":	5,
					"start":	3.036446,
					"end":	4.006524,
					"seconds":	0.9700779914855957,
					"bytes":	393216,
					"bits_per_second":	3242757.827319196,
					"omitted":	false,
					"sender":	false
				}],
			"sum":	{
				"start":	3.036446,
				"end":	4.006524,
				"seconds":	0.9700779914855957,
				"bytes":	393216,
				"bits_per_second":	3242757.827319196,
				"omitted":	false,
				"sender":	false
			}
		}, {
			"streams":	[{
					"socket":	5,
					"start":	4.006524,
					"end":	5.010805,
					"seconds":	1.0042810440063477,
					"bytes":	131072,
					"bits_per_second":	1044106.1356858313,
					"omitted":	false,
					"sender":	false
				}],
			"sum":	{
				"start":	4.006524,
				"end":	5.010805,
				"seconds":	1.0042810440063477,
				"bytes":	131072,
				"bits_per_second":	1044106.1356858313,
				"omitted":	false,
				"sender":	false
			}
		}, {
			"streams":	[{
					"socket":	5,
					"start":	5.010805,
					"end":	6.047943,
					"seconds":	1.0371379852294922,
					"bytes":	0,
					"bits_per_second":	0,
					"omitted":	false,
					"sender":	false
				}],
			"sum":	{
				"start":	5.010805,
				"end":	6.047943,
				"seconds":	1.0371379852294922,
				"bytes":	0,
				"bits_per_second":	0,
				"omitted":	false,
				"sender":	false
			}
		}, {
			"streams":	[{
					"socket":	5,
					"start":	6.047943,
					"end":	7.032873,
					"seconds":	0.98492997884750366,
					"bytes":	131072,
					"bits_per_second":	1064619.8435618444,
					"omitted":	false,
					"sender":	false
				}],
			"sum":	{
				"start":	6.047943,
				"end":	7.032873,
				"seconds":	0.98492997884750366,
				"bytes":	131072,
				"bits_per_second":	1064619.8435618444,
				"omitted":	false,
				"sender":	false
			}
		}, {
			"streams":	[{
					"socket":	5,
					"start":	7.032873,
					"end":	8.051975,
					"seconds":	1.0191019773483276,
					"bytes":	131072,
					"bits_per_second":	1028921.5635989275,
					"omitted":	false,
					"sender":	false
				}],
			"sum":	{
				"start":	7.032873,
				"end":	8.051975,
				"seconds":	1.0191019773483276,
				"bytes":	131072,
				"bits_per_second":	1028921.5635989275,
				"omitted":	false,
				"sender":	false
			}
		}, {
			"streams":	[{
					"socket":	5,
					"start":	8.051975,
					"end":	9.002487,
					"seconds":	0.95051199197769165,
					"bytes":	262144,
					"bits_per_second":	2206339.3389035957,
					"omitted":	false,
					"sender":	false
				}],
			"sum":	{
				"start":	8.051975,
				"end":	9.002487,
				"seconds":	0.95051199197769165,
				"bytes":	262144,
				"bits_per_second":	2206339.3389035957,
				"omitted":	false,
				"sender":	false
			}
		}, {
			"streams":	[{
					"socket":	5,
					"start":	9.002487,
					"end":	10.021896,
					"seconds":	1.0194089412689209,
					"bytes":	131072,
					"bits_per_second":	1028611.735242162,
					"omitted":	false,
					"sender":	false
				}],
			"sum":	{
				"start":	9.002487,
				"end":	10.021896,
				"seconds":	1.0194089412689209,
				"bytes":	131072,
				"bits_per_second":	1028611.735242162,
				"omitted":	false,
				"sender":	false
			}
		}, {
			"streams":	[{
					"socket":	5,
					"start":	10.021896,
					"end":	11.026004,
					"seconds":	1.00410795211792,
					"bytes":	131072,
					"bits_per_second":	1044286.1226109061,
					"omitted":	false,
					"sender":	false
				}],
			"sum":	{
				"start":	10.021896,
				"end":	11.026004,
				"seconds":	1.00410795211792,
				"bytes":	131072,
				"bits_per_second":	1044286.1226109061,
				"omitted":	false,
				"sender":	false
			}
		}, {
			"streams":	[{
					"socket":	5,
					"start":	11.026004,
					"end":	12.002892,
					"seconds":	0.97688800096511841,
					"bytes":	131072,
					"bits_per_second":	1073384.0511543364,
					"omitted":	false,
					"sender":	false
				}],
			"sum":	{
				"start":	11.026004,
				"end":	12.002892,
				"seconds":	0.97688800096511841,
				"bytes":	131072,
				"bits_per_second":	1073384.0511543364,
				"omitted":	false,
				"sender":	false
			}
		}, {
			"streams":	[{
					"socket":	5,
					"start":	12.002892,
					"end":	13.042429,
					"seconds":	1.0395369529724121,
					"bytes":	131072,
					"bits_per_second":	1008695.2628299956,
					"omitted":	false,
					"sender":	false
				}],
			"sum":	{
				"start":	12.002892,
				"end":	13.042429,
				"seconds":	1.0395369529724121,
				"bytes":	131072,
				"bits_per_second":	1008695.2628299956,
				"omitted":	false,
				"sender":	false
			}
		}, {
			"streams":	[{
					"socket":	5,
					"start":	13.042429,
					"end":	14.011807,
					"seconds":	0.96937799453735352,
					"bytes":	131072,
					"bits_per_second":	1081699.8177273918,
					"omitted":	false,
					"sender":	false
				}],
			"sum":	{
				"start":	13.042429,
				"end":	14.011807,
				"seconds":	0.96937799453735352,
				"bytes":	131072,
				"bits_per_second":	1081699.8177273918,
				"omitted":	false,
				"sender":	false
			}
		}, {
			"streams":	[{
					"socket":	5,
					"start":	14.011807,
					"end":	15.010045,
					"seconds":	0.99823802709579468,
					"bytes":	131072,
					"bits_per_second":	1050426.8236010354,
					"omitted":	false,
					"sender":	false
				}],
			"sum":	{
				"start":	14.011807,
				"end":	15.010045,
				"seconds":	0.99823802709579468,
				"bytes":	131072,
				"bits_per_second":	1050426.8236010354,
				"omitted":	false,
				"sender":	false
			}
		}, {
			"streams":	[{
					"socket":	5,
					"start":	15.010045,
					"end":	16.00998,
					"seconds":	0.99993497133255,
					"bytes":	131072,
					"bits_per_second":	1048644.1919344307,
					"omitted":	false,
					"sender":	false
				}],
			"sum":	{
				"start":	15.010045,
				"end":	16.00998,
				"seconds":	0.99993497133255,
				"bytes":	131072,
				"bits_per_second":	1048644.1919344307,
				"omitted":	false,