{
	"start":	{
		"connected":	[{
				"socket":	5,
				"local_host":	"10.0.0.1",
				"local_port":	39420,
				"remote_host":	"10.0.0.2",
				"remote_port":	5201
			}],
		"version":	"iperf 3.16",
		"system_info":	"Linux mininet 6.8.0-88-generic #89-Ubuntu SMP PREEMPT_DYNAMIC Sat Oct 11 01:02:46 UTC 2025 x86_64",
		"timestamp":	{
			"time":	"Tue, 02 Dec 2025 18:03:02 GMT",
			"timesecs":	1764698582
		},
		"connecting_to":	{
			"host":	"10.0.0.2",
			"port":	5201
		},
		"cookie":	"oxqhwwyfqomr3ay6y7ml2fuzm7dpy2prleqs",
		"tcp_mss_default":	1448,
		"target_bitrate":	0,
		"fq_rate":	0,
		"sock_bufsize":	0,
		"sndbuf_actual":	87380,
		"rcvbuf_actual":	87380,
		"test_start":	{
			"protocol":	"TCP",
			"num_streams":	1,
			"blksize":	131072,
			"omit":	0,
			"duration":	20,
			"bytes":	0,
			"blocks":	0,
			"reverse":	0,
			"tos":	0,
			"target_bitrate":	0,
			"bidir":	0,
			"fqrate":	0
		}
	},
	"intervals":	[{
			"streams":	[{
					"socket":	5,
					"start":	0,
					"end":	1.000872,
					"seconds":	1.000872015953064,
					"bytes":	2621440,
					"bits_per_second":	20953248.433097824,
					"retransmits":	3,
					"snd_cwnd":	424264,
					"snd_wnd":	1183232,
					"rtt":	320694,
					"rttvar":	14547,
					"pmtu":	1500,
					"omitted":	false,
					"sender":	true
				}],
			"sum":	{
				"start":	0,
				"end":	1.000872,
				"seconds":	1.000872015953064,
				"bytes":	2621440,
				"bits_per_second":	20953248.433097824,
				"retransmits":	3,
				"omitted":	false,
				"sender":	true
			}
		}, {
			"streams":	[{
					"socket":	5,
					"start":	1.000872,
					"end":	2.002131,
					"seconds":	1.0012589693069458,
					"bytes":	1179648,
					"bits_per_second":	9425317.81416376,
					"retransmits":	0,
					"snd_cwnd":	379376,
					"snd_wnd":	2369536,
					"rtt":	302653,
					"rttvar":	859,
					"pmtu":	1500,
					"omitted":	false,
					"sender":	true
				}],
			"sum":	{
				"start":	1.000872,
				"end":	2.002131,
				"seconds":	1.0012589693069458,
				"bytes":	1179648,
				"bits_per_second":	9425317.81416376,
				"retransmits":	0,
				"omitted":	false,
				"sender":	true
			}
		}, {
			"streams":	[{
					"socket":	5,
					"start":	2.002131,
					"end":	3.000877,
					"seconds":	0.99874597787857056,
					"bytes":	1048576,
					"bits_per_second":	8399140.70824914,
					"retransmits":	2,
					"snd_cwnd":	385168,
					"snd_wnd":	4755968,
					"rtt":	340010,
					"rttvar":	662,
					"pmtu":	1500,
					"omitted":	false,
					"sender":	true
				}],
			"sum":	{
				"start":	2.002131,
				"end":	3.000877,
				"seconds":	0.99874597787857056,
				"bytes":	1048576,
				"bits_per_second":	8399140.70824914,
				"retransmits":	2,
				"omitted":	false,
				"sender":	true
			}
		}, {
			"streams":	[{
					"socket":	5,
					"start":	3.000877,
					"end":	4.000992,
					"seconds":	1.0001150369644165,
					"bytes":	1441792,
					"bits_per_second":	11533009.277622115,
					"retransmits":	0,
					"snd_cwnd":	315664,
					"snd_wnd":	7148032,
					"rtt":	257235,
					"rttvar":	806,
					"pmtu":	1500,
					"omitted":	false,
					"sender":	true
				}],
			"sum":	{
				"start":	3.000877,
				"end":	4.000992,
				"seconds":	1.0001150369644165,
				"bytes":	1441792,
				"bits_per_second":	11533009.277622115,
				"retransmits":	0,
				"omitted":	false,
				"sender":	true
			}
		}, {
			"streams":	[{
					"socket":	5,
					"start":	4.000992,
					"end":	5.000987,
					"seconds":	0.999994993209839,
					"bytes":	1966080,
					"bits_per_second":	15728718.750394287,
					"retransmits":	0,
					"snd_cwnd":	338832,
					"snd_wnd":	9537024,
					"rtt":	278554,
					"rttvar":	579,
					"pmtu":	1500,
					"omitted":	false,
					"sender":	true
				}],
			"sum":	{
				"start":	4.000992,
				"end":	5.000987,
				"seconds":	0.999994993209839,
				"bytes":	1966080,
				"bits_per_second":	15728718.750394287,
				"retransmits":	0,
				"omitted":	false,
				"sender":	true
			}
		}, {
			"streams":	[{
					"socket":	5,
					"start":	5.000987,
					"end":	6.000866,
					"seconds":	0.999879002571106,
					"bytes":	917504,
					"bits_per_second":	7340920.2324738456,
					"retransmits":	1,
					"snd_cwnd":	249056,
					"snd_wnd":	10008576,
					"rtt":	202127,
					"rttvar":	788,
					"pmtu":	1500,
					"omitted":	false,
					"sender":	true
				}],
			"sum":	{
				"start":	5.000987,
				"end":	6.000866,
				"seconds":	0.999879002571106,
				"bytes":	917504,
				"bits_per_second":	7340920.2324738456,
				"retransmits":	1,
				"omitted":	false,
				"sender":	true
			}
		}, {
			"streams":	[{
					"socket":	5,
					"start":	6.000866,
					"end":	7.00098,
					"seconds":	1.0001139640808105,
					"bytes":	1048576,
					"bits_per_second":	8387652.1089372467,
					"retransmits":	3,
					"snd_cwnd":	136112,
					"snd_wnd":	10007552,
					"rtt":	153433,
					"rttvar":	1176,
					"pmtu":	1500,
					"omitted":	false,
					"sender":	true
				}],
			"sum":	{
				"start":	6.000866,
				"end":	7.00098,
				"seconds":	1.0001139640808105,
				"bytes":	1048576,
				"bits_per_second":	8387652.1089372467,
				"retransmits":	3,
				"omitted":	false,
				"sender":	true
			}
		}, {
			"streams":	[{
					"socket":	5,
					"start":	7.00098,
					"end":	8.000893,
					"seconds":	0.999912977218628,
					"bytes":	917504,
					"bits_per_second":	7340670.80559064,
					"retransmits":	0,
					"snd_cwnd":	146248,
					"snd_wnd":	10008576,
					"rtt":	120772,
					"rttvar":	606,
					"pmtu":	1500,
					"omitted":	false,
					"sender":	true
				}],
			"sum":	{
				"start":	7.00098,
				"end":	8.000893,
				"seconds":	0.999912977218628,
				"bytes":	917504,
				"bits_per_second":	7340670.80559064,
				"retransmits":	0,
				"omitted":	false,
				"sender":	true
			}
		}, {
			"streams":	[{
					"socket":	5,
					"start":	8.000893,
					"end":	9.000986,
					"seconds":	1.0000929832458496,
					"bytes":	1966080,
					"bits_per_second":	15727177.635975353,
					"retransmits":	0,
					"snd_cwnd":	154936,
					"snd_wnd":	10008576,
					"rtt":	128446,
					"rttvar":	297,
					"pmtu":	1500,
					"omitted":	false,
					"sender":	true
				}],
			"sum":	{
				"start":	8.000893,
				"end":	9.000986,
				"seconds":	1.0000929832458496,
				"bytes":	1966080,
				"bits_per_second":	15727177.635975353,
				"retransmits":	0,
				"omitted":	false,
				"sender":	true
			}
		}, {
			"streams":	[{
					"socket":	5,
					"start":	9.000986,
					"end":	10.001112,
					"seconds":	1.0001260042190552,
					"bytes":	917504,
					"bits_per_second":	7339107.24152347,
					"retransmits":	0,
					"snd_cwnd":	156384,
					"snd_wnd":	10008576,
					"rtt":	130303,
					"rttvar":	597,
					"pmtu":	1500,
					"omitted":	false,
					"sender":	true
				}],
			"sum":	{
				"start":	9.000986,
				"end":	10.001112,
				"seconds":	1.0001260042190552,
				"bytes":	917504,
				"bits_per_second":	7339107.24152347,
				"retransmits":	0,
				"omitted":	false,
				"sender":	true
			}
		}, {
			"streams":	[{
					"socket":	5,
					"start":	10.001112,
					"end":	11.00087,
					"seconds":	0.999758005142212,
					"bytes":	1048576,
					"bits_per_second":	8390638.49136847,
					"retransmits":	2,
					"snd_cwnd":	131768,
					"snd_wnd":	10005504,
					"rtt":	106688,
					"rttvar":	207,
					"pmtu":	1500,
					"omitted":	false,
					"sender":	true
				}],
			"sum":	{
				"start":	10.001112,
				"end":	11.00087,
				"seconds":	0.999758005142212,
				"bytes":	1048576,
				"bits_per_second":	8390638.49136847,
				"retransmits":	2,
				"omitted":	false,
				"sender":	true
			}
		}, {
			"streams":	[{
					"socket":	5,
					"start":	11.00087,
					"end":	12.001076,
					"seconds":	1.0002059936523438,
					"bytes":	917504,
					"bits_per_second":	7338520.3113982566,
					"retransmits":	2,
					"snd_cwnd":	105704,
					"snd_wnd":	10008576,
					"rtt":	104889,
					"rttvar":	609,
					"pmtu":	1500,
					"omitted":	false,
					"sender":	true
				}],
			"sum":	{
				"start":	11.00087,
				"end":	12.001076,
				"seconds":	1.0002059936523438,
				"bytes":	917504,
				"bits_per_second":	7338520.3113982566,
				"retransmits":	2,