{
	"start":	{
		"connected":	[{
				"socket":	5,
				"local_host":	"10.0.0.1",
				"local_port":	54932,
				"remote_host":	"10.0.0.2",
				"remote_port":	5201
			}],
		"version":	"iperf 3.16",
		"system_info":	"Linux mininet 6.8.0-88-generic #89-Ubuntu SMP PREEMPT_DYNAMIC Sat Oct 11 01:02:46 UTC 2025 x86_64",
		"timestamp":	{
			"time":	"Tue, 02 Dec 2025 18:55:22 GMT",
			"timesecs":	1764701722
		},
		"connecting_to":	{
			"host":	"10.0.0.2",
			"port":	5201
		},
		"cookie":	"inoqhukquqxdpof3evkbk2y7a4s24aoiiety",
		"tcp_mss_default":	1448,
		"target_bitrate":	0,
		"fq_rate":	0,
		"sock_bufsize":	0,
		"sndbuf_actual":	87380,
		"rcvbuf_actual":	87380,
		"test_start":	{
			"protocol":	"TCP",
			"num_streams":	1,
			"blksize":	131072,
			"omit":	0,
			"duration":	20,
			"bytes":	0,
			"blocks":	0,
			"reverse":	0,
			"tos":	0,
			"target_bitrate":	0,
			"bidir":	0,
			"fqrate":	0
		}
	},
	"intervals":	[{
			"streams":	[{
					"socket":	5,
					"start":	0,
					"end":	1.001104,
					"seconds":	1.00110399723053,
					"bytes":	10354688,
					"bits_per_second":	82746152.4768286,
					"retransmits":	7,
					"snd_cwnd":	593680,
					"snd_wnd":	7050240,
					"rtt":	80035,
					"rttvar":	6262,
					"pmtu":	1500,
					"omitted":	false,
					"sender":	true
				}],
			"sum":	{
				"start":	0,
				"end":	1.001104,
				"seconds":	1.00110399723053,
				"bytes":	10354688,
				"bits_per_second":	82746152.4768286,
				"retransmits":	7,
				"omitted":	false,
				"sender":	true
			}
		}, {
			"streams":	[{
					"socket":	5,
					"start":	1.001104,
					"end":	2.001092,
					"seconds":	0.9999880194664,
					"bytes":	7733248,
					"bits_per_second":	61866725.19637993,
					"retransmits":	0,
					"snd_cwnd":	570512,
					"snd_wnd":	12581376,
					"rtt":	55694,
					"rttvar":	124,
					"pmtu":	1500,
					"omitted":	false,
					"sender":	true
				}],
			"sum":	{
				"start":	1.001104,
				"end":	2.001092,
				"seconds":	0.9999880194664,
				"bytes":	7733248,
				"bits_per_second":	61866725.19637993,
				"retransmits":	0,
				"omitted":	false,
				"sender":	true
			}
		}, {
			"streams":	[{
					"socket":	5,
					"start":	2.001092,
					"end":	3.001064,
					"seconds":	0.99997198581695557,
					"bytes":	4980736,
					"bits_per_second":	39847004.2812717,
					"retransmits":	4,
					"snd_cwnd":	570512,
					"snd_wnd":	12578304,
					"rtt":	57697,
					"rttvar":	1130,
					"pmtu":	1500,
					"omitted":	false,
					"sender":	true
				}],
			"sum":	{
				"start":	2.001092,
				"end":	3.001064,
				"seconds":	0.99997198581695557,
				"bytes":	4980736,
				"bits_per_second":	39847004.2812717,
				"retransmits":	4,
				"omitted":	false,
				"sender":	true
			}
		}, {
			"streams":	[{
					"socket":	5,
					"start":	3.001064,
					"end":	4.000968,
					"seconds":	0.999903976917267,
					"bytes":	5111808,
					"bits_per_second":	40898391.189600855,
					"retransmits":	0,
					"snd_cwnd":	564720,
					"snd_wnd":	12576768,
					"rtt":	59177,
					"rttvar":	1549,
					"pmtu":	1500,
					"omitted":	false,
					"sender":	true
				}],
			"sum":	{
				"start":	3.001064,
				"end":	4.000968,
				"seconds":	0.999903976917267,
				"bytes":	5111808,
				"bits_per_second":	40898391.189600855,
				"retransmits":	0,
				"omitted":	false,
				"sender":	true
			}
		}, {
			"streams":	[{
					"socket":	5,
					"start":	4.000968,
					"end":	5.000931,
					"seconds":	0.99996298551559448,
					"bytes":	7602176,
					"bits_per_second":	60819659.208327316,
					"retransmits":	4,
					"snd_cwnd":	570512,
					"snd_wnd":	12578304,
					"rtt":	55951,
					"rttvar":	68,
					"pmtu":	1500,
					"omitted":	false,
					"sender":	true
				}],
			"sum":	{
				"start":	4.000968,
				"end":	5.000931,
				"seconds":	0.99996298551559448,
				"bytes":	7602176,
				"bits_per_second":	60819659.208327316,
				"retransmits":	4,
				"omitted":	false,
				"sender":	true
			}
		}, {
			"streams":	[{
					"socket":	5,
					"start":	5.000931,
					"end":	6.000981,
					"seconds":	1.0000499486923218,
					"bytes":	5111808,
					"bits_per_second":	40892421.477021351,
					"retransmits":	0,
					"snd_cwnd":	567616,
					"snd_wnd":	12578304,
					"rtt":	52059,
					"rttvar":	99,
					"pmtu":	1500,
					"omitted":	false,
					"sender":	true
				}],
			"sum":	{
				"start":	5.000931,
				"end":	6.000981,
				"seconds":	1.0000499486923218,
				"bytes":	5111808,
				"bits_per_second":	40892421.477021351,
				"retransmits":	0,
				"omitted":	false,
				"sender":	true
			}
		}, {
			"streams":	[{
					"socket":	5,
					"start":	6.000981,
					"end":	7.001007,
					"seconds":	1.0000259876251221,
					"bytes":	5111808,
					"bits_per_second":	40893401.277617633,
					"retransmits":	7,
					"snd_cwnd":	570512,
					"snd_wnd":	12578304,
					"rtt":	49486,
					"rttvar":	38,
					"pmtu":	1500,
					"omitted":	false,
					"sender":	true
				}],
			"sum":	{
				"start":	6.000981,
				"end":	7.001007,
				"seconds":	1.0000259876251221,
				"bytes":	5111808,
				"bits_per_second":	40893401.277617633,
				"retransmits":	7,
				"omitted":	false,
				"sender":	true
			}
		}, {
			"streams":	[{
					"socket":	5,
					"start":	7.001007,
					"end":	8.000589,
					"seconds":	0.99958199262619019,
					"bytes":	7602176,
					"bits_per_second":	60842840.756079577,
					"retransmits":	8,
					"snd_cwnd":	447432,
					"snd_wnd":	12533760,
					"rtt":	55835,
					"rttvar":	1652,
					"pmtu":	1500,
					"omitted":	false,
					"sender":	true
				}],
			"sum":	{
				"start":	7.001007,
				"end":	8.000589,
				"seconds":	0.99958199262619019,
				"bytes":	7602176,
				"bits_per_second":	60842840.756079577,
				"retransmits":	8,
				"omitted":	false,
				"sender":	true
			}
		}, {
			"streams":	[{
					"socket":	5,
					"start":	8.000589,
					"end":	9.000612,
					"seconds":	1.0000230073928833,
					"bytes":	5111808,
					"bits_per_second":	40893523.146646582,
					"retransmits":	1,
					"snd_cwnd":	561824,
					"snd_wnd":	12582912,
					"rtt":	54510,
					"rttvar":	340,
					"pmtu":	1500,
					"omitted":	false,
					"sender":	true
				}],
			"sum":	{
				"start":	8.000589,
				"end":	9.000612,
				"seconds":	1.0000230073928833,
				"bytes":	5111808,
				"bits_per_second":	40893523.146646582,
				"retransmits":	1,
				"omitted":	false,
				"sender":	true
			}
		}, {
			"streams":	[{
					"socket":	5,
					"start":	9.000612,
					"end":	10.001097,
					"seconds":	1.0004849433898926,
					"bytes":	5111808,
					"bits_per_second":	40874642.112493321,
					"retransmits":	8,
					"snd_cwnd":	576304,
					"snd_wnd":	12582912,
					"rtt":	49758,
					"rttvar":	134,
					"pmtu":	1500,
					"omitted":	false,
					"sender":	true
				}],
			"sum":	{
				"start":	9.000612,
				"end":	10.001097,
				"seconds":	1.0004849433898926,
				"bytes":	5111808,
				"bits_per_second":	40874642.112493321,
				"retransmits":	8,
				"omitted":	false,
				"sender":	true
			}
		}, {
			"streams":	[{
					"socket":	5,
					"start":	10.001097,
					"end":	11.001008,
					"seconds":	0.99991101026535034,
					"bytes":	5111808,
					"bits_per_second":	40898103.511379153,
					"retransmits":	4,
					"snd_cwnd":	579200,
					"snd_wnd":	12578304,
					"rtt":	58163,
					"rttvar":	199,
					"pmtu":	1500,
					"omitted":	false,
					"sender":	true
				}],
			"sum":	{
				"start":	10.001097,
				"end":	11.001008,
				"seconds":	0.99991101026535034,
				"bytes":	5111808,
				"bits_per_second":	40898103.511379153,
				"retransmits":	4,
				"omitted":	false,
				"sender":	true
			}
		}, {
			"streams":	[{
					"socket":	5,
					"start":	11.001008,
					"end":	12.001101,
					"seconds":	1.0000929832458496,
					"bytes":	5373952,
					"bits_per_second":	42987618.871665969,
					"retransmits":	20,
					"snd_cwnd":	564720,
					"snd_wnd":	12578304,
					"rtt":	51730,
					"rttvar":	98,
					"pmtu":	1500,
					"omitted":	false,
					"sender":	true
				}],
			"sum":	{
				"start":	11.001008,
				"end":	12.001101,
				"seconds":	1.0000929832458496,
				"bytes":	5373952,
				"bits_per_second":	42987618.871665969,