{
	"start":	{
		"connected":	[{
				"socket":	5,
				"local_host":	"10.0.0.2",
				"local_port":	5201,
				"remote_host":	"10.0.0.1",
				"remote_port":	54932
			}],
		"version":	"iperf 3.16",
		"system_info":	"Linux mininet 6.8.0-88-generic #89-Ubuntu SMP PREEMPT_DYNAMIC Sat Oct 11 01:02:46 UTC 2025 x86_64",
		"sock_bufsize":	0,
		"sndbuf_actual":	87380,
		"rcvbuf_actual":	87380,
		"timestamp":	{
			"time":	"Tue, 02 Dec 2025 18:55:22 GMT",
			"timesecs":	1764701722
		},
		"accepted_connection":	{
			"host":	"10.0.0.1",
			"port":	54920
		},
		"cookie":	"inoqhukquqxdpof3evkbk2y7a4s24aoiiety",
		"tcp_mss_default":	0,
		"target_bitrate":	0,
		"fq_rate":	0,
		"test_start":	{
			"protocol":	"TCP",
			"num_streams":	1,
			"blksize":	131072,
			"omit":	0,
			"duration":	20,
			"bytes":	0,
			"blocks":	0,
			"reverse":	0,
			"tos":	0,
			"target_bitrate":	0,
			"bidir":	0,
			"fqrate":	0
		}
	},
	"intervals":	[{
			"streams":	[{
					"socket":	5,
					"start":	0,
					"end":	1.000853,
					"seconds":	1.0008529424667358,
					"bytes":	4718592,
					"bits_per_second":	37716565.939211,
					"omitted":	false,
					"sender":	false
				}],
			"sum":	{
				"start":	0,
				"end":	1.000853,
				"seconds":	1.0008529424667358,
				"bytes":	4718592,
				"bits_per_second":	37716565.939211,
				"omitted":	false,
				"sender":	false
			}
		}, {
			"streams":	[{
					"socket":	5,
					"start":	1.000853,
					"end":	2.001081,
					"seconds":	1.0002280473709106,
					"bytes":	5898240,
					"bits_per_second":	47175161.828372754,
					"omitted":	false,
					"sender":	false
				}],
			"sum":	{
				"start":	1.000853,
				"end":	2.001081,
				"seconds":	1.0002280473709106,
				"bytes":	5898240,
				"bits_per_second":	47175161.828372754,
				"omitted":	false,
				"sender":	false
			}
		}, {
			"streams":	[{
					"socket":	5,
					"start":	2.001081,
					"end":	3.001033,
					"seconds":	0.99995201826095581,
					"bytes":	6029312,
					"bits_per_second":	48236810.486053064,
					"omitted":	false,
					"sender":	false
				}],
			"sum":	{
				"start":	2.001081,
				"end":	3.001033,
				"seconds":	0.99995201826095581,
				"bytes":	6029312,
				"bits_per_second":	48236810.486053064,
				"omitted":	false,
				"sender":	false
			}
		}, {
			"streams":	[{
					"socket":	5,
					"start":	3.001033,
					"end":	4.001057,
					"seconds":	1.0000239610672,
					"bytes":	5898240,
					"bits_per_second":	47184789.402090333,
					"omitted":	false,
					"sender":	false
				}],
			"sum":	{
				"start":	3.001033,
				"end":	4.001057,
				"seconds":	1.0000239610672,
				"bytes":	5898240,
				"bits_per_second":	47184789.402090333,
				"omitted":	false,
				"sender":	false
			}
		}, {
			"streams":	[{
					"socket":	5,
					"start":	4.001057,
					"end":	5.001007,
					"seconds":	0.99994999170303345,
					"bytes":	5898240,
					"bits_per_second":	47188279.805509858,
					"omitted":	false,
					"sender":	false
				}],
			"sum":	{
				"start":	4.001057,
				"end":	5.001007,
				"seconds":	0.99994999170303345,
				"bytes":	5898240,
				"bits_per_second":	47188279.805509858,
				"omitted":	false,
				"sender":	false
			}
		}, {
			"streams":	[{
					"socket":	5,
					"start":	5.001007,
					"end":	6.001058,
					"seconds":	1.0000510215759277,
					"bytes":	6029312,
					"bits_per_second":	48232035.1255577,
					"omitted":	false,
					"sender":	false
				}],
			"sum":	{
				"start":	5.001007,
				"end":	6.001058,
				"seconds":	1.0000510215759277,
				"bytes":	6029312,
				"bits_per_second":	48232035.1255577,
				"omitted":	false,
				"sender":	false
			}
		}, {
			"streams":	[{
					"socket":	5,
					"start":	6.001058,
					"end":	7.000977,
					"seconds":	0.99991899728775024,
					"bytes":	5898240,
					"bits_per_second":	47189742.497132637,
					"omitted":	false,
					"sender":	false
				}],
			"sum":	{
				"start":	6.001058,
				"end":	7.000977,
				"seconds":	0.99991899728775024,
				"bytes":	5898240,
				"bits_per_second":	47189742.497132637,
				"omitted":	false,
				"sender":	false
			}
		}, {
			"streams":	[{
					"socket":	5,
					"start":	7.000977,
					"end":	8.001008,
					"seconds":	1.0000309944152832,
					"bytes":	5767168,
					"bits_per_second":	46135914.044320643,
					"omitted":	false,
					"sender":	false
				}],
			"sum":	{
				"start":	7.000977,
				"end":	8.001008,
				"seconds":	1.0000309944152832,
				"bytes":	5767168,
				"bits_per_second":	46135914.044320643,
				"omitted":	false,
				"sender":	false
			}
		}, {
			"streams":	[{
					"socket":	5,
					"start":	8.001008,
					"end":	9.000687,
					"seconds":	0.99967902898788452,
					"bytes":	6160384,
					"bits_per_second":	49298895.51639007,
					"omitted":	false,
					"sender":	false
				}],
			"sum":	{
				"start":	8.001008,
				"end":	9.000687,
				"seconds":	0.99967902898788452,
				"bytes":	6160384,
				"bits_per_second":	49298895.51639007,
				"omitted":	false,
				"sender":	false
			}
		}, {
			"streams":	[{
					"socket":	5,
					"start":	9.000687,
					"end":	10.001087,
					"seconds":	1.0003999471664429,
					"bytes":	5898240,
					"bits_per_second":	47167055.669735439,
					"omitted":	false,
					"sender":	false
				}],
			"sum":	{
				"start":	9.000687,
				"end":	10.001087,
				"seconds":	1.0003999471664429,
				"bytes":	5898240,
				"bits_per_second":	47167055.669735439,
				"omitted":	false,
				"sender":	false
			}
		}, {
			"streams":	[{
					"socket":	5,
					"start":	10.001087,
					"end":	11.00104,
					"seconds":	0.99995297193527222,
					"bytes":	4456448,
					"bits_per_second":	35653260.703852139,
					"omitted":	false,
					"sender":	false
				}],
			"sum":	{
				"start":	10.001087,
				"end":	11.00104,
				"seconds":	0.99995297193527222,
				"bytes":	4456448,
				"bits_per_second":	35653260.703852139,
				"omitted":	false,
				"sender":	false
			}
		}, {
			"streams":	[{
					"socket":	5,
					"start":	11.00104,
					"end":	12.001057,
					"seconds":	1.0000170469284058,
					"bytes":	5898240,
					"bits_per_second":	47185115.6387119,
					"omitted":	false,
					"sender":	false
				}],
			"sum":	{
				"start":	11.00104,
				"end":	12.001057,
				"seconds":	1.0000170469284058,
				"bytes":	5898240,
				"bits_per_second":	47185115.6387119,
				"omitted":	false,
				"sender":	false
			}
		}, {
			"streams":	[{
					"socket":	5,
					"start":	12.001057,
					"end":	13.001361,
					"seconds":	1.0003039836883545,
					"bytes":	6029312,
					"bits_per_second":	48219837.955806337,
					"omitted":	false,
					"sender":	false
				}],
			"sum":	{
				"start":	12.001057,
				"end":	13.001361,
				"seconds":	1.0003039836883545,
				"bytes":	6029312,
				"bits_per_second":	48219837.955806337,
				"omitted":	false,
				"sender":	false
			}
		}, {
			"streams":	[{
					"socket":	5,
					"start":	13.001361,
					"end":	14.00104,
					"seconds":	0.99967902898788452,
					"bytes":	5898240,
					"bits_per_second":	47201070.1752671,
					"omitted":	false,
					"sender":	false
				}],
			"sum":	{
				"start":	13.001361,
				"end":	14.00104,
				"seconds":	0.99967902898788452,
				"bytes":	5898240,
				"bits_per_second":	47201070.1752671,
				"omitted":	false,
				"sender":	false
			}
		}, {
			"streams":	[{
					"socket":	5,
					"start":	14.00104,
					"end":	15.000999,
					"seconds":	0.99995899200439453,
					"bytes":	5898240,
					"bits_per_second":	47187855.079353727,
					"omitted":	false,
					"sender":	false
				}],
			"sum":	{
				"start":	14.00104,
				"end":	15.000999,
				"seconds":	0.99995899200439453,
				"bytes":	5898240,
				"bits_per_second":	47187855.079353727,
				"omitted":	false,
				"sender":	false
			}
		}, {
			"streams":	[{
					"socket":	5,
					"start":	15.000999,
					"end":	16.000674,
					"seconds":	0.99967497587203979,
					"bytes":	6029312,
					"bits_per_second":	48250178.472181842,
					"omitted":	false,
					"sender":	false
				}],
			"sum":	{
				"start":	15.000999,
				"end":	16.000674,
				"seconds":	0.99967497587203979,
				"bytes":	6029312,
				"bits_per_second":	48250178.472181842,