{
	"start":	{
		"connected":	[{
				"socket":	5,
				"local_host":	"10.0.0.1",
				"local_port":	40402,
				"remote_host":	"10.0.0.2",
				"remote_port":	5201
			}],
		"version":	"iperf 3.16",
		"system_info":	"Linux mininet 6.8.0-88-generic #89-Ubuntu SMP PREEMPT_DYNAMIC Sat Oct 11 01:02:46 UTC 2025 x86_64",
		"timestamp":	{
			"time":	"Tue, 02 Dec 2025 18:30:47 GMT",
			"timesecs":	1764700247
		},
		"connecting_to":	{
			"host":	"10.0.0.2",
			"port":	5201
		},
		"cookie":	"biljrzgbpyrx5a55a4uixmmidred3m6pm2sf",
		"tcp_mss_default":	1448,
		"target_bitrate":	0,
		"fq_rate":	0,
		"sock_bufsize":	0,
		"sndbuf_actual":	87380,
		"rcvbuf_actual":	87380,
		"test_start":	{
			"protocol":	"TCP",
			"num_streams":	1,
			"blksize":	131072,
			"omit":	0,
			"duration":	20,
			"bytes":	0,
			"blocks":	0,
			"reverse":	0,
			"tos":	0,
			"target_bitrate":	0,
			"bidir":	0,
			"fqrate":	0
		}
	},
	"intervals":	[{
			"streams":	[{
					"socket":	5,
					"start":	0,
					"end":	1.000739,
					"seconds":	1.0007389783859253,
					"bytes":	2228224,
					"bits_per_second":	17812628.852281656,
					"retransmits":	0,
					"snd_cwnd":	124528,
					"snd_wnd":	1108480,
					"rtt":	59798,
					"rttvar":	426,
					"pmtu":	1500,
					"omitted":	false,
					"sender":	true
				}],
			"sum":	{
				"start":	0,
				"end":	1.000739,
				"seconds":	1.0007389783859253,
				"bytes":	2228224,
				"bits_per_second":	17812628.852281656,
				"retransmits":	0,
				"omitted":	false,
				"sender":	true
			}
		}, {
			"streams":	[{
					"socket":	5,
					"start":	1.000739,
					"end":	2.000884,
					"seconds":	1.0001449584960938,
					"bytes":	1179648,
					"bits_per_second":	9435816.19827448,
					"retransmits":	0,
					"snd_cwnd":	124528,
					"snd_wnd":	1108480,
					"rtt":	67079,
					"rttvar":	343,
					"pmtu":	1500,
					"omitted":	false,
					"sender":	true
				}],
			"sum":	{
				"start":	1.000739,
				"end":	2.000884,
				"seconds":	1.0001449584960938,
				"bytes":	1179648,
				"bits_per_second":	9435816.19827448,
				"retransmits":	0,
				"omitted":	false,
				"sender":	true
			}
		}, {
			"streams":	[{
					"socket":	5,
					"start":	2.000884,
					"end":	3.001052,
					"seconds":	1.0001679658889771,
					"bytes":	1179648,
					"bits_per_second":	9435599.141202217,
					"retransmits":	0,
					"snd_cwnd":	124528,
					"snd_wnd":	1108480,
					"rtt":	78576,
					"rttvar":	2221,
					"pmtu":	1500,
					"omitted":	false,
					"sender":	true
				}],
			"sum":	{
				"start":	2.000884,
				"end":	3.001052,
				"seconds":	1.0001679658889771,
				"bytes":	1179648,
				"bits_per_second":	9435599.141202217,
				"retransmits":	0,
				"omitted":	false,
				"sender":	true
			}
		}, {
			"streams":	[{
					"socket":	5,
					"start":	3.001052,
					"end":	4.000633,
					"seconds":	0.999580979347229,
					"bytes":	1179648,
					"bits_per_second":	9441140.03265939,
					"retransmits":	2,
					"snd_cwnd":	124528,
					"snd_wnd":	1111552,
					"rtt":	74312,
					"rttvar":	86,
					"pmtu":	1500,
					"omitted":	false,
					"sender":	true
				}],
			"sum":	{
				"start":	3.001052,
				"end":	4.000633,
				"seconds":	0.999580979347229,
				"bytes":	1179648,
				"bits_per_second":	9441140.03265939,
				"retransmits":	2,
				"omitted":	false,
				"sender":	true
			}
		}, {
			"streams":	[{
					"socket":	5,
					"start":	4.000633,
					"end":	5.000944,
					"seconds":	1.000311017036438,
					"bytes":	1179648,
					"bits_per_second":	9434249.78759005,
					"retransmits":	4,
					"snd_cwnd":	124528,
					"snd_wnd":	1111552,
					"rtt":	73924,
					"rttvar":	201,
					"pmtu":	1500,
					"omitted":	false,
					"sender":	true
				}],
			"sum":	{
				"start":	4.000633,
				"end":	5.000944,
				"seconds":	1.000311017036438,
				"bytes":	1179648,
				"bits_per_second":	9434249.78759005,
				"retransmits":	4,
				"omitted":	false,
				"sender":	true
			}
		}, {
			"streams":	[{
					"socket":	5,
					"start":	5.000944,
					"end":	6.000721,
					"seconds":	0.99977701902389526,
					"bytes":	1179648,
					"bits_per_second":	9439288.7818263061,
					"retransmits":	0,
					"snd_cwnd":	121632,
					"snd_wnd":	1111552,
					"rtt":	79911,
					"rttvar":	69,
					"pmtu":	1500,
					"omitted":	false,
					"sender":	true
				}],
			"sum":	{
				"start":	5.000944,
				"end":	6.000721,
				"seconds":	0.99977701902389526,
				"bytes":	1179648,
				"bits_per_second":	9439288.7818263061,
				"retransmits":	0,
				"omitted":	false,
				"sender":	true
			}
		}, {
			"streams":	[{
					"socket":	5,
					"start":	6.000721,
					"end":	7.001309,
					"seconds":	1.000588059425354,
					"bytes":	1179648,
					"bits_per_second":	9431637.63659128,
					"retransmits":	0,
					"snd_cwnd":	124528,
					"snd_wnd":	1111552,
					"rtt":	89801,
					"rttvar":	1728,
					"pmtu":	1500,
					"omitted":	false,
					"sender":	true
				}],
			"sum":	{
				"start":	6.000721,
				"end":	7.001309,
				"seconds":	1.000588059425354,
				"bytes":	1179648,
				"bits_per_second":	9431637.63659128,
				"retransmits":	0,
				"omitted":	false,
				"sender":	true
			}
		}, {
			"streams":	[{
					"socket":	5,
					"start":	7.001309,
					"end":	8.00101,
					"seconds":	0.99970102310180664,
					"bytes":	1179648,
					"bits_per_second":	9440006.3438156,
					"retransmits":	0,
					"snd_cwnd":	121632,
					"snd_wnd":	1111552,
					"rtt":	83048,
					"rttvar":	298,
					"pmtu":	1500,
					"omitted":	false,
					"sender":	true
				}],
			"sum":	{
				"start":	7.001309,
				"end":	8.00101,
				"seconds":	0.99970102310180664,
				"bytes":	1179648,
				"bits_per_second":	9440006.3438156,
				"retransmits":	0,
				"omitted":	false,
				"sender":	true
			}
		}, {
			"streams":	[{
					"socket":	5,
					"start":	8.00101,
					"end":	9.000818,
					"seconds":	0.99980801343917847,
					"bytes":	1179648,
					"bits_per_second":	9438996.1604104452,
					"retransmits":	2,
					"snd_cwnd":	124528,
					"snd_wnd":	1111552,
					"rtt":	81103,
					"rttvar":	88,
					"pmtu":	1500,
					"omitted":	false,
					"sender":	true
				}],
			"sum":	{
				"start":	8.00101,
				"end":	9.000818,
				"seconds":	0.99980801343917847,
				"bytes":	1179648,
				"bits_per_second":	9438996.1604104452,
				"retransmits":	2,
				"omitted":	false,
				"sender":	true
			}
		}, {
			"streams":	[{
					"socket":	5,
					"start":	9.000818,
					"end":	10.000987,
					"seconds":	1.000169038772583,
					"bytes":	1703936,
					"bits_per_second":	13629184.13944176,
					"retransmits":	0,
					"snd_cwnd":	121632,
					"snd_wnd":	1111552,
					"rtt":	81601,
					"rttvar":	203,
					"pmtu":	1500,
					"omitted":	false,
					"sender":	true
				}],
			"sum":	{
				"start":	9.000818,
				"end":	10.000987,
				"seconds":	1.000169038772583,
				"bytes":	1703936,
				"bits_per_second":	13629184.13944176,
				"retransmits":	0,
				"omitted":	false,
				"sender":	true
			}
		}, {
			"streams":	[{
					"socket":	5,
					"start":	10.000987,
					"end":	11.000739,
					"seconds":	0.9997519850730896,
					"bytes":	655360,
					"bits_per_second":	5244180.635076914,
					"retransmits":	0,
					"snd_cwnd":	124528,
					"snd_wnd":	1111552,
					"rtt":	55942,
					"rttvar":	234,
					"pmtu":	1500,
					"omitted":	false,
					"sender":	true
				}],
			"sum":	{
				"start":	10.000987,
				"end":	11.000739,
				"seconds":	0.9997519850730896,
				"bytes":	655360,
				"bits_per_second":	5244180.635076914,
				"retransmits":	0,
				"omitted":	false,
				"sender":	true
			}
		}, {
			"streams":	[{
					"socket":	5,
					"start":	11.000739,
					"end":	12.000827,
					"seconds":	1.0000879764556885,
					"bytes":	1179648,
					"bits_per_second":	9436353.8230360262,
					"retransmits":	0,
					"snd_cwnd":	124528,
					"snd_wnd":	1111552,
					"rtt":	59860,
					"rttvar":	196,
					"pmtu":	1500,
					"omitted":	false,
					"sender":	true
				}],
			"sum":	{
				"start":	11.000739,
				"end":	12.000827,
				"seconds":	1.0000879764556885,
				"bytes":	1179648,
				"bits_per_second":	9436353.8230360262,
				"retransmits":	0,