{
	"start":	{
		"connected":	[{
				"socket":	5,
				"local_host":	"10.0.0.1",
				"local_port":	33150,
				"remote_host":	"10.0.0.2",
				"remote_port":	5201
			}],
		"version":	"iperf 3.16",
		"system_info":	"Linux mininet 6.8.0-88-generic #89-Ubuntu SMP PREEMPT_DYNAMIC Sat Oct 11 01:02:46 UTC 2025 x86_64",
		"timestamp":	{
			"time":	"Tue, 02 Dec 2025 18:32:43 GMT",
			"timesecs":	1764700363
		},
		"connecting_to":	{
			"host":	"10.0.0.2",
			"port":	5201
		},
		"cookie":	"7sj5tgpcbenln35qfrox6c3d2w6bd7eq2w5b",
		"tcp_mss_default":	1448,
		"target_bitrate":	0,
		"fq_rate":	0,
		"sock_bufsize":	0,
		"sndbuf_actual":	87380,
		"rcvbuf_actual":	87380,
		"test_start":	{
			"protocol":	"TCP",
			"num_streams":	1,
			"blksize":	131072,
			"omit":	0,
			"duration":	20,
			"bytes":	0,
			"blocks":	0,
			"reverse":	0,
			"tos":	0,
			"target_bitrate":	0,
			"bidir":	0,
			"fqrate":	0
		}
	},
	"intervals":	[{
			"streams":	[{
					"socket":	5,
					"start":	0,
					"end":	1.000908,
					"seconds":	1.0009080171585083,
					"bytes":	2359296,
					"bits_per_second":	18857245.297707483,
					"retransmits":	4,
					"snd_cwnd":	127424,
					"snd_wnd":	1703936,
					"rtt":	55316,
					"rttvar":	1983,
					"pmtu":	1500,
					"omitted":	false,
					"sender":	true
				}],
			"sum":	{
				"start":	0,
				"end":	1.000908,
				"seconds":	1.0009080171585083,
				"bytes":	2359296,
				"bits_per_second":	18857245.297707483,
				"retransmits":	4,
				"omitted":	false,
				"sender":	true
			}
		}, {
			"streams":	[{
					"socket":	5,
					"start":	1.000908,
					"end":	2.000601,
					"seconds":	0.999692976474762,
					"bytes":	1179648,
					"bits_per_second":	9440082.32735468,
					"retransmits":	6,
					"snd_cwnd":	124528,
					"snd_wnd":	4096000,
					"rtt":	55935,
					"rttvar":	206,
					"pmtu":	1500,
					"omitted":	false,
					"sender":	true
				}],
			"sum":	{
				"start":	1.000908,
				"end":	2.000601,
				"seconds":	0.999692976474762,
				"bytes":	1179648,
				"bits_per_second":	9440082.32735468,
				"retransmits":	6,
				"omitted":	false,
				"sender":	true
			}
		}, {
			"streams":	[{
					"socket":	5,
					"start":	2.000601,
					"end":	3.000608,
					"seconds":	1.0000070333480835,
					"bytes":	1179648,
					"bits_per_second":	9437117.6254668348,
					"retransmits":	12,
					"snd_cwnd":	127424,
					"snd_wnd":	5086720,
					"rtt":	51733,
					"rttvar":	1761,
					"pmtu":	1500,
					"omitted":	false,
					"sender":	true
				}],
			"sum":	{
				"start":	2.000601,
				"end":	3.000608,
				"seconds":	1.0000070333480835,
				"bytes":	1179648,
				"bits_per_second":	9437117.6254668348,
				"retransmits":	12,
				"omitted":	false,
				"sender":	true
			}
		}, {
			"streams":	[{
					"socket":	5,
					"start":	3.000608,
					"end":	4.000916,
					"seconds":	1.0003080368041992,
					"bytes":	1179648,
					"bits_per_second":	9434277.89518724,
					"retransmits":	4,
					"snd_cwnd":	124528,
					"snd_wnd":	5086720,
					"rtt":	56821,
					"rttvar":	2256,
					"pmtu":	1500,
					"omitted":	false,
					"sender":	true
				}],
			"sum":	{
				"start":	3.000608,
				"end":	4.000916,
				"seconds":	1.0003080368041992,
				"bytes":	1179648,
				"bits_per_second":	9434277.89518724,
				"retransmits":	4,
				"omitted":	false,
				"sender":	true
			}
		}, {
			"streams":	[{
					"socket":	5,
					"start":	4.000916,
					"end":	5.000684,
					"seconds":	0.99976801872253418,
					"bytes":	1179648,
					"bits_per_second":	9439373.7579828538,
					"retransmits":	2,
					"snd_cwnd":	130320,
					"snd_wnd":	5086720,
					"rtt":	58612,
					"rttvar":	455,
					"pmtu":	1500,
					"omitted":	false,
					"sender":	true
				}],
			"sum":	{
				"start":	4.000916,
				"end":	5.000684,
				"seconds":	0.99976801872253418,
				"bytes":	1179648,
				"bits_per_second":	9439373.7579828538,
				"retransmits":	2,
				"omitted":	false,
				"sender":	true
			}
		}, {
			"streams":	[{
					"socket":	5,
					"start":	5.000684,
					"end":	6.001087,
					"seconds":	1.0004030466079712,
					"bytes":	1179648,
					"bits_per_second":	9433381.90742052,
					"retransmits":	8,
					"snd_cwnd":	82536,
					"snd_wnd":	5086720,
					"rtt":	67970,
					"rttvar":	103,
					"pmtu":	1500,
					"omitted":	false,
					"sender":	true
				}],
			"sum":	{
				"start":	5.000684,
				"end":	6.001087,
				"seconds":	1.0004030466079712,
				"bytes":	1179648,
				"bits_per_second":	9433381.90742052,
				"retransmits":	8,
				"omitted":	false,
				"sender":	true
			}
		}, {
			"streams":	[{
					"socket":	5,
					"start":	6.001087,
					"end":	7.000977,
					"seconds":	0.9998900294303894,
					"bytes":	1179648,
					"bits_per_second":	9438221.9266413841,
					"retransmits":	8,
					"snd_cwnd":	68056,
					"snd_wnd":	5086720,
					"rtt":	57754,
					"rttvar":	2372,
					"pmtu":	1500,
					"omitted":	false,
					"sender":	true
				}],
			"sum":	{
				"start":	6.001087,
				"end":	7.000977,
				"seconds":	0.9998900294303894,
				"bytes":	1179648,
				"bits_per_second":	9438221.9266413841,
				"retransmits":	8,
				"omitted":	false,
				"sender":	true
			}
		}, {
			"streams":	[{
					"socket":	5,
					"start":	7.000977,
					"end":	8.000626,
					"seconds":	0.99964898824691772,
					"bytes":	1179648,
					"bits_per_second":	9440497.7256566528,
					"retransmits":	8,
					"snd_cwnd":	124528,
					"snd_wnd":	5089792,
					"rtt":	58330,
					"rttvar":	2155,
					"pmtu":	1500,
					"omitted":	false,
					"sender":	true
				}],
			"sum":	{
				"start":	7.000977,
				"end":	8.000626,
				"seconds":	0.99964898824691772,
				"bytes":	1179648,
				"bits_per_second":	9440497.7256566528,
				"retransmits":	8,
				"omitted":	false,
				"sender":	true
			}
		}, {
			"streams":	[{
					"socket":	5,
					"start":	8.000626,
					"end":	9.001002,
					"seconds":	1.0003759860992432,
					"bytes":	1179648,
					"bits_per_second":	9433637.0835912656,
					"retransmits":	18,
					"snd_cwnd":	53576,
					"snd_wnd":	5086720,
					"rtt":	46135,
					"rttvar":	861,
					"pmtu":	1500,
					"omitted":	false,
					"sender":	true
				}],
			"sum":	{
				"start":	8.000626,
				"end":	9.001002,
				"seconds":	1.0003759860992432,
				"bytes":	1179648,
				"bits_per_second":	9433637.0835912656,
				"retransmits":	18,
				"omitted":	false,
				"sender":	true
			}
		}, {
			"streams":	[{
					"socket":	5,
					"start":	9.001002,
					"end":	10.000937,
					"seconds":	0.99993497133255,
					"bytes":	1179648,
					"bits_per_second":	9437797.727409875,
					"retransmits":	6,
					"snd_cwnd":	124528,
					"snd_wnd":	5089792,
					"rtt":	74757,
					"rttvar":	2166,
					"pmtu":	1500,
					"omitted":	false,
					"sender":	true
				}],
			"sum":	{
				"start":	9.001002,
				"end":	10.000937,
				"seconds":	0.99993497133255,
				"bytes":	1179648,
				"bits_per_second":	9437797.727409875,
				"retransmits":	6,
				"omitted":	false,
				"sender":	true
			}
		}, {
			"streams":	[{
					"socket":	5,
					"start":	10.000937,
					"end":	11.001032,
					"seconds":	1.000095009803772,
					"bytes":	1179648,
					"bits_per_second":	9436287.46018007,
					"retransmits":	12,
					"snd_cwnd":	118736,
					"snd_wnd":	5083648,
					"rtt":	55781,
					"rttvar":	459,
					"pmtu":	1500,
					"omitted":	false,
					"sender":	true
				}],
			"sum":	{
				"start":	10.000937,
				"end":	11.001032,
				"seconds":	1.000095009803772,
				"bytes":	1179648,
				"bits_per_second":	9436287.46018007,
				"retransmits":	12,
				"omitted":	false,
				"sender":	true
			}
		}, {
			"streams":	[{
					"socket":	5,
					"start":	11.001032,
					"end":	12.000684,
					"seconds":	0.99965202808380127,
					"bytes":	1179648,
					"bits_per_second":	9440469.01809404,
					"retransmits":	8,
					"snd_cwnd":	124528,
					"snd_wnd":	5089792,
					"rtt":	59503,
					"rttvar":	510,
					"pmtu":	1500,
					"omitted":	false,
					"sender":	true
				}],
			"sum":	{
				"start":	11.001032,
				"end":	12.000684,
				"seconds":	0.99965202808380127,
				"bytes":	1179648,
				"bits_per_second":	9440469.01809404,