{
	"start":	{
		"connected":	[{
				"socket":	5,
				"local_host":	"10.0.0.1",
				"local_port":	56430,
				"remote_host":	"10.0.0.2",
				"remote_port":	5201
			}],
		"version":	"iperf 3.16",
		"system_info":	"Linux mininet 6.8.0-88-generic #89-Ubuntu SMP PREEMPT_DYNAMIC Sat Oct 11 01:02:46 UTC 2025 x86_64",
		"timestamp":	{
			"time":	"Tue, 02 Dec 2025 16:59:14 GMT",
			"timesecs":	1764694754
		},
		"connecting_to":	{
			"host":	"10.0.0.2",
			"port":	5201
		},
		"cookie":	"7vw6et4acimibdl5tf3v3e3jch35nlkbsuzd",
		"tcp_mss_default":	1448,
		"target_bitrate":	0,
		"fq_rate":	0,
		"sock_bufsize":	0,
		"sndbuf_actual":	87380,
		"rcvbuf_actual":	87380,
		"test_start":	{
			"protocol":	"TCP",
			"num_streams":	1,
			"blksize":	131072,
			"omit":	0,
			"duration":	20,
			"bytes":	0,
			"blocks":	0,
			"reverse":	0,
			"tos":	0,
			"target_bitrate":	0,
			"bidir":	0,
			"fqrate":	0
		}
	},
	"intervals":	[{
			"streams":	[{
					"socket":	5,
					"start":	0,
					"end":	1.000837,
					"seconds":	1.000836968421936,
					"bytes":	4194304,
					"bits_per_second":	33526371.485764317,
					"retransmits":	66,
					"snd_cwnd":	480736,
					"snd_wnd":	1763840,
					"rtt":	381904,
					"rttvar":	1285,
					"pmtu":	1500,
					"omitted":	false,
					"sender":	true
				}],
			"sum":	{
				"start":	0,
				"end":	1.000837,
				"seconds":	1.000836968421936,
				"bytes":	4194304,
				"bits_per_second":	33526371.485764317,
				"retransmits":	66,
				"omitted":	false,
				"sender":	true
			}
		}, {
			"streams":	[{
					"socket":	5,
					"start":	1.000837,
					"end":	2.000927,
					"seconds":	1.0000900030136108,
					"bytes":	1703936,
					"bits_per_second":	13630261.23541251,
					"retransmits":	350,
					"snd_cwnd":	201272,
					"snd_wnd":	2022912,
					"rtt":	173766,
					"rttvar":	6255,
					"pmtu":	1500,
					"omitted":	false,
					"sender":	true
				}],
			"sum":	{
				"start":	1.000837,
				"end":	2.000927,
				"seconds":	1.0000900030136108,
				"bytes":	1703936,
				"bits_per_second":	13630261.23541251,
				"retransmits":	350,
				"omitted":	false,
				"sender":	true
			}
		}, {
			"streams":	[{
					"socket":	5,
					"start":	2.000927,
					"end":	3.000803,
					"seconds":	0.99987602233886719,
					"bytes":	1572864,
					"bits_per_second":	12584472.193429133,
					"retransmits":	8,
					"snd_cwnd":	18824,
					"snd_wnd":	3773440,
					"rtt":	44696,
					"rttvar":	256,
					"pmtu":	1500,
					"omitted":	false,
					"sender":	true
				}],
			"sum":	{
				"start":	2.000927,
				"end":	3.000803,
				"seconds":	0.99987602233886719,
				"bytes":	1572864,
				"bits_per_second":	12584472.193429133,
				"retransmits":	8,
				"omitted":	false,
				"sender":	true
			}
		}, {
			"streams":	[{
					"socket":	5,
					"start":	3.000803,
					"end":	4.000911,
					"seconds":	1.000108003616333,
					"bytes":	0,
					"bits_per_second":	0,
					"retransmits":	2,
					"snd_cwnd":	30408,
					"snd_wnd":	3773440,
					"rtt":	46285,
					"rttvar":	1148,
					"pmtu":	1500,
					"omitted":	false,
					"sender":	true
				}],
			"sum":	{
				"start":	3.000803,
				"end":	4.000911,
				"seconds":	1.000108003616333,
				"bytes":	0,
				"bits_per_second":	0,
				"retransmits":	2,
				"omitted":	false,
				"sender":	true
			}
		}, {
			"streams":	[{
					"socket":	5,
					"start":	4.000911,
					"end":	5.000792,
					"seconds":	0.99988102912902832,
					"bytes":	0,
					"bits_per_second":	0,
					"retransmits":	5,
					"snd_cwnd":	14480,
					"snd_wnd":	3773440,
					"rtt":	47555,
					"rttvar":	5040,
					"pmtu":	1500,
					"omitted":	false,
					"sender":	true
				}],
			"sum":	{
				"start":	4.000911,
				"end":	5.000792,
				"seconds":	0.99988102912902832,
				"bytes":	0,
				"bits_per_second":	0,
				"retransmits":	5,
				"omitted":	false,
				"sender":	true
			}
		}, {
			"streams":	[{
					"socket":	5,
					"start":	5.000792,
					"end":	6.000922,
					"seconds":	1.0001300573349,
					"bytes":	1703936,
					"bits_per_second":	13629715.355545413,
					"retransmits":	2,
					"snd_cwnd":	24616,
					"snd_wnd":	3773440,
					"rtt":	45066,
					"rttvar":	755,
					"pmtu":	1500,
					"omitted":	false,
					"sender":	true
				}],
			"sum":	{
				"start":	5.000792,
				"end":	6.000922,
				"seconds":	1.0001300573349,
				"bytes":	1703936,
				"bits_per_second":	13629715.355545413,
				"retransmits":	2,
				"omitted":	false,
				"sender":	true
			}
		}, {
			"streams":	[{
					"socket":	5,
					"start":	6.000922,
					"end":	7.000818,
					"seconds":	0.999895989894867,
					"bytes":	0,
					"bits_per_second":	0,
					"retransmits":	5,
					"snd_cwnd":	11584,
					"snd_wnd":	3776000,
					"rtt":	48029,
					"rttvar":	3576,
					"pmtu":	1500,
					"omitted":	false,
					"sender":	true
				}],
			"sum":	{
				"start":	6.000922,
				"end":	7.000818,
				"seconds":	0.999895989894867,
				"bytes":	0,
				"bits_per_second":	0,
				"retransmits":	5,
				"omitted":	false,
				"sender":	true
			}
		}, {
			"streams":	[{
					"socket":	5,
					"start":	7.000818,
					"end":	8.000823,
					"seconds":	1.0000050067901611,
					"bytes":	0,
					"bits_per_second":	0,
					"retransmits":	2,
					"snd_cwnd":	27512,
					"snd_wnd":	3773440,
					"rtt":	47086,
					"rttvar":	2971,
					"pmtu":	1500,
					"omitted":	false,
					"sender":	true
				}],
			"sum":	{
				"start":	7.000818,
				"end":	8.000823,
				"seconds":	1.0000050067901611,
				"bytes":	0,
				"bits_per_second":	0,
				"retransmits":	2,
				"omitted":	false,
				"sender":	true
			}
		}, {
			"streams":	[{
					"socket":	5,
					"start":	8.000823,
					"end":	9.000823,
					"seconds":	1,
					"bytes":	0,
					"bits_per_second":	0,
					"retransmits":	4,
					"snd_cwnd":	24616,
					"snd_wnd":	3773440,
					"rtt":	48292,
					"rttvar":	4067,
					"pmtu":	1500,
					"omitted":	false,
					"sender":	true
				}],
			"sum":	{
				"start":	8.000823,
				"end":	9.000823,
				"seconds":	1,
				"bytes":	0,
				"bits_per_second":	0,
				"retransmits":	4,
				"omitted":	false,
				"sender":	true
			}
		}, {
			"streams":	[{
					"socket":	5,
					"start":	9.000823,
					"end":	10.000807,
					"seconds":	0.9999840259552002,
					"bytes":	1572864,
					"bits_per_second":	12583113.003210835,
					"retransmits":	2,
					"snd_cwnd":	36200,
					"snd_wnd":	3773440,
					"rtt":	45010,
					"rttvar":	917,
					"pmtu":	1500,
					"omitted":	false,
					"sender":	true
				}],
			"sum":	{
				"start":	9.000823,
				"end":	10.000807,
				"seconds":	0.9999840259552002,
				"bytes":	1572864,
				"bits_per_second":	12583113.003210835,
				"retransmits":	2,
				"omitted":	false,
				"sender":	true
			}
		}, {
			"streams":	[{
					"socket":	5,
					"start":	10.000807,
					"end":	11.00119,
					"seconds":	1.0003830194473267,
					"bytes":	0,
					"bits_per_second":	0,
					"retransmits":	6,
					"snd_cwnd":	28960,
					"snd_wnd":	3773440,
					"rtt":	45411,
					"rttvar":	900,
					"pmtu":	1500,
					"omitted":	false,
					"sender":	true
				}],
			"sum":	{
				"start":	10.000807,
				"end":	11.00119,
				"seconds":	1.0003830194473267,
				"bytes":	0,
				"bits_per_second":	0,
				"retransmits":	6,
				"omitted":	false,
				"sender":	true
			}
		}, {
			"streams":	[{
					"socket":	5,
					"start":	11.00119,
					"end":	12.000945,
					"seconds":	0.999755024909973,
					"bytes":	0,
					"bits_per_second":	0,
					"retransmits":	4,
					"snd_cwnd":	21720,
					"snd_wnd":	3776000,
					"rtt":	47068,
					"rttvar":	4770,
					"pmtu":	1500,
					"omitted":	false,
					"sender":	true
				}],
			"sum":	{
				"start":	11.00119,
				"end":	12.000945,
				"seconds":	0.999755024909973,
				"bytes":	0,
				"bits_per_second":	0,
				"retransmits":	4,
				"omitted":	false,
				"sender":	true
			}
		}, {
			"streams":	[{
					"socket":	5,
					"start":	12.000945,
					"end":	13.000806,
					"seconds":	0.99986100196838379,
					"bytes":	0,
					"bits_per_second":	0,
					"retransmits":	2,
					"snd_cwnd":	31856,
					"snd_wnd":	3776000,
					"rtt":	46069,
					"rttvar":	2875,