{
	"start":	{
		"connected":	[{
				"socket":	5,
				"local_host":	"10.0.0.2",
				"local_port":	5201,
				"remote_host":	"10.0.0.1",
				"remote_port":	56430
			}],
		"version":	"iperf 3.16",
		"system_info":	"Linux mininet 6.8.0-88-generic #89-Ubuntu SMP PREEMPT_DYNAMIC Sat Oct 11 01:02:46 UTC 2025 x86_64",
		"sock_bufsize":	0,
		"sndbuf_actual":	87380,
		"rcvbuf_actual":	87380,
		"timestamp":	{
			"time":	"Tue, 02 Dec 2025 16:59:14 GMT",
			"timesecs":	1764694754
		},
		"accepted_connection":	{
			"host":	"10.0.0.1",
			"port":	56418
		},
		"cookie":	"7vw6et4acimibdl5tf3v3e3jch35nlkbsuzd",
		"tcp_mss_default":	0,
		"target_bitrate":	0,
		"fq_rate":	0,
		"test_start":	{
			"protocol":	"TCP",
			"num_streams":	1,
			"blksize":	131072,
			"omit":	0,
			"duration":	20,
			"bytes":	0,
			"blocks":	0,
			"reverse":	0,
			"tos":	0,
			"target_bitrate":	0,
			"bidir":	0,
			"fqrate":	0
		}
	},
	"intervals":	[{
			"streams":	[{
					"socket":	5,
					"start":	0,
					"end":	1.000733,
					"seconds":	1.0007330179214478,
					"bytes":	786432,
					"bits_per_second":	6286847.62801925,
					"omitted":	false,
					"sender":	false
				}],
			"sum":	{
				"start":	0,
				"end":	1.000733,
				"seconds":	1.0007330179214478,
				"bytes":	786432,
				"bits_per_second":	6286847.62801925,
				"omitted":	false,
				"sender":	false
			}
		}, {
			"streams":	[{
					"socket":	5,
					"start":	1.000733,
					"end":	2.000396,
					"seconds":	0.99966299533844,
					"bytes":	1441792,
					"bits_per_second":	11538224.435420863,
					"omitted":	false,
					"sender":	false
				}],
			"sum":	{
				"start":	1.000733,
				"end":	2.000396,
				"seconds":	0.99966299533844,
				"bytes":	1441792,
				"bits_per_second":	11538224.435420863,
				"omitted":	false,
				"sender":	false
			}
		}, {
			"streams":	[{
					"socket":	5,
					"start":	2.000396,
					"end":	3.000995,
					"seconds":	1.0005990266799927,
					"bytes":	917504,
					"bits_per_second":	7335637.7572686346,
					"omitted":	false,
					"sender":	false
				}],
			"sum":	{
				"start":	2.000396,
				"end":	3.000995,
				"seconds":	1.0005990266799927,
				"bytes":	917504,
				"bits_per_second":	7335637.7572686346,
				"omitted":	false,
				"sender":	false
			}
		}, {
			"streams":	[{
					"socket":	5,
					"start":	3.000995,
					"end":	4.000988,
					"seconds":	0.99999302625656128,
					"bytes":	524288,
					"bits_per_second":	4194333.2502039839,
					"omitted":	false,
					"sender":	false
				}],
			"sum":	{
				"start":	3.000995,
				"end":	4.000988,
				"seconds":	0.99999302625656128,
				"bytes":	524288,
				"bits_per_second":	4194333.2502039839,
				"omitted":	false,
				"sender":	false
			}
		}, {
			"streams":	[{
					"socket":	5,
					"start":	4.000988,
					"end":	5.00019,
					"seconds":	0.999202013015747,
					"bytes":	262144,
					"bits_per_second":	2098826.8364977259,
					"omitted":	false,
					"sender":	false
				}],
			"sum":	{
				"start":	4.000988,
				"end":	5.00019,
				"seconds":	0.999202013015747,
				"bytes":	262144,
				"bits_per_second":	2098826.8364977259,
				"omitted":	false,
				"sender":	false
			}
		}, {
			"streams":	[{
					"socket":	5,
					"start":	5.00019,
					"end":	6.000945,
					"seconds":	1.0007549524307251,
					"bytes":	524288,
					"bits_per_second":	4191139.8887534766,
					"omitted":	false,
					"sender":	false
				}],
			"sum":	{
				"start":	5.00019,
				"end":	6.000945,
				"seconds":	1.0007549524307251,
				"bytes":	524288,
				"bits_per_second":	4191139.8887534766,
				"omitted":	false,
				"sender":	false
			}
		}, {
			"streams":	[{
					"socket":	5,
					"start":	6.000945,
					"end":	7.000177,
					"seconds":	0.999231994152069,
					"bytes":	393216,
					"bits_per_second":	3148145.7943802229,
					"omitted":	false,
					"sender":	false
				}],
			"sum":	{
				"start":	6.000945,
				"end":	7.000177,
				"seconds":	0.999231994152069,
				"bytes":	393216,
				"bits_per_second":	3148145.7943802229,
				"omitted":	false,
				"sender":	false
			}
		}, {
			"streams":	[{
					"socket":	5,
					"start":	7.000177,
					"end":	8.000529,
					"seconds":	1.0003520250320435,
					"bytes":	393216,
					"bits_per_second":	3144621.01468654,
					"omitted":	false,
					"sender":	false
				}],
			"sum":	{
				"start":	7.000177,
				"end":	8.000529,
				"seconds":	1.0003520250320435,
				"bytes":	393216,
				"bits_per_second":	3144621.01468654,
				"omitted":	false,
				"sender":	false
			}
		}, {
			"streams":	[{
					"socket":	5,
					"start":	8.000529,
					"end":	9.000167,
					"seconds":	0.999638020992279,
					"bytes":	262144,
					"bits_per_second":	2097911.3998868177,
					"omitted":	false,
					"sender":	false
				}],
			"sum":	{
				"start":	8.000529,
				"end":	9.000167,
				"seconds":	0.999638020992279,
				"bytes":	262144,
				"bits_per_second":	2097911.3998868177,
				"omitted":	false,
				"sender":	false
			}
		}, {
			"streams":	[{
					"socket":	5,
					"start":	9.000167,
					"end":	10.000358,
					"seconds":	1.0001909732818604,
					"bytes":	655360,
					"bits_per_second":	5241878.94117549,
					"omitted":	false,
					"sender":	false
				}],
			"sum":	{
				"start":	9.000167,
				"end":	10.000358,
				"seconds":	1.0001909732818604,
				"bytes":	655360,
				"bits_per_second":	5241878.94117549,
				"omitted":	false,
				"sender":	false
			}
		}, {
			"streams":	[{
					"socket":	5,
					"start":	10.000358,
					"end":	11.000132,
					"seconds":	0.99977397918701172,
					"bytes":	393216,
					"bits_per_second":	3146439.160737128,
					"omitted":	false,
					"sender":	false
				}],
			"sum":	{
				"start":	10.000358,
				"end":	11.000132,
				"seconds":	0.99977397918701172,
				"bytes":	393216,
				"bits_per_second":	3146439.160737128,
				"omitted":	false,
				"sender":	false
			}
		}, {
			"streams":	[{
					"socket":	5,
					"start":	11.000132,
					"end":	12.000251,
					"seconds":	1.0001189708709717,
					"bytes":	393216,
					"bits_per_second":	3145353.794519552,
					"omitted":	false,
					"sender":	false
				}],
			"sum":	{
				"start":	11.000132,
				"end":	12.000251,
				"seconds":	1.0001189708709717,
				"bytes":	393216,
				"bits_per_second":	3145353.794519552,
				"omitted":	false,
				"sender":	false
			}
		}, {
			"streams":	[{
					"socket":	5,
					"start":	12.000251,
					"end":	13.000805,
					"seconds":	1.0005539655685425,
					"bytes":	655360,
					"bits_per_second":	5239977.233032953,
					"omitted":	false,
					"sender":	false
				}],
			"sum":	{
				"start":	12.000251,
				"end":	13.000805,
				"seconds":	1.0005539655685425,
				"bytes":	655360,
				"bits_per_second":	5239977.233032953,
				"omitted":	false,
				"sender":	false
			}
		}, {
			"streams":	[{
					"socket":	5,
					"start":	13.000805,
					"end":	14.0002,
					"seconds":	0.99939501285552979,
					"bytes":	262144,
					"bits_per_second":	2098421.518042095,
					"omitted":	false,
					"sender":	false
				}],
			"sum":	{
				"start":	13.000805,
				"end":	14.0002,
				"seconds":	0.99939501285552979,
				"bytes":	262144,
				"bits_per_second":	2098421.518042095,
				"omitted":	false,
				"sender":	false
			}
		}, {
			"streams":	[{
					"socket":	5,
					"start":	14.0002,
					"end":	15.000796,
					"seconds":	1.0005960464477539,
					"bytes":	393216,
					"bits_per_second":	3143854.1169213527,
					"omitted":	false,
					"sender":	false
				}],
			"sum":	{
				"start":	14.0002,
				"end":	15.000796,
				"seconds":	1.0005960464477539,
				"bytes":	393216,
				"bits_per_second":	3143854.1169213527,
				"omitted":	false,
				"sender":	false
			}
		}, {
			"streams":	[{
					"socket":	5,
					"start":	15.000796,
					"end":	16.000416,
					"seconds":	0.999620020389557,
					"bytes":	262144,
					"bits_per_second":	2097949.1779113524,
					"omitted":	false,
					"sender":	false
				}],
			"sum":	{
				"start":	15.000796,
				"end":	16.000416,
				"seconds":	0.999620020389557,
				"bytes":	262144,
				"bits_per_second":	2097949.1779113524,
				"omitted":	false,