{
	"start":	{
		"connected":	[{
				"socket":	5,
				"local_host":	"10.0.0.1",
				"local_port":	44792,
				"remote_host":	"10.0.0.2",
				"remote_port":	5201
			}],
		"version":	"iperf 3.16",
		"system_info":	"Linux mininet 6.8.0-88-generic #89-Ubuntu SMP PREEMPT_DYNAMIC Sat Oct 11 01:02:46 UTC 2025 x86_64",
		"timestamp":	{
			"time":	"Tue, 02 Dec 2025 17:54:19 GMT",
			"timesecs":	1764698059
		},
		"connecting_to":	{
			"host":	"10.0.0.2",
			"port":	5201
		},
		"cookie":	"lrgjf4u7tghjmr2fibyceiounpamwjy3wbmp",
		"tcp_mss_default":	1448,
		"target_bitrate":	0,
		"fq_rate":	0,
		"sock_bufsize":	0,
		"sndbuf_actual":	87380,
		"rcvbuf_actual":	87380,
		"test_start":	{
			"protocol":	"TCP",
			"num_streams":	1,
			"blksize":	131072,
			"omit":	0,
			"duration":	20,
			"bytes":	0,
			"blocks":	0,
			"reverse":	0,
			"tos":	0,
			"target_bitrate":	0,
			"bidir":	0,
			"fqrate":	0
		}
	},
	"intervals":	[{
			"streams":	[{
					"socket":	5,
					"start":	0,
					"end":	1.000584,
					"seconds":	1.0005840063095093,
					"bytes":	2883584,
					"bits_per_second":	23055207.613286793,
					"retransmits":	0,
					"snd_cwnd":	501008,
					"snd_wnd":	1217536,
					"rtt":	322320,
					"rttvar":	13775,
					"pmtu":	1500,
					"omitted":	false,
					"sender":	true
				}],
			"sum":	{
				"start":	0,
				"end":	1.000584,
				"seconds":	1.0005840063095093,
				"bytes":	2883584,
				"bits_per_second":	23055207.613286793,
				"retransmits":	0,
				"omitted":	false,
				"sender":	true
			}
		}, {
			"streams":	[{
					"socket":	5,
					"start":	1.000584,
					"end":	2.000755,
					"seconds":	1.0001709461212158,
					"bytes":	1179648,
					"bits_per_second":	9435571.025731694,
					"retransmits":	169,
					"snd_cwnd":	247608,
					"snd_wnd":	2194944,
					"rtt":	232851,
					"rttvar":	1084,
					"pmtu":	1500,
					"omitted":	false,
					"sender":	true
				}],
			"sum":	{
				"start":	1.000584,
				"end":	2.000755,
				"seconds":	1.0001709461212158,
				"bytes":	1179648,
				"bits_per_second":	9435571.025731694,
				"retransmits":	169,
				"omitted":	false,
				"sender":	true
			}
		}, {
			"streams":	[{
					"socket":	5,
					"start":	2.000755,
					"end":	3.000497,
					"seconds":	0.99974197149276733,
					"bytes":	1179648,
					"bits_per_second":	9439619.69097771,
					"retransmits":	4,
					"snd_cwnd":	266432,
					"snd_wnd":	3801600,
					"rtt":	217984,
					"rttvar":	220,
					"pmtu":	1500,
					"omitted":	false,
					"sender":	true
				}],
			"sum":	{
				"start":	2.000755,
				"end":	3.000497,
				"seconds":	0.99974197149276733,
				"bytes":	1179648,
				"bits_per_second":	9439619.69097771,
				"retransmits":	4,
				"omitted":	false,
				"sender":	true
			}
		}, {
			"streams":	[{
					"socket":	5,
					"start":	3.000497,
					"end":	4.000683,
					"seconds":	1.0001859664916992,
					"bytes":	1048576,
					"bits_per_second":	8387048.2900537867,
					"retransmits":	0,
					"snd_cwnd":	288152,
					"snd_wnd":	6193664,
					"rtt":	236176,
					"rttvar":	88,
					"pmtu":	1500,
					"omitted":	false,
					"sender":	true
				}],
			"sum":	{
				"start":	3.000497,
				"end":	4.000683,
				"seconds":	1.0001859664916992,
				"bytes":	1048576,
				"bits_per_second":	8387048.2900537867,
				"retransmits":	0,
				"omitted":	false,
				"sender":	true
			}
		}, {
			"streams":	[{
					"socket":	5,
					"start":	4.000683,
					"end":	5.001055,
					"seconds":	1.000372052192688,
					"bytes":	2097152,
					"bits_per_second":	16770976.321486073,
					"retransmits":	0,
					"snd_cwnd":	298288,
					"snd_wnd":	6645248,
					"rtt":	246752,
					"rttvar":	958,
					"pmtu":	1500,
					"omitted":	false,
					"sender":	true
				}],
			"sum":	{
				"start":	4.000683,
				"end":	5.001055,
				"seconds":	1.000372052192688,
				"bytes":	2097152,
				"bits_per_second":	16770976.321486073,
				"retransmits":	0,
				"omitted":	false,
				"sender":	true
			}
		}, {
			"streams":	[{
					"socket":	5,
					"start":	5.001055,
					"end":	6.000503,
					"seconds":	0.999448001384735,
					"bytes":	1048576,
					"bits_per_second":	8393241.05744129,
					"retransmits":	0,
					"snd_cwnd":	301184,
					"snd_wnd":	6645248,
					"rtt":	250916,
					"rttvar":	540,
					"pmtu":	1500,
					"omitted":	false,
					"sender":	true
				}],
			"sum":	{
				"start":	5.001055,
				"end":	6.000503,
				"seconds":	0.999448001384735,
				"bytes":	1048576,
				"bits_per_second":	8393241.05744129,
				"retransmits":	0,
				"omitted":	false,
				"sender":	true
			}
		}, {
			"streams":	[{
					"socket":	5,
					"start":	6.000503,
					"end":	7.000907,
					"seconds":	1.0004040002822876,
					"bytes":	1048576,
					"bits_per_second":	8385220.36860404,
					"retransmits":	0,
					"snd_cwnd":	301184,
					"snd_wnd":	6645248,
					"rtt":	251448,
					"rttvar":	623,
					"pmtu":	1500,
					"omitted":	false,
					"sender":	true
				}],
			"sum":	{
				"start":	6.000503,
				"end":	7.000907,
				"seconds":	1.0004040002822876,
				"bytes":	1048576,
				"bits_per_second":	8385220.36860404,
				"retransmits":	0,
				"omitted":	false,
				"sender":	true
			}
		}, {
			"streams":	[{
					"socket":	5,
					"start":	7.000907,
					"end":	8.001088,
					"seconds":	1.0001809597015381,
					"bytes":	1048576,
					"bits_per_second":	8387090.2746471269,
					"retransmits":	0,
					"snd_cwnd":	301184,
					"snd_wnd":	6645248,
					"rtt":	251102,
					"rttvar":	606,
					"pmtu":	1500,
					"omitted":	false,
					"sender":	true
				}],
			"sum":	{
				"start":	7.000907,
				"end":	8.001088,
				"seconds":	1.0001809597015381,
				"bytes":	1048576,
				"bits_per_second":	8387090.2746471269,
				"retransmits":	0,
				"omitted":	false,
				"sender":	true
			}
		}, {
			"streams":	[{
					"socket":	5,
					"start":	8.001088,
					"end":	9.000495,
					"seconds":	0.99940699338912964,
					"bytes":	1048576,
					"bits_per_second":	8393585.45166174,
					"retransmits":	0,
					"snd_cwnd":	306976,
					"snd_wnd":	6645248,
					"rtt":	255261,
					"rttvar":	283,
					"pmtu":	1500,
					"omitted":	false,
					"sender":	true
				}],
			"sum":	{
				"start":	8.001088,
				"end":	9.000495,
				"seconds":	0.99940699338912964,
				"bytes":	1048576,
				"bits_per_second":	8393585.45166174,
				"retransmits":	0,
				"omitted":	false,
				"sender":	true
			}
		}, {
			"streams":	[{
					"socket":	5,
					"start":	9.000495,
					"end":	10.001037,
					"seconds":	1.0005420446395874,
					"bytes":	1048576,
					"bits_per_second":	8384063.4633417353,
					"retransmits":	0,
					"snd_cwnd":	318560,
					"snd_wnd":	6646272,
					"rtt":	262578,
					"rttvar":	671,
					"pmtu":	1500,
					"omitted":	false,
					"sender":	true
				}],
			"sum":	{
				"start":	9.000495,
				"end":	10.001037,
				"seconds":	1.0005420446395874,
				"bytes":	1048576,
				"bits_per_second":	8384063.4633417353,
				"retransmits":	0,
				"omitted":	false,
				"sender":	true
			}
		}, {
			"streams":	[{
					"socket":	5,
					"start":	10.001037,
					"end":	11.001089,
					"seconds":	1.0000519752502441,
					"bytes":	917504,
					"bits_per_second":	7339650.519827527,
					"retransmits":	0,
					"snd_cwnd":	338832,
					"snd_wnd":	6645248,
					"rtt":	277104,
					"rttvar":	405,
					"pmtu":	1500,
					"omitted":	false,
					"sender":	true
				}],
			"sum":	{
				"start":	10.001037,
				"end":	11.001089,
				"seconds":	1.0000519752502441,
				"bytes":	917504,
				"bits_per_second":	7339650.519827527,
				"retransmits":	0,
				"omitted":	false,
				"sender":	true
			}
		}, {
			"streams":	[{
					"socket":	5,
					"start":	11.001089,
					"end":	12.000604,
					"seconds":	0.99951499700546265,
					"bytes":	1048576,
					"bits_per_second":	8392678.47419217,
					"retransmits":	7,
					"snd_cwnd":	249056,
					"snd_wnd":	6422528,
					"rtt":	240130,
					"rttvar":	5417,
					"pmtu":	1500,
					"omitted":	false,
					"sender":	true
				}],
			"sum":	{
				"start":	11.001089,
				"end":	12.000604,
				"seconds":	0.99951499700546265,
				"bytes":	1048576,
				"bits_per_second":	8392678.47419217,