{
	"start":	{
		"connected":	[{
				"socket":	5,
				"local_host":	"10.0.0.1",
				"local_port":	42106,
				"remote_host":	"10.0.0.2",
				"remote_port":	5201
			}],
		"version":	"iperf 3.16",
		"system_info":	"Linux mininet 6.8.0-88-generic #89-Ubuntu SMP PREEMPT_DYNAMIC Sat Oct 11 01:02:46 UTC 2025 x86_64",
		"timestamp":	{
			"time":	"Tue, 02 Dec 2025 17:53:55 GMT",
			"timesecs":	1764698035
		},
		"connecting_to":	{
			"host":	"10.0.0.2",
			"port":	5201
		},
		"cookie":	"nxu7riea7ulns5ehqpxznafcnmarx5hnzwop",
		"tcp_mss_default":	1448,
		"target_bitrate":	0,
		"fq_rate":	0,
		"sock_bufsize":	0,
		"sndbuf_actual":	87380,
		"rcvbuf_actual":	87380,
		"test_start":	{
			"protocol":	"TCP",
			"num_streams":	1,
			"blksize":	131072,
			"omit":	0,
			"duration":	20,
			"bytes":	0,
			"blocks":	0,
			"reverse":	0,
			"tos":	0,
			"target_bitrate":	0,
			"bidir":	0,
			"fqrate":	0
		}
	},
	"intervals":	[{
			"streams":	[{
					"socket":	5,
					"start":	0,
					"end":	1.000649,
					"seconds":	1.0006489753723145,
					"bytes":	2883584,
					"bits_per_second":	23053710.709509067,
					"retransmits":	0,
					"snd_cwnd":	501008,
					"snd_wnd":	1217536,
					"rtt":	322585,
					"rttvar":	14074,
					"pmtu":	1500,
					"omitted":	false,
					"sender":	true
				}],
			"sum":	{
				"start":	0,
				"end":	1.000649,
				"seconds":	1.0006489753723145,
				"bytes":	2883584,
				"bits_per_second":	23053710.709509067,
				"retransmits":	0,
				"omitted":	false,
				"sender":	true
			}
		}, {
			"streams":	[{
					"socket":	5,
					"start":	1.000649,
					"end":	2.001066,
					"seconds":	1.0004169940948486,
					"bytes":	1179648,
					"bits_per_second":	9433250.39029202,
					"retransmits":	178,
					"snd_cwnd":	247608,
					"snd_wnd":	2163712,
					"rtt":	224122,
					"rttvar":	540,
					"pmtu":	1500,
					"omitted":	false,
					"sender":	true
				}],
			"sum":	{
				"start":	1.000649,
				"end":	2.001066,
				"seconds":	1.0004169940948486,
				"bytes":	1179648,
				"bits_per_second":	9433250.39029202,
				"retransmits":	178,
				"omitted":	false,
				"sender":	true
			}
		}, {
			"streams":	[{
					"socket":	5,
					"start":	2.001066,
					"end":	3.000996,
					"seconds":	0.99993002414703369,
					"bytes":	1048576,
					"bits_per_second":	8389195.0410787,
					"retransmits":	6,
					"snd_cwnd":	185344,
					"snd_wnd":	3905536,
					"rtt":	151897,
					"rttvar":	791,
					"pmtu":	1500,
					"omitted":	false,
					"sender":	true
				}],
			"sum":	{
				"start":	2.001066,
				"end":	3.000996,
				"seconds":	0.99993002414703369,
				"bytes":	1048576,
				"bits_per_second":	8389195.0410787,
				"retransmits":	6,
				"omitted":	false,
				"sender":	true
			}
		}, {
			"streams":	[{
					"socket":	5,
					"start":	3.000996,
					"end":	4.000818,
					"seconds":	0.99982202053070068,
					"bytes":	2097152,
					"bits_per_second":	16780202.5315413,
					"retransmits":	0,
					"snd_cwnd":	201272,
					"snd_wnd":	6295040,
					"rtt":	167266,
					"rttvar":	197,
					"pmtu":	1500,
					"omitted":	false,
					"sender":	true
				}],
			"sum":	{
				"start":	3.000996,
				"end":	4.000818,
				"seconds":	0.99982202053070068,
				"bytes":	2097152,
				"bits_per_second":	16780202.5315413,
				"retransmits":	0,
				"omitted":	false,
				"sender":	true
			}
		}, {
			"streams":	[{
					"socket":	5,
					"start":	4.000818,
					"end":	5.001002,
					"seconds":	1.0001840591430664,
					"bytes":	1048576,
					"bits_per_second":	8387064.28413502,
					"retransmits":	0,
					"snd_cwnd":	208512,
					"snd_wnd":	6400512,
					"rtt":	173749,
					"rttvar":	833,
					"pmtu":	1500,
					"omitted":	false,
					"sender":	true
				}],
			"sum":	{
				"start":	4.000818,
				"end":	5.001002,
				"seconds":	1.0001840591430664,
				"bytes":	1048576,
				"bits_per_second":	8387064.28413502,
				"retransmits":	0,
				"omitted":	false,
				"sender":	true
			}
		}, {
			"streams":	[{
					"socket":	5,
					"start":	5.001002,
					"end":	6.000498,
					"seconds":	0.9994959831237793,
					"bytes":	1048576,
					"bits_per_second":	8392838.1320579462,
					"retransmits":	0,
					"snd_cwnd":	209960,
					"snd_wnd":	6400512,
					"rtt":	175459,
					"rttvar":	332,
					"pmtu":	1500,
					"omitted":	false,
					"sender":	true
				}],
			"sum":	{
				"start":	5.001002,
				"end":	6.000498,
				"seconds":	0.9994959831237793,
				"bytes":	1048576,
				"bits_per_second":	8392838.1320579462,
				"retransmits":	0,
				"omitted":	false,
				"sender":	true
			}
		}, {
			"streams":	[{
					"socket":	5,
					"start":	6.000498,
					"end":	7.001016,
					"seconds":	1.0005179643630981,
					"bytes":	1048576,
					"bits_per_second":	8384265.2493900536,
					"retransmits":	0,
					"snd_cwnd":	209960,
					"snd_wnd":	6400512,
					"rtt":	175392,
					"rttvar":	289,
					"pmtu":	1500,
					"omitted":	false,
					"sender":	true
				}],
			"sum":	{
				"start":	6.000498,
				"end":	7.001016,
				"seconds":	1.0005179643630981,
				"bytes":	1048576,
				"bits_per_second":	8384265.2493900536,
				"retransmits":	0,
				"omitted":	false,
				"sender":	true
			}
		}, {
			"streams":	[{
					"socket":	5,
					"start":	7.001016,
					"end":	8.000468,
					"seconds":	0.999451994895935,
					"bytes":	1048576,
					"bits_per_second":	8393207.5205607433,
					"retransmits":	0,
					"snd_cwnd":	211408,
					"snd_wnd":	6400512,
					"rtt":	176174,
					"rttvar":	694,
					"pmtu":	1500,
					"omitted":	false,
					"sender":	true
				}],
			"sum":	{
				"start":	7.001016,
				"end":	8.000468,
				"seconds":	0.999451994895935,
				"bytes":	1048576,
				"bits_per_second":	8393207.5205607433,
				"retransmits":	0,
				"omitted":	false,
				"sender":	true
			}
		}, {
			"streams":	[{
					"socket":	5,
					"start":	8.000468,
					"end":	9.000716,
					"seconds":	1.0002479553222656,
					"bytes":	1048576,
					"bits_per_second":	8386528.51561922,
					"retransmits":	0,
					"snd_cwnd":	218648,
					"snd_wnd":	6400512,
					"rtt":	180754,
					"rttvar":	370,
					"pmtu":	1500,
					"omitted":	false,
					"sender":	true
				}],
			"sum":	{
				"start":	8.000468,
				"end":	9.000716,
				"seconds":	1.0002479553222656,
				"bytes":	1048576,
				"bits_per_second":	8386528.51561922,
				"retransmits":	0,
				"omitted":	false,
				"sender":	true
			}
		}, {
			"streams":	[{
					"socket":	5,
					"start":	9.000716,
					"end":	10.001025,
					"seconds":	1.0003089904785156,
					"bytes":	1048576,
					"bits_per_second":	8386016.8006559256,
					"retransmits":	0,
					"snd_cwnd":	234576,
					"snd_wnd":	6400512,
					"rtt":	192001,
					"rttvar":	1154,
					"pmtu":	1500,
					"omitted":	false,
					"sender":	true
				}],
			"sum":	{
				"start":	9.000716,
				"end":	10.001025,
				"seconds":	1.0003089904785156,
				"bytes":	1048576,
				"bits_per_second":	8386016.8006559256,
				"retransmits":	0,
				"omitted":	false,
				"sender":	true
			}
		}, {
			"streams":	[{
					"socket":	5,
					"start":	10.001025,
					"end":	11.000464,
					"seconds":	0.999439001083374,
					"bytes":	2097152,
					"bits_per_second":	16786633.283085607,
					"retransmits":	0,
					"snd_cwnd":	260640,
					"snd_wnd":	6400512,
					"rtt":	210505,
					"rttvar":	374,
					"pmtu":	1500,
					"omitted":	false,
					"sender":	true
				}],
			"sum":	{
				"start":	10.001025,
				"end":	11.000464,
				"seconds":	0.999439001083374,
				"bytes":	2097152,
				"bits_per_second":	16786633.283085607,
				"retransmits":	0,
				"omitted":	false,
				"sender":	true
			}
		}, {
			"streams":	[{
					"socket":	5,
					"start":	11.000464,
					"end":	12.000903,
					"seconds":	1.0004390478134155,
					"bytes":	1048576,
					"bits_per_second":	8384926.6163034625,
					"retransmits":	0,
					"snd_cwnd":	301184,
					"snd_wnd":	6400512,
					"rtt":	241596,
					"rttvar":	928,
					"pmtu":	1500,
					"omitted":	false,
					"sender":	true
				}],
			"sum":	{
				"start":	11.000464,
				"end":	12.000903,
				"seconds":	1.0004390478134155,
				"bytes":	1048576,
				"bits_per_second":	8384926.6163034625,