{
	"start":	{
		"connected":	[{
				"socket":	5,
				"local_host":	"10.0.0.1",
				"local_port":	56946,
				"remote_host":	"10.0.0.2",
				"remote_port":	5201
			}],
		"version":	"iperf 3.16",
		"system_info":	"Linux mininet 6.8.0-88-generic #89-Ubuntu SMP PREEMPT_DYNAMIC Sat Oct 11 01:02:46 UTC 2025 x86_64",
		"timestamp":	{
			"time":	"Tue, 02 Dec 2025 17:20:53 GMT",
			"timesecs":	1764696053
		},
		"connecting_to":	{
			"host":	"10.0.0.2",
			"port":	5201
		},
		"cookie":	"l74x3fflw4habshjycigmlzce42jkx3sqsld",
		"tcp_mss_default":	1448,
		"target_bitrate":	0,
		"fq_rate":	0,
		"sock_bufsize":	0,
		"sndbuf_actual":	87380,
		"rcvbuf_actual":	87380,
		"test_start":	{
			"protocol":	"TCP",
			"num_streams":	1,
			"blksize":	131072,
			"omit":	0,
			"duration":	20,
			"bytes":	0,
			"blocks":	0,
			"reverse":	0,
			"tos":	0,
			"target_bitrate":	0,
			"bidir":	0,
			"fqrate":	0
		}
	},
	"intervals":	[{
			"streams":	[{
					"socket":	5,
					"start":	0,
					"end":	1.000447,
					"seconds":	1.0004470348358154,
					"bytes":	786432,
					"bits_per_second":	6288644.7567236768,
					"retransmits":	2,
					"snd_cwnd":	47784,
					"snd_wnd":	951296,
					"rtt":	44674,
					"rttvar":	301,
					"pmtu":	1500,
					"omitted":	false,
					"sender":	true
				}],
			"sum":	{
				"start":	0,
				"end":	1.000447,
				"seconds":	1.0004470348358154,
				"bytes":	786432,
				"bits_per_second":	6288644.7567236768,
				"retransmits":	2,
				"omitted":	false,
				"sender":	true
			}
		}, {
			"streams":	[{
					"socket":	5,
					"start":	1.000447,
					"end":	2.000794,
					"seconds":	1.0003470182418823,
					"bytes":	1572864,
					"bits_per_second":	12578547.014729515,
					"retransmits":	0,
					"snd_cwnd":	78192,
					"snd_wnd":	951296,
					"rtt":	44761,
					"rttvar":	207,
					"pmtu":	1500,
					"omitted":	false,
					"sender":	true
				}],
			"sum":	{
				"start":	1.000447,
				"end":	2.000794,
				"seconds":	1.0003470182418823,
				"bytes":	1572864,
				"bits_per_second":	12578547.014729515,
				"retransmits":	0,
				"omitted":	false,
				"sender":	true
			}
		}, {
			"streams":	[{
					"socket":	5,
					"start":	2.000794,
					"end":	3.001092,
					"seconds":	1.000298023223877,
					"bytes":	2228224,
					"bits_per_second":	17820481.082776673,
					"retransmits":	0,
					"snd_cwnd":	110048,
					"snd_wnd":	952320,
					"rtt":	44562,
					"rttvar":	176,
					"pmtu":	1500,
					"omitted":	false,
					"sender":	true
				}],
			"sum":	{
				"start":	2.000794,
				"end":	3.001092,
				"seconds":	1.000298023223877,
				"bytes":	2228224,
				"bits_per_second":	17820481.082776673,
				"retransmits":	0,
				"omitted":	false,
				"sender":	true
			}
		}, {
			"streams":	[{
					"socket":	5,
					"start":	3.001092,
					"end":	4.001009,
					"seconds":	0.999916970729828,
					"bytes":	1835008,
					"bits_per_second":	14681282.976210706,
					"retransmits":	2,
					"snd_cwnd":	79640,
					"snd_wnd":	953856,
					"rtt":	44600,
					"rttvar":	158,
					"pmtu":	1500,
					"omitted":	false,
					"sender":	true
				}],
			"sum":	{
				"start":	3.001092,
				"end":	4.001009,
				"seconds":	0.999916970729828,
				"bytes":	1835008,
				"bits_per_second":	14681282.976210706,
				"retransmits":	2,
				"omitted":	false,
				"sender":	true
			}
		}, {
			"streams":	[{
					"socket":	5,
					"start":	4.001009,
					"end":	5.000521,
					"seconds":	0.999512016773224,
					"bytes":	1835008,
					"bits_per_second":	14687231.122435533,
					"retransmits":	2,
					"snd_cwnd":	56472,
					"snd_wnd":	953856,
					"rtt":	44761,
					"rttvar":	395,
					"pmtu":	1500,
					"omitted":	false,
					"sender":	true
				}],
			"sum":	{
				"start":	4.001009,
				"end":	5.000521,
				"seconds":	0.999512016773224,
				"bytes":	1835008,
				"bits_per_second":	14687231.122435533,
				"retransmits":	2,
				"omitted":	false,
				"sender":	true
			}
		}, {
			"streams":	[{
					"socket":	5,
					"start":	5.000521,
					"end":	6.000208,
					"seconds":	0.99968701601028442,
					"bytes":	1572864,
					"bits_per_second":	12586851.482995106,
					"retransmits":	0,
					"snd_cwnd":	88328,
					"snd_wnd":	953856,
					"rtt":	44637,
					"rttvar":	134,
					"pmtu":	1500,
					"omitted":	false,
					"sender":	true
				}],
			"sum":	{
				"start":	5.000521,
				"end":	6.000208,
				"seconds":	0.99968701601028442,
				"bytes":	1572864,
				"bits_per_second":	12586851.482995106,
				"retransmits":	0,
				"omitted":	false,
				"sender":	true
			}
		}, {
			"streams":	[{
					"socket":	5,
					"start":	6.000208,
					"end":	7.001012,
					"seconds":	1.0008039474487305,
					"bytes":	2359296,
					"bits_per_second":	18859206.189299032,
					"retransmits":	2,
					"snd_cwnd":	59368,
					"snd_wnd":	951296,
					"rtt":	44831,
					"rttvar":	314,
					"pmtu":	1500,
					"omitted":	false,
					"sender":	true
				}],
			"sum":	{
				"start":	6.000208,
				"end":	7.001012,
				"seconds":	1.0008039474487305,
				"bytes":	2359296,
				"bits_per_second":	18859206.189299032,
				"retransmits":	2,
				"omitted":	false,
				"sender":	true
			}
		}, {
			"streams":	[{
					"socket":	5,
					"start":	7.001012,
					"end":	8.000749,
					"seconds":	0.999737024307251,
					"bytes":	1572864,
					"bits_per_second":	12586221.870415466,
					"retransmits":	0,
					"snd_cwnd":	91224,
					"snd_wnd":	951296,
					"rtt":	44699,
					"rttvar":	141,
					"pmtu":	1500,
					"omitted":	false,
					"sender":	true
				}],
			"sum":	{
				"start":	7.001012,
				"end":	8.000749,
				"seconds":	0.999737024307251,
				"bytes":	1572864,
				"bits_per_second":	12586221.870415466,
				"retransmits":	0,
				"omitted":	false,
				"sender":	true
			}
		}, {
			"streams":	[{
					"socket":	5,
					"start":	8.000749,
					"end":	9.000435,
					"seconds":	0.99968600273132324,
					"bytes":	2228224,
					"bits_per_second":	17831391.008073241,
					"retransmits":	2,
					"snd_cwnd":	63712,
					"snd_wnd":	951296,
					"rtt":	44752,
					"rttvar":	246,
					"pmtu":	1500,
					"omitted":	false,
					"sender":	true
				}],
			"sum":	{
				"start":	8.000749,
				"end":	9.000435,
				"seconds":	0.99968600273132324,
				"bytes":	2228224,
				"bits_per_second":	17831391.008073241,
				"retransmits":	2,
				"omitted":	false,
				"sender":	true
			}
		}, {
			"streams":	[{
					"socket":	5,
					"start":	9.000435,
					"end":	10.000965,
					"seconds":	1.0005300045013428,
					"bytes":	786432,
					"bits_per_second":	6288123.26636383,
					"retransmits":	2,
					"snd_cwnd":	57920,
					"snd_wnd":	953856,
					"rtt":	44807,
					"rttvar":	250,
					"pmtu":	1500,
					"omitted":	false,
					"sender":	true
				}],
			"sum":	{
				"start":	9.000435,
				"end":	10.000965,
				"seconds":	1.0005300045013428,
				"bytes":	786432,
				"bits_per_second":	6288123.26636383,
				"retransmits":	2,
				"omitted":	false,
				"sender":	true
			}
		}, {
			"streams":	[{
					"socket":	5,
					"start":	10.000965,
					"end":	11.000846,
					"seconds":	0.99988102912902832,
					"bytes":	1835008,
					"bits_per_second":	14681810.707807349,
					"retransmits":	0,
					"snd_cwnd":	89776,
					"snd_wnd":	953856,
					"rtt":	44683,
					"rttvar":	223,
					"pmtu":	1500,
					"omitted":	false,
					"sender":	true
				}],
			"sum":	{
				"start":	10.000965,
				"end":	11.000846,
				"seconds":	0.99988102912902832,
				"bytes":	1835008,
				"bits_per_second":	14681810.707807349,
				"retransmits":	0,
				"omitted":	false,
				"sender":	true
			}
		}, {
			"streams":	[{
					"socket":	5,
					"start":	11.000846,
					"end":	12.0002,
					"seconds":	0.99935400485992432,
					"bytes":	2097152,
					"bits_per_second":	16788061.005821053,
					"retransmits":	0,
					"snd_cwnd":	121632,
					"snd_wnd":	951296,
					"rtt":	44753,
					"rttvar":	138,
					"pmtu":	1500,
					"omitted":	false,
					"sender":	true
				}],
			"sum":	{
				"start":	11.000846,
				"end":	12.0002,
				"seconds":	0.99935400485992432,
				"bytes":	2097152,
				"bits_per_second":	16788061.005821053,
				"retransmits":	0,