{
	"start":	{
		"connected":	[{
				"socket":	5,
				"local_host":	"10.0.0.1",
				"local_port":	52204,
				"remote_host":	"10.0.0.2",
				"remote_port":	5201
			}],
		"version":	"iperf 3.16",
		"system_info":	"Linux CSCE952FinalProject 6.14.0-36-generic #36~24.04.1-Ubuntu SMP PREEMPT_DYNAMIC Wed Oct 15 15:45:17 UTC 2 x86_64",
		"timestamp":	{
			"time":	"Sun, 30 Nov 2025 04:23:45 GMT",
			"timesecs":	1764476625
		},
		"connecting_to":	{
			"host":	"10.0.0.2",
			"port":	5201
		},
		"cookie":	"dk5fh4qgzmmlpaqv4ewlx34qysb5iusngq3a",
		"tcp_mss_default":	1448,
		"target_bitrate":	0,
		"fq_rate":	0,
		"sock_bufsize":	0,
		"sndbuf_actual":	87380,
		"rcvbuf_actual":	87380,
		"test_start":	{
			"protocol":	"TCP",
			"num_streams":	1,
			"blksize":	131072,
			"omit":	0,
			"duration":	20,
			"bytes":	0,
			"blocks":	0,
			"reverse":	0,
			"tos":	0,
			"target_bitrate":	0,
			"bidir":	0,
			"fqrate":	0
		}
	},
	"intervals":	[{
			"streams":	[{
					"socket":	5,
					"start":	0,
					"end":	1.011735,
					"seconds":	1.0117349624633789,
					"bytes":	3276800,
					"bits_per_second":	25910343.09635105,
					"retransmits":	0,
					"snd_cwnd":	599472,
					"snd_wnd":	995840,
					"rtt":	248254,
					"rttvar":	27000,
					"pmtu":	1500,
					"omitted":	false,
					"sender":	true
				}],
			"sum":	{
				"start":	0,
				"end":	1.011735,
				"seconds":	1.0117349624633789,
				"bytes":	3276800,
				"bits_per_second":	25910343.09635105,
				"retransmits":	0,
				"omitted":	false,
				"sender":	true
			}
		}, {
			"streams":	[{
					"socket":	5,
					"start":	1.011735,
					"end":	2.014296,
					"seconds":	1.0025609731674194,
					"bytes":	3538944,
					"bits_per_second":	28239232.084363416,
					"retransmits":	282,
					"snd_cwnd":	430056,
					"snd_wnd":	2616832,
					"rtt":	476114,
					"rttvar":	16522,
					"pmtu":	1500,
					"omitted":	false,
					"sender":	true
				}],
			"sum":	{
				"start":	1.011735,
				"end":	2.014296,
				"seconds":	1.0025609731674194,
				"bytes":	3538944,
				"bits_per_second":	28239232.084363416,
				"retransmits":	282,
				"omitted":	false,
				"sender":	true
			}
		}, {
			"streams":	[{
					"socket":	5,
					"start":	2.014296,
					"end":	3.219773,
					"seconds":	1.2054769992828369,
					"bytes":	0,
					"bits_per_second":	0,
					"retransmits":	352,
					"snd_cwnd":	196928,
					"snd_wnd":	3610112,
					"rtt":	445363,
					"rttvar":	33562,
					"pmtu":	1500,
					"omitted":	false,
					"sender":	true
				}],
			"sum":	{
				"start":	2.014296,
				"end":	3.219773,
				"seconds":	1.2054769992828369,
				"bytes":	0,
				"bits_per_second":	0,
				"retransmits":	352,
				"omitted":	false,
				"sender":	true
			}
		}, {
			"streams":	[{
					"socket":	5,
					"start":	3.219773,
					"end":	4.002624,
					"seconds":	0.782850980758667,
					"bytes":	2621440,
					"bits_per_second":	26788648.81752634,
					"retransmits":	251,
					"snd_cwnd":	305528,
					"snd_wnd":	5698048,
					"rtt":	73843,
					"rttvar":	6931,
					"pmtu":	1500,
					"omitted":	false,
					"sender":	true
				}],
			"sum":	{
				"start":	3.219773,
				"end":	4.002624,
				"seconds":	0.782850980758667,
				"bytes":	2621440,
				"bits_per_second":	26788648.81752634,
				"retransmits":	251,
				"omitted":	false,
				"sender":	true
			}
		}, {
			"streams":	[{
					"socket":	5,
					"start":	4.002624,
					"end":	5.009301,
					"seconds":	1.0066770315170288,
					"bytes":	0,
					"bits_per_second":	0,
					"retransmits":	60,
					"snd_cwnd":	153488,
					"snd_wnd":	6670848,
					"rtt":	220721,
					"rttvar":	32381,
					"pmtu":	1500,
					"omitted":	false,
					"sender":	true
				}],
			"sum":	{
				"start":	4.002624,
				"end":	5.009301,
				"seconds":	1.0066770315170288,
				"bytes":	0,
				"bits_per_second":	0,
				"retransmits":	60,
				"omitted":	false,
				"sender":	true
			}
		}, {
			"streams":	[{
					"socket":	5,
					"start":	5.009301,
					"end":	6.000612,
					"seconds":	0.991311013698578,
					"bytes":	2490368,
					"bits_per_second":	20097571.523660943,
					"retransmits":	0,
					"snd_cwnd":	162176,
					"snd_wnd":	6671872,
					"rtt":	52414,
					"rttvar":	3177,
					"pmtu":	1500,
					"omitted":	false,
					"sender":	true
				}],
			"sum":	{
				"start":	5.009301,
				"end":	6.000612,
				"seconds":	0.991311013698578,
				"bytes":	2490368,
				"bits_per_second":	20097571.523660943,
				"retransmits":	0,
				"omitted":	false,
				"sender":	true
			}
		}, {
			"streams":	[{
					"socket":	5,
					"start":	6.000612,
					"end":	7.115343,
					"seconds":	1.1147309541702271,
					"bytes":	0,
					"bits_per_second":	0,
					"retransmits":	0,
					"snd_cwnd":	175208,
					"snd_wnd":	6669312,
					"rtt":	84433,
					"rttvar":	3642,
					"pmtu":	1500,
					"omitted":	false,
					"sender":	true
				}],
			"sum":	{
				"start":	6.000612,
				"end":	7.115343,
				"seconds":	1.1147309541702271,
				"bytes":	0,
				"bits_per_second":	0,
				"retransmits":	0,
				"omitted":	false,
				"sender":	true
			}
		}, {
			"streams":	[{
					"socket":	5,
					"start":	7.115343,
					"end":	8.002327,
					"seconds":	0.88698399066925049,
					"bytes":	2359296,
					"bits_per_second":	21279265.689743556,
					"retransmits":	0,
					"snd_cwnd":	196928,
					"snd_wnd":	6669312,
					"rtt":	44396,
					"rttvar":	78,
					"pmtu":	1500,
					"omitted":	false,
					"sender":	true
				}],
			"sum":	{
				"start":	7.115343,
				"end":	8.002327,
				"seconds":	0.88698399066925049,
				"bytes":	2359296,
				"bits_per_second":	21279265.689743556,
				"retransmits":	0,
				"omitted":	false,
				"sender":	true
			}
		}, {
			"streams":	[{
					"socket":	5,
					"start":	8.002327,
					"end":	9.002725,
					"seconds":	1.00039803981781,
					"bytes":	4980736,
					"bits_per_second":	39830034.0604992,
					"retransmits":	0,
					"snd_cwnd":	228784,
					"snd_wnd":	6668288,
					"rtt":	44139,
					"rttvar":	11,
					"pmtu":	1500,
					"omitted":	false,
					"sender":	true
				}],
			"sum":	{
				"start":	8.002327,
				"end":	9.002725,
				"seconds":	1.00039803981781,
				"bytes":	4980736,
				"bits_per_second":	39830034.0604992,
				"retransmits":	0,
				"omitted":	false,
				"sender":	true
			}
		}, {
			"streams":	[{
					"socket":	5,
					"start":	9.002725,
					"end":	10.002065,
					"seconds":	0.999339997768402,
					"bytes":	4980736,
					"bits_per_second":	39872203.7434494,
					"retransmits":	0,
					"snd_cwnd":	262088,
					"snd_wnd":	6671872,
					"rtt":	44507,
					"rttvar":	154,
					"pmtu":	1500,
					"omitted":	false,
					"sender":	true
				}],
			"sum":	{
				"start":	9.002725,
				"end":	10.002065,
				"seconds":	0.999339997768402,
				"bytes":	4980736,
				"bits_per_second":	39872203.7434494,
				"retransmits":	0,
				"omitted":	false,
				"sender":	true
			}
		}, {
			"streams":	[{
					"socket":	5,
					"start":	10.002065,
					"end":	11.002108,
					"seconds":	1.0000430345535278,
					"bytes":	7471104,
					"bits_per_second":	59766259.9856855,
					"retransmits":	0,
					"snd_cwnd":	292496,
					"snd_wnd":	6668288,
					"rtt":	48688,
					"rttvar":	19,
					"pmtu":	1500,
					"omitted":	false,
					"sender":	true
				}],
			"sum":	{
				"start":	10.002065,
				"end":	11.002108,
				"seconds":	1.0000430345535278,
				"bytes":	7471104,
				"bits_per_second":	59766259.9856855,
				"retransmits":	0,
				"omitted":	false,
				"sender":	true
			}
		}, {
			"streams":	[{
					"socket":	5,
					"start":	11.002108,
					"end":	12.035973,
					"seconds":	1.0338649749755859,
					"bytes":	2490368,
					"bits_per_second":	19270353.945853006,
					"retransmits":	0,
					"snd_cwnd":	304080,
					"snd_wnd":	6671872,
					"rtt":	570235,
					"rttvar":	42524,
					"pmtu":	1500,
					"omitted":	false,
					"sender":	true
				}],
			"sum":	{
				"start":	11.002108,
				"end":	12.035973,
				"seconds":	1.0338649749755859,
				"bytes":	2490368,
				"bits_per_second":	19270353.945853006,
				"retransmits":	0,
				"omitted":	false,
				"sender":	true
			}
		}, {
			"streams":	[{
					"socket":	5,