{
	"start":	{
		"connected":	[{
				"socket":	5,
				"local_host":	"10.0.0.1",
				"local_port":	57546,
				"remote_host":	"10.0.0.2",
				"remote_port":	5201
			}],
		"version":	"iperf 3.16",
		"system_info":	"Linux mininet 6.8.0-88-generic #89-Ubuntu SMP PREEMPT_DYNAMIC Sat Oct 11 01:02:46 UTC 2025 x86_64",
		"timestamp":	{
			"time":	"Tue, 02 Dec 2025 17:01:36 GMT",
			"timesecs":	1764694896
		},
		"connecting_to":	{
			"host":	"10.0.0.2",
			"port":	5201
		},
		"cookie":	"n54tgffg45rizri25rbvn53iu2gnr5kuzhc3",
		"tcp_mss_default":	1448,
		"target_bitrate":	0,
		"fq_rate":	0,
		"sock_bufsize":	0,
		"sndbuf_actual":	87380,
		"rcvbuf_actual":	87380,
		"test_start":	{
			"protocol":	"TCP",
			"num_streams":	1,
			"blksize":	131072,
			"omit":	0,
			"duration":	20,
			"bytes":	0,
			"blocks":	0,
			"reverse":	0,
			"tos":	0,
			"target_bitrate":	0,
			"bidir":	0,
			"fqrate":	0
		}
	},
	"intervals":	[{
			"streams":	[{
					"socket":	5,
					"start":	0,
					"end":	1.000927,
					"seconds":	1.0009269714355469,
					"bytes":	6029312,
					"bits_per_second":	48189825.408362456,
					"retransmits":	0,
					"snd_cwnd":	1097584,
					"snd_wnd":	1770496,
					"rtt":	444190,
					"rttvar":	14797,
					"pmtu":	1500,
					"omitted":	false,
					"sender":	true
				}],
			"sum":	{
				"start":	0,
				"end":	1.000927,
				"seconds":	1.0009269714355469,
				"bytes":	6029312,
				"bits_per_second":	48189825.408362456,
				"retransmits":	0,
				"omitted":	false,
				"sender":	true
			}
		}, {
			"streams":	[{
					"socket":	5,
					"start":	1.000927,
					"end":	2.000904,
					"seconds":	0.9999769926071167,
					"bytes":	2621440,
					"bits_per_second":	20972002.511101324,
					"retransmits":	174,
					"snd_cwnd":	1029528,
					"snd_wnd":	3629568,
					"rtt":	745012,
					"rttvar":	474,
					"pmtu":	1500,
					"omitted":	false,
					"sender":	true
				}],
			"sum":	{
				"start":	1.000927,
				"end":	2.000904,
				"seconds":	0.9999769926071167,
				"bytes":	2621440,
				"bits_per_second":	20972002.511101324,
				"retransmits":	174,
				"omitted":	false,
				"sender":	true
			}
		}, {
			"streams":	[{
					"socket":	5,
					"start":	2.000904,
					"end":	3.000873,
					"seconds":	0.9999690055847168,
					"bytes":	3670016,
					"bits_per_second":	29361038.028205793,
					"retransmits":	772,
					"snd_cwnd":	502456,
					"snd_wnd":	3731968,
					"rtt":	349132,
					"rttvar":	446,
					"pmtu":	1500,
					"omitted":	false,
					"sender":	true
				}],
			"sum":	{
				"start":	2.000904,
				"end":	3.000873,
				"seconds":	0.9999690055847168,
				"bytes":	3670016,
				"bits_per_second":	29361038.028205793,
				"retransmits":	772,
				"omitted":	false,
				"sender":	true
			}
		}, {
			"streams":	[{
					"socket":	5,
					"start":	3.000873,
					"end":	4.001053,
					"seconds":	1.0001800060272217,
					"bytes":	0,
					"bits_per_second":	0,
					"retransmits":	66,
					"snd_cwnd":	464808,
					"snd_wnd":	3722752,
					"rtt":	388120,
					"rttvar":	3371,
					"pmtu":	1500,
					"omitted":	false,
					"sender":	true
				}],
			"sum":	{
				"start":	3.000873,
				"end":	4.001053,
				"seconds":	1.0001800060272217,
				"bytes":	0,
				"bits_per_second":	0,
				"retransmits":	66,
				"omitted":	false,
				"sender":	true
			}
		}, {
			"streams":	[{
					"socket":	5,
					"start":	4.001053,
					"end":	5.000894,
					"seconds":	0.99984097480773926,
					"bytes":	3670016,
					"bits_per_second":	29364797.742606714,
					"retransmits":	6,
					"snd_cwnd":	445984,
					"snd_wnd":	4835328,
					"rtt":	372245,
					"rttvar":	658,
					"pmtu":	1500,
					"omitted":	false,
					"sender":	true
				}],
			"sum":	{
				"start":	4.001053,
				"end":	5.000894,
				"seconds":	0.99984097480773926,
				"bytes":	3670016,
				"bits_per_second":	29364797.742606714,
				"retransmits":	6,
				"omitted":	false,
				"sender":	true
			}
		}, {
			"streams":	[{
					"socket":	5,
					"start":	5.000894,
					"end":	6.000874,
					"seconds":	0.99997997283935547,
					"bytes":	0,
					"bits_per_second":	0,
					"retransmits":	0,
					"snd_cwnd":	450328,
					"snd_wnd":	7227392,
					"rtt":	375169,
					"rttvar":	176,
					"pmtu":	1500,
					"omitted":	false,
					"sender":	true
				}],
			"sum":	{
				"start":	5.000894,
				"end":	6.000874,
				"seconds":	0.99997997283935547,
				"bytes":	0,
				"bits_per_second":	0,
				"retransmits":	0,
				"omitted":	false,
				"sender":	true
			}
		}, {
			"streams":	[{
					"socket":	5,
					"start":	6.000874,
					"end":	7.000891,
					"seconds":	1.0000170469284058,
					"bytes":	0,
					"bits_per_second":	0,
					"retransmits":	0,
					"snd_cwnd":	453224,
					"snd_wnd":	9616384,
					"rtt":	377903,
					"rttvar":	103,
					"pmtu":	1500,
					"omitted":	false,
					"sender":	true
				}],
			"sum":	{
				"start":	6.000874,
				"end":	7.000891,
				"seconds":	1.0000170469284058,
				"bytes":	0,
				"bits_per_second":	0,
				"retransmits":	0,
				"omitted":	false,
				"sender":	true
			}
		}, {
			"streams":	[{
					"socket":	5,
					"start":	7.000891,
					"end":	8.000901,
					"seconds":	1.0000100135803223,
					"bytes":	3538944,
					"bits_per_second":	28311268.50283882,
					"retransmits":	0,
					"snd_cwnd":	457568,
					"snd_wnd":	9967616,
					"rtt":	381376,
					"rttvar":	367,
					"pmtu":	1500,
					"omitted":	false,
					"sender":	true
				}],
			"sum":	{
				"start":	7.000891,
				"end":	8.000901,
				"seconds":	1.0000100135803223,
				"bytes":	3538944,
				"bits_per_second":	28311268.50283882,
				"retransmits":	0,
				"omitted":	false,
				"sender":	true
			}
		}, {
			"streams":	[{
					"socket":	5,
					"start":	8.000901,
					"end":	9.000988,
					"seconds":	1.0000870227813721,
					"bytes":	0,
					"bits_per_second":	0,
					"retransmits":	0,
					"snd_cwnd":	461912,
					"snd_wnd":	9967616,
					"rtt":	384320,
					"rttvar":	777,
					"pmtu":	1500,
					"omitted":	false,
					"sender":	true
				}],
			"sum":	{
				"start":	8.000901,
				"end":	9.000988,
				"seconds":	1.0000870227813721,
				"bytes":	0,
				"bits_per_second":	0,
				"retransmits":	0,
				"omitted":	false,
				"sender":	true
			}
		}, {
			"streams":	[{
					"socket":	5,
					"start":	9.000988,
					"end":	10.001046,
					"seconds":	1.0000580549240112,
					"bytes":	0,
					"bits_per_second":	0,
					"retransmits":	0,
					"snd_cwnd":	464808,
					"snd_wnd":	9967616,
					"rtt":	386545,
					"rttvar":	332,
					"pmtu":	1500,
					"omitted":	false,
					"sender":	true
				}],
			"sum":	{
				"start":	9.000988,
				"end":	10.001046,
				"seconds":	1.0000580549240112,
				"bytes":	0,
				"bits_per_second":	0,
				"retransmits":	0,
				"omitted":	false,
				"sender":	true
			}
		}, {
			"streams":	[{
					"socket":	5,
					"start":	10.001046,
					"end":	11.000922,
					"seconds":	0.99987602233886719,
					"bytes":	3670016,
					"bits_per_second":	29363768.45133464,
					"retransmits":	0,
					"snd_cwnd":	469152,
					"snd_wnd":	9967616,
					"rtt":	391049,
					"rttvar":	229,
					"pmtu":	1500,
					"omitted":	false,
					"sender":	true
				}],
			"sum":	{
				"start":	10.001046,
				"end":	11.000922,
				"seconds":	0.99987602233886719,
				"bytes":	3670016,
				"bits_per_second":	29363768.45133464,
				"retransmits":	0,
				"omitted":	false,
				"sender":	true
			}
		}, {
			"streams":	[{
					"socket":	5,
					"start":	11.000922,
					"end":	12.000903,
					"seconds":	0.99998098611831665,
					"bytes":	0,
					"bits_per_second":	0,
					"retransmits":	0,
					"snd_cwnd":	472048,
					"snd_wnd":	9967616,
					"rtt":	393157,
					"rttvar":	561,
					"pmtu":	1500,
					"omitted":	false,
					"sender":	true
				}],
			"sum":	{
				"start":	11.000922,
				"end":	12.000903,
				"seconds":	0.99998098611831665,
				"bytes":	0,
				"bits_per_second":	0,
				"retransmits":	0,
				"omitted":	false,
				"sender":	true
			}
		}, {
			"streams":	[{
					"socket":	5,
					"start":	12.000903,
					"end":	13.000897,
					"seconds":	0.99999397993087769,
					"bytes":	0,
					"bits_per_second":	0,