{
	"start":	{
		"connected":	[{
				"socket":	5,
				"local_host":	"10.0.0.1",
				"local_port":	40360,
				"remote_host":	"10.0.0.2",
				"remote_port":	5201
			}],
		"version":	"iperf 3.16",
		"system_info":	"Linux mininet 6.8.0-88-generic #89-Ubuntu SMP PREEMPT_DYNAMIC Sat Oct 11 01:02:46 UTC 2025 x86_64",
		"timestamp":	{
			"time":	"Tue, 02 Dec 2025 17:27:52 GMT",
			"timesecs":	1764696472
		},
		"connecting_to":	{
			"host":	"10.0.0.2",
			"port":	5201
		},
		"cookie":	"kibd2jlczors4hkczvqiepgoc6zi4ppx2kun",
		"tcp_mss_default":	1448,
		"target_bitrate":	0,
		"fq_rate":	0,
		"sock_bufsize":	0,
		"sndbuf_actual":	87380,
		"rcvbuf_actual":	87380,
		"test_start":	{
			"protocol":	"TCP",
			"num_streams":	1,
			"blksize":	131072,
			"omit":	0,
			"duration":	20,
			"bytes":	0,
			"blocks":	0,
			"reverse":	0,
			"tos":	0,
			"target_bitrate":	0,
			"bidir":	0,
			"fqrate":	0
		}
	},
	"intervals":	[{
			"streams":	[{
					"socket":	5,
					"start":	0,
					"end":	1.000666,
					"seconds":	1.00066602230072,
					"bytes":	17301504,
					"bits_per_second":	138319907.85673386,
					"retransmits":	22,
					"snd_cwnd":	2632464,
					"snd_wnd":	6827008,
					"rtt":	388810,
					"rttvar":	14054,
					"pmtu":	1500,
					"omitted":	false,
					"sender":	true
				}],
			"sum":	{
				"start":	0,
				"end":	1.000666,
				"seconds":	1.00066602230072,
				"bytes":	17301504,
				"bits_per_second":	138319907.85673386,
				"retransmits":	22,
				"omitted":	false,
				"sender":	true
			}
		}, {
			"streams":	[{
					"socket":	5,
					"start":	1.000666,
					"end":	2.001717,
					"seconds":	1.00105094909668,
					"bytes":	5767168,
					"bits_per_second":	46088906.904921316,
					"retransmits":	636,
					"snd_cwnd":	612504,
					"snd_wnd":	10439168,
					"rtt":	131457,
					"rttvar":	158,
					"pmtu":	1500,
					"omitted":	false,
					"sender":	true
				}],
			"sum":	{
				"start":	1.000666,
				"end":	2.001717,
				"seconds":	1.00105094909668,
				"bytes":	5767168,
				"bits_per_second":	46088906.904921316,
				"retransmits":	636,
				"omitted":	false,
				"sender":	true
			}
		}, {
			"streams":	[{
					"socket":	5,
					"start":	2.001717,
					"end":	3.000667,
					"seconds":	0.99895000457763672,
					"bytes":	5636096,
					"bits_per_second":	45136160.762183346,
					"retransmits":	21,
					"snd_cwnd":	18824,
					"snd_wnd":	12582912,
					"rtt":	45210,
					"rttvar":	1031,
					"pmtu":	1500,
					"omitted":	false,
					"sender":	true
				}],
			"sum":	{
				"start":	2.001717,
				"end":	3.000667,
				"seconds":	0.99895000457763672,
				"bytes":	5636096,
				"bits_per_second":	45136160.762183346,
				"retransmits":	21,
				"omitted":	false,
				"sender":	true
			}
		}, {
			"streams":	[{
					"socket":	5,
					"start":	3.000667,
					"end":	4.00069,
					"seconds":	1.0000230073928833,
					"bytes":	0,
					"bits_per_second":	0,
					"retransmits":	4,
					"snd_cwnd":	17376,
					"snd_wnd":	12580352,
					"rtt":	45701,
					"rttvar":	1598,
					"pmtu":	1500,
					"omitted":	false,
					"sender":	true
				}],
			"sum":	{
				"start":	3.000667,
				"end":	4.00069,
				"seconds":	1.0000230073928833,
				"bytes":	0,
				"bits_per_second":	0,
				"retransmits":	4,
				"omitted":	false,
				"sender":	true
			}
		}, {
			"streams":	[{
					"socket":	5,
					"start":	4.00069,
					"end":	5.000734,
					"seconds":	1.0000439882278442,
					"bytes":	0,
					"bits_per_second":	0,
					"retransmits":	3,
					"snd_cwnd":	15928,
					"snd_wnd":	12580352,
					"rtt":	47067,
					"rttvar":	3686,
					"pmtu":	1500,
					"omitted":	false,
					"sender":	true
				}],
			"sum":	{
				"start":	4.00069,
				"end":	5.000734,
				"seconds":	1.0000439882278442,
				"bytes":	0,
				"bits_per_second":	0,
				"retransmits":	3,
				"omitted":	false,
				"sender":	true
			}
		}, {
			"streams":	[{
					"socket":	5,
					"start":	5.000734,
					"end":	6.001023,
					"seconds":	1.0002889633178711,
					"bytes":	0,
					"bits_per_second":	0,
					"retransmits":	2,
					"snd_cwnd":	30408,
					"snd_wnd":	12582912,
					"rtt":	46338,
					"rttvar":	3173,
					"pmtu":	1500,
					"omitted":	false,
					"sender":	true
				}],
			"sum":	{
				"start":	5.000734,
				"end":	6.001023,
				"seconds":	1.0002889633178711,
				"bytes":	0,
				"bits_per_second":	0,
				"retransmits":	2,
				"omitted":	false,
				"sender":	true
			}
		}, {
			"streams":	[{
					"socket":	5,
					"start":	6.001023,
					"end":	7.000701,
					"seconds":	0.99967801570892334,
					"bytes":	0,
					"bits_per_second":	0,
					"retransmits":	6,
					"snd_cwnd":	18824,
					"snd_wnd":	12582912,
					"rtt":	47171,
					"rttvar":	3853,
					"pmtu":	1500,
					"omitted":	false,
					"sender":	true
				}],
			"sum":	{
				"start":	6.001023,
				"end":	7.000701,
				"seconds":	0.99967801570892334,
				"bytes":	0,
				"bits_per_second":	0,
				"retransmits":	6,
				"omitted":	false,
				"sender":	true
			}
		}, {
			"streams":	[{
					"socket":	5,
					"start":	7.000701,
					"end":	8.000679,
					"seconds":	0.999978005886078,
					"bytes":	0,
					"bits_per_second":	0,
					"retransmits":	1,
					"snd_cwnd":	36200,
					"snd_wnd":	12580352,
					"rtt":	45234,
					"rttvar":	613,
					"pmtu":	1500,
					"omitted":	false,
					"sender":	true
				}],
			"sum":	{
				"start":	7.000701,
				"end":	8.000679,
				"seconds":	0.999978005886078,
				"bytes":	0,
				"bits_per_second":	0,
				"retransmits":	1,
				"omitted":	false,
				"sender":	true
			}
		}, {
			"streams":	[{
					"socket":	5,
					"start":	8.000679,
					"end":	9.000937,
					"seconds":	1.0002579689025879,
					"bytes":	0,
					"bits_per_second":	0,
					"retransmits":	6,
					"snd_cwnd":	23168,
					"snd_wnd":	12580352,
					"rtt":	44715,
					"rttvar":	197,
					"pmtu":	1500,
					"omitted":	false,
					"sender":	true
				}],
			"sum":	{
				"start":	8.000679,
				"end":	9.000937,
				"seconds":	1.0002579689025879,
				"bytes":	0,
				"bits_per_second":	0,
				"retransmits":	6,
				"omitted":	false,
				"sender":	true
			}
		}, {
			"streams":	[{
					"socket":	5,
					"start":	9.000937,
					"end":	10.001068,
					"seconds":	1.0001310110092163,
					"bytes":	0,
					"bits_per_second":	0,
					"retransmits":	2,
					"snd_cwnd":	34752,
					"snd_wnd":	12580352,
					"rtt":	49520,
					"rttvar":	9167,
					"pmtu":	1500,
					"omitted":	false,
					"sender":	true
				}],
			"sum":	{
				"start":	9.000937,
				"end":	10.001068,
				"seconds":	1.0001310110092163,
				"bytes":	0,
				"bits_per_second":	0,
				"retransmits":	2,
				"omitted":	false,
				"sender":	true
			}
		}, {
			"streams":	[{
					"socket":	5,
					"start":	10.001068,
					"end":	11.000703,
					"seconds":	0.99963498115539551,
					"bytes":	0,
					"bits_per_second":	0,
					"retransmits":	6,
					"snd_cwnd":	11584,
					"snd_wnd":	12582912,
					"rtt":	47566,
					"rttvar":	5756,
					"pmtu":	1500,
					"omitted":	false,
					"sender":	true
				}],
			"sum":	{
				"start":	10.001068,
				"end":	11.000703,
				"seconds":	0.99963498115539551,
				"bytes":	0,
				"bits_per_second":	0,
				"retransmits":	6,
				"omitted":	false,
				"sender":	true
			}
		}, {
			"streams":	[{
					"socket":	5,
					"start":	11.000703,
					"end":	12.000833,
					"seconds":	1.0001300573349,
					"bytes":	0,
					"bits_per_second":	0,
					"retransmits":	2,
					"snd_cwnd":	21720,
					"snd_wnd":	12580352,
					"rtt":	47511,
					"rttvar":	5392,
					"pmtu":	1500,
					"omitted":	false,
					"sender":	true
				}],
			"sum":	{
				"start":	11.000703,
				"end":	12.000833,
				"seconds":	1.0001300573349,
				"bytes":	0,
				"bits_per_second":	0,
				"retransmits":	2,
				"omitted":	false,
				"sender":	true
			}
		}, {
			"streams":	[{
					"socket":	5,
					"start":	12.000833,
					"end":	13.00098,
					"seconds":	1.0001469850540161,
					"bytes":	5505024,
					"bits_per_second":	44033719.701331168,
					"retransmits":	2,
					"snd_cwnd":	46336,
					"snd_wnd":	12580352,
					"rtt":	44686,
					"rttvar":	193,
					"pmtu":	1500,