{
	"start":	{
		"connected":	[{
				"socket":	5,
				"local_host":	"10.0.0.2",
				"local_port":	5201,
				"remote_host":	"10.0.0.1",
				"remote_port":	40360
			}],
		"version":	"iperf 3.16",
		"system_info":	"Linux mininet 6.8.0-88-generic #89-Ubuntu SMP PREEMPT_DYNAMIC Sat Oct 11 01:02:46 UTC 2025 x86_64",
		"sock_bufsize":	0,
		"sndbuf_actual":	87380,
		"rcvbuf_actual":	87380,
		"timestamp":	{
			"time":	"Tue, 02 Dec 2025 17:27:52 GMT",
			"timesecs":	1764696472
		},
		"accepted_connection":	{
			"host":	"10.0.0.1",
			"port":	40358
		},
		"cookie":	"kibd2jlczors4hkczvqiepgoc6zi4ppx2kun",
		"tcp_mss_default":	0,
		"target_bitrate":	0,
		"fq_rate":	0,
		"test_start":	{
			"protocol":	"TCP",
			"num_streams":	1,
			"blksize":	131072,
			"omit":	0,
			"duration":	20,
			"bytes":	0,
			"blocks":	0,
			"reverse":	0,
			"tos":	0,
			"target_bitrate":	0,
			"bidir":	0,
			"fqrate":	0
		}
	},
	"intervals":	[{
			"streams":	[{
					"socket":	5,
					"start":	0,
					"end":	1.001058,
					"seconds":	1.0010579824447632,
					"bytes":	3276800,
					"bits_per_second":	26186694.936470844,
					"omitted":	false,
					"sender":	false
				}],
			"sum":	{
				"start":	0,
				"end":	1.001058,
				"seconds":	1.0010579824447632,
				"bytes":	3276800,
				"bits_per_second":	26186694.936470844,
				"omitted":	false,
				"sender":	false
			}
		}, {
			"streams":	[{
					"socket":	5,
					"start":	1.001058,
					"end":	2.000879,
					"seconds":	0.9998210072517395,
					"bytes":	7208960,
					"bits_per_second":	57682004.660539366,
					"omitted":	false,
					"sender":	false
				}],
			"sum":	{
				"start":	1.001058,
				"end":	2.000879,
				"seconds":	0.9998210072517395,
				"bytes":	7208960,
				"bits_per_second":	57682004.660539366,
				"omitted":	false,
				"sender":	false
			}
		}, {
			"streams":	[{
					"socket":	5,
					"start":	2.000879,
					"end":	3.001161,
					"seconds":	1.0002820491790771,
					"bytes":	2490368,
					"bits_per_second":	19917326.334457956,
					"omitted":	false,
					"sender":	false
				}],
			"sum":	{
				"start":	2.000879,
				"end":	3.001161,
				"seconds":	1.0002820491790771,
				"bytes":	2490368,
				"bits_per_second":	19917326.334457956,
				"omitted":	false,
				"sender":	false
			}
		}, {
			"streams":	[{
					"socket":	5,
					"start":	3.001161,
					"end":	4.000909,
					"seconds":	0.99974799156188965,
					"bytes":	524288,
					"bits_per_second":	4195361.2664400646,
					"omitted":	false,
					"sender":	false
				}],
			"sum":	{
				"start":	3.001161,
				"end":	4.000909,
				"seconds":	0.99974799156188965,
				"bytes":	524288,
				"bits_per_second":	4195361.2664400646,
				"omitted":	false,
				"sender":	false
			}
		}, {
			"streams":	[{
					"socket":	5,
					"start":	4.000909,
					"end":	5.000894,
					"seconds":	0.9999849796295166,
					"bytes":	393216,
					"bits_per_second":	3145775.2507097232,
					"omitted":	false,
					"sender":	false
				}],
			"sum":	{
				"start":	4.000909,
				"end":	5.000894,
				"seconds":	0.9999849796295166,
				"bytes":	393216,
				"bits_per_second":	3145775.2507097232,
				"omitted":	false,
				"sender":	false
			}
		}, {
			"streams":	[{
					"socket":	5,
					"start":	5.000894,
					"end":	6.001077,
					"seconds":	1.0001829862594604,
					"bytes":	393216,
					"bits_per_second":	3145152.4803121951,
					"omitted":	false,
					"sender":	false
				}],
			"sum":	{
				"start":	5.000894,
				"end":	6.001077,
				"seconds":	1.0001829862594604,
				"bytes":	393216,
				"bits_per_second":	3145152.4803121951,
				"omitted":	false,
				"sender":	false
			}
		}, {
			"streams":	[{
					"socket":	5,
					"start":	6.001077,
					"end":	7.000851,
					"seconds":	0.99977397918701172,
					"bytes":	524288,
					"bits_per_second":	4195252.21431617,
					"omitted":	false,
					"sender":	false
				}],
			"sum":	{
				"start":	6.001077,
				"end":	7.000851,
				"seconds":	0.99977397918701172,
				"bytes":	524288,
				"bits_per_second":	4195252.21431617,
				"omitted":	false,
				"sender":	false
			}
		}, {
			"streams":	[{
					"socket":	5,
					"start":	7.000851,
					"end":	8.000866,
					"seconds":	1.0000150203704834,
					"bytes":	524288,
					"bits_per_second":	4194241.0009462689,
					"omitted":	false,
					"sender":	false
				}],
			"sum":	{
				"start":	7.000851,
				"end":	8.000866,
				"seconds":	1.0000150203704834,
				"bytes":	524288,
				"bits_per_second":	4194241.0009462689,
				"omitted":	false,
				"sender":	false
			}
		}, {
			"streams":	[{
					"socket":	5,
					"start":	8.000866,
					"end":	9.000937,
					"seconds":	1.0000710487365723,
					"bytes":	655360,
					"bits_per_second":	5242507.526463774,
					"omitted":	false,
					"sender":	false
				}],
			"sum":	{
				"start":	8.000866,
				"end":	9.000937,
				"seconds":	1.0000710487365723,
				"bytes":	655360,
				"bits_per_second":	5242507.526463774,
				"omitted":	false,
				"sender":	false
			}
		}, {
			"streams":	[{
					"socket":	5,
					"start":	9.000937,
					"end":	10.000946,
					"seconds":	1.0000089406967163,
					"bytes":	524288,
					"bits_per_second":	4194266.5003352733,
					"omitted":	false,
					"sender":	false
				}],
			"sum":	{
				"start":	9.000937,
				"end":	10.000946,
				"seconds":	1.0000089406967163,
				"bytes":	524288,
				"bits_per_second":	4194266.5003352733,
				"omitted":	false,
				"sender":	false
			}
		}, {
			"streams":	[{
					"socket":	5,
					"start":	10.000946,
					"end":	11.001287,
					"seconds":	1.0003410577774048,
					"bytes":	524288,
					"bits_per_second":	4192873.9877168108,
					"omitted":	false,
					"sender":	false
				}],
			"sum":	{
				"start":	10.000946,
				"end":	11.001287,
				"seconds":	1.0003410577774048,
				"bytes":	524288,
				"bits_per_second":	4192873.9877168108,
				"omitted":	false,
				"sender":	false
			}
		}, {
			"streams":	[{
					"socket":	5,
					"start":	11.001287,
					"end":	12.000894,
					"seconds":	0.999607026576996,
					"bytes":	393216,
					"bits_per_second":	3146964.67347981,
					"omitted":	false,
					"sender":	false
				}],
			"sum":	{
				"start":	11.001287,
				"end":	12.000894,
				"seconds":	0.999607026576996,
				"bytes":	393216,
				"bits_per_second":	3146964.67347981,
				"omitted":	false,
				"sender":	false
			}
		}, {
			"streams":	[{
					"socket":	5,
					"start":	12.000894,
					"end":	13.001008,
					"seconds":	1.0001139640808105,
					"bytes":	786432,
					"bits_per_second":	6290739.0817029346,
					"omitted":	false,
					"sender":	false
				}],
			"sum":	{
				"start":	12.000894,
				"end":	13.001008,
				"seconds":	1.0001139640808105,
				"bytes":	786432,
				"bits_per_second":	6290739.0817029346,
				"omitted":	false,
				"sender":	false
			}
		}, {
			"streams":	[{
					"socket":	5,
					"start":	13.001008,
					"end":	14.001007,
					"seconds":	0.99999898672103882,
					"bytes":	655360,
					"bits_per_second":	5242885.312505383,
					"omitted":	false,
					"sender":	false
				}],
			"sum":	{
				"start":	13.001008,
				"end":	14.001007,
				"seconds":	0.99999898672103882,
				"bytes":	655360,
				"bits_per_second":	5242885.312505383,
				"omitted":	false,
				"sender":	false
			}
		}, {
			"streams":	[{
					"socket":	5,
					"start":	14.001007,
					"end":	15.000877,
					"seconds":	0.999870002269745,
					"bytes":	786432,
					"bits_per_second":	6292273.9813357173,
					"omitted":	false,
					"sender":	false
				}],
			"sum":	{
				"start":	14.001007,
				"end":	15.000877,
				"seconds":	0.999870002269745,
				"bytes":	786432,
				"bits_per_second":	6292273.9813357173,
				"omitted":	false,
				"sender":	false
			}
		}, {
			"streams":	[{
					"socket":	5,
					"start":	15.000877,
					"end":	16.000864,
					"seconds":	0.999987006187439,
					"bytes":	393216,
					"bits_per_second":	3145768.8755311291,
					"omitted":	false,
					"sender":	false
				}],
			"sum":	{
				"start":	15.000877,
				"end":	16.000864,
				"seconds":	0.999987006187439,
				"bytes":	393216,
				"bits_per_second":	3145768.8755311291,
				"omitted":	false,