{
	"start":	{
		"connected":	[{
				"socket":	5,
				"local_host":	"10.0.0.1",
				"local_port":	43942,
				"remote_host":	"10.0.0.2",
				"remote_port":	5201
			}],
		"version":	"iperf 3.16",
		"system_info":	"Linux mininet 6.8.0-88-generic #89-Ubuntu SMP PREEMPT_DYNAMIC Sat Oct 11 01:02:46 UTC 2025 x86_64",
		"timestamp":	{
			"time":	"Tue, 02 Dec 2025 17:40:14 GMT",
			"timesecs":	1764697214
		},
		"connecting_to":	{
			"host":	"10.0.0.2",
			"port":	5201
		},
		"cookie":	"ixlk7c2ynqm6a3whlcexfgd7m3syxaxe34q4",
		"tcp_mss_default":	1448,
		"target_bitrate":	0,
		"fq_rate":	0,
		"sock_bufsize":	0,
		"sndbuf_actual":	87380,
		"rcvbuf_actual":	87380,
		"test_start":	{
			"protocol":	"TCP",
			"num_streams":	1,
			"blksize":	131072,
			"omit":	0,
			"duration":	20,
			"bytes":	0,
			"blocks":	0,
			"reverse":	0,
			"tos":	0,
			"target_bitrate":	0,
			"bidir":	0,
			"fqrate":	0
		}
	},
	"intervals":	[{
			"streams":	[{
					"socket":	5,
					"start":	0,
					"end":	1.000256,
					"seconds":	1.0002559423446655,
					"bytes":	262144,
					"bits_per_second":	2096615.3873419019,
					"retransmits":	2,
					"snd_cwnd":	26064,
					"snd_wnd":	320512,
					"rtt":	104600,
					"rttvar":	102,
					"pmtu":	1500,
					"omitted":	false,
					"sender":	true
				}],
			"sum":	{
				"start":	0,
				"end":	1.000256,
				"seconds":	1.0002559423446655,
				"bytes":	262144,
				"bits_per_second":	2096615.3873419019,
				"retransmits":	2,
				"omitted":	false,
				"sender":	true
			}
		}, {
			"streams":	[{
					"socket":	5,
					"start":	1.000256,
					"end":	2.000268,
					"seconds":	1.0000120401382446,
					"bytes":	262144,
					"bits_per_second":	2097126.75030401,
					"retransmits":	2,
					"snd_cwnd":	23168,
					"snd_wnd":	644096,
					"rtt":	104590,
					"rttvar":	241,
					"pmtu":	1500,
					"omitted":	false,
					"sender":	true
				}],
			"sum":	{
				"start":	1.000256,
				"end":	2.000268,
				"seconds":	1.0000120401382446,
				"bytes":	262144,
				"bits_per_second":	2097126.75030401,
				"retransmits":	2,
				"omitted":	false,
				"sender":	true
			}
		}, {
			"streams":	[{
					"socket":	5,
					"start":	2.000268,
					"end":	3.000398,
					"seconds":	1.0001300573349,
					"bytes":	131072,
					"bits_per_second":	1048439.6427342626,
					"retransmits":	2,
					"snd_cwnd":	18824,
					"snd_wnd":	645632,
					"rtt":	108206,
					"rttvar":	7311,
					"pmtu":	1500,
					"omitted":	false,
					"sender":	true
				}],
			"sum":	{
				"start":	2.000268,
				"end":	3.000398,
				"seconds":	1.0001300573349,
				"bytes":	131072,
				"bits_per_second":	1048439.6427342626,
				"retransmits":	2,
				"omitted":	false,
				"sender":	true
			}
		}, {
			"streams":	[{
					"socket":	5,
					"start":	3.000398,
					"end":	4.000293,
					"seconds":	0.99989497661590576,
					"bytes":	131072,
					"bits_per_second":	1048686.1365669151,
					"retransmits":	4,
					"snd_cwnd":	7240,
					"snd_wnd":	645632,
					"rtt":	106708,
					"rttvar":	3167,
					"pmtu":	1500,
					"omitted":	false,
					"sender":	true
				}],
			"sum":	{
				"start":	3.000398,
				"end":	4.000293,
				"seconds":	0.99989497661590576,
				"bytes":	131072,
				"bits_per_second":	1048686.1365669151,
				"retransmits":	4,
				"omitted":	false,
				"sender":	true
			}
		}, {
			"streams":	[{
					"socket":	5,
					"start":	4.000293,
					"end":	5.000265,
					"seconds":	0.99997198581695557,
					"bytes":	131072,
					"bits_per_second":	1048605.37582294,
					"retransmits":	0,
					"snd_cwnd":	18824,
					"snd_wnd":	643072,
					"rtt":	107433,
					"rttvar":	4805,
					"pmtu":	1500,
					"omitted":	false,
					"sender":	true
				}],
			"sum":	{
				"start":	4.000293,
				"end":	5.000265,
				"seconds":	0.99997198581695557,
				"bytes":	131072,
				"bits_per_second":	1048605.37582294,
				"retransmits":	0,
				"omitted":	false,
				"sender":	true
			}
		}, {
			"streams":	[{
					"socket":	5,
					"start":	5.000265,
					"end":	6.000269,
					"seconds":	1.0000040531158447,
					"bytes":	131072,
					"bits_per_second":	1048571.7500172256,
					"retransmits":	2,
					"snd_cwnd":	17376,
					"snd_wnd":	645632,
					"rtt":	107143,
					"rttvar":	4618,
					"pmtu":	1500,
					"omitted":	false,
					"sender":	true
				}],
			"sum":	{
				"start":	5.000265,
				"end":	6.000269,
				"seconds":	1.0000040531158447,
				"bytes":	131072,
				"bits_per_second":	1048571.7500172256,
				"retransmits":	2,
				"omitted":	false,
				"sender":	true
			}
		}, {
			"streams":	[{
					"socket":	5,
					"start":	6.000269,
					"end":	7.000218,
					"seconds":	0.99994897842407227,
					"bytes":	131072,
					"bits_per_second":	1048629.5027297935,
					"retransmits":	2,
					"snd_cwnd":	15928,
					"snd_wnd":	645632,
					"rtt":	106240,
					"rttvar":	2763,
					"pmtu":	1500,
					"omitted":	false,
					"sender":	true
				}],
			"sum":	{
				"start":	6.000269,
				"end":	7.000218,
				"seconds":	0.99994897842407227,
				"bytes":	131072,
				"bits_per_second":	1048629.5027297935,
				"retransmits":	2,
				"omitted":	false,
				"sender":	true
			}
		}, {
			"streams":	[{
					"socket":	5,
					"start":	7.000218,
					"end":	8.000264,
					"seconds":	1.0000460147857666,
					"bytes":	131072,
					"bits_per_second":	1048527.7522201112,
					"retransmits":	2,
					"snd_cwnd":	13032,
					"snd_wnd":	645632,
					"rtt":	109717,
					"rttvar":	7719,
					"pmtu":	1500,
					"omitted":	false,
					"sender":	true
				}],
			"sum":	{
				"start":	7.000218,
				"end":	8.000264,
				"seconds":	1.0000460147857666,
				"bytes":	131072,
				"bits_per_second":	1048527.7522201112,
				"retransmits":	2,
				"omitted":	false,
				"sender":	true
			}
		}, {
			"streams":	[{
					"socket":	5,
					"start":	8.000264,
					"end":	9.000242,
					"seconds":	0.999978005886078,
					"bytes":	262144,
					"bits_per_second":	2097198.1260145009,
					"retransmits":	0,
					"snd_cwnd":	27512,
					"snd_wnd":	643072,
					"rtt":	105203,
					"rttvar":	1009,
					"pmtu":	1500,
					"omitted":	false,
					"sender":	true
				}],
			"sum":	{
				"start":	8.000264,
				"end":	9.000242,
				"seconds":	0.999978005886078,
				"bytes":	262144,
				"bits_per_second":	2097198.1260145009,
				"retransmits":	0,
				"omitted":	false,
				"sender":	true
			}
		}, {
			"streams":	[{
					"socket":	5,
					"start":	9.000242,
					"end":	10.000455,
					"seconds":	1.0002130270004272,
					"bytes":	262144,
					"bits_per_second":	2096705.3451495429,
					"retransmits":	1,
					"snd_cwnd":	36200,
					"snd_wnd":	643072,
					"rtt":	104572,
					"rttvar":	132,
					"pmtu":	1500,
					"omitted":	false,
					"sender":	true
				}],
			"sum":	{
				"start":	9.000242,
				"end":	10.000455,
				"seconds":	1.0002130270004272,
				"bytes":	262144,
				"bits_per_second":	2096705.3451495429,
				"retransmits":	1,
				"omitted":	false,
				"sender":	true
			}
		}, {
			"streams":	[{
					"socket":	5,
					"start":	10.000455,
					"end":	11.00026,
					"seconds":	0.999804973602295,
					"bytes":	262144,
					"bits_per_second":	2097561.0797813563,
					"retransmits":	3,
					"snd_cwnd":	31856,
					"snd_wnd":	643072,
					"rtt":	104884,
					"rttvar":	193,
					"pmtu":	1500,
					"omitted":	false,
					"sender":	true
				}],
			"sum":	{
				"start":	10.000455,
				"end":	11.00026,
				"seconds":	0.999804973602295,
				"bytes":	262144,
				"bits_per_second":	2097561.0797813563,
				"retransmits":	3,
				"omitted":	false,
				"sender":	true
			}
		}, {
			"streams":	[{
					"socket":	5,
					"start":	11.00026,
					"end":	12.000288,
					"seconds":	1.0000280141830444,
					"bytes":	393216,
					"bits_per_second":	3145639.87746868,
					"retransmits":	2,
					"snd_cwnd":	20272,
					"snd_wnd":	611840,
					"rtt":	104973,
					"rttvar":	562,
					"pmtu":	1500,
					"omitted":	false,
					"sender":	true
				}],
			"sum":	{
				"start":	11.00026,
				"end":	12.000288,
				"seconds":	1.0000280141830444,
				"bytes":	393216,
				"bits_per_second":	3145639.87746868,
				"retransmits":	2,
				"omitted":	false,