{
	"start":	{
		"connected":	[{
				"socket":	5,
				"local_host":	"10.0.0.2",
				"local_port":	5201,
				"remote_host":	"10.0.0.1",
				"remote_port":	42162
			}],
		"version":	"iperf 3.16",
		"system_info":	"Linux mininet 6.8.0-88-generic #89-Ubuntu SMP PREEMPT_DYNAMIC Sat Oct 11 01:02:46 UTC 2025 x86_64",
		"sock_bufsize":	0,
		"sndbuf_actual":	87380,
		"rcvbuf_actual":	87380,
		"timestamp":	{
			"time":	"Tue, 02 Dec 2025 17:02:46 GMT",
			"timesecs":	1764694966
		},
		"accepted_connection":	{
			"host":	"10.0.0.1",
			"port":	42156
		},
		"cookie":	"fp57t72nl27opv37twb2oniwjylntnmfc33b",
		"tcp_mss_default":	0,
		"target_bitrate":	0,
		"fq_rate":	0,
		"test_start":	{
			"protocol":	"TCP",
			"num_streams":	1,
			"blksize":	131072,
			"omit":	0,
			"duration":	20,
			"bytes":	0,
			"blocks":	0,
			"reverse":	0,
			"tos":	0,
			"target_bitrate":	0,
			"bidir":	0,
			"fqrate":	0
		}
	},
	"intervals":	[{
			"streams":	[{
					"socket":	5,
					"start":	0,
					"end":	1.001098,
					"seconds":	1.0010980367660522,
					"bytes":	1048576,
					"bits_per_second":	8379407.10292327,
					"omitted":	false,
					"sender":	false
				}],
			"sum":	{
				"start":	0,
				"end":	1.001098,
				"seconds":	1.0010980367660522,
				"bytes":	1048576,
				"bits_per_second":	8379407.10292327,
				"omitted":	false,
				"sender":	false
			}
		}, {
			"streams":	[{
					"socket":	5,
					"start":	1.001098,
					"end":	2.001118,
					"seconds":	1.0000200271606445,
					"bytes":	655360,
					"bits_per_second":	5242775.00210281,
					"omitted":	false,
					"sender":	false
				}],
			"sum":	{
				"start":	1.001098,
				"end":	2.001118,
				"seconds":	1.0000200271606445,
				"bytes":	655360,
				"bits_per_second":	5242775.00210281,
				"omitted":	false,
				"sender":	false
			}
		}, {
			"streams":	[{
					"socket":	5,
					"start":	2.001118,
					"end":	3.001096,
					"seconds":	0.999978005886078,
					"bytes":	655360,
					"bits_per_second":	5242995.3150362521,
					"omitted":	false,
					"sender":	false
				}],
			"sum":	{
				"start":	2.001118,
				"end":	3.001096,
				"seconds":	0.999978005886078,
				"bytes":	655360,
				"bits_per_second":	5242995.3150362521,
				"omitted":	false,
				"sender":	false
			}
		}, {
			"streams":	[{
					"socket":	5,
					"start":	3.001096,
					"end":	4.001253,
					"seconds":	1.0001569986343384,
					"bytes":	2097152,
					"bits_per_second":	16774582.413469488,
					"omitted":	false,
					"sender":	false
				}],
			"sum":	{
				"start":	3.001096,
				"end":	4.001253,
				"seconds":	1.0001569986343384,
				"bytes":	2097152,
				"bits_per_second":	16774582.413469488,
				"omitted":	false,
				"sender":	false
			}
		}, {
			"streams":	[{
					"socket":	5,
					"start":	4.001253,
					"end":	5.001086,
					"seconds":	0.99983298778533936,
					"bytes":	1310720,
					"bits_per_second":	10487511.542528996,
					"omitted":	false,
					"sender":	false
				}],
			"sum":	{
				"start":	4.001253,
				"end":	5.001086,
				"seconds":	0.99983298778533936,
				"bytes":	1310720,
				"bits_per_second":	10487511.542528996,
				"omitted":	false,
				"sender":	false
			}
		}, {
			"streams":	[{
					"socket":	5,
					"start":	5.001086,
					"end":	6.001078,
					"seconds":	0.9999920129776,
					"bytes":	1179648,
					"bits_per_second":	9437259.37560203,
					"omitted":	false,
					"sender":	false
				}],
			"sum":	{
				"start":	5.001086,
				"end":	6.001078,
				"seconds":	0.9999920129776,
				"bytes":	1179648,
				"bits_per_second":	9437259.37560203,
				"omitted":	false,
				"sender":	false
			}
		}, {
			"streams":	[{
					"socket":	5,
					"start":	6.001078,
					"end":	7.001061,
					"seconds":	0.999983012676239,
					"bytes":	1179648,
					"bits_per_second":	9437344.3152233269,
					"omitted":	false,
					"sender":	false
				}],
			"sum":	{
				"start":	6.001078,
				"end":	7.001061,
				"seconds":	0.999983012676239,
				"bytes":	1179648,
				"bits_per_second":	9437344.3152233269,
				"omitted":	false,
				"sender":	false
			}
		}, {
			"streams":	[{
					"socket":	5,
					"start":	7.001061,
					"end":	8.001098,
					"seconds":	1.0000369548797607,
					"bytes":	1310720,
					"bits_per_second":	10485372.514319487,
					"omitted":	false,
					"sender":	false
				}],
			"sum":	{
				"start":	7.001061,
				"end":	8.001098,
				"seconds":	1.0000369548797607,
				"bytes":	1310720,
				"bits_per_second":	10485372.514319487,
				"omitted":	false,
				"sender":	false
			}
		}, {
			"streams":	[{
					"socket":	5,
					"start":	8.001098,
					"end":	9.001091,
					"seconds":	0.99999302625656128,
					"bytes":	1179648,
					"bits_per_second":	9437249.8129589632,
					"omitted":	false,
					"sender":	false
				}],
			"sum":	{
				"start":	8.001098,
				"end":	9.001091,
				"seconds":	0.99999302625656128,
				"bytes":	1179648,
				"bits_per_second":	9437249.8129589632,
				"omitted":	false,
				"sender":	false
			}
		}, {
			"streams":	[{
					"socket":	5,
					"start":	9.001091,
					"end":	10.001087,
					"seconds":	0.9999960064888,
					"bytes":	1179648,
					"bits_per_second":	9437221.6876505055,
					"omitted":	false,
					"sender":	false
				}],
			"sum":	{
				"start":	9.001091,
				"end":	10.001087,
				"seconds":	0.9999960064888,
				"bytes":	1179648,
				"bits_per_second":	9437221.6876505055,
				"omitted":	false,
				"sender":	false
			}
		}, {
			"streams":	[{
					"socket":	5,
					"start":	10.001087,
					"end":	11.001087,
					"seconds":	1,
					"bytes":	1179648,
					"bits_per_second":	9437184,
					"omitted":	false,
					"sender":	false
				}],
			"sum":	{
				"start":	10.001087,
				"end":	11.001087,
				"seconds":	1,
				"bytes":	1179648,
				"bits_per_second":	9437184,
				"omitted":	false,
				"sender":	false
			}
		}, {
			"streams":	[{
					"socket":	5,
					"start":	11.001087,
					"end":	12.001086,
					"seconds":	0.99999898672103882,
					"bytes":	1179648,
					"bits_per_second":	9437193.56250969,
					"omitted":	false,
					"sender":	false
				}],
			"sum":	{
				"start":	11.001087,
				"end":	12.001086,
				"seconds":	0.99999898672103882,
				"bytes":	1179648,
				"bits_per_second":	9437193.56250969,
				"omitted":	false,
				"sender":	false
			}
		}, {
			"streams":	[{
					"socket":	5,
					"start":	12.001086,
					"end":	13.001088,
					"seconds":	1.0000020265579224,
					"bytes":	1179648,
					"bits_per_second":	9437164.87503876,
					"omitted":	false,
					"sender":	false
				}],
			"sum":	{
				"start":	12.001086,
				"end":	13.001088,
				"seconds":	1.0000020265579224,
				"bytes":	1179648,
				"bits_per_second":	9437164.87503876,
				"omitted":	false,
				"sender":	false
			}
		}, {
			"streams":	[{
					"socket":	5,
					"start":	13.001088,
					"end":	14.001085,
					"seconds":	0.99999701976776123,
					"bytes":	1179648,
					"bits_per_second":	9437212.12508382,
					"omitted":	false,
					"sender":	false
				}],
			"sum":	{
				"start":	13.001088,
				"end":	14.001085,
				"seconds":	0.99999701976776123,
				"bytes":	1179648,
				"bits_per_second":	9437212.12508382,
				"omitted":	false,
				"sender":	false
			}
		}, {
			"streams":	[{
					"socket":	5,
					"start":	14.001085,
					"end":	15.001086,
					"seconds":	1.0000009536743164,
					"bytes":	1179648,
					"bits_per_second":	9437175.0000085831,
					"omitted":	false,
					"sender":	false
				}],
			"sum":	{
				"start":	14.001085,
				"end":	15.001086,
				"seconds":	1.0000009536743164,
				"bytes":	1179648,
				"bits_per_second":	9437175.0000085831,
				"omitted":	false,
				"sender":	false
			}
		}, {
			"streams":	[{
					"socket":	5,
					"start":	15.001086,
					"end":	16.001107,
					"seconds":	1.0000209808349609,
					"bytes":	1310720,
					"bits_per_second":	10485540.004615687,
					"omitted":	false,
					"sender":	false
				}],
			"sum":	{
				"start":	15.001086,
				"end":	16.001107,
				"seconds":	1.0000209808349609,
				"bytes":	1310720,
				"bits_per_second":	10485540.004615687,
				"omitted":	false,