{
	"start":	{
		"connected":	[{
				"socket":	5,
				"local_host":	"10.0.0.1",
				"local_port":	49508,
				"remote_host":	"10.0.0.2",
				"remote_port":	5201
			}],
		"version":	"iperf 3.16",
		"system_info":	"Linux mininet 6.8.0-88-generic #89-Ubuntu SMP PREEMPT_DYNAMIC Sat Oct 11 01:02:46 UTC 2025 x86_64",
		"timestamp":	{
			"time":	"Tue, 02 Dec 2025 17:11:01 GMT",
			"timesecs":	1764695461
		},
		"connecting_to":	{
			"host":	"10.0.0.2",
			"port":	5201
		},
		"cookie":	"y3ieejul5tngklbwjsu6vshcungbyynkfg5a",
		"tcp_mss_default":	1448,
		"target_bitrate":	0,
		"fq_rate":	0,
		"sock_bufsize":	0,
		"sndbuf_actual":	87380,
		"rcvbuf_actual":	87380,
		"test_start":	{
			"protocol":	"TCP",
			"num_streams":	1,
			"blksize":	131072,
			"omit":	0,
			"duration":	20,
			"bytes":	0,
			"blocks":	0,
			"reverse":	0,
			"tos":	0,
			"target_bitrate":	0,
			"bidir":	0,
			"fqrate":	0
		}
	},
	"intervals":	[{
			"streams":	[{
					"socket":	5,
					"start":	0,
					"end":	1.000392,
					"seconds":	1.000391960144043,
					"bytes":	2097152,
					"bits_per_second":	16770642.576520015,
					"retransmits":	9,
					"snd_cwnd":	159280,
					"snd_wnd":	919552,
					"rtt":	134419,
					"rttvar":	2374,
					"pmtu":	1500,
					"omitted":	false,
					"sender":	true
				}],
			"sum":	{
				"start":	0,
				"end":	1.000392,
				"seconds":	1.000391960144043,
				"bytes":	2097152,
				"bits_per_second":	16770642.576520015,
				"retransmits":	9,
				"omitted":	false,
				"sender":	true
			}
		}, {
			"streams":	[{
					"socket":	5,
					"start":	1.000392,
					"end":	2.000318,
					"seconds":	0.999925971031189,
					"bytes":	524288,
					"bits_per_second":	4194614.5229876963,
					"retransmits":	6,
					"snd_cwnd":	24616,
					"snd_wnd":	1993728,
					"rtt":	104717,
					"rttvar":	329,
					"pmtu":	1500,
					"omitted":	false,
					"sender":	true
				}],
			"sum":	{
				"start":	1.000392,
				"end":	2.000318,
				"seconds":	0.999925971031189,
				"bytes":	524288,
				"bits_per_second":	4194614.5229876963,
				"retransmits":	6,
				"omitted":	false,
				"sender":	true
			}
		}, {
			"streams":	[{
					"socket":	5,
					"start":	2.000318,
					"end":	3.000122,
					"seconds":	0.99980401992797852,
					"bytes":	655360,
					"bits_per_second":	5243907.7014089962,
					"retransmits":	1,
					"snd_cwnd":	20272,
					"snd_wnd":	2549760,
					"rtt":	104771,
					"rttvar":	188,
					"pmtu":	1500,
					"omitted":	false,
					"sender":	true
				}],
			"sum":	{
				"start":	2.000318,
				"end":	3.000122,
				"seconds":	0.99980401992797852,
				"bytes":	655360,
				"bits_per_second":	5243907.7014089962,
				"retransmits":	1,
				"omitted":	false,
				"sender":	true
			}
		}, {
			"streams":	[{
					"socket":	5,
					"start":	3.000122,
					"end":	4.000133,
					"seconds":	1.0000109672546387,
					"bytes":	0,
					"bits_per_second":	0,
					"retransmits":	3,
					"snd_cwnd":	4344,
					"snd_wnd":	2752512,
					"rtt":	104953,
					"rttvar":	587,
					"pmtu":	1500,
					"omitted":	false,
					"sender":	true
				}],
			"sum":	{
				"start":	3.000122,
				"end":	4.000133,
				"seconds":	1.0000109672546387,
				"bytes":	0,
				"bits_per_second":	0,
				"retransmits":	3,
				"omitted":	false,
				"sender":	true
			}
		}, {
			"streams":	[{
					"socket":	5,
					"start":	4.000133,
					"end":	5.000676,
					"seconds":	1.0005429983139038,
					"bytes":	0,
					"bits_per_second":	0,
					"retransmits":	0,
					"snd_cwnd":	17376,
					"snd_wnd":	2937856,
					"rtt":	105020,
					"rttvar":	771,
					"pmtu":	1500,
					"omitted":	false,
					"sender":	true
				}],
			"sum":	{
				"start":	4.000133,
				"end":	5.000676,
				"seconds":	1.0005429983139038,
				"bytes":	0,
				"bits_per_second":	0,
				"retransmits":	0,
				"omitted":	false,
				"sender":	true
			}
		}, {
			"streams":	[{
					"socket":	5,
					"start":	5.000676,
					"end":	6.000974,
					"seconds":	1.000298023223877,
					"bytes":	0,
					"bits_per_second":	0,
					"retransmits":	0,
					"snd_cwnd":	30408,
					"snd_wnd":	3366400,
					"rtt":	105276,
					"rttvar":	754,
					"pmtu":	1500,
					"omitted":	false,
					"sender":	true
				}],
			"sum":	{
				"start":	5.000676,
				"end":	6.000974,
				"seconds":	1.000298023223877,
				"bytes":	0,
				"bits_per_second":	0,
				"retransmits":	0,
				"omitted":	false,
				"sender":	true
			}
		}, {
			"streams":	[{
					"socket":	5,
					"start":	6.000974,
					"end":	7.000924,
					"seconds":	0.99994999170303345,
					"bytes":	655360,
					"bits_per_second":	5243142.200612206,
					"retransmits":	2,
					"snd_cwnd":	23168,
					"snd_wnd":	3806720,
					"rtt":	104719,
					"rttvar":	344,
					"pmtu":	1500,
					"omitted":	false,
					"sender":	true
				}],
			"sum":	{
				"start":	6.000974,
				"end":	7.000924,
				"seconds":	0.99994999170303345,
				"bytes":	655360,
				"bits_per_second":	5243142.200612206,
				"retransmits":	2,
				"omitted":	false,
				"sender":	true
			}
		}, {
			"streams":	[{
					"socket":	5,
					"start":	7.000924,
					"end":	8.00014,
					"seconds":	0.99921602010726929,
					"bytes":	0,
					"bits_per_second":	0,
					"retransmits":	1,
					"snd_cwnd":	23168,
					"snd_wnd":	4130816,
					"rtt":	104977,
					"rttvar":	287,
					"pmtu":	1500,
					"omitted":	false,
					"sender":	true
				}],
			"sum":	{
				"start":	7.000924,
				"end":	8.00014,
				"seconds":	0.99921602010726929,
				"bytes":	0,
				"bits_per_second":	0,
				"retransmits":	1,
				"omitted":	false,
				"sender":	true
			}
		}, {
			"streams":	[{
					"socket":	5,
					"start":	8.00014,
					"end":	9.00011,
					"seconds":	0.999970018863678,
					"bytes":	0,
					"bits_per_second":	0,
					"retransmits":	2,
					"snd_cwnd":	17376,
					"snd_wnd":	4536320,
					"rtt":	104823,
					"rttvar":	223,
					"pmtu":	1500,
					"omitted":	false,
					"sender":	true
				}],
			"sum":	{
				"start":	8.00014,
				"end":	9.00011,
				"seconds":	0.999970018863678,
				"bytes":	0,
				"bits_per_second":	0,
				"retransmits":	2,
				"omitted":	false,
				"sender":	true
			}
		}, {
			"streams":	[{
					"socket":	5,
					"start":	9.00011,
					"end":	10.000154,
					"seconds":	1.0000439882278442,
					"bytes":	655360,
					"bits_per_second":	5242649.38514434,
					"retransmits":	0,
					"snd_cwnd":	30408,
					"snd_wnd":	4976640,
					"rtt":	104900,
					"rttvar":	473,
					"pmtu":	1500,
					"omitted":	false,
					"sender":	true
				}],
			"sum":	{
				"start":	9.00011,
				"end":	10.000154,
				"seconds":	1.0000439882278442,
				"bytes":	655360,
				"bits_per_second":	5242649.38514434,
				"retransmits":	0,
				"omitted":	false,
				"sender":	true
			}
		}, {
			"streams":	[{
					"socket":	5,
					"start":	10.000154,
					"end":	11.000137,
					"seconds":	0.999983012676239,
					"bytes":	0,
					"bits_per_second":	0,
					"retransmits":	0,
					"snd_cwnd":	43440,
					"snd_wnd":	5628416,
					"rtt":	104852,
					"rttvar":	370,
					"pmtu":	1500,
					"omitted":	false,
					"sender":	true
				}],
			"sum":	{
				"start":	10.000154,
				"end":	11.000137,
				"seconds":	0.999983012676239,
				"bytes":	0,
				"bits_per_second":	0,
				"retransmits":	0,
				"omitted":	false,
				"sender":	true
			}
		}, {
			"streams":	[{
					"socket":	5,
					"start":	11.000137,
					"end":	12.001114,
					"seconds":	1.0009770393371582,
					"bytes":	655360,
					"bits_per_second":	5237762.49999881,
					"retransmits":	0,
					"snd_cwnd":	56472,
					"snd_wnd":	5673472,
					"rtt":	104994,
					"rttvar":	941,
					"pmtu":	1500,
					"omitted":	false,
					"sender":	true
				}],
			"sum":	{
				"start":	11.000137,
				"end":	12.001114,
				"seconds":	1.0009770393371582,
				"bytes":	655360,
				"bits_per_second":	5237762.49999881,
				"retransmits":	0,
				"omitted":	false,
				"sender":	true
			}
		}, {
			"streams":	[{
					"socket":	5,
					"start":	12.001114,
					"end":	13.000182,
					"seconds":	0.999068021774292,
					"bytes":	0,
					"bits_per_second":	0,
					"retransmits":	3,
					"snd_cwnd":	18824,
					"snd_wnd":	5676544,