{
	"start":	{
		"connected":	[{
				"socket":	5,
				"local_host":	"10.0.0.1",
				"local_port":	52490,
				"remote_host":	"10.0.0.2",
				"remote_port":	5201
			}],
		"version":	"iperf 3.16",
		"system_info":	"Linux mininet 6.8.0-88-generic #89-Ubuntu SMP PREEMPT_DYNAMIC Sat Oct 11 01:02:46 UTC 2025 x86_64",
		"timestamp":	{
			"time":	"Tue, 02 Dec 2025 18:20:57 GMT",
			"timesecs":	1764699657
		},
		"connecting_to":	{
			"host":	"10.0.0.2",
			"port":	5201
		},
		"cookie":	"tpmfghklpbbwfkb6jomckekw4io4nncp25rb",
		"tcp_mss_default":	1448,
		"target_bitrate":	0,
		"fq_rate":	0,
		"sock_bufsize":	0,
		"sndbuf_actual":	87380,
		"rcvbuf_actual":	87380,
		"test_start":	{
			"protocol":	"TCP",
			"num_streams":	1,
			"blksize":	131072,
			"omit":	0,
			"duration":	20,
			"bytes":	0,
			"blocks":	0,
			"reverse":	0,
			"tos":	0,
			"target_bitrate":	0,
			"bidir":	0,
			"fqrate":	0
		}
	},
	"intervals":	[{
			"streams":	[{
					"socket":	5,
					"start":	0,
					"end":	1.000993,
					"seconds":	1.000993013381958,
					"bytes":	4325376,
					"bits_per_second":	34568680.8373319,
					"retransmits":	15,
					"snd_cwnd":	283808,
					"snd_wnd":	2594304,
					"rtt":	104484,
					"rttvar":	81,
					"pmtu":	1500,
					"omitted":	false,
					"sender":	true
				}],
			"sum":	{
				"start":	0,
				"end":	1.000993,
				"seconds":	1.000993013381958,
				"bytes":	4325376,
				"bits_per_second":	34568680.8373319,
				"retransmits":	15,
				"omitted":	false,
				"sender":	true
			}
		}, {
			"streams":	[{
					"socket":	5,
					"start":	1.000993,
					"end":	2.000972,
					"seconds":	0.999979019165039,
					"bytes":	2359296,
					"bits_per_second":	18874764.008308586,
					"retransmits":	7,
					"snd_cwnd":	105704,
					"snd_wnd":	3869184,
					"rtt":	105391,
					"rttvar":	1108,
					"pmtu":	1500,
					"omitted":	false,
					"sender":	true
				}],
			"sum":	{
				"start":	1.000993,
				"end":	2.000972,
				"seconds":	0.999979019165039,
				"bytes":	2359296,
				"bits_per_second":	18874764.008308586,
				"retransmits":	7,
				"omitted":	false,
				"sender":	true
			}
		}, {
			"streams":	[{
					"socket":	5,
					"start":	2.000972,
					"end":	3.000994,
					"seconds":	1.0000220537185669,
					"bytes":	1179648,
					"bits_per_second":	9436975.87958983,
					"retransmits":	6,
					"snd_cwnd":	59368,
					"snd_wnd":	3871744,
					"rtt":	104763,
					"rttvar":	288,
					"pmtu":	1500,
					"omitted":	false,
					"sender":	true
				}],
			"sum":	{
				"start":	2.000972,
				"end":	3.000994,
				"seconds":	1.0000220537185669,
				"bytes":	1179648,
				"bits_per_second":	9436975.87958983,
				"retransmits":	6,
				"omitted":	false,
				"sender":	true
			}
		}, {
			"streams":	[{
					"socket":	5,
					"start":	3.000994,
					"end":	4.000778,
					"seconds":	0.999783992767334,
					"bytes":	0,
					"bits_per_second":	0,
					"retransmits":	5,
					"snd_cwnd":	34752,
					"snd_wnd":	3871744,
					"rtt":	106176,
					"rttvar":	2130,
					"pmtu":	1500,
					"omitted":	false,
					"sender":	true
				}],
			"sum":	{
				"start":	3.000994,
				"end":	4.000778,
				"seconds":	0.999783992767334,
				"bytes":	0,
				"bits_per_second":	0,
				"retransmits":	5,
				"omitted":	false,
				"sender":	true
			}
		}, {
			"streams":	[{
					"socket":	5,
					"start":	4.000778,
					"end":	5.000745,
					"seconds":	0.99996697902679443,
					"bytes":	0,
					"bits_per_second":	0,
					"retransmits":	6,
					"snd_cwnd":	15928,
					"snd_wnd":	3869184,
					"rtt":	105301,
					"rttvar":	734,
					"pmtu":	1500,
					"omitted":	false,
					"sender":	true
				}],
			"sum":	{
				"start":	4.000778,
				"end":	5.000745,
				"seconds":	0.99996697902679443,
				"bytes":	0,
				"bits_per_second":	0,
				"retransmits":	6,
				"omitted":	false,
				"sender":	true
			}
		}, {
			"streams":	[{
					"socket":	5,
					"start":	5.000745,
					"end":	6.000648,
					"seconds":	0.99990302324295044,
					"bytes":	0,
					"bits_per_second":	0,
					"retransmits":	0,
					"snd_cwnd":	21720,
					"snd_wnd":	3869184,
					"rtt":	105073,
					"rttvar":	517,
					"pmtu":	1500,
					"omitted":	false,
					"sender":	true
				}],
			"sum":	{
				"start":	5.000745,
				"end":	6.000648,
				"seconds":	0.99990302324295044,
				"bytes":	0,
				"bits_per_second":	0,
				"retransmits":	0,
				"omitted":	false,
				"sender":	true
			}
		}, {
			"streams":	[{
					"socket":	5,
					"start":	6.000648,
					"end":	7.000643,
					"seconds":	0.999994993209839,
					"bytes":	0,
					"bits_per_second":	0,
					"retransmits":	6,
					"snd_cwnd":	7240,
					"snd_wnd":	3869184,
					"rtt":	109756,
					"rttvar":	8534,
					"pmtu":	1500,
					"omitted":	false,
					"sender":	true
				}],
			"sum":	{
				"start":	6.000648,
				"end":	7.000643,
				"seconds":	0.999994993209839,
				"bytes":	0,
				"bits_per_second":	0,
				"retransmits":	6,
				"omitted":	false,
				"sender":	true
			}
		}, {
			"streams":	[{
					"socket":	5,
					"start":	7.000643,
					"end":	8.000699,
					"seconds":	1.0000560283660889,
					"bytes":	1179648,
					"bits_per_second":	9436655.27962334,
					"retransmits":	0,
					"snd_cwnd":	13032,
					"snd_wnd":	3871744,
					"rtt":	110614,
					"rttvar":	11231,
					"pmtu":	1500,
					"omitted":	false,
					"sender":	true
				}],
			"sum":	{
				"start":	7.000643,
				"end":	8.000699,
				"seconds":	1.0000560283660889,
				"bytes":	1179648,
				"bits_per_second":	9436655.27962334,
				"retransmits":	0,
				"omitted":	false,
				"sender":	true
			}
		}, {
			"streams":	[{
					"socket":	5,
					"start":	8.000699,
					"end":	9.001223,
					"seconds":	1.0005240440368652,
					"bytes":	0,
					"bits_per_second":	0,
					"retransmits":	0,
					"snd_cwnd":	20272,
					"snd_wnd":	3869184,
					"rtt":	104782,
					"rttvar":	204,
					"pmtu":	1500,
					"omitted":	false,
					"sender":	true
				}],
			"sum":	{
				"start":	8.000699,
				"end":	9.001223,
				"seconds":	1.0005240440368652,
				"bytes":	0,
				"bits_per_second":	0,
				"retransmits":	0,
				"omitted":	false,
				"sender":	true
			}
		}, {
			"streams":	[{
					"socket":	5,
					"start":	9.001223,
					"end":	10.001038,
					"seconds":	0.99981498718261719,
					"bytes":	0,
					"bits_per_second":	0,
					"retransmits":	2,
					"snd_cwnd":	18824,
					"snd_wnd":	3869184,
					"rtt":	105239,
					"rttvar":	727,
					"pmtu":	1500,
					"omitted":	false,
					"sender":	true
				}],
			"sum":	{
				"start":	9.001223,
				"end":	10.001038,
				"seconds":	0.99981498718261719,
				"bytes":	0,
				"bits_per_second":	0,
				"retransmits":	2,
				"omitted":	false,
				"sender":	true
			}
		}, {
			"streams":	[{
					"socket":	5,
					"start":	10.001038,
					"end":	11.000626,
					"seconds":	0.9995880126953125,
					"bytes":	0,
					"bits_per_second":	0,
					"retransmits":	0,
					"snd_cwnd":	26064,
					"snd_wnd":	3869184,
					"rtt":	105471,
					"rttvar":	1138,
					"pmtu":	1500,
					"omitted":	false,
					"sender":	true
				}],
			"sum":	{
				"start":	10.001038,
				"end":	11.000626,
				"seconds":	0.9995880126953125,
				"bytes":	0,
				"bits_per_second":	0,
				"retransmits":	0,
				"omitted":	false,
				"sender":	true
			}
		}, {
			"streams":	[{
					"socket":	5,
					"start":	11.000626,
					"end":	12.000902,
					"seconds":	1.00027596950531,
					"bytes":	0,
					"bits_per_second":	0,
					"retransmits":	2,
					"snd_cwnd":	24616,
					"snd_wnd":	3871744,
					"rtt":	107157,
					"rttvar":	3975,
					"pmtu":	1500,
					"omitted":	false,
					"sender":	true
				}],
			"sum":	{
				"start":	11.000626,
				"end":	12.000902,
				"seconds":	1.00027596950531,
				"bytes":	0,
				"bits_per_second":	0,
				"retransmits":	2,
				"omitted":	false,
				"sender":	true
			}
		}, {
			"streams":	[{
					"socket":	5,
					"start":	12.000902,
					"end":	13.000702,
					"seconds":	0.99980002641677856,
					"bytes":	0,
					"bits_per_second":	0,
					"retransmits":	0,
					"snd_cwnd":	28960,
					"snd_wnd":	3871744,
					"rtt":	105070,
					"rttvar":	899,
					"pmtu":	1500,