{
	"start":	{
		"connected":	[{
				"socket":	5,
				"local_host":	"10.0.0.1",
				"local_port":	38506,
				"remote_host":	"10.0.0.2",
				"remote_port":	5201
			}],
		"version":	"iperf 3.16",
		"system_info":	"Linux mininet 6.8.0-88-generic #89-Ubuntu SMP PREEMPT_DYNAMIC Sat Oct 11 01:02:46 UTC 2025 x86_64",
		"timestamp":	{
			"time":	"Tue, 02 Dec 2025 19:10:35 GMT",
			"timesecs":	1764702635
		},
		"connecting_to":	{
			"host":	"10.0.0.2",
			"port":	5201
		},
		"cookie":	"vilqxe7yfevmvo23low7xqad4srqgss4aucq",
		"tcp_mss_default":	1448,
		"target_bitrate":	0,
		"fq_rate":	0,
		"sock_bufsize":	0,
		"sndbuf_actual":	87380,
		"rcvbuf_actual":	87380,
		"test_start":	{
			"protocol":	"TCP",
			"num_streams":	1,
			"blksize":	131072,
			"omit":	0,
			"duration":	20,
			"bytes":	0,
			"blocks":	0,
			"reverse":	0,
			"tos":	0,
			"target_bitrate":	0,
			"bidir":	0,
			"fqrate":	0
		}
	},
	"intervals":	[{
			"streams":	[{
					"socket":	5,
					"start":	0,
					"end":	1.001047,
					"seconds":	1.0010470151901245,
					"bytes":	17039360,
					"bits_per_second":	136172305.52763829,
					"retransmits":	0,
					"snd_cwnd":	1878056,
					"snd_wnd":	4084736,
					"rtt":	193784,
					"rttvar":	8224,
					"pmtu":	1500,
					"omitted":	false,
					"sender":	true
				}],
			"sum":	{
				"start":	0,
				"end":	1.001047,
				"seconds":	1.0010470151901245,
				"bytes":	17039360,
				"bits_per_second":	136172305.52763829,
				"retransmits":	0,
				"omitted":	false,
				"sender":	true
			}
		}, {
			"streams":	[{
					"socket":	5,
					"start":	1.001047,
					"end":	2.000817,
					"seconds":	0.99976998567581177,
					"bytes":	5636096,
					"bits_per_second":	45099141.448541753,
					"retransmits":	0,
					"snd_cwnd":	1865024,
					"snd_wnd":	9433600,
					"rtt":	313875,
					"rttvar":	283,
					"pmtu":	1500,
					"omitted":	false,
					"sender":	true
				}],
			"sum":	{
				"start":	1.001047,
				"end":	2.000817,
				"seconds":	0.99976998567581177,
				"bytes":	5636096,
				"bits_per_second":	45099141.448541753,
				"retransmits":	0,
				"omitted":	false,
				"sender":	true
			}
		}, {
			"streams":	[{
					"socket":	5,
					"start":	2.000817,
					"end":	3.000726,
					"seconds":	0.999908983707428,
					"bytes":	5505024,
					"bits_per_second":	44044200.739860639,
					"retransmits":	0,
					"snd_cwnd":	1280032,
					"snd_wnd":	9433600,
					"rtt":	110002,
					"rttvar":	227,
					"pmtu":	1500,
					"omitted":	false,
					"sender":	true
				}],
			"sum":	{
				"start":	2.000817,
				"end":	3.000726,
				"seconds":	0.999908983707428,
				"bytes":	5505024,
				"bits_per_second":	44044200.739860639,
				"retransmits":	0,
				"omitted":	false,
				"sender":	true
			}
		}, {
			"streams":	[{
					"socket":	5,
					"start":	3.000726,
					"end":	4.001062,
					"seconds":	1.0003360509872437,
					"bytes":	5505024,
					"bits_per_second":	44025397.221799821,
					"retransmits":	0,
					"snd_cwnd":	1326368,
					"snd_wnd":	9434624,
					"rtt":	105672,
					"rttvar":	89,
					"pmtu":	1500,
					"omitted":	false,
					"sender":	true
				}],
			"sum":	{
				"start":	3.000726,
				"end":	4.001062,
				"seconds":	1.0003360509872437,
				"bytes":	5505024,
				"bits_per_second":	44025397.221799821,
				"retransmits":	0,
				"omitted":	false,
				"sender":	true
			}
		}, {
			"streams":	[{
					"socket":	5,
					"start":	4.001062,
					"end":	5.000899,
					"seconds":	0.99983698129653931,
					"bytes":	5505024,
					"bits_per_second":	44047372.545563228,
					"retransmits":	0,
					"snd_cwnd":	1340848,
					"snd_wnd":	9433600,
					"rtt":	106849,
					"rttvar":	173,
					"pmtu":	1500,
					"omitted":	false,
					"sender":	true
				}],
			"sum":	{
				"start":	4.001062,
				"end":	5.000899,
				"seconds":	0.99983698129653931,
				"bytes":	5505024,
				"bits_per_second":	44047372.545563228,
				"retransmits":	0,
				"omitted":	false,
				"sender":	true
			}
		}, {
			"streams":	[{
					"socket":	5,
					"start":	5.000899,
					"end":	6.000854,
					"seconds":	0.99995499849319458,
					"bytes":	5636096,
					"bits_per_second":	45090797.153814979,
					"retransmits":	0,
					"snd_cwnd":	1280032,
					"snd_wnd":	9432576,
					"rtt":	125361,
					"rttvar":	1923,
					"pmtu":	1500,
					"omitted":	false,
					"sender":	true
				}],
			"sum":	{
				"start":	5.000899,
				"end":	6.000854,
				"seconds":	0.99995499849319458,
				"bytes":	5636096,
				"bits_per_second":	45090797.153814979,
				"retransmits":	0,
				"omitted":	false,
				"sender":	true
			}
		}, {
			"streams":	[{
					"socket":	5,
					"start":	6.000854,
					"end":	7.000934,
					"seconds":	1.0000799894332886,
					"bytes":	5505024,
					"bits_per_second":	44036669.531760238,
					"retransmits":	0,
					"snd_cwnd":	1285824,
					"snd_wnd":	9433600,
					"rtt":	108659,
					"rttvar":	65,
					"pmtu":	1500,
					"omitted":	false,
					"sender":	true
				}],
			"sum":	{
				"start":	6.000854,
				"end":	7.000934,
				"seconds":	1.0000799894332886,
				"bytes":	5505024,
				"bits_per_second":	44036669.531760238,
				"retransmits":	0,
				"omitted":	false,
				"sender":	true
			}
		}, {
			"streams":	[{
					"socket":	5,
					"start":	7.000934,
					"end":	8.001143,
					"seconds":	1.0002089738845825,
					"bytes":	5505024,
					"bits_per_second":	44030990.672837079,
					"retransmits":	0,
					"snd_cwnd":	1277136,
					"snd_wnd":	9434624,
					"rtt":	104510,
					"rttvar":	42,
					"pmtu":	1500,
					"omitted":	false,
					"sender":	true
				}],
			"sum":	{
				"start":	7.000934,
				"end":	8.001143,
				"seconds":	1.0002089738845825,
				"bytes":	5505024,
				"bits_per_second":	44030990.672837079,
				"retransmits":	0,
				"omitted":	false,
				"sender":	true
			}
		}, {
			"streams":	[{
					"socket":	5,
					"start":	8.001143,
					"end":	9.00105,
					"seconds":	0.99990701675415039,
					"bytes":	5505024,
					"bits_per_second":	44044287.3808018,
					"retransmits":	0,
					"snd_cwnd":	1291616,
					"snd_wnd":	9433600,
					"rtt":	106230,
					"rttvar":	103,
					"pmtu":	1500,
					"omitted":	false,
					"sender":	true
				}],
			"sum":	{
				"start":	8.001143,
				"end":	9.00105,
				"seconds":	0.99990701675415039,
				"bytes":	5505024,
				"bits_per_second":	44044287.3808018,
				"retransmits":	0,
				"omitted":	false,
				"sender":	true
			}
		}, {
			"streams":	[{
					"socket":	5,
					"start":	9.00105,
					"end":	10.001037,
					"seconds":	0.999987006187439,
					"bytes":	5636096,
					"bits_per_second":	45089353.882612847,
					"retransmits":	0,
					"snd_cwnd":	1288720,
					"snd_wnd":	9437184,
					"rtt":	106674,
					"rttvar":	169,
					"pmtu":	1500,
					"omitted":	false,
					"sender":	true
				}],
			"sum":	{
				"start":	9.00105,
				"end":	10.001037,
				"seconds":	0.999987006187439,
				"bytes":	5636096,
				"bits_per_second":	45089353.882612847,
				"retransmits":	0,
				"omitted":	false,
				"sender":	true
			}
		}, {
			"streams":	[{
					"socket":	5,
					"start":	10.001037,
					"end":	11.000875,
					"seconds":	0.99983799457550049,
					"bytes":	11010048,
					"bits_per_second":	88094655.812110975,
					"retransmits":	0,
					"snd_cwnd":	1291616,
					"snd_wnd":	9432576,
					"rtt":	105907,
					"rttvar":	1236,
					"pmtu":	1500,
					"omitted":	false,
					"sender":	true
				}],
			"sum":	{
				"start":	10.001037,
				"end":	11.000875,
				"seconds":	0.99983799457550049,
				"bytes":	11010048,
				"bits_per_second":	88094655.812110975,
				"retransmits":	0,
				"omitted":	false,
				"sender":	true
			}
		}, {
			"streams":	[{
					"socket":	5,
					"start":	11.000875,
					"end":	12.001022,
					"seconds":	1.0001469850540161,
					"bytes":	5505024,
					"bits_per_second":	44033719.701331168,
					"retransmits":	0,
					"snd_cwnd":	1288720,
					"snd_wnd":	9434624,
					"rtt":	131022,
					"rttvar":	969,
					"pmtu":	1500,
					"omitted":	false,
					"sender":	true
				}],
			"sum":	{
				"start":	11.000875,
				"end":	12.001022,
				"seconds":	1.0001469850540161,
				"bytes":	5505024,