{
	"start":	{
		"connected":	[{
				"socket":	5,
				"local_host":	"10.0.0.1",
				"local_port":	53676,
				"remote_host":	"10.0.0.2",
				"remote_port":	5201
			}],
		"version":	"iperf 3.16",
		"system_info":	"Linux CSCE952FinalProject 6.14.0-36-generic #36~24.04.1-Ubuntu SMP PREEMPT_DYNAMIC Wed Oct 15 15:45:17 UTC 2 x86_64",
		"timestamp":	{
			"time":	"Sun, 30 Nov 2025 04:31:41 GMT",
			"timesecs":	1764477101
		},
		"connecting_to":	{
			"host":	"10.0.0.2",
			"port":	5201
		},
		"cookie":	"e5nzkjt5y25qjufzjkhi7h7vw6uxcjmjajbx",
		"tcp_mss_default":	1448,
		"target_bitrate":	0,
		"fq_rate":	0,
		"sock_bufsize":	0,
		"sndbuf_actual":	87380,
		"rcvbuf_actual":	87380,
		"test_start":	{
			"protocol":	"TCP",
			"num_streams":	1,
			"blksize":	131072,
			"omit":	0,
			"duration":	20,
			"bytes":	0,
			"blocks":	0,
			"reverse":	0,
			"tos":	0,
			"target_bitrate":	0,
			"bidir":	0,
			"fqrate":	0
		}
	},
	"intervals":	[{
			"streams":	[{
					"socket":	5,
					"start":	0,
					"end":	1.003512,
					"seconds":	1.0035120248794556,
					"bytes":	1048576,
					"bits_per_second":	8359250.105655347,
					"retransmits":	0,
					"snd_cwnd":	86880,
					"snd_wnd":	292864,
					"rtt":	53403,
					"rttvar":	1763,
					"pmtu":	1500,
					"omitted":	false,
					"sender":	true
				}],
			"sum":	{
				"start":	0,
				"end":	1.003512,
				"seconds":	1.0035120248794556,
				"bytes":	1048576,
				"bits_per_second":	8359250.105655347,
				"retransmits":	0,
				"omitted":	false,
				"sender":	true
			}
		}, {
			"streams":	[{
					"socket":	5,
					"start":	1.003512,
					"end":	2.003153,
					"seconds":	0.99964100122451782,
					"bytes":	1310720,
					"bits_per_second":	10489525.726891343,
					"retransmits":	6,
					"snd_cwnd":	39096,
					"snd_wnd":	891392,
					"rtt":	48727,
					"rttvar":	1034,
					"pmtu":	1500,
					"omitted":	false,
					"sender":	true
				}],
			"sum":	{
				"start":	1.003512,
				"end":	2.003153,
				"seconds":	0.99964100122451782,
				"bytes":	1310720,
				"bits_per_second":	10489525.726891343,
				"retransmits":	6,
				"omitted":	false,
				"sender":	true
			}
		}, {
			"streams":	[{
					"socket":	5,
					"start":	2.003153,
					"end":	3.000167,
					"seconds":	0.99701398611068726,
					"bytes":	524288,
					"bits_per_second":	4206865.7595886057,
					"retransmits":	6,
					"snd_cwnd":	15928,
					"snd_wnd":	893952,
					"rtt":	66747,
					"rttvar":	9798,
					"pmtu":	1500,
					"omitted":	false,
					"sender":	true
				}],
			"sum":	{
				"start":	2.003153,
				"end":	3.000167,
				"seconds":	0.99701398611068726,
				"bytes":	524288,
				"bits_per_second":	4206865.7595886057,
				"retransmits":	6,
				"omitted":	false,
				"sender":	true
			}
		}, {
			"streams":	[{
					"socket":	5,
					"start":	3.000167,
					"end":	4.011392,
					"seconds":	1.0112249851226807,
					"bytes":	262144,
					"bits_per_second":	2073872.8085773869,
					"retransmits":	1,
					"snd_cwnd":	15928,
					"snd_wnd":	891392,
					"rtt":	95845,
					"rttvar":	21142,
					"pmtu":	1500,
					"omitted":	false,
					"sender":	true
				}],
			"sum":	{
				"start":	3.000167,
				"end":	4.011392,
				"seconds":	1.0112249851226807,
				"bytes":	262144,
				"bits_per_second":	2073872.8085773869,
				"retransmits":	1,
				"omitted":	false,
				"sender":	true
			}
		}, {
			"streams":	[{
					"socket":	5,
					"start":	4.011392,
					"end":	5.114397,
					"seconds":	1.103005051612854,
					"bytes":	0,
					"bits_per_second":	0,
					"retransmits":	0,
					"snd_cwnd":	20272,
					"snd_wnd":	893952,
					"rtt":	208288,
					"rttvar":	79494,
					"pmtu":	1500,
					"omitted":	false,
					"sender":	true
				}],
			"sum":	{
				"start":	4.011392,
				"end":	5.114397,
				"seconds":	1.103005051612854,
				"bytes":	0,
				"bits_per_second":	0,
				"retransmits":	0,
				"omitted":	false,
				"sender":	true
			}
		}, {
			"streams":	[{
					"socket":	5,
					"start":	5.114397,
					"end":	6.002575,
					"seconds":	0.888177990913391,
					"bytes":	262144,
					"bits_per_second":	2361184.3813460353,
					"retransmits":	0,
					"snd_cwnd":	23168,
					"snd_wnd":	893952,
					"rtt":	164654,
					"rttvar":	31436,
					"pmtu":	1500,
					"omitted":	false,
					"sender":	true
				}],
			"sum":	{
				"start":	5.114397,
				"end":	6.002575,
				"seconds":	0.888177990913391,
				"bytes":	262144,
				"bits_per_second":	2361184.3813460353,
				"retransmits":	0,
				"omitted":	false,
				"sender":	true
			}
		}, {
			"streams":	[{
					"socket":	5,
					"start":	6.002575,
					"end":	7.001079,
					"seconds":	0.99850398302078247,
					"bytes":	0,
					"bits_per_second":	0,
					"retransmits":	2,
					"snd_cwnd":	23168,
					"snd_wnd":	891392,
					"rtt":	61388,
					"rttvar":	2394,
					"pmtu":	1500,
					"omitted":	false,
					"sender":	true
				}],
			"sum":	{
				"start":	6.002575,
				"end":	7.001079,
				"seconds":	0.99850398302078247,
				"bytes":	0,
				"bits_per_second":	0,
				"retransmits":	2,
				"omitted":	false,
				"sender":	true
			}
		}, {
			"streams":	[{
					"socket":	5,
					"start":	7.001079,
					"end":	8.009118,
					"seconds":	1.0080389976501465,
					"bytes":	262144,
					"bits_per_second":	2080427.44862917,
					"retransmits":	4,
					"snd_cwnd":	23168,
					"snd_wnd":	893952,
					"rtt":	135765,
					"rttvar":	67662,
					"pmtu":	1500,
					"omitted":	false,
					"sender":	true
				}],
			"sum":	{
				"start":	7.001079,
				"end":	8.009118,
				"seconds":	1.0080389976501465,
				"bytes":	262144,
				"bits_per_second":	2080427.44862917,
				"retransmits":	4,
				"omitted":	false,
				"sender":	true
			}
		}, {
			"streams":	[{
					"socket":	5,
					"start":	8.009118,
					"end":	9.001025,
					"seconds":	0.991907000541687,
					"bytes":	131072,
					"bits_per_second":	1057131.3635525969,
					"retransmits":	2,
					"snd_cwnd":	18824,
					"snd_wnd":	893952,
					"rtt":	87638,
					"rttvar":	22203,
					"pmtu":	1500,
					"omitted":	false,
					"sender":	true
				}],
			"sum":	{
				"start":	8.009118,
				"end":	9.001025,
				"seconds":	0.991907000541687,
				"bytes":	131072,
				"bits_per_second":	1057131.3635525969,
				"retransmits":	2,
				"omitted":	false,
				"sender":	true
			}
		}, {
			"streams":	[{
					"socket":	5,
					"start":	9.001025,
					"end":	10.007117,
					"seconds":	1.0060919523239136,
					"bytes":	524288,
					"bits_per_second":	4168907.2159973253,
					"retransmits":	2,
					"snd_cwnd":	21720,
					"snd_wnd":	891392,
					"rtt":	54954,
					"rttvar":	1845,
					"pmtu":	1500,
					"omitted":	false,
					"sender":	true
				}],
			"sum":	{
				"start":	9.001025,
				"end":	10.007117,
				"seconds":	1.0060919523239136,
				"bytes":	524288,
				"bits_per_second":	4168907.2159973253,
				"retransmits":	2,
				"omitted":	false,
				"sender":	true
			}
		}, {
			"streams":	[{
					"socket":	5,
					"start":	10.007117,
					"end":	11.001639,
					"seconds":	0.994521975517273,
					"bytes":	262144,
					"bits_per_second":	2108703.5295617525,
					"retransmits":	0,
					"snd_cwnd":	33304,
					"snd_wnd":	891392,
					"rtt":	60594,
					"rttvar":	2447,
					"pmtu":	1500,
					"omitted":	false,
					"sender":	true
				}],
			"sum":	{
				"start":	10.007117,
				"end":	11.001639,
				"seconds":	0.994521975517273,
				"bytes":	262144,
				"bits_per_second":	2108703.5295617525,
				"retransmits":	0,
				"omitted":	false,
				"sender":	true
			}
		}, {
			"streams":	[{
					"socket":	5,
					"start":	11.001639,
					"end":	12.000134,
					"seconds":	0.99849498271942139,
					"bytes":	786432,
					"bits_per_second":	6300939.02211215,
					"retransmits":	2,
					"snd_cwnd":	33304,
					"snd_wnd":	891392,
					"rtt":	60267,
					"rttvar":	1287,
					"pmtu":	1500,
					"omitted":	false,
					"sender":	true
				}],
			"sum":	{
				"start":	11.001639,
				"end":	12.000134,
				"seconds":	0.99849498271942139,
				"bytes":	786432,
				"bits_per_second":	6300939.02211215,
				"retransmits":	2,
				"omitted":	false,