{
	"start":	{
		"connected":	[{
				"socket":	5,
				"local_host":	"10.0.0.1",
				"local_port":	59362,
				"remote_host":	"10.0.0.2",
				"remote_port":	5201
			}],
		"version":	"iperf 3.16",
		"system_info":	"Linux mininet 6.8.0-88-generic #89-Ubuntu SMP PREEMPT_DYNAMIC Sat Oct 11 01:02:46 UTC 2025 x86_64",
		"timestamp":	{
			"time":	"Tue, 02 Dec 2025 17:23:59 GMT",
			"timesecs":	1764696239
		},
		"connecting_to":	{
			"host":	"10.0.0.2",
			"port":	5201
		},
		"cookie":	"vd4b7burygepznq3dwa7zixzsovlhzgoxhj7",
		"tcp_mss_default":	1448,
		"target_bitrate":	0,
		"fq_rate":	0,
		"sock_bufsize":	0,
		"sndbuf_actual":	87380,
		"rcvbuf_actual":	87380,
		"test_start":	{
			"protocol":	"TCP",
			"num_streams":	1,
			"blksize":	131072,
			"omit":	0,
			"duration":	20,
			"bytes":	0,
			"blocks":	0,
			"reverse":	0,
			"tos":	0,
			"target_bitrate":	0,
			"bidir":	0,
			"fqrate":	0
		}
	},
	"intervals":	[{
			"streams":	[{
					"socket":	5,
					"start":	0,
					"end":	1.000619,
					"seconds":	1.0006190538406372,
					"bytes":	16515072,
					"bits_per_second":	132038836.85093416,
					"retransmits":	0,
					"snd_cwnd":	4820392,
					"snd_wnd":	6960128,
					"rtt":	392564,
					"rttvar":	13486,
					"pmtu":	1500,
					"omitted":	false,
					"sender":	true
				}],
			"sum":	{
				"start":	0,
				"end":	1.000619,
				"seconds":	1.0006190538406372,
				"bytes":	16515072,
				"bits_per_second":	132038836.85093416,
				"retransmits":	0,
				"omitted":	false,
				"sender":	true
			}
		}, {
			"streams":	[{
					"socket":	5,
					"start":	1.000619,
					"end":	2.000631,
					"seconds":	1.0000120401382446,
					"bytes":	5636096,
					"bits_per_second":	45088225.1315362,
					"retransmits":	720,
					"snd_cwnd":	5841232,
					"snd_wnd":	12564992,
					"rtt":	749160,
					"rttvar":	1487,
					"pmtu":	1500,
					"omitted":	false,
					"sender":	true
				}],
			"sum":	{
				"start":	1.000619,
				"end":	2.000631,
				"seconds":	1.0000120401382446,
				"bytes":	5636096,
				"bits_per_second":	45088225.1315362,
				"retransmits":	720,
				"omitted":	false,
				"sender":	true
			}
		}, {
			"streams":	[{
					"socket":	5,
					"start":	2.000631,
					"end":	3.000608,
					"seconds":	0.9999769926071167,
					"bytes":	0,
					"bits_per_second":	0,
					"retransmits":	3831,
					"snd_cwnd":	1543568,
					"snd_wnd":	12544000,
					"rtt":	301737,
					"rttvar":	2839,
					"pmtu":	1500,
					"omitted":	false,
					"sender":	true
				}],
			"sum":	{
				"start":	2.000631,
				"end":	3.000608,
				"seconds":	0.9999769926071167,
				"bytes":	0,
				"bits_per_second":	0,
				"retransmits":	3831,
				"omitted":	false,
				"sender":	true
			}
		}, {
			"streams":	[{
					"socket":	5,
					"start":	3.000608,
					"end":	4.001089,
					"seconds":	1.0004810094833374,
					"bytes":	12320768,
					"bits_per_second":	98518755.5442966,
					"retransmits":	1224,
					"snd_cwnd":	1084552,
					"snd_wnd":	12582912,
					"rtt":	220519,
					"rttvar":	302,
					"pmtu":	1500,
					"omitted":	false,
					"sender":	true
				}],
			"sum":	{
				"start":	3.000608,
				"end":	4.001089,
				"seconds":	1.0004810094833374,
				"bytes":	12320768,
				"bits_per_second":	98518755.5442966,
				"retransmits":	1224,
				"omitted":	false,
				"sender":	true
			}
		}, {
			"streams":	[{
					"socket":	5,
					"start":	4.001089,
					"end":	5.001086,
					"seconds":	0.99999701976776123,
					"bytes":	5636096,
					"bits_per_second":	45088902.375400469,
					"retransmits":	69,
					"snd_cwnd":	1090344,
					"snd_wnd":	12578304,
					"rtt":	182219,
					"rttvar":	499,
					"pmtu":	1500,
					"omitted":	false,
					"sender":	true
				}],
			"sum":	{
				"start":	4.001089,
				"end":	5.001086,
				"seconds":	0.99999701976776123,
				"bytes":	5636096,
				"bits_per_second":	45088902.375400469,
				"retransmits":	69,
				"omitted":	false,
				"sender":	true
			}
		}, {
			"streams":	[{
					"socket":	5,
					"start":	5.001086,
					"end":	6.000942,
					"seconds":	0.99985599517822266,
					"bytes":	5636096,
					"bits_per_second":	45095261.935157977,
					"retransmits":	0,
					"snd_cwnd":	1097584,
					"snd_wnd":	12582912,
					"rtt":	183801,
					"rttvar":	332,
					"pmtu":	1500,
					"omitted":	false,
					"sender":	true
				}],
			"sum":	{
				"start":	5.001086,
				"end":	6.000942,
				"seconds":	0.99985599517822266,
				"bytes":	5636096,
				"bits_per_second":	45095261.935157977,
				"retransmits":	0,
				"omitted":	false,
				"sender":	true
			}
		}, {
			"streams":	[{
					"socket":	5,
					"start":	6.000942,
					"end":	7.001019,
					"seconds":	1.00007700920105,
					"bytes":	11010048,
					"bits_per_second":	88073601.5223132,
					"retransmits":	0,
					"snd_cwnd":	1106272,
					"snd_wnd":	12578304,
					"rtt":	185705,
					"rttvar":	117,
					"pmtu":	1500,
					"omitted":	false,
					"sender":	true
				}],
			"sum":	{
				"start":	6.000942,
				"end":	7.001019,
				"seconds":	1.00007700920105,
				"bytes":	11010048,
				"bits_per_second":	88073601.5223132,
				"retransmits":	0,
				"omitted":	false,
				"sender":	true
			}
		}, {
			"streams":	[{
					"socket":	5,
					"start":	7.001019,
					"end":	8.000946,
					"seconds":	0.99992698431015,
					"bytes":	5505024,
					"bits_per_second":	44043407.859808221,
					"retransmits":	0,
					"snd_cwnd":	1113512,
					"snd_wnd":	12578304,
					"rtt":	186837,
					"rttvar":	253,
					"pmtu":	1500,
					"omitted":	false,
					"sender":	true
				}],
			"sum":	{
				"start":	7.001019,
				"end":	8.000946,
				"seconds":	0.99992698431015,
				"bytes":	5505024,
				"bits_per_second":	44043407.859808221,
				"retransmits":	0,
				"omitted":	false,
				"sender":	true
			}
		}, {
			"streams":	[{
					"socket":	5,
					"start":	8.000946,
					"end":	9.001033,
					"seconds":	1.0000870227813721,
					"bytes":	5636096,
					"bits_per_second":	45084844.591425925,
					"retransmits":	0,
					"snd_cwnd":	1120752,
					"snd_wnd":	12578304,
					"rtt":	187598,
					"rttvar":	216,
					"pmtu":	1500,
					"omitted":	false,
					"sender":	true
				}],
			"sum":	{
				"start":	8.000946,
				"end":	9.001033,
				"seconds":	1.0000870227813721,
				"bytes":	5636096,
				"bits_per_second":	45084844.591425925,
				"retransmits":	0,
				"omitted":	false,
				"sender":	true
			}
		}, {
			"streams":	[{
					"socket":	5,
					"start":	9.001033,
					"end":	10.00109,
					"seconds":	1.0000569820404053,
					"bytes":	5505024,
					"bits_per_second":	44037682.642988279,
					"retransmits":	0,
					"snd_cwnd":	1129440,
					"snd_wnd":	12582912,
					"rtt":	189013,
					"rttvar":	424,
					"pmtu":	1500,
					"omitted":	false,
					"sender":	true
				}],
			"sum":	{
				"start":	9.001033,
				"end":	10.00109,
				"seconds":	1.0000569820404053,
				"bytes":	5505024,
				"bits_per_second":	44037682.642988279,
				"retransmits":	0,
				"omitted":	false,
				"sender":	true
			}
		}, {
			"streams":	[{
					"socket":	5,
					"start":	10.00109,
					"end":	11.000708,
					"seconds":	0.99961799383163452,
					"bytes":	5505024,
					"bits_per_second":	44057022.054184511,
					"retransmits":	0,
					"snd_cwnd":	1136680,
					"snd_wnd":	12578304,
					"rtt":	190034,
					"rttvar":	187,
					"pmtu":	1500,
					"omitted":	false,
					"sender":	true
				}],
			"sum":	{
				"start":	10.00109,
				"end":	11.000708,
				"seconds":	0.99961799383163452,
				"bytes":	5505024,
				"bits_per_second":	44057022.054184511,
				"retransmits":	0,
				"omitted":	false,
				"sender":	true
			}
		}, {
			"streams":	[{
					"socket":	5,
					"start":	11.000708,
					"end":	12.000846,
					"seconds":	1.0001380443573,
					"bytes":	5505024,
					"bits_per_second":	44034113.339124836,
					"retransmits":	0,
					"snd_cwnd":	1143920,
					"snd_wnd":	12578304,
					"rtt":	191695,
					"rttvar":	389,
					"pmtu":	1500,
					"omitted":	false,
					"sender":	true
				}],
			"sum":	{
				"start":	11.000708,
				"end":	12.000846,
				"seconds":	1.0001380443573,
				"bytes":	5505024,
				"bits_per_second":	44034113.339124836,