{
	"start":	{
		"connected":	[{
				"socket":	5,
				"local_host":	"10.0.0.1",
				"local_port":	40098,
				"remote_host":	"10.0.0.2",
				"remote_port":	5201
			}],
		"version":	"iperf 3.16",
		"system_info":	"Linux mininet 6.8.0-88-generic #89-Ubuntu SMP PREEMPT_DYNAMIC Sat Oct 11 01:02:46 UTC 2025 x86_64",
		"timestamp":	{
			"time":	"Tue, 02 Dec 2025 17:25:32 GMT",
			"timesecs":	1764696332
		},
		"connecting_to":	{
			"host":	"10.0.0.2",
			"port":	5201
		},
		"cookie":	"5frx3fwcohi2d5qsozbydmlle7aljz4cjtse",
		"tcp_mss_default":	1448,
		"target_bitrate":	0,
		"fq_rate":	0,
		"sock_bufsize":	0,
		"sndbuf_actual":	87380,
		"rcvbuf_actual":	87380,
		"test_start":	{
			"protocol":	"TCP",
			"num_streams":	1,
			"blksize":	131072,
			"omit":	0,
			"duration":	20,
			"bytes":	0,
			"blocks":	0,
			"reverse":	0,
			"tos":	0,
			"target_bitrate":	0,
			"bidir":	0,
			"fqrate":	0
		}
	},
	"intervals":	[{
			"streams":	[{
					"socket":	5,
					"start":	0,
					"end":	1.001042,
					"seconds":	1.0010420083999634,
					"bytes":	17432576,
					"bits_per_second":	139315440.14112836,
					"retransmits":	0,
					"snd_cwnd":	4820392,
					"snd_wnd":	7319040,
					"rtt":	391401,
					"rttvar":	12759,
					"pmtu":	1500,
					"omitted":	false,
					"sender":	true
				}],
			"sum":	{
				"start":	0,
				"end":	1.001042,
				"seconds":	1.0010420083999634,
				"bytes":	17432576,
				"bits_per_second":	139315440.14112836,
				"retransmits":	0,
				"omitted":	false,
				"sender":	true
			}
		}, {
			"streams":	[{
					"socket":	5,
					"start":	1.001042,
					"end":	2.000374,
					"seconds":	0.9993320107460022,
					"bytes":	5505024,
					"bits_per_second":	44069630.0392939,
					"retransmits":	740,
					"snd_cwnd":	5414072,
					"snd_wnd":	12466688,
					"rtt":	724087,
					"rttvar":	577,
					"pmtu":	1500,
					"omitted":	false,
					"sender":	true
				}],
			"sum":	{
				"start":	1.001042,
				"end":	2.000374,
				"seconds":	0.9993320107460022,
				"bytes":	5505024,
				"bits_per_second":	44069630.0392939,
				"retransmits":	740,
				"omitted":	false,
				"sender":	true
			}
		}, {
			"streams":	[{
					"socket":	5,
					"start":	2.000374,
					"end":	3.001076,
					"seconds":	1.0007020235061646,
					"bytes":	0,
					"bits_per_second":	0,
					"retransmits":	4217,
					"snd_cwnd":	1340848,
					"snd_wnd":	12290560,
					"rtt":	275257,
					"rttvar":	5966,
					"pmtu":	1500,
					"omitted":	false,
					"sender":	true
				}],
			"sum":	{
				"start":	2.000374,
				"end":	3.001076,
				"seconds":	1.0007020235061646,
				"bytes":	0,
				"bits_per_second":	0,
				"retransmits":	4217,
				"omitted":	false,
				"sender":	true
			}
		}, {
			"streams":	[{
					"socket":	5,
					"start":	3.001076,
					"end":	4.00104,
					"seconds":	0.99996399879455566,
					"bytes":	12582912,
					"bits_per_second":	100666920.13047306,
					"retransmits":	806,
					"snd_cwnd":	1077312,
					"snd_wnd":	11855872,
					"rtt":	179851,
					"rttvar":	408,
					"pmtu":	1500,
					"omitted":	false,
					"sender":	true
				}],
			"sum":	{
				"start":	3.001076,
				"end":	4.00104,
				"seconds":	0.99996399879455566,
				"bytes":	12582912,
				"bits_per_second":	100666920.13047306,
				"retransmits":	806,
				"omitted":	false,
				"sender":	true
			}
		}, {
			"streams":	[{
					"socket":	5,
					"start":	4.00104,
					"end":	5.001037,
					"seconds":	0.99999701976776123,
					"bytes":	5636096,
					"bits_per_second":	45088902.375400469,
					"retransmits":	0,
					"snd_cwnd":	1084552,
					"snd_wnd":	12578304,
					"rtt":	181645,
					"rttvar":	406,
					"pmtu":	1500,
					"omitted":	false,
					"sender":	true
				}],
			"sum":	{
				"start":	4.00104,
				"end":	5.001037,
				"seconds":	0.99999701976776123,
				"bytes":	5636096,
				"bits_per_second":	45088902.375400469,
				"retransmits":	0,
				"omitted":	false,
				"sender":	true
			}
		}, {
			"streams":	[{
					"socket":	5,
					"start":	5.001037,
					"end":	6.000981,
					"seconds":	0.999943971633911,
					"bytes":	5505024,
					"bits_per_second":	44042659.638257742,
					"retransmits":	0,
					"snd_cwnd":	1091792,
					"snd_wnd":	12582912,
					"rtt":	183049,
					"rttvar":	426,
					"pmtu":	1500,
					"omitted":	false,
					"sender":	true
				}],
			"sum":	{
				"start":	5.001037,
				"end":	6.000981,
				"seconds":	0.999943971633911,
				"bytes":	5505024,
				"bits_per_second":	44042659.638257742,
				"retransmits":	0,
				"omitted":	false,
				"sender":	true
			}
		}, {
			"streams":	[{
					"socket":	5,
					"start":	6.000981,
					"end":	7.000733,
					"seconds":	0.9997519850730896,
					"bytes":	5505024,
					"bits_per_second":	44051117.334646076,
					"retransmits":	0,
					"snd_cwnd":	1100480,
					"snd_wnd":	12578304,
					"rtt":	184148,
					"rttvar":	267,
					"pmtu":	1500,
					"omitted":	false,
					"sender":	true
				}],
			"sum":	{
				"start":	6.000981,
				"end":	7.000733,
				"seconds":	0.9997519850730896,
				"bytes":	5505024,
				"bits_per_second":	44051117.334646076,
				"retransmits":	0,
				"omitted":	false,
				"sender":	true
			}
		}, {
			"streams":	[{
					"socket":	5,
					"start":	7.000733,
					"end":	8.001005,
					"seconds":	1.0002720355987549,
					"bytes":	5505024,
					"bits_per_second":	44028214.758236133,
					"retransmits":	0,
					"snd_cwnd":	1107720,
					"snd_wnd":	12578304,
					"rtt":	184583,
					"rttvar":	145,
					"pmtu":	1500,
					"omitted":	false,
					"sender":	true
				}],
			"sum":	{
				"start":	7.000733,
				"end":	8.001005,
				"seconds":	1.0002720355987549,
				"bytes":	5505024,
				"bits_per_second":	44028214.758236133,
				"retransmits":	0,
				"omitted":	false,
				"sender":	true
			}
		}, {
			"streams":	[{
					"socket":	5,
					"start":	8.001005,
					"end":	9.001049,
					"seconds":	1.0000439882278442,
					"bytes":	5636096,
					"bits_per_second":	45086784.712241314,
					"retransmits":	0,
					"snd_cwnd":	1114960,
					"snd_wnd":	12578304,
					"rtt":	186546,
					"rttvar":	47,
					"pmtu":	1500,
					"omitted":	false,
					"sender":	true
				}],
			"sum":	{
				"start":	8.001005,
				"end":	9.001049,
				"seconds":	1.0000439882278442,
				"bytes":	5636096,
				"bits_per_second":	45086784.712241314,
				"retransmits":	0,
				"omitted":	false,
				"sender":	true
			}
		}, {
			"streams":	[{
					"socket":	5,
					"start":	9.001049,
					"end":	10.00103,
					"seconds":	0.99998098611831665,
					"bytes":	11010048,
					"bits_per_second":	88082058.7818441,
					"retransmits":	0,
					"snd_cwnd":	1123648,
					"snd_wnd":	12578304,
					"rtt":	187969,
					"rttvar":	259,
					"pmtu":	1500,
					"omitted":	false,
					"sender":	true
				}],
			"sum":	{
				"start":	9.001049,
				"end":	10.00103,
				"seconds":	0.99998098611831665,
				"bytes":	11010048,
				"bits_per_second":	88082058.7818441,
				"retransmits":	0,
				"omitted":	false,
				"sender":	true
			}
		}, {
			"streams":	[{
					"socket":	5,
					"start":	10.00103,
					"end":	11.000849,
					"seconds":	0.999818980693817,
					"bytes":	5505024,
					"bits_per_second":	44048165.568369813,
					"retransmits":	0,
					"snd_cwnd":	1130888,
					"snd_wnd":	12578304,
					"rtt":	189450,
					"rttvar":	171,
					"pmtu":	1500,
					"omitted":	false,
					"sender":	true
				}],
			"sum":	{
				"start":	10.00103,
				"end":	11.000849,
				"seconds":	0.999818980693817,
				"bytes":	5505024,
				"bits_per_second":	44048165.568369813,
				"retransmits":	0,
				"omitted":	false,
				"sender":	true
			}
		}, {
			"streams":	[{
					"socket":	5,
					"start":	11.000849,
					"end":	12.001072,
					"seconds":	1.0002230405807495,
					"bytes":	5636096,
					"bits_per_second":	45078713.6175353,
					"retransmits":	0,
					"snd_cwnd":	1138128,
					"snd_wnd":	12578304,
					"rtt":	191188,
					"rttvar":	256,
					"pmtu":	1500,
					"omitted":	false,
					"sender":	true
				}],
			"sum":	{
				"start":	11.000849,
				"end":	12.001072,
				"seconds":	1.0002230405807495,
				"bytes":	5636096,
				"bits_per_second":	45078713.6175353,