{
	"start":	{
		"connected":	[{
				"socket":	5,
				"local_host":	"10.0.0.1",
				"local_port":	56868,
				"remote_host":	"10.0.0.2",
				"remote_port":	5201
			}],
		"version":	"iperf 3.16",
		"system_info":	"Linux mininet 6.8.0-88-generic #89-Ubuntu SMP PREEMPT_DYNAMIC Sat Oct 11 01:02:46 UTC 2025 x86_64",
		"timestamp":	{
			"time":	"Tue, 02 Dec 2025 16:57:18 GMT",
			"timesecs":	1764694638
		},
		"connecting_to":	{
			"host":	"10.0.0.2",
			"port":	5201
		},
		"cookie":	"7xuxw42iqnabj54cas4hjjxwbbkrv55ykeuw",
		"tcp_mss_default":	1448,
		"target_bitrate":	0,
		"fq_rate":	0,
		"sock_bufsize":	0,
		"sndbuf_actual":	87380,
		"rcvbuf_actual":	87380,
		"test_start":	{
			"protocol":	"TCP",
			"num_streams":	1,
			"blksize":	131072,
			"omit":	0,
			"duration":	20,
			"bytes":	0,
			"blocks":	0,
			"reverse":	0,
			"tos":	0,
			"target_bitrate":	0,
			"bidir":	0,
			"fqrate":	0
		}
	},
	"intervals":	[{
			"streams":	[{
					"socket":	5,
					"start":	0,
					"end":	1.000881,
					"seconds":	1.00088095664978,
					"bytes":	1048576,
					"bits_per_second":	8381224.5045394246,
					"retransmits":	2,
					"snd_cwnd":	55024,
					"snd_wnd":	572928,
					"rtt":	45620,
					"rttvar":	1093,
					"pmtu":	1500,
					"omitted":	false,
					"sender":	true
				}],
			"sum":	{
				"start":	0,
				"end":	1.000881,
				"seconds":	1.00088095664978,
				"bytes":	1048576,
				"bits_per_second":	8381224.5045394246,
				"retransmits":	2,
				"omitted":	false,
				"sender":	true
			}
		}, {
			"streams":	[{
					"socket":	5,
					"start":	1.000881,
					"end":	2.000864,
					"seconds":	0.999983012676239,
					"bytes":	1310720,
					"bits_per_second":	10485938.128025919,
					"retransmits":	0,
					"snd_cwnd":	81088,
					"snd_wnd":	572928,
					"rtt":	66038,
					"rttvar":	899,
					"pmtu":	1500,
					"omitted":	false,
					"sender":	true
				}],
			"sum":	{
				"start":	1.000881,
				"end":	2.000864,
				"seconds":	0.999983012676239,
				"bytes":	1310720,
				"bits_per_second":	10485938.128025919,
				"retransmits":	0,
				"omitted":	false,
				"sender":	true
			}
		}, {
			"streams":	[{
					"socket":	5,
					"start":	2.000864,
					"end":	3.00044,
					"seconds":	0.999575972557068,
					"bytes":	1441792,
					"bits_per_second":	11539228.94974497,
					"retransmits":	0,
					"snd_cwnd":	99912,
					"snd_wnd":	572928,
					"rtt":	81101,
					"rttvar":	111,
					"pmtu":	1500,
					"omitted":	false,
					"sender":	true
				}],
			"sum":	{
				"start":	2.000864,
				"end":	3.00044,
				"seconds":	0.999575972557068,
				"bytes":	1441792,
				"bits_per_second":	11539228.94974497,
				"retransmits":	0,
				"omitted":	false,
				"sender":	true
			}
		}, {
			"streams":	[{
					"socket":	5,
					"start":	3.00044,
					"end":	4.000615,
					"seconds":	1.0001749992370605,
					"bytes":	1048576,
					"bits_per_second":	8387140.25685393,
					"retransmits":	0,
					"snd_cwnd":	115840,
					"snd_wnd":	572928,
					"rtt":	94784,
					"rttvar":	588,
					"pmtu":	1500,
					"omitted":	false,
					"sender":	true
				}],
			"sum":	{
				"start":	3.00044,
				"end":	4.000615,
				"seconds":	1.0001749992370605,
				"bytes":	1048576,
				"bits_per_second":	8387140.25685393,
				"retransmits":	0,
				"omitted":	false,
				"sender":	true
			}
		}, {
			"streams":	[{
					"socket":	5,
					"start":	4.000615,
					"end":	5.000529,
					"seconds":	0.999913990497589,
					"bytes":	1310720,
					"bits_per_second":	10486661.952576492,
					"retransmits":	2,
					"snd_cwnd":	65160,
					"snd_wnd":	626688,
					"rtt":	54908,
					"rttvar":	6237,
					"pmtu":	1500,
					"omitted":	false,
					"sender":	true
				}],
			"sum":	{
				"start":	4.000615,
				"end":	5.000529,
				"seconds":	0.999913990497589,
				"bytes":	1310720,
				"bits_per_second":	10486661.952576492,
				"retransmits":	2,
				"omitted":	false,
				"sender":	true
			}
		}, {
			"streams":	[{
					"socket":	5,
					"start":	5.000529,
					"end":	6.000995,
					"seconds":	1.000465989112854,
					"bytes":	1048576,
					"bits_per_second":	8384700.8207030147,
					"retransmits":	0,
					"snd_cwnd":	88328,
					"snd_wnd":	948736,
					"rtt":	71902,
					"rttvar":	819,
					"pmtu":	1500,
					"omitted":	false,
					"sender":	true
				}],
			"sum":	{
				"start":	5.000529,
				"end":	6.000995,
				"seconds":	1.000465989112854,
				"bytes":	1048576,
				"bits_per_second":	8384700.8207030147,
				"retransmits":	0,
				"omitted":	false,
				"sender":	true
			}
		}, {
			"streams":	[{
					"socket":	5,
					"start":	6.000995,
					"end":	7.001089,
					"seconds":	1.0000940561294556,
					"bytes":	1310720,
					"bits_per_second":	10484773.842754133,
					"retransmits":	0,
					"snd_cwnd":	105704,
					"snd_wnd":	947712,
					"rtt":	87062,
					"rttvar":	302,
					"pmtu":	1500,
					"omitted":	false,
					"sender":	true
				}],
			"sum":	{
				"start":	6.000995,
				"end":	7.001089,
				"seconds":	1.0000940561294556,
				"bytes":	1310720,
				"bits_per_second":	10484773.842754133,
				"retransmits":	0,
				"omitted":	false,
				"sender":	true
			}
		}, {
			"streams":	[{
					"socket":	5,
					"start":	7.001089,
					"end":	8.000969,
					"seconds":	0.999880015850067,
					"bytes":	1310720,
					"bits_per_second":	10487018.275973173,
					"retransmits":	2,
					"snd_cwnd":	68056,
					"snd_wnd":	950784,
					"rtt":	54499,
					"rttvar":	123,
					"pmtu":	1500,
					"omitted":	false,
					"sender":	true
				}],
			"sum":	{
				"start":	7.001089,
				"end":	8.000969,
				"seconds":	0.999880015850067,
				"bytes":	1310720,
				"bits_per_second":	10487018.275973173,
				"retransmits":	2,
				"omitted":	false,
				"sender":	true
			}
		}, {
			"streams":	[{
					"socket":	5,
					"start":	8.000969,
					"end":	9.000794,
					"seconds":	0.99982500076293945,
					"bytes":	1048576,
					"bits_per_second":	8390076.2569438443,
					"retransmits":	0,
					"snd_cwnd":	89776,
					"snd_wnd":	950784,
					"rtt":	73346,
					"rttvar":	1195,
					"pmtu":	1500,
					"omitted":	false,
					"sender":	true
				}],
			"sum":	{
				"start":	8.000969,
				"end":	9.000794,
				"seconds":	0.99982500076293945,
				"bytes":	1048576,
				"bits_per_second":	8390076.2569438443,
				"retransmits":	0,
				"omitted":	false,
				"sender":	true
			}
		}, {
			"streams":	[{
					"socket":	5,
					"start":	9.000794,
					"end":	10.000995,
					"seconds":	1.0002009868621826,
					"bytes":	1179648,
					"bits_per_second":	9435287.6311452258,
					"retransmits":	2,
					"snd_cwnd":	56472,
					"snd_wnd":	950784,
					"rtt":	45134,
					"rttvar":	429,
					"pmtu":	1500,
					"omitted":	false,
					"sender":	true
				}],
			"sum":	{
				"start":	9.000794,
				"end":	10.000995,
				"seconds":	1.0002009868621826,
				"bytes":	1179648,
				"bits_per_second":	9435287.6311452258,
				"retransmits":	2,
				"omitted":	false,
				"sender":	true
			}
		}, {
			"streams":	[{
					"socket":	5,
					"start":	10.000995,
					"end":	11.000347,
					"seconds":	0.999351978302002,
					"bytes":	1310720,
					"bits_per_second":	10492559.406162728,
					"retransmits":	0,
					"snd_cwnd":	81088,
					"snd_wnd":	950784,
					"rtt":	65635,
					"rttvar":	377,
					"pmtu":	1500,
					"omitted":	false,
					"sender":	true
				}],
			"sum":	{
				"start":	10.000995,
				"end":	11.000347,
				"seconds":	0.999351978302002,
				"bytes":	1310720,
				"bits_per_second":	10492559.406162728,
				"retransmits":	0,
				"omitted":	false,
				"sender":	true
			}
		}, {
			"streams":	[{
					"socket":	5,
					"start":	11.000347,
					"end":	12.000847,
					"seconds":	1.000499963760376,
					"bytes":	1310720,
					"bits_per_second":	10480520.119750233,
					"retransmits":	0,
					"snd_cwnd":	99912,
					"snd_wnd":	950784,
					"rtt":	81305,
					"rttvar":	377,
					"pmtu":	1500,
					"omitted":	false,
					"sender":	true
				}],
			"sum":	{
				"start":	11.000347,
				"end":	12.000847,
				"seconds":	1.000499963760376,
				"bytes":	1310720,
				"bits_per_second":	10480520.119750233,
				"retransmits":	0,
				"omitted":	false,