{
	"start":	{
		"connected":	[{
				"socket":	5,
				"local_host":	"10.0.0.1",
				"local_port":	58804,
				"remote_host":	"10.0.0.2",
				"remote_port":	5201
			}],
		"version":	"iperf 3.16",
		"system_info":	"Linux mininet 6.8.0-88-generic #89-Ubuntu SMP PREEMPT_DYNAMIC Sat Oct 11 01:02:46 UTC 2025 x86_64",
		"timestamp":	{
			"time":	"Tue, 02 Dec 2025 17:48:01 GMT",
			"timesecs":	1764697681
		},
		"connecting_to":	{
			"host":	"10.0.0.2",
			"port":	5201
		},
		"cookie":	"7gnlp7cgyo2vvep3jq3j4alndttjysuvf2p7",
		"tcp_mss_default":	1448,
		"target_bitrate":	0,
		"fq_rate":	0,
		"sock_bufsize":	0,
		"sndbuf_actual":	87380,
		"rcvbuf_actual":	87380,
		"test_start":	{
			"protocol":	"TCP",
			"num_streams":	1,
			"blksize":	131072,
			"omit":	0,
			"duration":	20,
			"bytes":	0,
			"blocks":	0,
			"reverse":	0,
			"tos":	0,
			"target_bitrate":	0,
			"bidir":	0,
			"fqrate":	0
		}
	},
	"intervals":	[{
			"streams":	[{
					"socket":	5,
					"start":	0,
					"end":	1.001004,
					"seconds":	1.0010039806365967,
					"bytes":	2490368,
					"bits_per_second":	19902961.8117301,
					"retransmits":	0,
					"snd_cwnd":	296840,
					"snd_wnd":	1163264,
					"rtt":	234261,
					"rttvar":	875,
					"pmtu":	1500,
					"omitted":	false,
					"sender":	true
				}],
			"sum":	{
				"start":	0,
				"end":	1.001004,
				"seconds":	1.0010039806365967,
				"bytes":	2490368,
				"bits_per_second":	19902961.8117301,
				"retransmits":	0,
				"omitted":	false,
				"sender":	true
			}
		}, {
			"streams":	[{
					"socket":	5,
					"start":	1.001004,
					"end":	2.001064,
					"seconds":	1.000059962272644,
					"bytes":	1441792,
					"bits_per_second":	11533644.41646892,
					"retransmits":	0,
					"snd_cwnd":	356208,
					"snd_wnd":	1163264,
					"rtt":	281790,
					"rttvar":	513,
					"pmtu":	1500,
					"omitted":	false,
					"sender":	true
				}],
			"sum":	{
				"start":	1.001004,
				"end":	2.001064,
				"seconds":	1.000059962272644,
				"bytes":	1441792,
				"bits_per_second":	11533644.41646892,
				"retransmits":	0,
				"omitted":	false,
				"sender":	true
			}
		}, {
			"streams":	[{
					"socket":	5,
					"start":	2.001064,
					"end":	3.000923,
					"seconds":	0.99985897541046143,
					"bytes":	1572864,
					"bits_per_second":	12584686.750283429,
					"retransmits":	0,
					"snd_cwnd":	415576,
					"snd_wnd":	1163264,
					"rtt":	329473,
					"rttvar":	505,
					"pmtu":	1500,
					"omitted":	false,
					"sender":	true
				}],
			"sum":	{
				"start":	2.001064,
				"end":	3.000923,
				"seconds":	0.99985897541046143,
				"bytes":	1572864,
				"bits_per_second":	12584686.750283429,
				"retransmits":	0,
				"omitted":	false,
				"sender":	true
			}
		}, {
			"streams":	[{
					"socket":	5,
					"start":	3.000923,
					"end":	4.000706,
					"seconds":	0.9997829794883728,
					"bytes":	917504,
					"bits_per_second":	7341625.2832751516,
					"retransmits":	0,
					"snd_cwnd":	474944,
					"snd_wnd":	1163264,
					"rtt":	377199,
					"rttvar":	1609,
					"pmtu":	1500,
					"omitted":	false,
					"sender":	true
				}],
			"sum":	{
				"start":	3.000923,
				"end":	4.000706,
				"seconds":	0.9997829794883728,
				"bytes":	917504,
				"bits_per_second":	7341625.2832751516,
				"retransmits":	0,
				"omitted":	false,
				"sender":	true
			}
		}, {
			"streams":	[{
					"socket":	5,
					"start":	4.000706,
					"end":	5.001011,
					"seconds":	1.0003050565719604,
					"bytes":	2097152,
					"bits_per_second":	16772099.5608034,
					"retransmits":	0,
					"snd_cwnd":	535760,
					"snd_wnd":	1163264,
					"rtt":	424820,
					"rttvar":	928,
					"pmtu":	1500,
					"omitted":	false,
					"sender":	true
				}],
			"sum":	{
				"start":	4.000706,
				"end":	5.001011,
				"seconds":	1.0003050565719604,
				"bytes":	2097152,
				"bits_per_second":	16772099.5608034,
				"retransmits":	0,
				"omitted":	false,
				"sender":	true
			}
		}, {
			"streams":	[{
					"socket":	5,
					"start":	5.001011,
					"end":	6.000554,
					"seconds":	0.999543011188507,
					"bytes":	1179648,
					"bits_per_second":	9441498.659251,
					"retransmits":	0,
					"snd_cwnd":	595128,
					"snd_wnd":	1205248,
					"rtt":	472844,
					"rttvar":	1197,
					"pmtu":	1500,
					"omitted":	false,
					"sender":	true
				}],
			"sum":	{
				"start":	5.001011,
				"end":	6.000554,
				"seconds":	0.999543011188507,
				"bytes":	1179648,
				"bits_per_second":	9441498.659251,
				"retransmits":	0,
				"omitted":	false,
				"sender":	true
			}
		}, {
			"streams":	[{
					"socket":	5,
					"start":	6.000554,
					"end":	7.000851,
					"seconds":	1.000296950340271,
					"bytes":	1179648,
					"bits_per_second":	9434382.45691917,
					"retransmits":	18,
					"snd_cwnd":	438744,
					"snd_wnd":	1288704,
					"rtt":	501129,
					"rttvar":	576,
					"pmtu":	1500,
					"omitted":	false,
					"sender":	true
				}],
			"sum":	{
				"start":	6.000554,
				"end":	7.000851,
				"seconds":	1.000296950340271,
				"bytes":	1179648,
				"bits_per_second":	9434382.45691917,
				"retransmits":	18,
				"omitted":	false,
				"sender":	true
			}
		}, {
			"streams":	[{
					"socket":	5,
					"start":	7.000851,
					"end":	8.001238,
					"seconds":	1.0003869533538818,
					"bytes":	1441792,
					"bits_per_second":	11529874.476401519,
					"retransmits":	5,
					"snd_cwnd":	312768,
					"snd_wnd":	2107392,
					"rtt":	259148,
					"rttvar":	4819,
					"pmtu":	1500,
					"omitted":	false,
					"sender":	true
				}],
			"sum":	{
				"start":	7.000851,
				"end":	8.001238,
				"seconds":	1.0003869533538818,
				"bytes":	1441792,
				"bits_per_second":	11529874.476401519,
				"retransmits":	5,
				"omitted":	false,
				"sender":	true
			}
		}, {
			"streams":	[{
					"socket":	5,
					"start":	8.001238,
					"end":	9.000695,
					"seconds":	0.99945700168609619,
					"bytes":	1310720,
					"bits_per_second":	10491456.843376348,
					"retransmits":	0,
					"snd_cwnd":	341728,
					"snd_wnd":	2820608,
					"rtt":	277911,
					"rttvar":	916,
					"pmtu":	1500,
					"omitted":	false,
					"sender":	true
				}],
			"sum":	{
				"start":	8.001238,
				"end":	9.000695,
				"seconds":	0.99945700168609619,
				"bytes":	1310720,
				"bits_per_second":	10491456.843376348,
				"retransmits":	0,
				"omitted":	false,
				"sender":	true
			}
		}, {
			"streams":	[{
					"socket":	5,
					"start":	9.000695,
					"end":	10.001028,
					"seconds":	1.0003329515457153,
					"bytes":	1310720,
					"bits_per_second":	10482269.912030185,
					"retransmits":	0,
					"snd_cwnd":	359104,
					"snd_wnd":	2820608,
					"rtt":	296232,
					"rttvar":	666,
					"pmtu":	1500,
					"omitted":	false,
					"sender":	true
				}],
			"sum":	{
				"start":	9.000695,
				"end":	10.001028,
				"seconds":	1.0003329515457153,
				"bytes":	1310720,
				"bits_per_second":	10482269.912030185,
				"retransmits":	0,
				"omitted":	false,
				"sender":	true
			}
		}, {
			"streams":	[{
					"socket":	5,
					"start":	10.001028,
					"end":	11.001018,
					"seconds":	0.99998998641967773,
					"bytes":	1310720,
					"bits_per_second":	10485865.001051437,
					"retransmits":	0,
					"snd_cwnd":	369240,
					"snd_wnd":	2820608,
					"rtt":	306263,
					"rttvar":	316,
					"pmtu":	1500,
					"omitted":	false,
					"sender":	true
				}],
			"sum":	{
				"start":	10.001028,
				"end":	11.001018,
				"seconds":	0.99998998641967773,
				"bytes":	1310720,
				"bits_per_second":	10485865.001051437,
				"retransmits":	0,
				"omitted":	false,
				"sender":	true
			}
		}, {
			"streams":	[{
					"socket":	5,
					"start":	11.001018,
					"end":	12.000768,
					"seconds":	0.999750018119812,
					"bytes":	1310720,
					"bits_per_second":	10488381.905428849,
					"retransmits":	0,
					"snd_cwnd":	372136,
					"snd_wnd":	2820608,
					"rtt":	310543,
					"rttvar":	586,
					"pmtu":	1500,
					"omitted":	false,
					"sender":	true
				}],
			"sum":	{
				"start":	11.001018,
				"end":	12.000768,
				"seconds":	0.999750018119812,
				"bytes":	1310720,
				"bits_per_second":	10488381.905428849,