{
	"start":	{
		"connected":	[{
				"socket":	5,
				"local_host":	"10.0.0.2",
				"local_port":	5201,
				"remote_host":	"10.0.0.1",
				"remote_port":	58804
			}],
		"version":	"iperf 3.16",
		"system_info":	"Linux mininet 6.8.0-88-generic #89-Ubuntu SMP PREEMPT_DYNAMIC Sat Oct 11 01:02:46 UTC 2025 x86_64",
		"sock_bufsize":	0,
		"sndbuf_actual":	87380,
		"rcvbuf_actual":	87380,
		"timestamp":	{
			"time":	"Tue, 02 Dec 2025 17:48:01 GMT",
			"timesecs":	1764697681
		},
		"accepted_connection":	{
			"host":	"10.0.0.1",
			"port":	58798
		},
		"cookie":	"7gnlp7cgyo2vvep3jq3j4alndttjysuvf2p7",
		"tcp_mss_default":	0,
		"target_bitrate":	0,
		"fq_rate":	0,
		"test_start":	{
			"protocol":	"TCP",
			"num_streams":	1,
			"blksize":	131072,
			"omit":	0,
			"duration":	20,
			"bytes":	0,
			"blocks":	0,
			"reverse":	0,
			"tos":	0,
			"target_bitrate":	0,
			"bidir":	0,
			"fqrate":	0
		}
	},
	"intervals":	[{
			"streams":	[{
					"socket":	5,
					"start":	0,
					"end":	1.001061,
					"seconds":	1.001060962677002,
					"bytes":	1048576,
					"bits_per_second":	8379717.43256023,
					"omitted":	false,
					"sender":	false
				}],
			"sum":	{
				"start":	0,
				"end":	1.001061,
				"seconds":	1.001060962677002,
				"bytes":	1048576,
				"bits_per_second":	8379717.43256023,
				"omitted":	false,
				"sender":	false
			}
		}, {
			"streams":	[{
					"socket":	5,
					"start":	1.001061,
					"end":	2.000979,
					"seconds":	0.999917984008789,
					"bytes":	1179648,
					"bits_per_second":	9437958.0634855833,
					"omitted":	false,
					"sender":	false
				}],
			"sum":	{
				"start":	1.001061,
				"end":	2.000979,
				"seconds":	0.999917984008789,
				"bytes":	1179648,
				"bits_per_second":	9437958.0634855833,
				"omitted":	false,
				"sender":	false
			}
		}, {
			"streams":	[{
					"socket":	5,
					"start":	2.000979,
					"end":	3.000773,
					"seconds":	0.99979400634765625,
					"bytes":	1179648,
					"bits_per_second":	9439128.40053417,
					"omitted":	false,
					"sender":	false
				}],
			"sum":	{
				"start":	2.000979,
				"end":	3.000773,
				"seconds":	0.99979400634765625,
				"bytes":	1179648,
				"bits_per_second":	9439128.40053417,
				"omitted":	false,
				"sender":	false
			}
		}, {
			"streams":	[{
					"socket":	5,
					"start":	3.000773,
					"end":	4.001078,
					"seconds":	1.0003050565719604,
					"bytes":	1179648,
					"bits_per_second":	9434306.0029519144,
					"omitted":	false,
					"sender":	false
				}],
			"sum":	{
				"start":	3.000773,
				"end":	4.001078,
				"seconds":	1.0003050565719604,
				"bytes":	1179648,
				"bits_per_second":	9434306.0029519144,
				"omitted":	false,
				"sender":	false
			}
		}, {
			"streams":	[{
					"socket":	5,
					"start":	4.001078,
					"end":	5.000871,
					"seconds":	0.999792993068695,
					"bytes":	1179648,
					"bits_per_second":	9439137.96698471,
					"omitted":	false,
					"sender":	false
				}],
			"sum":	{
				"start":	4.001078,
				"end":	5.000871,
				"seconds":	0.999792993068695,
				"bytes":	1179648,
				"bits_per_second":	9439137.96698471,
				"omitted":	false,
				"sender":	false
			}
		}, {
			"streams":	[{
					"socket":	5,
					"start":	5.000871,
					"end":	6.00101,
					"seconds":	1.0001389980316162,
					"bytes":	1179648,
					"bits_per_second":	9435872.43230533,
					"omitted":	false,
					"sender":	false
				}],
			"sum":	{
				"start":	5.000871,
				"end":	6.00101,
				"seconds":	1.0001389980316162,
				"bytes":	1179648,
				"bits_per_second":	9435872.43230533,
				"omitted":	false,
				"sender":	false
			}
		}, {
			"streams":	[{
					"socket":	5,
					"start":	6.00101,
					"end":	7.00091,
					"seconds":	0.999899983406067,
					"bytes":	655360,
					"bits_per_second":	5243404.4274514476,
					"omitted":	false,
					"sender":	false
				}],
			"sum":	{
				"start":	6.00101,
				"end":	7.00091,
				"seconds":	0.999899983406067,
				"bytes":	655360,
				"bits_per_second":	5243404.4274514476,
				"omitted":	false,
				"sender":	false
			}
		}, {
			"streams":	[{
					"socket":	5,
					"start":	7.00091,
					"end":	8.000632,
					"seconds":	0.99972200393676758,
					"bytes":	1835008,
					"bits_per_second":	14684146.134817408,
					"omitted":	false,
					"sender":	false
				}],
			"sum":	{
				"start":	7.00091,
				"end":	8.000632,
				"seconds":	0.99972200393676758,
				"bytes":	1835008,
				"bits_per_second":	14684146.134817408,
				"omitted":	false,
				"sender":	false
			}
		}, {
			"streams":	[{
					"socket":	5,
					"start":	8.000632,
					"end":	9.0009,
					"seconds":	1.00026798248291,
					"bytes":	1179648,
					"bits_per_second":	9434655.67754613,
					"omitted":	false,
					"sender":	false
				}],
			"sum":	{
				"start":	8.000632,
				"end":	9.0009,
				"seconds":	1.00026798248291,
				"bytes":	1179648,
				"bits_per_second":	9434655.67754613,
				"omitted":	false,
				"sender":	false
			}
		}, {
			"streams":	[{
					"socket":	5,
					"start":	9.0009,
					"end":	10.001026,
					"seconds":	1.0001260042190552,
					"bytes":	1179648,
					"bits_per_second":	9435995.02481589,
					"omitted":	false,
					"sender":	false
				}],
			"sum":	{
				"start":	9.0009,
				"end":	10.001026,
				"seconds":	1.0001260042190552,
				"bytes":	1179648,
				"bits_per_second":	9435995.02481589,
				"omitted":	false,
				"sender":	false
			}
		}, {
			"streams":	[{
					"socket":	5,
					"start":	10.001026,
					"end":	11.00088,
					"seconds":	0.999854028224945,
					"bytes":	1179648,
					"bits_per_second":	9438561.7636146,
					"omitted":	false,
					"sender":	false
				}],
			"sum":	{
				"start":	10.001026,
				"end":	11.00088,
				"seconds":	0.999854028224945,
				"bytes":	1179648,
				"bits_per_second":	9438561.7636146,
				"omitted":	false,
				"sender":	false
			}
		}, {
			"streams":	[{
					"socket":	5,
					"start":	11.00088,
					"end":	12.001034,
					"seconds":	1.0001540184020996,
					"bytes":	1179648,
					"bits_per_second":	9435730.7238312736,
					"omitted":	false,
					"sender":	false
				}],
			"sum":	{
				"start":	11.00088,
				"end":	12.001034,
				"seconds":	1.0001540184020996,
				"bytes":	1179648,
				"bits_per_second":	9435730.7238312736,
				"omitted":	false,
				"sender":	false
			}
		}, {
			"streams":	[{
					"socket":	5,
					"start":	12.001034,
					"end":	13.000645,
					"seconds":	0.9996110200881958,
					"bytes":	1179648,
					"bits_per_second":	9440856.3034522738,
					"omitted":	false,
					"sender":	false
				}],
			"sum":	{
				"start":	12.001034,
				"end":	13.000645,
				"seconds":	0.9996110200881958,
				"bytes":	1179648,
				"bits_per_second":	9440856.3034522738,
				"omitted":	false,
				"sender":	false
			}
		}, {
			"streams":	[{
					"socket":	5,
					"start":	13.000645,
					"end":	14.001066,
					"seconds":	1.0004210472106934,
					"bytes":	1179648,
					"bits_per_second":	9433212.1723269634,
					"omitted":	false,
					"sender":	false
				}],
			"sum":	{
				"start":	13.000645,
				"end":	14.001066,
				"seconds":	1.0004210472106934,
				"bytes":	1179648,
				"bits_per_second":	9433212.1723269634,
				"omitted":	false,
				"sender":	false
			}
		}, {
			"streams":	[{
					"socket":	5,
					"start":	14.001066,
					"end":	15.000984,
					"seconds":	0.999917984008789,
					"bytes":	1179648,
					"bits_per_second":	9437958.0634855833,
					"omitted":	false,
					"sender":	false
				}],
			"sum":	{
				"start":	14.001066,
				"end":	15.000984,
				"seconds":	0.999917984008789,
				"bytes":	1179648,
				"bits_per_second":	9437958.0634855833,
				"omitted":	false,
				"sender":	false
			}
		}, {
			"streams":	[{
					"socket":	5,
					"start":	15.000984,
					"end":	16.000842,
					"seconds":	0.999858021736145,
					"bytes":	1310720,
					"bits_per_second":	10487248.961400155,
					"omitted":	false,
					"sender":	false
				}],
			"sum":	{
				"start":	15.000984,
				"end":	16.000842,
				"seconds":	0.999858021736145,
				"bytes":	1310720,
				"bits_per_second":	10487248.961400155,
				"omitted":	false,