{
	"start":	{
		"connected":	[{
				"socket":	5,
				"local_host":	"10.0.0.2",
				"local_port":	5201,
				"remote_host":	"10.0.0.1",
				"remote_port":	50142
			}],
		"version":	"iperf 3.16",
		"system_info":	"Linux mininet 6.8.0-88-generic #89-Ubuntu SMP PREEMPT_DYNAMIC Sat Oct 11 01:02:46 UTC 2025 x86_64",
		"sock_bufsize":	0,
		"sndbuf_actual":	87380,
		"rcvbuf_actual":	87380,
		"timestamp":	{
			"time":	"Tue, 02 Dec 2025 16:56:31 GMT",
			"timesecs":	1764694591
		},
		"accepted_connection":	{
			"host":	"10.0.0.1",
			"port":	50128
		},
		"cookie":	"dr5bdobpzxt4oqh6lkws3limks24qag46nry",
		"tcp_mss_default":	0,
		"target_bitrate":	0,
		"fq_rate":	0,
		"test_start":	{
			"protocol":	"TCP",
			"num_streams":	1,
			"blksize":	131072,
			"omit":	0,
			"duration":	20,
			"bytes":	0,
			"blocks":	0,
			"reverse":	0,
			"tos":	0,
			"target_bitrate":	0,
			"bidir":	0,
			"fqrate":	0
		}
	},
	"intervals":	[{
			"streams":	[{
					"socket":	5,
					"start":	0,
					"end":	1.000561,
					"seconds":	1.000560998916626,
					"bytes":	786432,
					"bits_per_second":	6287928.478935496,
					"omitted":	false,
					"sender":	false
				}],
			"sum":	{
				"start":	0,
				"end":	1.000561,
				"seconds":	1.000560998916626,
				"bytes":	786432,
				"bits_per_second":	6287928.478935496,
				"omitted":	false,
				"sender":	false
			}
		}, {
			"streams":	[{
					"socket":	5,
					"start":	1.000561,
					"end":	2.000931,
					"seconds":	1.0003700256347656,
					"bytes":	917504,
					"bits_per_second":	7337317.00461789,
					"omitted":	false,
					"sender":	false
				}],
			"sum":	{
				"start":	1.000561,
				"end":	2.000931,
				"seconds":	1.0003700256347656,
				"bytes":	917504,
				"bits_per_second":	7337317.00461789,
				"omitted":	false,
				"sender":	false
			}
		}, {
			"streams":	[{
					"socket":	5,
					"start":	2.000931,
					"end":	3.001013,
					"seconds":	1.0000820159912109,
					"bytes":	1703936,
					"bits_per_second":	13630370.091686359,
					"omitted":	false,
					"sender":	false
				}],
			"sum":	{
				"start":	2.000931,
				"end":	3.001013,
				"seconds":	1.0000820159912109,
				"bytes":	1703936,
				"bits_per_second":	13630370.091686359,
				"omitted":	false,
				"sender":	false
			}
		}, {
			"streams":	[{
					"socket":	5,
					"start":	3.001013,
					"end":	4.000581,
					"seconds":	0.999567985534668,
					"bytes":	1179648,
					"bits_per_second":	9441262.76208422,
					"omitted":	false,
					"sender":	false
				}],
			"sum":	{
				"start":	3.001013,
				"end":	4.000581,
				"seconds":	0.999567985534668,
				"bytes":	1179648,
				"bits_per_second":	9441262.76208422,
				"omitted":	false,
				"sender":	false
			}
		}, {
			"streams":	[{
					"socket":	5,
					"start":	4.000581,
					"end":	5.000689,
					"seconds":	1.000108003616333,
					"bytes":	1179648,
					"bits_per_second":	9436164.8600708,
					"omitted":	false,
					"sender":	false
				}],
			"sum":	{
				"start":	4.000581,
				"end":	5.000689,
				"seconds":	1.000108003616333,
				"bytes":	1179648,
				"bits_per_second":	9436164.8600708,
				"omitted":	false,
				"sender":	false
			}
		}, {
			"streams":	[{
					"socket":	5,
					"start":	5.000689,
					"end":	6.001,
					"seconds":	1.000311017036438,
					"bytes":	1179648,
					"bits_per_second":	9434249.78759005,
					"omitted":	false,
					"sender":	false
				}],
			"sum":	{
				"start":	5.000689,
				"end":	6.001,
				"seconds":	1.000311017036438,
				"bytes":	1179648,
				"bits_per_second":	9434249.78759005,
				"omitted":	false,
				"sender":	false
			}
		}, {
			"streams":	[{
					"socket":	5,
					"start":	6.001,
					"end":	7.000756,
					"seconds":	0.99975597858428955,
					"bytes":	1179648,
					"bits_per_second":	9439487.43708798,
					"omitted":	false,
					"sender":	false
				}],
			"sum":	{
				"start":	6.001,
				"end":	7.000756,
				"seconds":	0.99975597858428955,
				"bytes":	1179648,
				"bits_per_second":	9439487.43708798,
				"omitted":	false,
				"sender":	false
			}
		}, {
			"streams":	[{
					"socket":	5,
					"start":	7.000756,
					"end":	8.000819,
					"seconds":	1.0000629425048828,
					"bytes":	1310720,
					"bits_per_second":	10485100.041539438,
					"omitted":	false,
					"sender":	false
				}],
			"sum":	{
				"start":	7.000756,
				"end":	8.000819,
				"seconds":	1.0000629425048828,
				"bytes":	1310720,
				"bits_per_second":	10485100.041539438,
				"omitted":	false,
				"sender":	false
			}
		}, {
			"streams":	[{
					"socket":	5,
					"start":	8.000819,
					"end":	9.000622,
					"seconds":	0.99980300664901733,
					"bytes":	1179648,
					"bits_per_second":	9439043.42879511,
					"omitted":	false,
					"sender":	false
				}],
			"sum":	{
				"start":	8.000819,
				"end":	9.000622,
				"seconds":	0.99980300664901733,
				"bytes":	1179648,
				"bits_per_second":	9439043.42879511,
				"omitted":	false,
				"sender":	false
			}
		}, {
			"streams":	[{
					"socket":	5,
					"start":	9.000622,
					"end":	10.000548,
					"seconds":	0.999925971031189,
					"bytes":	1048576,
					"bits_per_second":	8389229.04597539,
					"omitted":	false,
					"sender":	false
				}],
			"sum":	{
				"start":	9.000622,
				"end":	10.000548,
				"seconds":	0.999925971031189,
				"bytes":	1048576,
				"bits_per_second":	8389229.04597539,
				"omitted":	false,
				"sender":	false
			}
		}, {
			"streams":	[{
					"socket":	5,
					"start":	10.000548,
					"end":	11.000756,
					"seconds":	1.0002080202102661,
					"bytes":	786432,
					"bits_per_second":	6290147.52218983,
					"omitted":	false,
					"sender":	false
				}],
			"sum":	{
				"start":	10.000548,
				"end":	11.000756,
				"seconds":	1.0002080202102661,
				"bytes":	786432,
				"bits_per_second":	6290147.52218983,
				"omitted":	false,
				"sender":	false
			}
		}, {
			"streams":	[{
					"socket":	5,
					"start":	11.000756,
					"end":	12.000767,
					"seconds":	1.0000109672546387,
					"bytes":	1048576,
					"bits_per_second":	8388516.0010089763,
					"omitted":	false,
					"sender":	false
				}],
			"sum":	{
				"start":	11.000756,
				"end":	12.000767,
				"seconds":	1.0000109672546387,
				"bytes":	1048576,
				"bits_per_second":	8388516.0010089763,
				"omitted":	false,
				"sender":	false
			}
		}, {
			"streams":	[{
					"socket":	5,
					"start":	12.000767,
					"end":	13.00083,
					"seconds":	1.0000629425048828,
					"bytes":	1179648,
					"bits_per_second":	9436590.0373854954,
					"omitted":	false,
					"sender":	false
				}],
			"sum":	{
				"start":	12.000767,
				"end":	13.00083,
				"seconds":	1.0000629425048828,
				"bytes":	1179648,
				"bits_per_second":	9436590.0373854954,
				"omitted":	false,
				"sender":	false
			}
		}, {
			"streams":	[{
					"socket":	5,
					"start":	13.00083,
					"end":	14.000883,
					"seconds":	1.00005304813385,
					"bytes":	1179648,
					"bits_per_second":	9436683.4015558138,
					"omitted":	false,
					"sender":	false
				}],
			"sum":	{
				"start":	13.00083,
				"end":	14.000883,
				"seconds":	1.00005304813385,
				"bytes":	1179648,
				"bits_per_second":	9436683.4015558138,
				"omitted":	false,
				"sender":	false
			}
		}, {
			"streams":	[{
					"socket":	5,
					"start":	14.000883,
					"end":	15.000684,
					"seconds":	0.999800980091095,
					"bytes":	1179648,
					"bits_per_second":	9439062.56137111,
					"omitted":	false,
					"sender":	false
				}],
			"sum":	{
				"start":	14.000883,
				"end":	15.000684,
				"seconds":	0.999800980091095,
				"bytes":	1179648,
				"bits_per_second":	9439062.56137111,
				"omitted":	false,
				"sender":	false
			}
		}, {
			"streams":	[{
					"socket":	5,
					"start":	15.000684,
					"end":	16.00107,
					"seconds":	1.0003859996795654,
					"bytes":	1179648,
					"bits_per_second":	9433542.655557787,
					"omitted":	false,
					"sender":	false
				}],
			"sum":	{
				"start":	15.000684,
				"end":	16.00107,
				"seconds":	1.0003859996795654,
				"bytes":	1179648,
				"bits_per_second":	9433542.655557787,
				"omitted":	false,