{
	"start":	{
		"connected":	[{
				"socket":	5,
				"local_host":	"10.0.0.1",
				"local_port":	53368,
				"remote_host":	"10.0.0.2",
				"remote_port":	5201
			}],
		"version":	"iperf 3.16",
		"system_info":	"Linux mininet 6.8.0-88-generic #89-Ubuntu SMP PREEMPT_DYNAMIC Sat Oct 11 01:02:46 UTC 2025 x86_64",
		"timestamp":	{
			"time":	"Tue, 02 Dec 2025 17:03:10 GMT",
			"timesecs":	1764694990
		},
		"connecting_to":	{
			"host":	"10.0.0.2",
			"port":	5201
		},
		"cookie":	"5r6h2fj2xh5ksogluxfun4i6qqegocady2jl",
		"tcp_mss_default":	1448,
		"target_bitrate":	0,
		"fq_rate":	0,
		"sock_bufsize":	0,
		"sndbuf_actual":	87380,
		"rcvbuf_actual":	87380,
		"test_start":	{
			"protocol":	"TCP",
			"num_streams":	1,
			"blksize":	131072,
			"omit":	0,
			"duration":	20,
			"bytes":	0,
			"blocks":	0,
			"reverse":	0,
			"tos":	0,
			"target_bitrate":	0,
			"bidir":	0,
			"fqrate":	0
		}
	},
	"intervals":	[{
			"streams":	[{
					"socket":	5,
					"start":	0,
					"end":	1.000998,
					"seconds":	1.0009980201721191,
					"bytes":	5505024,
					"bits_per_second":	43996282.822245143,
					"retransmits":	0,
					"snd_cwnd":	1099032,
					"snd_wnd":	1805312,
					"rtt":	445514,
					"rttvar":	15027,
					"pmtu":	1500,
					"omitted":	false,
					"sender":	true
				}],
			"sum":	{
				"start":	0,
				"end":	1.000998,
				"seconds":	1.0009980201721191,
				"bytes":	5505024,
				"bits_per_second":	43996282.822245143,
				"retransmits":	0,
				"omitted":	false,
				"sender":	true
			}
		}, {
			"streams":	[{
					"socket":	5,
					"start":	1.000998,
					"end":	2.001377,
					"seconds":	1.0003789663314819,
					"bytes":	5898240,
					"bits_per_second":	47168044.899061427,
					"retransmits":	179,
					"snd_cwnd":	1019392,
					"snd_wnd":	3639296,
					"rtt":	748448,
					"rttvar":	99,
					"pmtu":	1500,
					"omitted":	false,
					"sender":	true
				}],
			"sum":	{
				"start":	1.000998,
				"end":	2.001377,
				"seconds":	1.0003789663314819,
				"bytes":	5898240,
				"bits_per_second":	47168044.899061427,
				"retransmits":	179,
				"omitted":	false,
				"sender":	true
			}
		}, {
			"streams":	[{
					"socket":	5,
					"start":	2.001377,
					"end":	3.000969,
					"seconds":	0.99959200620651245,
					"bytes":	0,
					"bits_per_second":	0,
					"retransmits":	696,
					"snd_cwnd":	506800,
					"snd_wnd":	3813888,
					"rtt":	427705,
					"rttvar":	847,
					"pmtu":	1500,
					"omitted":	false,
					"sender":	true
				}],
			"sum":	{
				"start":	2.001377,
				"end":	3.000969,
				"seconds":	0.99959200620651245,
				"bytes":	0,
				"bits_per_second":	0,
				"retransmits":	696,
				"omitted":	false,
				"sender":	true
			}
		}, {
			"streams":	[{
					"socket":	5,
					"start":	3.000969,
					"end":	4.000986,
					"seconds":	1.0000170469284058,
					"bytes":	3407872,
					"bits_per_second":	27262511.257922426,
					"retransmits":	98,
					"snd_cwnd":	443088,
					"snd_wnd":	4191744,
					"rtt":	307855,
					"rttvar":	268,
					"pmtu":	1500,
					"omitted":	false,
					"sender":	true
				}],
			"sum":	{
				"start":	3.000969,
				"end":	4.000986,
				"seconds":	1.0000170469284058,
				"bytes":	3407872,
				"bits_per_second":	27262511.257922426,
				"retransmits":	98,
				"omitted":	false,
				"sender":	true
			}
		}, {
			"streams":	[{
					"socket":	5,
					"start":	4.000986,
					"end":	5.001278,
					"seconds":	1.00029194355011,
					"bytes":	0,
					"bits_per_second":	0,
					"retransmits":	22,
					"snd_cwnd":	211408,
					"snd_wnd":	6548992,
					"rtt":	184449,
					"rttvar":	368,
					"pmtu":	1500,
					"omitted":	false,
					"sender":	true
				}],
			"sum":	{
				"start":	4.000986,
				"end":	5.001278,
				"seconds":	1.00029194355011,
				"bytes":	0,
				"bits_per_second":	0,
				"retransmits":	22,
				"omitted":	false,
				"sender":	true
			}
		}, {
			"streams":	[{
					"socket":	5,
					"start":	5.001278,
					"end":	6.000967,
					"seconds":	0.999688982963562,
					"bytes":	0,
					"bits_per_second":	0,
					"retransmits":	0,
					"snd_cwnd":	123080,
					"snd_wnd":	8625664,
					"rtt":	101532,
					"rttvar":	251,
					"pmtu":	1500,
					"omitted":	false,
					"sender":	true
				}],
			"sum":	{
				"start":	5.001278,
				"end":	6.000967,
				"seconds":	0.999688982963562,
				"bytes":	0,
				"bits_per_second":	0,
				"retransmits":	0,
				"omitted":	false,
				"sender":	true
			}
		}, {
			"streams":	[{
					"socket":	5,
					"start":	6.000967,
					"end":	7.000866,
					"seconds":	0.99989902973175049,
					"bytes":	3538944,
					"bits_per_second":	28314410.91366528,
					"retransmits":	0,
					"snd_cwnd":	136112,
					"snd_wnd":	11014656,
					"rtt":	112552,
					"rttvar":	122,
					"pmtu":	1500,
					"omitted":	false,
					"sender":	true
				}],
			"sum":	{
				"start":	6.000967,
				"end":	7.000866,
				"seconds":	0.99989902973175049,
				"bytes":	3538944,
				"bits_per_second":	28314410.91366528,
				"retransmits":	0,
				"omitted":	false,
				"sender":	true
			}
		}, {
			"streams":	[{
					"socket":	5,
					"start":	7.000866,
					"end":	8.000524,
					"seconds":	0.99965798854827881,
					"bytes":	0,
					"bits_per_second":	0,
					"retransmits":	0,
					"snd_cwnd":	149144,
					"snd_wnd":	12580352,
					"rtt":	122412,
					"rttvar":	1225,
					"pmtu":	1500,
					"omitted":	false,
					"sender":	true
				}],
			"sum":	{
				"start":	7.000866,
				"end":	8.000524,
				"seconds":	0.99965798854827881,
				"bytes":	0,
				"bits_per_second":	0,
				"retransmits":	0,
				"omitted":	false,
				"sender":	true
			}
		}, {
			"streams":	[{
					"socket":	5,
					"start":	8.000524,
					"end":	9.000683,
					"seconds":	1.0001590251922607,
					"bytes":	0,
					"bits_per_second":	0,
					"retransmits":	2,
					"snd_cwnd":	83984,
					"snd_wnd":	12580352,
					"rtt":	68563,
					"rttvar":	687,
					"pmtu":	1500,
					"omitted":	false,
					"sender":	true
				}],
			"sum":	{
				"start":	8.000524,
				"end":	9.000683,
				"seconds":	1.0001590251922607,
				"bytes":	0,
				"bits_per_second":	0,
				"retransmits":	2,
				"omitted":	false,
				"sender":	true
			}
		}, {
			"streams":	[{
					"socket":	5,
					"start":	9.000683,
					"end":	10.000936,
					"seconds":	1.0002529621124268,
					"bytes":	3538944,
					"bits_per_second":	28304392.061193246,
					"retransmits":	2,
					"snd_cwnd":	66608,
					"snd_wnd":	12580352,
					"rtt":	53502,
					"rttvar":	1308,
					"pmtu":	1500,
					"omitted":	false,
					"sender":	true
				}],
			"sum":	{
				"start":	9.000683,
				"end":	10.000936,
				"seconds":	1.0002529621124268,
				"bytes":	3538944,
				"bits_per_second":	28304392.061193246,
				"retransmits":	2,
				"omitted":	false,
				"sender":	true
			}
		}, {
			"streams":	[{
					"socket":	5,
					"start":	10.000936,
					"end":	11.001095,
					"seconds":	1.0001590251922607,
					"bytes":	0,
					"bits_per_second":	0,
					"retransmits":	0,
					"snd_cwnd":	88328,
					"snd_wnd":	12580352,
					"rtt":	72196,
					"rttvar":	713,
					"pmtu":	1500,
					"omitted":	false,
					"sender":	true
				}],
			"sum":	{
				"start":	10.000936,
				"end":	11.001095,
				"seconds":	1.0001590251922607,
				"bytes":	0,
				"bits_per_second":	0,
				"retransmits":	0,
				"omitted":	false,
				"sender":	true
			}
		}, {
			"streams":	[{
					"socket":	5,
					"start":	11.001095,
					"end":	12.000615,
					"seconds":	0.99952000379562378,
					"bytes":	0,
					"bits_per_second":	0,
					"retransmits":	0,
					"snd_cwnd":	105704,
					"snd_wnd":	12580352,
					"rtt":	87090,
					"rttvar":	551,
					"pmtu":	1500,
					"omitted":	false,
					"sender":	true
				}],
			"sum":	{
				"start":	11.001095,
				"end":	12.000615,
				"seconds":	0.99952000379562378,
				"bytes":	0,
				"bits_per_second":	0,
				"retransmits":	0,
				"omitted":	false,
				"sender":	true
			}
		}, {
			"streams":	[{
					"socket":	5,
					"start":	12.000615,
					"end":	13.001058,
					"seconds":	1.0004429817199707,
					"bytes":	3538944,
					"bits_per_second":	28299016.053195275,
					"retransmits":	1,