{
	"start":	{
		"connected":	[{
				"socket":	5,
				"local_host":	"10.0.0.2",
				"local_port":	5201,
				"remote_host":	"10.0.0.1",
				"remote_port":	53368
			}],
		"version":	"iperf 3.16",
		"system_info":	"Linux mininet 6.8.0-88-generic #89-Ubuntu SMP PREEMPT_DYNAMIC Sat Oct 11 01:02:46 UTC 2025 x86_64",
		"sock_bufsize":	0,
		"sndbuf_actual":	87380,
		"rcvbuf_actual":	87380,
		"timestamp":	{
			"time":	"Tue, 02 Dec 2025 17:03:10 GMT",
			"timesecs":	1764694990
		},
		"accepted_connection":	{
			"host":	"10.0.0.1",
			"port":	53356
		},
		"cookie":	"5r6h2fj2xh5ksogluxfun4i6qqegocady2jl",
		"tcp_mss_default":	0,
		"target_bitrate":	0,
		"fq_rate":	0,
		"test_start":	{
			"protocol":	"TCP",
			"num_streams":	1,
			"blksize":	131072,
			"omit":	0,
			"duration":	20,
			"bytes":	0,
			"blocks":	0,
			"reverse":	0,
			"tos":	0,
			"target_bitrate":	0,
			"bidir":	0,
			"fqrate":	0
		}
	},
	"intervals":	[{
			"streams":	[{
					"socket":	5,
					"start":	0,
					"end":	1.001026,
					"seconds":	1.0010260343551636,
					"bytes":	1048576,
					"bits_per_second":	8380009.8220259929,
					"omitted":	false,
					"sender":	false
				}],
			"sum":	{
				"start":	0,
				"end":	1.001026,
				"seconds":	1.0010260343551636,
				"bytes":	1048576,
				"bits_per_second":	8380009.8220259929,
				"omitted":	false,
				"sender":	false
			}
		}, {
			"streams":	[{
					"socket":	5,
					"start":	1.001026,
					"end":	2.000834,
					"seconds":	0.99980801343917847,
					"bytes":	655360,
					"bits_per_second":	5243886.75578358,
					"omitted":	false,
					"sender":	false
				}],
			"sum":	{
				"start":	1.001026,
				"end":	2.000834,
				"seconds":	0.99980801343917847,
				"bytes":	655360,
				"bits_per_second":	5243886.75578358,
				"omitted":	false,
				"sender":	false
			}
		}, {
			"streams":	[{
					"socket":	5,
					"start":	2.000834,
					"end":	3.000945,
					"seconds":	1.0001109838485718,
					"bytes":	655360,
					"bits_per_second":	5242298.18957156,
					"omitted":	false,
					"sender":	false
				}],
			"sum":	{
				"start":	2.000834,
				"end":	3.000945,
				"seconds":	1.0001109838485718,
				"bytes":	655360,
				"bits_per_second":	5242298.18957156,
				"omitted":	false,
				"sender":	false
			}
		}, {
			"streams":	[{
					"socket":	5,
					"start":	3.000945,
					"end":	4.001079,
					"seconds":	1.0001339912414551,
					"bytes":	2228224,
					"bits_per_second":	17823403.8199952,
					"omitted":	false,
					"sender":	false
				}],
			"sum":	{
				"start":	3.000945,
				"end":	4.001079,
				"seconds":	1.0001339912414551,
				"bytes":	2228224,
				"bits_per_second":	17823403.8199952,
				"omitted":	false,
				"sender":	false
			}
		}, {
			"streams":	[{
					"socket":	5,
					"start":	4.001079,
					"end":	5.001268,
					"seconds":	1.000188946723938,
					"bytes":	1179648,
					"bits_per_second":	9435401.21185198,
					"omitted":	false,
					"sender":	false
				}],
			"sum":	{
				"start":	4.001079,
				"end":	5.001268,
				"seconds":	1.000188946723938,
				"bytes":	1179648,
				"bits_per_second":	9435401.21185198,
				"omitted":	false,
				"sender":	false
			}
		}, {
			"streams":	[{
					"socket":	5,
					"start":	5.001268,
					"end":	6.000955,
					"seconds":	0.99968701601028442,
					"bytes":	1179648,
					"bits_per_second":	9440138.61224633,
					"omitted":	false,
					"sender":	false
				}],
			"sum":	{
				"start":	5.001268,
				"end":	6.000955,
				"seconds":	0.99968701601028442,
				"bytes":	1179648,
				"bits_per_second":	9440138.61224633,
				"omitted":	false,
				"sender":	false
			}
		}, {
			"streams":	[{
					"socket":	5,
					"start":	6.000955,
					"end":	7.000725,
					"seconds":	0.99976998567581177,
					"bytes":	1179648,
					"bits_per_second":	9439355.18690409,
					"omitted":	false,
					"sender":	false
				}],
			"sum":	{
				"start":	6.000955,
				"end":	7.000725,
				"seconds":	0.99976998567581177,
				"bytes":	1179648,
				"bits_per_second":	9439355.18690409,
				"omitted":	false,
				"sender":	false
			}
		}, {
			"streams":	[{
					"socket":	5,
					"start":	7.000725,
					"end":	8.001067,
					"seconds":	1.0003420114517212,
					"bytes":	1310720,
					"bits_per_second":	10482174.976119222,
					"omitted":	false,
					"sender":	false
				}],
			"sum":	{
				"start":	7.000725,
				"end":	8.001067,
				"seconds":	1.0003420114517212,
				"bytes":	1310720,
				"bits_per_second":	10482174.976119222,
				"omitted":	false,
				"sender":	false
			}
		}, {
			"streams":	[{
					"socket":	5,
					"start":	8.001067,
					"end":	9.000651,
					"seconds":	0.99958401918411255,
					"bytes":	1179648,
					"bits_per_second":	9441111.3211902734,
					"omitted":	false,
					"sender":	false
				}],
			"sum":	{
				"start":	8.001067,
				"end":	9.000651,
				"seconds":	0.99958401918411255,
				"bytes":	1179648,
				"bits_per_second":	9441111.3211902734,
				"omitted":	false,
				"sender":	false
			}
		}, {
			"streams":	[{
					"socket":	5,
					"start":	9.000651,
					"end":	10.000983,
					"seconds":	1.0003319978713989,
					"bytes":	1048576,
					"bits_per_second":	8385823.9243072039,
					"omitted":	false,
					"sender":	false
				}],
			"sum":	{
				"start":	9.000651,
				"end":	10.000983,
				"seconds":	1.0003319978713989,
				"bytes":	1048576,
				"bits_per_second":	8385823.9243072039,
				"omitted":	false,
				"sender":	false
			}
		}, {
			"streams":	[{
					"socket":	5,
					"start":	10.000983,
					"end":	11.000642,
					"seconds":	0.99965900182724,
					"bytes":	1310720,
					"bits_per_second":	10489336.844697505,
					"omitted":	false,
					"sender":	false
				}],
			"sum":	{
				"start":	10.000983,
				"end":	11.000642,
				"seconds":	0.99965900182724,
				"bytes":	1310720,
				"bits_per_second":	10489336.844697505,
				"omitted":	false,
				"sender":	false
			}
		}, {
			"streams":	[{
					"socket":	5,
					"start":	11.000642,
					"end":	12.000981,
					"seconds":	1.0003390312194824,
					"bytes":	1179648,
					"bits_per_second":	9433985.5843627546,
					"omitted":	false,
					"sender":	false
				}],
			"sum":	{
				"start":	11.000642,
				"end":	12.000981,
				"seconds":	1.0003390312194824,
				"bytes":	1179648,
				"bits_per_second":	9433985.5843627546,
				"omitted":	false,
				"sender":	false
			}
		}, {
			"streams":	[{
					"socket":	5,
					"start":	12.000981,
					"end":	13.000847,
					"seconds":	0.999866008758545,
					"bytes":	1179648,
					"bits_per_second":	9438448.66945463,
					"omitted":	false,
					"sender":	false
				}],
			"sum":	{
				"start":	12.000981,
				"end":	13.000847,
				"seconds":	0.999866008758545,
				"bytes":	1179648,
				"bits_per_second":	9438448.66945463,
				"omitted":	false,
				"sender":	false
			}
		}, {
			"streams":	[{
					"socket":	5,
					"start":	13.000847,
					"end":	14.000803,
					"seconds":	0.99995601177215576,
					"bytes":	1179648,
					"bits_per_second":	9437599.1432614159,
					"omitted":	false,
					"sender":	false
				}],
			"sum":	{
				"start":	13.000847,
				"end":	14.000803,
				"seconds":	0.99995601177215576,
				"bytes":	1179648,
				"bits_per_second":	9437599.1432614159,
				"omitted":	false,
				"sender":	false
			}
		}, {
			"streams":	[{
					"socket":	5,
					"start":	14.000803,
					"end":	15.00065,
					"seconds":	0.99984699487686157,
					"bytes":	1048576,
					"bits_per_second":	8389891.69641213,
					"omitted":	false,
					"sender":	false
				}],
			"sum":	{
				"start":	14.000803,
				"end":	15.00065,
				"seconds":	0.99984699487686157,
				"bytes":	1048576,
				"bits_per_second":	8389891.69641213,
				"omitted":	false,
				"sender":	false
			}
		}, {
			"streams":	[{
					"socket":	5,
					"start":	15.00065,
					"end":	16.000735,
					"seconds":	1.00008499622345,
					"bytes":	917504,
					"bits_per_second":	7339408.1780225122,
					"omitted":	false,
					"sender":	false
				}],
			"sum":	{
				"start":	15.00065,
				"end":	16.000735,
				"seconds":	1.00008499622345,
				"bytes":	917504,
				"bits_per_second":	7339408.1780225122,
				"omitted":	false,