{
	"start":	{
		"connected":	[{
				"socket":	5,
				"local_host":	"10.0.0.1",
				"local_port":	57780,
				"remote_host":	"10.0.0.2",
				"remote_port":	5201
			}],
		"version":	"iperf 3.16",
		"system_info":	"Linux mininet 6.8.0-88-generic #89-Ubuntu SMP PREEMPT_DYNAMIC Sat Oct 11 01:02:46 UTC 2025 x86_64",
		"timestamp":	{
			"time":	"Tue, 02 Dec 2025 18:35:49 GMT",
			"timesecs":	1764700549
		},
		"connecting_to":	{
			"host":	"10.0.0.2",
			"port":	5201
		},
		"cookie":	"k6on773hhjyn6paqqjfn3cq37j2zo356zu64",
		"tcp_mss_default":	1448,
		"target_bitrate":	0,
		"fq_rate":	0,
		"sock_bufsize":	0,
		"sndbuf_actual":	87380,
		"rcvbuf_actual":	87380,
		"test_start":	{
			"protocol":	"TCP",
			"num_streams":	1,
			"blksize":	131072,
			"omit":	0,
			"duration":	20,
			"bytes":	0,
			"blocks":	0,
			"reverse":	0,
			"tos":	0,
			"target_bitrate":	0,
			"bidir":	0,
			"fqrate":	0
		}
	},
	"intervals":	[{
			"streams":	[{
					"socket":	5,
					"start":	0,
					"end":	1.000994,
					"seconds":	1.0009939670562744,
					"bytes":	2228224,
					"bits_per_second":	17808091.343869068,
					"retransmits":	0,
					"snd_cwnd":	124528,
					"snd_wnd":	1074176,
					"rtt":	60868,
					"rttvar":	528,
					"pmtu":	1500,
					"omitted":	false,
					"sender":	true
				}],
			"sum":	{
				"start":	0,
				"end":	1.000994,
				"seconds":	1.0009939670562744,
				"bytes":	2228224,
				"bits_per_second":	17808091.343869068,
				"retransmits":	0,
				"omitted":	false,
				"sender":	true
			}
		}, {
			"streams":	[{
					"socket":	5,
					"start":	1.000994,
					"end":	2.000998,
					"seconds":	1.0000040531158447,
					"bytes":	1179648,
					"bits_per_second":	9437145.75015503,
					"retransmits":	0,
					"snd_cwnd":	121632,
					"snd_wnd":	1074176,
					"rtt":	77933,
					"rttvar":	1766,
					"pmtu":	1500,
					"omitted":	false,
					"sender":	true
				}],
			"sum":	{
				"start":	1.000994,
				"end":	2.000998,
				"seconds":	1.0000040531158447,
				"bytes":	1179648,
				"bits_per_second":	9437145.75015503,
				"retransmits":	0,
				"omitted":	false,
				"sender":	true
			}
		}, {
			"streams":	[{
					"socket":	5,
					"start":	2.000998,
					"end":	3.001008,
					"seconds":	1.0000100135803223,
					"bytes":	1179648,
					"bits_per_second":	9437089.500946274,
					"retransmits":	0,
					"snd_cwnd":	124528,
					"snd_wnd":	1074176,
					"rtt":	75640,
					"rttvar":	239,
					"pmtu":	1500,
					"omitted":	false,
					"sender":	true
				}],
			"sum":	{
				"start":	2.000998,
				"end":	3.001008,
				"seconds":	1.0000100135803223,
				"bytes":	1179648,
				"bits_per_second":	9437089.500946274,
				"retransmits":	0,
				"omitted":	false,
				"sender":	true
			}
		}, {
			"streams":	[{
					"socket":	5,
					"start":	3.001008,
					"end":	4.001012,
					"seconds":	1.0000040531158447,
					"bytes":	1179648,
					"bits_per_second":	9437145.75015503,
					"retransmits":	0,
					"snd_cwnd":	124528,
					"snd_wnd":	1074176,
					"rtt":	80940,
					"rttvar":	154,
					"pmtu":	1500,
					"omitted":	false,
					"sender":	true
				}],
			"sum":	{
				"start":	3.001008,
				"end":	4.001012,
				"seconds":	1.0000040531158447,
				"bytes":	1179648,
				"bits_per_second":	9437145.75015503,
				"retransmits":	0,
				"omitted":	false,
				"sender":	true
			}
		}, {
			"streams":	[{
					"socket":	5,
					"start":	4.001012,
					"end":	5.001081,
					"seconds":	1.00006902217865,
					"bytes":	1179648,
					"bits_per_second":	9436532.66995622,
					"retransmits":	0,
					"snd_cwnd":	124528,
					"snd_wnd":	1074176,
					"rtt":	79755,
					"rttvar":	224,
					"pmtu":	1500,
					"omitted":	false,
					"sender":	true
				}],
			"sum":	{
				"start":	4.001012,
				"end":	5.001081,
				"seconds":	1.00006902217865,
				"bytes":	1179648,
				"bits_per_second":	9436532.66995622,
				"retransmits":	0,
				"omitted":	false,
				"sender":	true
			}
		}, {
			"streams":	[{
					"socket":	5,
					"start":	5.001081,
					"end":	6.000979,
					"seconds":	0.99989801645278931,
					"bytes":	1179648,
					"bits_per_second":	9438146.5356628,
					"retransmits":	0,
					"snd_cwnd":	124528,
					"snd_wnd":	1075200,
					"rtt":	90648,
					"rttvar":	1691,
					"pmtu":	1500,
					"omitted":	false,
					"sender":	true
				}],
			"sum":	{
				"start":	5.001081,
				"end":	6.000979,
				"seconds":	0.99989801645278931,
				"bytes":	1179648,
				"bits_per_second":	9438146.5356628,
				"retransmits":	0,
				"omitted":	false,
				"sender":	true
			}
		}, {
			"streams":	[{
					"socket":	5,
					"start":	6.000979,
					"end":	7.001033,
					"seconds":	1.0000540018081665,
					"bytes":	1179648,
					"bits_per_second":	9436674.4025191851,
					"retransmits":	0,
					"snd_cwnd":	124528,
					"snd_wnd":	1075200,
					"rtt":	87993,
					"rttvar":	103,
					"pmtu":	1500,
					"omitted":	false,
					"sender":	true
				}],
			"sum":	{
				"start":	6.000979,
				"end":	7.001033,
				"seconds":	1.0000540018081665,
				"bytes":	1179648,
				"bits_per_second":	9436674.4025191851,
				"retransmits":	0,
				"omitted":	false,
				"sender":	true
			}
		}, {
			"streams":	[{
					"socket":	5,
					"start":	7.001033,
					"end":	8.000995,
					"seconds":	0.9999619722366333,
					"bytes":	1179648,
					"bits_per_second":	9437542.8886477333,
					"retransmits":	0,
					"snd_cwnd":	121632,
					"snd_wnd":	1074176,
					"rtt":	89292,
					"rttvar":	80,
					"pmtu":	1500,
					"omitted":	false,
					"sender":	true
				}],
			"sum":	{
				"start":	7.001033,
				"end":	8.000995,
				"seconds":	0.9999619722366333,
				"bytes":	1179648,
				"bits_per_second":	9437542.8886477333,
				"retransmits":	0,
				"omitted":	false,
				"sender":	true
			}
		}, {
			"streams":	[{
					"socket":	5,
					"start":	8.000995,
					"end":	9.00097,
					"seconds":	0.999975025653839,
					"bytes":	1179648,
					"bits_per_second":	9437419.69338629,
					"retransmits":	0,
					"snd_cwnd":	124528,
					"snd_wnd":	1074176,
					"rtt":	90876,
					"rttvar":	228,
					"pmtu":	1500,
					"omitted":	false,
					"sender":	true
				}],
			"sum":	{
				"start":	8.000995,
				"end":	9.00097,
				"seconds":	0.999975025653839,
				"bytes":	1179648,
				"bits_per_second":	9437419.69338629,
				"retransmits":	0,
				"omitted":	false,
				"sender":	true
			}
		}, {
			"streams":	[{
					"socket":	5,
					"start":	9.00097,
					"end":	10.001011,
					"seconds":	1.0000410079956055,
					"bytes":	1179648,
					"bits_per_second":	9436797.0158694442,
					"retransmits":	0,
					"snd_cwnd":	124528,
					"snd_wnd":	1074176,
					"rtt":	101243,
					"rttvar":	1734,
					"pmtu":	1500,
					"omitted":	false,
					"sender":	true
				}],
			"sum":	{
				"start":	9.00097,
				"end":	10.001011,
				"seconds":	1.0000410079956055,
				"bytes":	1179648,
				"bits_per_second":	9436797.0158694442,
				"retransmits":	0,
				"omitted":	false,
				"sender":	true
			}
		}, {
			"streams":	[{
					"socket":	5,
					"start":	10.001011,
					"end":	11.001079,
					"seconds":	1.0000679492950439,
					"bytes":	1179648,
					"bits_per_second":	9436542.7935695257,
					"retransmits":	0,
					"snd_cwnd":	124528,
					"snd_wnd":	1074176,
					"rtt":	57905,
					"rttvar":	334,
					"pmtu":	1500,
					"omitted":	false,
					"sender":	true
				}],
			"sum":	{
				"start":	10.001011,
				"end":	11.001079,
				"seconds":	1.0000679492950439,
				"bytes":	1179648,
				"bits_per_second":	9436542.7935695257,
				"retransmits":	0,
				"omitted":	false,
				"sender":	true
			}
		}, {
			"streams":	[{
					"socket":	5,
					"start":	11.001079,
					"end":	12.000998,
					"seconds":	0.99991899728775024,
					"bytes":	1179648,
					"bits_per_second":	9437948.4994265269,
					"retransmits":	0,
					"snd_cwnd":	124528,
					"snd_wnd":	1074176,
					"rtt":	67356,
					"rttvar":	188,
					"pmtu":	1500,
					"omitted":	false,
					"sender":	true
				}],
			"sum":	{
				"start":	11.001079,
				"end":	12.000998,
				"seconds":	0.99991899728775024,
				"bytes":	1179648,
				"bits_per_second":	9437948.4994265269,
				"retransmits":	0,