{
	"start":	{
		"connected":	[{
				"socket":	5,
				"local_host":	"10.0.0.2",
				"local_port":	5201,
				"remote_host":	"10.0.0.1",
				"remote_port":	57780
			}],
		"version":	"iperf 3.16",
		"system_info":	"Linux mininet 6.8.0-88-generic #89-Ubuntu SMP PREEMPT_DYNAMIC Sat Oct 11 01:02:46 UTC 2025 x86_64",
		"sock_bufsize":	0,
		"sndbuf_actual":	87380,
		"rcvbuf_actual":	87380,
		"timestamp":	{
			"time":	"Tue, 02 Dec 2025 18:35:49 GMT",
			"timesecs":	1764700549
		},
		"accepted_connection":	{
			"host":	"10.0.0.1",
			"port":	57778
		},
		"cookie":	"k6on773hhjyn6paqqjfn3cq37j2zo356zu64",
		"tcp_mss_default":	0,
		"target_bitrate":	0,
		"fq_rate":	0,
		"test_start":	{
			"protocol":	"TCP",
			"num_streams":	1,
			"blksize":	131072,
			"omit":	0,
			"duration":	20,
			"bytes":	0,
			"blocks":	0,
			"reverse":	0,
			"tos":	0,
			"target_bitrate":	0,
			"bidir":	0,
			"fqrate":	0
		}
	},
	"intervals":	[{
			"streams":	[{
					"socket":	5,
					"start":	0,
					"end":	1.001002,
					"seconds":	1.0010019540786743,
					"bytes":	1048576,
					"bits_per_second":	8380211.4129945971,
					"omitted":	false,
					"sender":	false
				}],
			"sum":	{
				"start":	0,
				"end":	1.001002,
				"seconds":	1.0010019540786743,
				"bytes":	1048576,
				"bits_per_second":	8380211.4129945971,
				"omitted":	false,
				"sender":	false
			}
		}, {
			"streams":	[{
					"socket":	5,
					"start":	1.001002,
					"end":	2.000469,
					"seconds":	0.99946701526641846,
					"bytes":	1179648,
					"bits_per_second":	9442216.5572762,
					"omitted":	false,
					"sender":	false
				}],
			"sum":	{
				"start":	1.001002,
				"end":	2.000469,
				"seconds":	0.99946701526641846,
				"bytes":	1179648,
				"bits_per_second":	9442216.5572762,
				"omitted":	false,
				"sender":	false
			}
		}, {
			"streams":	[{
					"socket":	5,
					"start":	2.000469,
					"end":	3.000912,
					"seconds":	1.0004429817199707,
					"bytes":	1179648,
					"bits_per_second":	9433005.35106509,
					"omitted":	false,
					"sender":	false
				}],
			"sum":	{
				"start":	2.000469,
				"end":	3.000912,
				"seconds":	1.0004429817199707,
				"bytes":	1179648,
				"bits_per_second":	9433005.35106509,
				"omitted":	false,
				"sender":	false
			}
		}, {
			"streams":	[{
					"socket":	5,
					"start":	3.000912,
					"end":	4.000849,
					"seconds":	0.99993699789047241,
					"bytes":	1179648,
					"bits_per_second":	9437778.59996105,
					"omitted":	false,
					"sender":	false
				}],
			"sum":	{
				"start":	3.000912,
				"end":	4.000849,
				"seconds":	0.99993699789047241,
				"bytes":	1179648,
				"bits_per_second":	9437778.59996105,
				"omitted":	false,
				"sender":	false
			}
		}, {
			"streams":	[{
					"socket":	5,
					"start":	4.000849,
					"end":	5.000949,
					"seconds":	1.0001000165939331,
					"bytes":	1179648,
					"bits_per_second":	9436240.21939372,
					"omitted":	false,
					"sender":	false
				}],
			"sum":	{
				"start":	4.000849,
				"end":	5.000949,
				"seconds":	1.0001000165939331,
				"bytes":	1179648,
				"bits_per_second":	9436240.21939372,
				"omitted":	false,
				"sender":	false
			}
		}, {
			"streams":	[{
					"socket":	5,
					"start":	5.000949,
					"end":	6.000909,
					"seconds":	0.99996000528335571,
					"bytes":	1179648,
					"bits_per_second":	9437561.45259611,
					"omitted":	false,
					"sender":	false
				}],
			"sum":	{
				"start":	5.000949,
				"end":	6.000909,
				"seconds":	0.99996000528335571,
				"bytes":	1179648,
				"bits_per_second":	9437561.45259611,
				"omitted":	false,
				"sender":	false
			}
		}, {
			"streams":	[{
					"socket":	5,
					"start":	6.000909,
					"end":	7.000505,
					"seconds":	0.9995959997177124,
					"bytes":	1179648,
					"bits_per_second":	9440998.16592411,
					"omitted":	false,
					"sender":	false
				}],
			"sum":	{
				"start":	6.000909,
				"end":	7.000505,
				"seconds":	0.9995959997177124,
				"bytes":	1179648,
				"bits_per_second":	9440998.16592411,
				"omitted":	false,
				"sender":	false
			}
		}, {
			"streams":	[{
					"socket":	5,
					"start":	7.000505,
					"end":	8.000851,
					"seconds":	1.0003459453582764,
					"bytes":	1310720,
					"bits_per_second":	10482133.754482804,
					"omitted":	false,
					"sender":	false
				}],
			"sum":	{
				"start":	7.000505,
				"end":	8.000851,
				"seconds":	1.0003459453582764,
				"bytes":	1310720,
				"bits_per_second":	10482133.754482804,
				"omitted":	false,
				"sender":	false
			}
		}, {
			"streams":	[{
					"socket":	5,
					"start":	8.000851,
					"end":	9.00105,
					"seconds":	1.00019896030426,
					"bytes":	1179648,
					"bits_per_second":	9435306.74849853,
					"omitted":	false,
					"sender":	false
				}],
			"sum":	{
				"start":	8.000851,
				"end":	9.00105,
				"seconds":	1.00019896030426,
				"bytes":	1179648,
				"bits_per_second":	9435306.74849853,
				"omitted":	false,
				"sender":	false
			}
		}, {
			"streams":	[{
					"socket":	5,
					"start":	9.00105,
					"end":	10.000765,
					"seconds":	0.999714970588684,
					"bytes":	1179648,
					"bits_per_second":	9439874.64191208,
					"omitted":	false,
					"sender":	false
				}],
			"sum":	{
				"start":	9.00105,
				"end":	10.000765,
				"seconds":	0.999714970588684,
				"bytes":	1179648,
				"bits_per_second":	9439874.64191208,
				"omitted":	false,
				"sender":	false
			}
		}, {
			"streams":	[{
					"socket":	5,
					"start":	10.000765,
					"end":	11.001019,
					"seconds":	1.0002540349960327,
					"bytes":	917504,
					"bits_per_second":	7338167.8485597037,
					"omitted":	false,
					"sender":	false
				}],
			"sum":	{
				"start":	10.000765,
				"end":	11.001019,
				"seconds":	1.0002540349960327,
				"bytes":	917504,
				"bits_per_second":	7338167.8485597037,
				"omitted":	false,
				"sender":	false
			}
		}, {
			"streams":	[{
					"socket":	5,
					"start":	11.001019,
					"end":	12.000713,
					"seconds":	0.999693989753723,
					"bytes":	1179648,
					"bits_per_second":	9440072.75898985,
					"omitted":	false,
					"sender":	false
				}],
			"sum":	{
				"start":	11.001019,
				"end":	12.000713,
				"seconds":	0.999693989753723,
				"bytes":	1179648,
				"bits_per_second":	9440072.75898985,
				"omitted":	false,
				"sender":	false
			}
		}, {
			"streams":	[{
					"socket":	5,
					"start":	12.000713,
					"end":	13.001099,
					"seconds":	1.0003859996795654,
					"bytes":	1179648,
					"bits_per_second":	9433542.655557787,
					"omitted":	false,
					"sender":	false
				}],
			"sum":	{
				"start":	12.000713,
				"end":	13.001099,
				"seconds":	1.0003859996795654,
				"bytes":	1179648,
				"bits_per_second":	9433542.655557787,
				"omitted":	false,
				"sender":	false
			}
		}, {
			"streams":	[{
					"socket":	5,
					"start":	13.001099,
					"end":	14.000843,
					"seconds":	0.9997439980506897,
					"bytes":	1179648,
					"bits_per_second":	9439600.55614308,
					"omitted":	false,
					"sender":	false
				}],
			"sum":	{
				"start":	13.001099,
				"end":	14.000843,
				"seconds":	0.9997439980506897,
				"bytes":	1179648,
				"bits_per_second":	9439600.55614308,
				"omitted":	false,
				"sender":	false
			}
		}, {
			"streams":	[{
					"socket":	5,
					"start":	14.000843,
					"end":	15.000907,
					"seconds":	1.0000640153884888,
					"bytes":	1179648,
					"bits_per_second":	9436579.91367082,
					"omitted":	false,
					"sender":	false
				}],
			"sum":	{
				"start":	14.000843,
				"end":	15.000907,
				"seconds":	1.0000640153884888,
				"bytes":	1179648,
				"bits_per_second":	9436579.91367082,
				"omitted":	false,
				"sender":	false
			}
		}, {
			"streams":	[{
					"socket":	5,
					"start":	15.000907,
					"end":	16.000941,
					"seconds":	1.000033974647522,
					"bytes":	1179648,
					"bits_per_second":	9436863.38589275,
					"omitted":	false,
					"sender":	false
				}],
			"sum":	{
				"start":	15.000907,
				"end":	16.000941,
				"seconds":	1.000033974647522,
				"bytes":	1179648,
				"bits_per_second":	9436863.38589275,
				"omitted":	false,