{
	"start":	{
		"connected":	[{
				"socket":	5,
				"local_host":	"10.0.0.1",
				"local_port":	49836,
				"remote_host":	"10.0.0.2",
				"remote_port":	5201
			}],
		"version":	"iperf 3.16",
		"system_info":	"Linux mininet 6.8.0-88-generic #89-Ubuntu SMP PREEMPT_DYNAMIC Sat Oct 11 01:02:46 UTC 2025 x86_64",
		"timestamp":	{
			"time":	"Tue, 02 Dec 2025 17:41:48 GMT",
			"timesecs":	1764697308
		},
		"connecting_to":	{
			"host":	"10.0.0.2",
			"port":	5201
		},
		"cookie":	"l4zgcztmnpp6vltc7iued7e2fkx6xx274sv7",
		"tcp_mss_default":	1448,
		"target_bitrate":	0,
		"fq_rate":	0,
		"sock_bufsize":	0,
		"sndbuf_actual":	87380,
		"rcvbuf_actual":	87380,
		"test_start":	{
			"protocol":	"TCP",
			"num_streams":	1,
			"blksize":	131072,
			"omit":	0,
			"duration":	20,
			"bytes":	0,
			"blocks":	0,
			"reverse":	0,
			"tos":	0,
			"target_bitrate":	0,
			"bidir":	0,
			"fqrate":	0
		}
	},
	"intervals":	[{
			"streams":	[{
					"socket":	5,
					"start":	0,
					"end":	1.001016,
					"seconds":	1.0010160207748413,
					"bytes":	2490368,
					"bits_per_second":	19902722.420544825,
					"retransmits":	0,
					"snd_cwnd":	296840,
					"snd_wnd":	1279488,
					"rtt":	234186,
					"rttvar":	943,
					"pmtu":	1500,
					"omitted":	false,
					"sender":	true
				}],
			"sum":	{
				"start":	0,
				"end":	1.001016,
				"seconds":	1.0010160207748413,
				"bytes":	2490368,
				"bits_per_second":	19902722.420544825,
				"retransmits":	0,
				"omitted":	false,
				"sender":	true
			}
		}, {
			"streams":	[{
					"socket":	5,
					"start":	1.001016,
					"end":	2.000807,
					"seconds":	0.99979102611541748,
					"bytes":	1441792,
					"bits_per_second":	11536746.878810711,
					"retransmits":	12,
					"snd_cwnd":	218648,
					"snd_wnd":	1212416,
					"rtt":	191776,
					"rttvar":	3032,
					"pmtu":	1500,
					"omitted":	false,
					"sender":	true
				}],
			"sum":	{
				"start":	1.001016,
				"end":	2.000807,
				"seconds":	0.99979102611541748,
				"bytes":	1441792,
				"bits_per_second":	11536746.878810711,
				"retransmits":	12,
				"omitted":	false,
				"sender":	true
			}
		}, {
			"streams":	[{
					"socket":	5,
					"start":	2.000807,
					"end":	3.000955,
					"seconds":	1.0001480579376221,
					"bytes":	786432,
					"bits_per_second":	6290524.6378955524,
					"retransmits":	0,
					"snd_cwnd":	176656,
					"snd_wnd":	1709568,
					"rtt":	144171,
					"rttvar":	107,
					"pmtu":	1500,
					"omitted":	false,
					"sender":	true
				}],
			"sum":	{
				"start":	2.000807,
				"end":	3.000955,
				"seconds":	1.0001480579376221,
				"bytes":	786432,
				"bits_per_second":	6290524.6378955524,
				"retransmits":	0,
				"omitted":	false,
				"sender":	true
			}
		}, {
			"streams":	[{
					"socket":	5,
					"start":	3.000955,
					"end":	4.000947,
					"seconds":	0.9999920129776,
					"bytes":	1310720,
					"bits_per_second":	10485843.750668919,
					"retransmits":	0,
					"snd_cwnd":	188240,
					"snd_wnd":	1709568,
					"rtt":	156173,
					"rttvar":	150,
					"pmtu":	1500,
					"omitted":	false,
					"sender":	true
				}],
			"sum":	{
				"start":	3.000955,
				"end":	4.000947,
				"seconds":	0.9999920129776,
				"bytes":	1310720,
				"bits_per_second":	10485843.750668919,
				"retransmits":	0,
				"omitted":	false,
				"sender":	true
			}
		}, {
			"streams":	[{
					"socket":	5,
					"start":	4.000947,
					"end":	5.000905,
					"seconds":	0.99995797872543335,
					"bytes":	1310720,
					"bits_per_second":	10486200.6435164,
					"retransmits":	0,
					"snd_cwnd":	194032,
					"snd_wnd":	1709568,
					"rtt":	161131,
					"rttvar":	57,
					"pmtu":	1500,
					"omitted":	false,
					"sender":	true
				}],
			"sum":	{
				"start":	4.000947,
				"end":	5.000905,
				"seconds":	0.99995797872543335,
				"bytes":	1310720,
				"bits_per_second":	10486200.6435164,
				"retransmits":	0,
				"omitted":	false,
				"sender":	true
			}
		}, {
			"streams":	[{
					"socket":	5,
					"start":	5.000905,
					"end":	6.001036,
					"seconds":	1.0001310110092163,
					"bytes":	1310720,
					"bits_per_second":	10484386.4299528,
					"retransmits":	0,
					"snd_cwnd":	194032,
					"snd_wnd":	1709568,
					"rtt":	161197,
					"rttvar":	257,
					"pmtu":	1500,
					"omitted":	false,
					"sender":	true
				}],
			"sum":	{
				"start":	5.000905,
				"end":	6.001036,
				"seconds":	1.0001310110092163,
				"bytes":	1310720,
				"bits_per_second":	10484386.4299528,
				"retransmits":	0,
				"omitted":	false,
				"sender":	true
			}
		}, {
			"streams":	[{
					"socket":	5,
					"start":	6.001036,
					"end":	7.000797,
					"seconds":	0.99976098537445068,
					"bytes":	1310720,
					"bits_per_second":	10488266.849173617,
					"retransmits":	0,
					"snd_cwnd":	194032,
					"snd_wnd":	1709568,
					"rtt":	161082,
					"rttvar":	70,
					"pmtu":	1500,
					"omitted":	false,
					"sender":	true
				}],
			"sum":	{
				"start":	6.001036,
				"end":	7.000797,
				"seconds":	0.99976098537445068,
				"bytes":	1310720,
				"bits_per_second":	10488266.849173617,
				"retransmits":	0,
				"omitted":	false,
				"sender":	true
			}
		}, {
			"streams":	[{
					"socket":	5,
					"start":	7.000797,
					"end":	8.001044,
					"seconds":	1.0002470016479492,
					"bytes":	655360,
					"bits_per_second":	5241585.3197881458,
					"retransmits":	0,
					"snd_cwnd":	196928,
					"snd_wnd":	1709568,
					"rtt":	163585,
					"rttvar":	137,
					"pmtu":	1500,
					"omitted":	false,
					"sender":	true
				}],
			"sum":	{
				"start":	7.000797,
				"end":	8.001044,
				"seconds":	1.0002470016479492,
				"bytes":	655360,
				"bits_per_second":	5241585.3197881458,
				"retransmits":	0,
				"omitted":	false,
				"sender":	true
			}
		}, {
			"streams":	[{
					"socket":	5,
					"start":	8.001044,
					"end":	9.000895,
					"seconds":	0.99985098838806152,
					"bytes":	1310720,
					"bits_per_second":	10487322.732865343,
					"retransmits":	0,
					"snd_cwnd":	207064,
					"snd_wnd":	1709568,
					"rtt":	170492,
					"rttvar":	389,
					"pmtu":	1500,
					"omitted":	false,
					"sender":	true
				}],
			"sum":	{
				"start":	8.001044,
				"end":	9.000895,
				"seconds":	0.99985098838806152,
				"bytes":	1310720,
				"bits_per_second":	10487322.732865343,
				"retransmits":	0,
				"omitted":	false,
				"sender":	true
			}
		}, {
			"streams":	[{
					"socket":	5,
					"start":	9.000895,
					"end":	10.0008,
					"seconds":	0.999904990196228,
					"bytes":	1310720,
					"bits_per_second":	10486756.344662512,
					"retransmits":	0,
					"snd_cwnd":	225888,
					"snd_wnd":	1709568,
					"rtt":	184576,
					"rttvar":	985,
					"pmtu":	1500,
					"omitted":	false,
					"sender":	true
				}],
			"sum":	{
				"start":	9.000895,
				"end":	10.0008,
				"seconds":	0.999904990196228,
				"bytes":	1310720,
				"bits_per_second":	10486756.344662512,
				"retransmits":	0,
				"omitted":	false,
				"sender":	true
			}
		}, {
			"streams":	[{
					"socket":	5,
					"start":	10.0008,
					"end":	11.000842,
					"seconds":	1.0000419616699219,
					"bytes":	1310720,
					"bits_per_second":	10485320.01846236,
					"retransmits":	0,
					"snd_cwnd":	257744,
					"snd_wnd":	1709568,
					"rtt":	207474,
					"rttvar":	597,
					"pmtu":	1500,
					"omitted":	false,
					"sender":	true
				}],
			"sum":	{
				"start":	10.0008,
				"end":	11.000842,
				"seconds":	1.0000419616699219,
				"bytes":	1310720,
				"bits_per_second":	10485320.01846236,
				"retransmits":	0,
				"omitted":	false,
				"sender":	true
			}
		}, {
			"streams":	[{
					"socket":	5,
					"start":	11.000842,
					"end":	12.00106,
					"seconds":	1.0002180337905884,
					"bytes":	1310720,
					"bits_per_second":	10483474.248371093,
					"retransmits":	0,
					"snd_cwnd":	302632,
					"snd_wnd":	1709568,
					"rtt":	240765,
					"rttvar":	562,
					"pmtu":	1500,
					"omitted":	false,
					"sender":	true
				}],
			"sum":	{
				"start":	11.000842,
				"end":	12.00106,
				"seconds":	1.0002180337905884,
				"bytes":	1310720,
				"bits_per_second":	10483474.248371093,