{
	"start":	{
		"connected":	[{
				"socket":	5,
				"local_host":	"10.0.0.2",
				"local_port":	5201,
				"remote_host":	"10.0.0.1",
				"remote_port":	49836
			}],
		"version":	"iperf 3.16",
		"system_info":	"Linux mininet 6.8.0-88-generic #89-Ubuntu SMP PREEMPT_DYNAMIC Sat Oct 11 01:02:46 UTC 2025 x86_64",
		"sock_bufsize":	0,
		"sndbuf_actual":	87380,
		"rcvbuf_actual":	87380,
		"timestamp":	{
			"time":	"Tue, 02 Dec 2025 17:41:48 GMT",
			"timesecs":	1764697308
		},
		"accepted_connection":	{
			"host":	"10.0.0.1",
			"port":	49834
		},
		"cookie":	"l4zgcztmnpp6vltc7iued7e2fkx6xx274sv7",
		"tcp_mss_default":	0,
		"target_bitrate":	0,
		"fq_rate":	0,
		"test_start":	{
			"protocol":	"TCP",
			"num_streams":	1,
			"blksize":	131072,
			"omit":	0,
			"duration":	20,
			"bytes":	0,
			"blocks":	0,
			"reverse":	0,
			"tos":	0,
			"target_bitrate":	0,
			"bidir":	0,
			"fqrate":	0
		}
	},
	"intervals":	[{
			"streams":	[{
					"socket":	5,
					"start":	0,
					"end":	1.000948,
					"seconds":	1.0009479522705078,
					"bytes":	1048576,
					"bits_per_second":	8380663.5309774475,
					"omitted":	false,
					"sender":	false
				}],
			"sum":	{
				"start":	0,
				"end":	1.000948,
				"seconds":	1.0009479522705078,
				"bytes":	1048576,
				"bits_per_second":	8380663.5309774475,
				"omitted":	false,
				"sender":	false
			}
		}, {
			"streams":	[{
					"socket":	5,
					"start":	1.000948,
					"end":	2.000935,
					"seconds":	0.999987006187439,
					"bytes":	1048576,
					"bits_per_second":	8388717.0014163442,
					"omitted":	false,
					"sender":	false
				}],
			"sum":	{
				"start":	1.000948,
				"end":	2.000935,
				"seconds":	0.999987006187439,
				"bytes":	1048576,
				"bits_per_second":	8388717.0014163442,
				"omitted":	false,
				"sender":	false
			}
		}, {
			"streams":	[{
					"socket":	5,
					"start":	2.000935,
					"end":	3.00093,
					"seconds":	0.999994993209839,
					"bytes":	1310720,
					"bits_per_second":	10485812.500262858,
					"omitted":	false,
					"sender":	false
				}],
			"sum":	{
				"start":	2.000935,
				"end":	3.00093,
				"seconds":	0.999994993209839,
				"bytes":	1310720,
				"bits_per_second":	10485812.500262858,
				"omitted":	false,
				"sender":	false
			}
		}, {
			"streams":	[{
					"socket":	5,
					"start":	3.00093,
					"end":	4.000937,
					"seconds":	1.0000070333480835,
					"bytes":	1179648,
					"bits_per_second":	9437117.6254668348,
					"omitted":	false,
					"sender":	false
				}],
			"sum":	{
				"start":	3.00093,
				"end":	4.000937,
				"seconds":	1.0000070333480835,
				"bytes":	1179648,
				"bits_per_second":	9437117.6254668348,
				"omitted":	false,
				"sender":	false
			}
		}, {
			"streams":	[{
					"socket":	5,
					"start":	4.000937,
					"end":	5.000935,
					"seconds":	0.99999797344207764,
					"bytes":	1179648,
					"bits_per_second":	9437203.12503876,
					"omitted":	false,
					"sender":	false
				}],
			"sum":	{
				"start":	4.000937,
				"end":	5.000935,
				"seconds":	0.99999797344207764,
				"bytes":	1179648,
				"bits_per_second":	9437203.12503876,
				"omitted":	false,
				"sender":	false
			}
		}, {
			"streams":	[{
					"socket":	5,
					"start":	5.000935,
					"end":	6.000941,
					"seconds":	1.0000059604644775,
					"bytes":	1179648,
					"bits_per_second":	9437127.7503352743,
					"omitted":	false,
					"sender":	false
				}],
			"sum":	{
				"start":	5.000935,
				"end":	6.000941,
				"seconds":	1.0000059604644775,
				"bytes":	1179648,
				"bits_per_second":	9437127.7503352743,
				"omitted":	false,
				"sender":	false
			}
		}, {
			"streams":	[{
					"socket":	5,
					"start":	6.000941,
					"end":	7.000945,
					"seconds":	1.0000040531158447,
					"bytes":	1179648,
					"bits_per_second":	9437145.75015503,
					"omitted":	false,
					"sender":	false
				}],
			"sum":	{
				"start":	6.000941,
				"end":	7.000945,
				"seconds":	1.0000040531158447,
				"bytes":	1179648,
				"bits_per_second":	9437145.75015503,
				"omitted":	false,
				"sender":	false
			}
		}, {
			"streams":	[{
					"socket":	5,
					"start":	7.000945,
					"end":	8.000919,
					"seconds":	0.999974012374878,
					"bytes":	1310720,
					"bits_per_second":	10486032.507081812,
					"omitted":	false,
					"sender":	false
				}],
			"sum":	{
				"start":	7.000945,
				"end":	8.000919,
				"seconds":	0.999974012374878,
				"bytes":	1310720,
				"bits_per_second":	10486032.507081812,
				"omitted":	false,
				"sender":	false
			}
		}, {
			"streams":	[{
					"socket":	5,
					"start":	8.000919,
					"end":	9.000933,
					"seconds":	1.0000139474868774,
					"bytes":	1179648,
					"bits_per_second":	9437052.37683581,
					"omitted":	false,
					"sender":	false
				}],
			"sum":	{
				"start":	8.000919,
				"end":	9.000933,
				"seconds":	1.0000139474868774,
				"bytes":	1179648,
				"bits_per_second":	9437052.37683581,
				"omitted":	false,
				"sender":	false
			}
		}, {
			"streams":	[{
					"socket":	5,
					"start":	9.000933,
					"end":	10.00103,
					"seconds":	1.0000970363616943,
					"bytes":	1179648,
					"bits_per_second":	9436268.338852426,
					"omitted":	false,
					"sender":	false
				}],
			"sum":	{
				"start":	9.000933,
				"end":	10.00103,
				"seconds":	1.0000970363616943,
				"bytes":	1179648,
				"bits_per_second":	9436268.338852426,
				"omitted":	false,
				"sender":	false
			}
		}, {
			"streams":	[{
					"socket":	5,
					"start":	10.00103,
					"end":	11.001055,
					"seconds":	1.0000250339508057,
					"bytes":	1179648,
					"bits_per_second":	9436947.7559141237,
					"omitted":	false,
					"sender":	false
				}],
			"sum":	{
				"start":	10.00103,
				"end":	11.001055,
				"seconds":	1.0000250339508057,
				"bytes":	1179648,
				"bits_per_second":	9436947.7559141237,
				"omitted":	false,
				"sender":	false
			}
		}, {
			"streams":	[{
					"socket":	5,
					"start":	11.001055,
					"end":	12.000916,
					"seconds":	0.99986100196838379,
					"bytes":	1179648,
					"bits_per_second":	9438495.9323560148,
					"omitted":	false,
					"sender":	false
				}],
			"sum":	{
				"start":	11.001055,
				"end":	12.000916,
				"seconds":	0.99986100196838379,
				"bytes":	1179648,
				"bits_per_second":	9438495.9323560148,
				"omitted":	false,
				"sender":	false
			}
		}, {
			"streams":	[{
					"socket":	5,
					"start":	12.000916,
					"end":	13.000954,
					"seconds":	1.0000380277633667,
					"bytes":	1048576,
					"bits_per_second":	8388289.0121303955,
					"omitted":	false,
					"sender":	false
				}],
			"sum":	{
				"start":	12.000916,
				"end":	13.000954,
				"seconds":	1.0000380277633667,
				"bytes":	1048576,
				"bits_per_second":	8388289.0121303955,
				"omitted":	false,
				"sender":	false
			}
		}, {
			"streams":	[{
					"socket":	5,
					"start":	13.000954,
					"end":	14.000932,
					"seconds":	0.999978005886078,
					"bytes":	1310720,
					"bits_per_second":	10485990.630072504,
					"omitted":	false,
					"sender":	false
				}],
			"sum":	{
				"start":	13.000954,
				"end":	14.000932,
				"seconds":	0.999978005886078,
				"bytes":	1310720,
				"bits_per_second":	10485990.630072504,
				"omitted":	false,
				"sender":	false
			}
		}, {
			"streams":	[{
					"socket":	5,
					"start":	14.000932,
					"end":	15.000933,
					"seconds":	1.0000009536743164,
					"bytes":	1179648,
					"bits_per_second":	9437175.0000085831,
					"omitted":	false,
					"sender":	false
				}],
			"sum":	{
				"start":	14.000932,
				"end":	15.000933,
				"seconds":	1.0000009536743164,
				"bytes":	1179648,
				"bits_per_second":	9437175.0000085831,
				"omitted":	false,
				"sender":	false
			}
		}, {
			"streams":	[{
					"socket":	5,
					"start":	15.000933,
					"end":	16.000952,
					"seconds":	1.0000189542770386,
					"bytes":	1310720,
					"bits_per_second":	10485561.253767092,
					"omitted":	false,
					"sender":	false
				}],
			"sum":	{
				"start":	15.000933,
				"end":	16.000952,
				"seconds":	1.0000189542770386,
				"bytes":	1310720,
				"bits_per_second":	10485561.253767092,