{
	"start":	{
		"connected":	[{
				"socket":	5,
				"local_host":	"10.0.0.1",
				"local_port":	49536,
				"remote_host":	"10.0.0.2",
				"remote_port":	5201
			}],
		"version":	"iperf 3.16",
		"system_info":	"Linux CSCE952FinalProject 6.14.0-36-generic #36~24.04.1-Ubuntu SMP PREEMPT_DYNAMIC Wed Oct 15 15:45:17 UTC 2 x86_64",
		"timestamp":	{
			"time":	"Sun, 30 Nov 2025 04:20:52 GMT",
			"timesecs":	1764476452
		},
		"connecting_to":	{
			"host":	"10.0.0.2",
			"port":	5201
		},
		"cookie":	"fyevmbgfxhzhdjt47h2yxm76i4pr75qbpyh2",
		"tcp_mss_default":	1448,
		"target_bitrate":	0,
		"fq_rate":	0,
		"sock_bufsize":	0,
		"sndbuf_actual":	87380,
		"rcvbuf_actual":	87380,
		"test_start":	{
			"protocol":	"TCP",
			"num_streams":	1,
			"blksize":	131072,
			"omit":	0,
			"duration":	20,
			"bytes":	0,
			"blocks":	0,
			"reverse":	0,
			"tos":	0,
			"target_bitrate":	0,
			"bidir":	0,
			"fqrate":	0
		}
	},
	"intervals":	[{
			"streams":	[{
					"socket":	5,
					"start":	0,
					"end":	1.007314,
					"seconds":	1.0073139667510986,
					"bytes":	2621440,
					"bits_per_second":	20819248.707172886,
					"retransmits":	0,
					"snd_cwnd":	545896,
					"snd_wnd":	613888,
					"rtt":	595313,
					"rttvar":	84500,
					"pmtu":	1500,
					"omitted":	false,
					"sender":	true
				}],
			"sum":	{
				"start":	0,
				"end":	1.007314,
				"seconds":	1.0073139667510986,
				"bytes":	2621440,
				"bits_per_second":	20819248.707172886,
				"retransmits":	0,
				"omitted":	false,
				"sender":	true
			}
		}, {
			"streams":	[{
					"socket":	5,
					"start":	1.007314,
					"end":	2.00509,
					"seconds":	0.997775971889496,
					"bytes":	1179648,
					"bits_per_second":	9458219.34570015,
					"retransmits":	23,
					"snd_cwnd":	435848,
					"snd_wnd":	615424,
					"rtt":	1164404,
					"rttvar":	22606,
					"pmtu":	1500,
					"omitted":	false,
					"sender":	true
				}],
			"sum":	{
				"start":	1.007314,
				"end":	2.00509,
				"seconds":	0.997775971889496,
				"bytes":	1179648,
				"bits_per_second":	9458219.34570015,
				"retransmits":	23,
				"omitted":	false,
				"sender":	true
			}
		}, {
			"streams":	[{
					"socket":	5,
					"start":	2.00509,
					"end":	3.001323,
					"seconds":	0.99623298645019531,
					"bytes":	0,
					"bits_per_second":	0,
					"retransmits":	195,
					"snd_cwnd":	330144,
					"snd_wnd":	693248,
					"rtt":	1020838,
					"rttvar":	46412,
					"pmtu":	1500,
					"omitted":	false,
					"sender":	true
				}],
			"sum":	{
				"start":	2.00509,
				"end":	3.001323,
				"seconds":	0.99623298645019531,
				"bytes":	0,
				"bits_per_second":	0,
				"retransmits":	195,
				"omitted":	false,
				"sender":	true
			}
		}, {
			"streams":	[{
					"socket":	5,
					"start":	3.001323,
					"end":	4.010514,
					"seconds":	1.0091910362243652,
					"bytes":	0,
					"bits_per_second":	0,
					"retransmits":	50,
					"snd_cwnd":	272224,
					"snd_wnd":	883200,
					"rtt":	836868,
					"rttvar":	19079,
					"pmtu":	1500,
					"omitted":	false,
					"sender":	true
				}],
			"sum":	{
				"start":	3.001323,
				"end":	4.010514,
				"seconds":	1.0091910362243652,
				"bytes":	0,
				"bits_per_second":	0,
				"retransmits":	50,
				"omitted":	false,
				"sender":	true
			}
		}, {
			"streams":	[{
					"socket":	5,
					"start":	4.010514,
					"end":	5.002291,
					"seconds":	0.991777002811432,
					"bytes":	1572864,
					"bits_per_second":	12687239.131710749,
					"retransmits":	1,
					"snd_cwnd":	221544,
					"snd_wnd":	881152,
					"rtt":	882611,
					"rttvar":	124805,
					"pmtu":	1500,
					"omitted":	false,
					"sender":	true
				}],
			"sum":	{
				"start":	4.010514,
				"end":	5.002291,
				"seconds":	0.991777002811432,
				"bytes":	1572864,
				"bits_per_second":	12687239.131710749,
				"retransmits":	1,
				"omitted":	false,
				"sender":	true
			}
		}, {
			"streams":	[{
					"socket":	5,
					"start":	5.002291,
					"end":	6.006468,
					"seconds":	1.00417697429657,
					"bytes":	0,
					"bits_per_second":	0,
					"retransmits":	0,
					"snd_cwnd":	389512,
					"snd_wnd":	1231872,
					"rtt":	851334,
					"rttvar":	110046,
					"pmtu":	1500,
					"omitted":	false,
					"sender":	true
				}],
			"sum":	{
				"start":	5.002291,
				"end":	6.006468,
				"seconds":	1.00417697429657,
				"bytes":	0,
				"bits_per_second":	0,
				"retransmits":	0,
				"omitted":	false,
				"sender":	true
			}
		}, {
			"streams":	[{
					"socket":	5,
					"start":	6.006468,
					"end":	7.000036,
					"seconds":	0.99356800317764282,
					"bytes":	0,
					"bits_per_second":	0,
					"retransmits":	35,
					"snd_cwnd":	247608,
					"snd_wnd":	1764864,
					"rtt":	1167716,
					"rttvar":	19928,
					"pmtu":	1500,
					"omitted":	false,
					"sender":	true
				}],
			"sum":	{
				"start":	6.006468,
				"end":	7.000036,
				"seconds":	0.99356800317764282,
				"bytes":	0,
				"bits_per_second":	0,
				"retransmits":	35,
				"omitted":	false,
				"sender":	true
			}
		}, {
			"streams":	[{
					"socket":	5,
					"start":	7.000036,
					"end":	8.003443,
					"seconds":	1.0034070014953613,
					"bytes":	0,
					"bits_per_second":	0,
					"retransmits":	28,
					"snd_cwnd":	194032,
					"snd_wnd":	2164736,
					"rtt":	1382481,
					"rttvar":	28217,
					"pmtu":	1500,
					"omitted":	false,
					"sender":	true
				}],
			"sum":	{
				"start":	7.000036,
				"end":	8.003443,
				"seconds":	1.0034070014953613,
				"bytes":	0,
				"bits_per_second":	0,
				"retransmits":	28,
				"omitted":	false,
				"sender":	true
			}
		}, {
			"streams":	[{
					"socket":	5,
					"start":	8.003443,
					"end":	9.000094,
					"seconds":	0.996650993824005,
					"bytes":	0,
					"bits_per_second":	0,
					"retransmits":	1,
					"snd_cwnd":	194032,
					"snd_wnd":	2532352,
					"rtt":	1082066,
					"rttvar":	36756,
					"pmtu":	1500,
					"omitted":	false,
					"sender":	true
				}],
			"sum":	{
				"start":	8.003443,
				"end":	9.000094,
				"seconds":	0.996650993824005,
				"bytes":	0,
				"bits_per_second":	0,
				"retransmits":	1,
				"omitted":	false,
				"sender":	true
			}
		}, {
			"streams":	[{
					"socket":	5,
					"start":	9.000094,
					"end":	10.002872,
					"seconds":	1.0027780532836914,
					"bytes":	1703936,
					"bits_per_second":	13593723.910652418,
					"retransmits":	2,
					"snd_cwnd":	172312,
					"snd_wnd":	2850816,
					"rtt":	1034338,
					"rttvar":	43202,
					"pmtu":	1500,
					"omitted":	false,
					"sender":	true
				}],
			"sum":	{
				"start":	9.000094,
				"end":	10.002872,
				"seconds":	1.0027780532836914,
				"bytes":	1703936,
				"bits_per_second":	13593723.910652418,
				"retransmits":	2,
				"omitted":	false,
				"sender":	true
			}
		}, {
			"streams":	[{
					"socket":	5,
					"start":	10.002872,
					"end":	11.001614,
					"seconds":	0.99874198436737061,
					"bytes":	0,
					"bits_per_second":	0,
					"retransmits":	0,
					"snd_cwnd":	97016,
					"snd_wnd":	3279360,
					"rtt":	669654,
					"rttvar":	46966,
					"pmtu":	1500,
					"omitted":	false,
					"sender":	true
				}],
			"sum":	{
				"start":	10.002872,
				"end":	11.001614,
				"seconds":	0.99874198436737061,
				"bytes":	0,
				"bits_per_second":	0,
				"retransmits":	0,
				"omitted":	false,
				"sender":	true
			}
		}, {
			"streams":	[{
					"socket":	5,
					"start":	11.001614,
					"end":	12.006523,
					"seconds":	1.0049090385437012,
					"bytes":	0,
					"bits_per_second":	0,
					"retransmits":	2,
					"snd_cwnd":	62264,
					"snd_wnd":	3589120,
					"rtt":	510724,
					"rttvar":	27490,
					"pmtu":	1500,
					"omitted":	false,
					"sender":	true
				}],
			"sum":	{
				"start":	11.001614,
				"end":	12.006523,
				"seconds":	1.0049090385437012,
				"bytes":	0,
				"bits_per_second":	0,
				"retransmits":	2,
				"omitted":	false,
				"sender":	true
			}
		}, {
			"streams":	[{
					"socket":	5,
					"start":	12.006523,
					"end":	13.000254,
					"seconds":	0.99373102188110352,
					"bytes":	0,
					"bits_per_second":	0,
					"retransmits":	1,
					"snd_cwnd":	26064,
					"snd_wnd":	3959808,