{
	"start":	{
		"connected":	[{
				"socket":	5,
				"local_host":	"10.0.0.2",
				"local_port":	5201,
				"remote_host":	"10.0.0.1",
				"remote_port":	38912
			}],
		"version":	"iperf 3.16",
		"system_info":	"Linux mininet 6.8.0-88-generic #89-Ubuntu SMP PREEMPT_DYNAMIC Sat Oct 11 01:02:46 UTC 2025 x86_64",
		"sock_bufsize":	0,
		"sndbuf_actual":	87380,
		"rcvbuf_actual":	87380,
		"timestamp":	{
			"time":	"Tue, 02 Dec 2025 17:21:40 GMT",
			"timesecs":	1764696100
		},
		"accepted_connection":	{
			"host":	"10.0.0.1",
			"port":	38906
		},
		"cookie":	"snqwkm5t7um3rjn4yuwmz7awlunyhjou5npq",
		"tcp_mss_default":	0,
		"target_bitrate":	0,
		"fq_rate":	0,
		"test_start":	{
			"protocol":	"TCP",
			"num_streams":	1,
			"blksize":	131072,
			"omit":	0,
			"duration":	20,
			"bytes":	0,
			"blocks":	0,
			"reverse":	0,
			"tos":	0,
			"target_bitrate":	0,
			"bidir":	0,
			"fqrate":	0
		}
	},
	"intervals":	[{
			"streams":	[{
					"socket":	5,
					"start":	0,
					"end":	1.000658,
					"seconds":	1.00065803527832,
					"bytes":	4587520,
					"bits_per_second":	36676025.881101646,
					"omitted":	false,
					"sender":	false
				}],
			"sum":	{
				"start":	0,
				"end":	1.000658,
				"seconds":	1.00065803527832,
				"bytes":	4587520,
				"bits_per_second":	36676025.881101646,
				"omitted":	false,
				"sender":	false
			}
		}, {
			"streams":	[{
					"socket":	5,
					"start":	1.000658,
					"end":	2.001054,
					"seconds":	1.0003960132598877,
					"bytes":	6160384,
					"bits_per_second":	49263562.975832261,
					"omitted":	false,
					"sender":	false
				}],
			"sum":	{
				"start":	1.000658,
				"end":	2.001054,
				"seconds":	1.0003960132598877,
				"bytes":	6160384,
				"bits_per_second":	49263562.975832261,
				"omitted":	false,
				"sender":	false
			}
		}, {
			"streams":	[{
					"socket":	5,
					"start":	2.001054,
					"end":	3.000817,
					"seconds":	0.999763011932373,
					"bytes":	5373952,
					"bits_per_second":	43001806.915125281,
					"omitted":	false,
					"sender":	false
				}],
			"sum":	{
				"start":	2.001054,
				"end":	3.000817,
				"seconds":	0.999763011932373,
				"bytes":	5373952,
				"bits_per_second":	43001806.915125281,
				"omitted":	false,
				"sender":	false
			}
		}, {
			"streams":	[{
					"socket":	5,
					"start":	3.000817,
					"end":	4.000951,
					"seconds":	1.0001339912414551,
					"bytes":	3670016,
					"bits_per_second":	29356194.527050924,
					"omitted":	false,
					"sender":	false
				}],
			"sum":	{
				"start":	3.000817,
				"end":	4.000951,
				"seconds":	1.0001339912414551,
				"bytes":	3670016,
				"bits_per_second":	29356194.527050924,
				"omitted":	false,
				"sender":	false
			}
		}, {
			"streams":	[{
					"socket":	5,
					"start":	4.000951,
					"end":	5.001011,
					"seconds":	1.000059962272644,
					"bytes":	2752512,
					"bits_per_second":	22018775.70416794,
					"omitted":	false,
					"sender":	false
				}],
			"sum":	{
				"start":	4.000951,
				"end":	5.001011,
				"seconds":	1.000059962272644,
				"bytes":	2752512,
				"bits_per_second":	22018775.70416794,
				"omitted":	false,
				"sender":	false
			}
		}, {
			"streams":	[{
					"socket":	5,
					"start":	5.001011,
					"end":	6.00157,
					"seconds":	1.0005589723587036,
					"bytes":	1179648,
					"bits_per_second":	9431911.82200177,
					"omitted":	false,
					"sender":	false
				}],
			"sum":	{
				"start":	5.001011,
				"end":	6.00157,
				"seconds":	1.0005589723587036,
				"bytes":	1179648,
				"bits_per_second":	9431911.82200177,
				"omitted":	false,
				"sender":	false
			}
		}, {
			"streams":	[{
					"socket":	5,
					"start":	6.00157,
					"end":	7.001964,
					"seconds":	1.0003939867019653,
					"bytes":	1441792,
					"bits_per_second":	11529793.414718194,
					"omitted":	false,
					"sender":	false
				}],
			"sum":	{
				"start":	6.00157,
				"end":	7.001964,
				"seconds":	1.0003939867019653,
				"bytes":	1441792,
				"bits_per_second":	11529793.414718194,
				"omitted":	false,
				"sender":	false
			}
		}, {
			"streams":	[{
					"socket":	5,
					"start":	7.001964,
					"end":	8.000471,
					"seconds":	0.998507022857666,
					"bytes":	1441792,
					"bits_per_second":	11551582.248254435,
					"omitted":	false,
					"sender":	false
				}],
			"sum":	{
				"start":	7.001964,
				"end":	8.000471,
				"seconds":	0.998507022857666,
				"bytes":	1441792,
				"bits_per_second":	11551582.248254435,
				"omitted":	false,
				"sender":	false
			}
		}, {
			"streams":	[{
					"socket":	5,
					"start":	8.000471,
					"end":	9.001024,
					"seconds":	1.0005530118942261,
					"bytes":	1835008,
					"bits_per_second":	14671950.237007441,
					"omitted":	false,
					"sender":	false
				}],
			"sum":	{
				"start":	8.000471,
				"end":	9.001024,
				"seconds":	1.0005530118942261,
				"bytes":	1835008,
				"bits_per_second":	14671950.237007441,
				"omitted":	false,
				"sender":	false
			}
		}, {
			"streams":	[{
					"socket":	5,
					"start":	9.001024,
					"end":	10.000922,
					"seconds":	0.99989801645278931,
					"bytes":	2621440,
					"bits_per_second":	20973658.968139559,
					"omitted":	false,
					"sender":	false
				}],
			"sum":	{
				"start":	9.001024,
				"end":	10.000922,
				"seconds":	0.99989801645278931,
				"bytes":	2621440,
				"bits_per_second":	20973658.968139559,
				"omitted":	false,
				"sender":	false
			}
		}, {
			"streams":	[{
					"socket":	5,
					"start":	10.000922,
					"end":	11.000905,
					"seconds":	0.999983012676239,
					"bytes":	1966080,
					"bits_per_second":	15728907.192038877,
					"omitted":	false,
					"sender":	false
				}],
			"sum":	{
				"start":	10.000922,
				"end":	11.000905,
				"seconds":	0.999983012676239,
				"bytes":	1966080,
				"bits_per_second":	15728907.192038877,
				"omitted":	false,
				"sender":	false
			}
		}, {
			"streams":	[{
					"socket":	5,
					"start":	11.000905,
					"end":	12.001006,
					"seconds":	1.0001009702682495,
					"bytes":	2359296,
					"bits_per_second":	18872462.442404661,
					"omitted":	false,
					"sender":	false
				}],
			"sum":	{
				"start":	11.000905,
				"end":	12.001006,
				"seconds":	1.0001009702682495,
				"bytes":	2359296,
				"bits_per_second":	18872462.442404661,
				"omitted":	false,
				"sender":	false
			}
		}, {
			"streams":	[{
					"socket":	5,
					"start":	12.001006,
					"end":	13.000757,
					"seconds":	0.99975097179412842,
					"bytes":	2228224,
					"bits_per_second":	17830232.2307427,
					"omitted":	false,
					"sender":	false
				}],
			"sum":	{
				"start":	12.001006,
				"end":	13.000757,
				"seconds":	0.99975097179412842,
				"bytes":	2228224,
				"bits_per_second":	17830232.2307427,
				"omitted":	false,
				"sender":	false
			}
		}, {
			"streams":	[{
					"socket":	5,
					"start":	13.000757,
					"end":	14.000548,
					"seconds":	0.99979102611541748,
					"bytes":	2228224,
					"bits_per_second":	17829517.903616551,
					"omitted":	false,
					"sender":	false
				}],
			"sum":	{
				"start":	13.000757,
				"end":	14.000548,
				"seconds":	0.99979102611541748,
				"bytes":	2228224,
				"bits_per_second":	17829517.903616551,
				"omitted":	false,
				"sender":	false
			}
		}, {
			"streams":	[{
					"socket":	5,
					"start":	14.000548,
					"end":	15.000902,
					"seconds":	1.0003540515899658,
					"bytes":	1703936,
					"bits_per_second":	13626663.458136717,
					"omitted":	false,
					"sender":	false
				}],
			"sum":	{
				"start":	14.000548,
				"end":	15.000902,
				"seconds":	1.0003540515899658,
				"bytes":	1703936,
				"bits_per_second":	13626663.458136717,
				"omitted":	false,
				"sender":	false
			}
		}, {
			"streams":	[{
					"socket":	5,
					"start":	15.000902,
					"end":	16.000814,
					"seconds":	0.99991202354431152,
					"bytes":	2228224,
					"bits_per_second":	17827360.387981217,
					"omitted":	false,
					"sender":	false
				}],
			"sum":	{
				"start":	15.000902,
				"end":	16.000814,
				"seconds":	0.99991202354431152,
				"bytes":	2228224,
				"bits_per_second":	17827360.387981217,