{
	"start":	{
		"connected":	[{
				"socket":	5,
				"local_host":	"10.0.0.1",
				"local_port":	48974,
				"remote_host":	"10.0.0.2",
				"remote_port":	5201
			}],
		"version":	"iperf 3.16",
		"system_info":	"Linux mininet 6.8.0-88-generic #89-Ubuntu SMP PREEMPT_DYNAMIC Sat Oct 11 01:02:46 UTC 2025 x86_64",
		"timestamp":	{
			"time":	"Tue, 02 Dec 2025 19:00:23 GMT",
			"timesecs":	1764702023
		},
		"connecting_to":	{
			"host":	"10.0.0.2",
			"port":	5201
		},
		"cookie":	"cmrdzpagzgiyawctfpepebqv7xltovbow4pg",
		"tcp_mss_default":	1448,
		"target_bitrate":	0,
		"fq_rate":	0,
		"sock_bufsize":	0,
		"sndbuf_actual":	87380,
		"rcvbuf_actual":	87380,
		"test_start":	{
			"protocol":	"TCP",
			"num_streams":	1,
			"blksize":	131072,
			"omit":	0,
			"duration":	20,
			"bytes":	0,
			"blocks":	0,
			"reverse":	0,
			"tos":	0,
			"target_bitrate":	0,
			"bidir":	0,
			"fqrate":	0
		}
	},
	"intervals":	[{
			"streams":	[{
					"socket":	5,
					"start":	0,
					"end":	1.000958,
					"seconds":	1.00095796585083,
					"bytes":	10616832,
					"bits_per_second":	84853369.369815841,
					"retransmits":	0,
					"snd_cwnd":	587888,
					"snd_wnd":	3776000,
					"rtt":	48503,
					"rttvar":	281,
					"pmtu":	1500,
					"omitted":	false,
					"sender":	true
				}],
			"sum":	{
				"start":	0,
				"end":	1.000958,
				"seconds":	1.00095796585083,
				"bytes":	10616832,
				"bits_per_second":	84853369.369815841,
				"retransmits":	0,
				"omitted":	false,
				"sender":	true
			}
		}, {
			"streams":	[{
					"socket":	5,
					"start":	1.000958,
					"end":	2.000887,
					"seconds":	0.99992901086807251,
					"bytes":	5111808,
					"bits_per_second":	40897367.268600516,
					"retransmits":	4,
					"snd_cwnd":	570512,
					"snd_wnd":	3781120,
					"rtt":	62255,
					"rttvar":	899,
					"pmtu":	1500,
					"omitted":	false,
					"sender":	true
				}],
			"sum":	{
				"start":	1.000958,
				"end":	2.000887,
				"seconds":	0.99992901086807251,
				"bytes":	5111808,
				"bits_per_second":	40897367.268600516,
				"retransmits":	4,
				"omitted":	false,
				"sender":	true
			}
		}, {
			"streams":	[{
					"socket":	5,
					"start":	2.000887,
					"end":	3.000905,
					"seconds":	1.0000180006027222,
					"bytes":	7602176,
					"bits_per_second":	60816313.2697058,
					"retransmits":	4,
					"snd_cwnd":	564720,
					"snd_wnd":	3776000,
					"rtt":	54814,
					"rttvar":	117,
					"pmtu":	1500,
					"omitted":	false,
					"sender":	true
				}],
			"sum":	{
				"start":	2.000887,
				"end":	3.000905,
				"seconds":	1.0000180006027222,
				"bytes":	7602176,
				"bits_per_second":	60816313.2697058,
				"retransmits":	4,
				"omitted":	false,
				"sender":	true
			}
		}, {
			"streams":	[{
					"socket":	5,
					"start":	3.000905,
					"end":	4.000936,
					"seconds":	1.0000309944152832,
					"bytes":	5111808,
					"bits_per_second":	40893196.5392842,
					"retransmits":	3,
					"snd_cwnd":	564720,
					"snd_wnd":	3776000,
					"rtt":	54228,
					"rttvar":	43,
					"pmtu":	1500,
					"omitted":	false,
					"sender":	true
				}],
			"sum":	{
				"start":	3.000905,
				"end":	4.000936,
				"seconds":	1.0000309944152832,
				"bytes":	5111808,
				"bits_per_second":	40893196.5392842,
				"retransmits":	3,
				"omitted":	false,
				"sender":	true
			}
		}, {
			"streams":	[{
					"socket":	5,
					"start":	4.000936,
					"end":	5.001077,
					"seconds":	1.0001410245895386,
					"bytes":	4980736,
					"bits_per_second":	39840269.542340688,
					"retransmits":	4,
					"snd_cwnd":	567616,
					"snd_wnd":	3776000,
					"rtt":	47318,
					"rttvar":	93,
					"pmtu":	1500,
					"omitted":	false,
					"sender":	true
				}],
			"sum":	{
				"start":	4.000936,
				"end":	5.001077,
				"seconds":	1.0001410245895386,
				"bytes":	4980736,
				"bits_per_second":	39840269.542340688,
				"retransmits":	4,
				"omitted":	false,
				"sender":	true
			}
		}, {
			"streams":	[{
					"socket":	5,
					"start":	5.001077,
					"end":	6.0008,
					"seconds":	0.99972301721572876,
					"bytes":	7733248,
					"bits_per_second":	61883124.560140073,
					"retransmits":	4,
					"snd_cwnd":	567616,
					"snd_wnd":	3776000,
					"rtt":	48839,
					"rttvar":	399,
					"pmtu":	1500,
					"omitted":	false,
					"sender":	true
				}],
			"sum":	{
				"start":	5.001077,
				"end":	6.0008,
				"seconds":	0.99972301721572876,
				"bytes":	7733248,
				"bits_per_second":	61883124.560140073,
				"retransmits":	4,
				"omitted":	false,
				"sender":	true
			}
		}, {
			"streams":	[{
					"socket":	5,
					"start":	6.0008,
					"end":	7.000857,
					"seconds":	1.0000569820404053,
					"bytes":	4980736,
					"bits_per_second":	39843617.629370354,
					"retransmits":	4,
					"snd_cwnd":	634224,
					"snd_wnd":	3774976,
					"rtt":	53119,
					"rttvar":	1743,
					"pmtu":	1500,
					"omitted":	false,
					"sender":	true
				}],
			"sum":	{
				"start":	6.0008,
				"end":	7.000857,
				"seconds":	1.0000569820404053,
				"bytes":	4980736,
				"bits_per_second":	39843617.629370354,
				"retransmits":	4,
				"omitted":	false,
				"sender":	true
			}
		}, {
			"streams":	[{
					"socket":	5,
					"start":	7.000857,
					"end":	8.000684,
					"seconds":	0.99982702732086182,
					"bytes":	7602176,
					"bits_per_second":	60827929.569944143,
					"retransmits":	0,
					"snd_cwnd":	576304,
					"snd_wnd":	3776000,
					"rtt":	52456,
					"rttvar":	96,
					"pmtu":	1500,
					"omitted":	false,
					"sender":	true
				}],
			"sum":	{
				"start":	7.000857,
				"end":	8.000684,
				"seconds":	0.99982702732086182,
				"bytes":	7602176,
				"bits_per_second":	60827929.569944143,
				"retransmits":	0,
				"omitted":	false,
				"sender":	true
			}
		}, {
			"streams":	[{
					"socket":	5,
					"start":	8.000684,
					"end":	9.001038,
					"seconds":	1.0003540515899658,
					"bytes":	5111808,
					"bits_per_second":	40879990.374410152,
					"retransmits":	1,
					"snd_cwnd":	570512,
					"snd_wnd":	3781120,
					"rtt":	55942,
					"rttvar":	158,
					"pmtu":	1500,
					"omitted":	false,
					"sender":	true
				}],
			"sum":	{
				"start":	8.000684,
				"end":	9.001038,
				"seconds":	1.0003540515899658,
				"bytes":	5111808,
				"bits_per_second":	40879990.374410152,
				"retransmits":	1,
				"omitted":	false,
				"sender":	true
			}
		}, {
			"streams":	[{
					"socket":	5,
					"start":	9.001038,
					"end":	10.000884,
					"seconds":	0.99984598159790039,
					"bytes":	5111808,
					"bits_per_second":	40900763.470234342,
					"retransmits":	0,
					"snd_cwnd":	564720,
					"snd_wnd":	3776000,
					"rtt":	59434,
					"rttvar":	82,
					"pmtu":	1500,
					"omitted":	false,
					"sender":	true
				}],
			"sum":	{
				"start":	9.001038,
				"end":	10.000884,
				"seconds":	0.99984598159790039,
				"bytes":	5111808,
				"bits_per_second":	40900763.470234342,
				"retransmits":	0,
				"omitted":	false,
				"sender":	true
			}
		}, {
			"streams":	[{
					"socket":	5,
					"start":	10.000884,
					"end":	11.00079,
					"seconds":	0.99990600347518921,
					"bytes":	5111808,
					"bits_per_second":	40898308.29885073,
					"retransmits":	0,
					"snd_cwnd":	573408,
					"snd_wnd":	3774976,
					"rtt":	52706,
					"rttvar":	1788,
					"pmtu":	1500,
					"omitted":	false,
					"sender":	true
				}],
			"sum":	{
				"start":	10.000884,
				"end":	11.00079,
				"seconds":	0.99990600347518921,
				"bytes":	5111808,
				"bits_per_second":	40898308.29885073,
				"retransmits":	0,
				"omitted":	false,
				"sender":	true
			}
		}, {
			"streams":	[{
					"socket":	5,
					"start":	11.00079,
					"end":	12.000838,
					"seconds":	1.000048041343689,
					"bytes":	5111808,
					"bits_per_second":	40892499.469378687,
					"retransmits":	0,
					"snd_cwnd":	570512,
					"snd_wnd":	3776000,
					"rtt":	55168,
					"rttvar":	160,
					"pmtu":	1500,
					"omitted":	false,
					"sender":	true
				}],
			"sum":	{
				"start":	11.00079,
				"end":	12.000838,
				"seconds":	1.000048041343689,
				"bytes":	5111808,
				"bits_per_second":	40892499.469378687,