{
	"start":	{
		"connected":	[{
				"socket":	5,
				"local_host":	"10.0.0.2",
				"local_port":	5201,
				"remote_host":	"10.0.0.1",
				"remote_port":	48974
			}],
		"version":	"iperf 3.16",
		"system_info":	"Linux mininet 6.8.0-88-generic #89-Ubuntu SMP PREEMPT_DYNAMIC Sat Oct 11 01:02:46 UTC 2025 x86_64",
		"sock_bufsize":	0,
		"sndbuf_actual":	87380,
		"rcvbuf_actual":	87380,
		"timestamp":	{
			"time":	"Tue, 02 Dec 2025 19:00:23 GMT",
			"timesecs":	1764702023
		},
		"accepted_connection":	{
			"host":	"10.0.0.1",
			"port":	48970
		},
		"cookie":	"cmrdzpagzgiyawctfpepebqv7xltovbow4pg",
		"tcp_mss_default":	0,
		"target_bitrate":	0,
		"fq_rate":	0,
		"test_start":	{
			"protocol":	"TCP",
			"num_streams":	1,
			"blksize":	131072,
			"omit":	0,
			"duration":	20,
			"bytes":	0,
			"blocks":	0,
			"reverse":	0,
			"tos":	0,
			"target_bitrate":	0,
			"bidir":	0,
			"fqrate":	0
		}
	},
	"intervals":	[{
			"streams":	[{
					"socket":	5,
					"start":	0,
					"end":	1.001006,
					"seconds":	1.001006007194519,
					"bytes":	4718592,
					"bits_per_second":	37710798.66523172,
					"omitted":	false,
					"sender":	false
				}],
			"sum":	{
				"start":	0,
				"end":	1.001006,
				"seconds":	1.001006007194519,
				"bytes":	4718592,
				"bits_per_second":	37710798.66523172,
				"omitted":	false,
				"sender":	false
			}
		}, {
			"streams":	[{
					"socket":	5,
					"start":	1.001006,
					"end":	2.001066,
					"seconds":	1.000059962272644,
					"bytes":	5898240,
					"bits_per_second":	47183090.794645585,
					"omitted":	false,
					"sender":	false
				}],
			"sum":	{
				"start":	1.001006,
				"end":	2.001066,
				"seconds":	1.000059962272644,
				"bytes":	5898240,
				"bits_per_second":	47183090.794645585,
				"omitted":	false,
				"sender":	false
			}
		}, {
			"streams":	[{
					"socket":	5,
					"start":	2.001066,
					"end":	3.000927,
					"seconds":	0.99986100196838379,
					"bytes":	6029312,
					"bits_per_second":	48241201.432041854,
					"omitted":	false,
					"sender":	false
				}],
			"sum":	{
				"start":	2.001066,
				"end":	3.000927,
				"seconds":	0.99986100196838379,
				"bytes":	6029312,
				"bits_per_second":	48241201.432041854,
				"omitted":	false,
				"sender":	false
			}
		}, {
			"streams":	[{
					"socket":	5,
					"start":	3.000927,
					"end":	4.001077,
					"seconds":	1.0001499652862549,
					"bytes":	5898240,
					"bits_per_second":	47178844.811032742,
					"omitted":	false,
					"sender":	false
				}],
			"sum":	{
				"start":	3.000927,
				"end":	4.001077,
				"seconds":	1.0001499652862549,
				"bytes":	5898240,
				"bits_per_second":	47178844.811032742,
				"omitted":	false,
				"sender":	false
			}
		}, {
			"streams":	[{
					"socket":	5,
					"start":	4.001077,
					"end":	5.000892,
					"seconds":	0.99981498718261719,
					"bytes":	6029312,
					"bits_per_second":	48243421.6513599,
					"omitted":	false,
					"sender":	false
				}],
			"sum":	{
				"start":	4.001077,
				"end":	5.000892,
				"seconds":	0.99981498718261719,
				"bytes":	6029312,
				"bits_per_second":	48243421.6513599,
				"omitted":	false,
				"sender":	false
			}
		}, {
			"streams":	[{
					"socket":	5,
					"start":	5.000892,
					"end":	6.000852,
					"seconds":	0.99996000528335571,
					"bytes":	5898240,
					"bits_per_second":	47187807.262980551,
					"omitted":	false,
					"sender":	false
				}],
			"sum":	{
				"start":	5.000892,
				"end":	6.000852,
				"seconds":	0.99996000528335571,
				"bytes":	5898240,
				"bits_per_second":	47187807.262980551,
				"omitted":	false,
				"sender":	false
			}
		}, {
			"streams":	[{
					"socket":	5,
					"start":	6.000852,
					"end":	7.001,
					"seconds":	1.0001480579376221,
					"bytes":	5898240,
					"bits_per_second":	47178934.784216642,
					"omitted":	false,
					"sender":	false
				}],
			"sum":	{
				"start":	6.000852,
				"end":	7.001,
				"seconds":	1.0001480579376221,
				"bytes":	5898240,
				"bits_per_second":	47178934.784216642,
				"omitted":	false,
				"sender":	false
			}
		}, {
			"streams":	[{
					"socket":	5,
					"start":	7.001,
					"end":	8.000796,
					"seconds":	0.999795973300934,
					"bytes":	6029312,
					"bits_per_second":	48244339.133261986,
					"omitted":	false,
					"sender":	false
				}],
			"sum":	{
				"start":	7.001,
				"end":	8.000796,
				"seconds":	0.999795973300934,
				"bytes":	6029312,
				"bits_per_second":	48244339.133261986,
				"omitted":	false,
				"sender":	false
			}
		}, {
			"streams":	[{
					"socket":	5,
					"start":	8.000796,
					"end":	9.001011,
					"seconds":	1.0002150535583496,
					"bytes":	5898240,
					"bits_per_second":	47175774.681786783,
					"omitted":	false,
					"sender":	false
				}],
			"sum":	{
				"start":	8.000796,
				"end":	9.001011,
				"seconds":	1.0002150535583496,
				"bytes":	5898240,
				"bits_per_second":	47175774.681786783,
				"omitted":	false,
				"sender":	false
			}
		}, {
			"streams":	[{
					"socket":	5,
					"start":	9.001011,
					"end":	10.001067,
					"seconds":	1.0000560283660889,
					"bytes":	6029312,
					"bits_per_second":	48231793.651408173,
					"omitted":	false,
					"sender":	false
				}],
			"sum":	{
				"start":	9.001011,
				"end":	10.001067,
				"seconds":	1.0000560283660889,
				"bytes":	6029312,
				"bits_per_second":	48231793.651408173,
				"omitted":	false,
				"sender":	false
			}
		}, {
			"streams":	[{
					"socket":	5,
					"start":	10.001067,
					"end":	11.00099,
					"seconds":	0.9999229907989502,
					"bytes":	4325376,
					"bits_per_second":	34605672.955226071,
					"omitted":	false,
					"sender":	false
				}],
			"sum":	{
				"start":	10.001067,
				"end":	11.00099,
				"seconds":	0.9999229907989502,
				"bytes":	4325376,
				"bits_per_second":	34605672.955226071,
				"omitted":	false,
				"sender":	false
			}
		}, {
			"streams":	[{
					"socket":	5,
					"start":	11.00099,
					"end":	12.000905,
					"seconds":	0.99991500377655029,
					"bytes":	6029312,
					"bits_per_second":	48238596.0984929,
					"omitted":	false,
					"sender":	false
				}],
			"sum":	{
				"start":	11.00099,
				"end":	12.000905,
				"seconds":	0.99991500377655029,
				"bytes":	6029312,
				"bits_per_second":	48238596.0984929,
				"omitted":	false,
				"sender":	false
			}
		}, {
			"streams":	[{
					"socket":	5,
					"start":	12.000905,
					"end":	13.000846,
					"seconds":	0.99994099140167236,
					"bytes":	5636096,
					"bits_per_second":	45091428.78200902,
					"omitted":	false,
					"sender":	false
				}],
			"sum":	{
				"start":	12.000905,
				"end":	13.000846,
				"seconds":	0.99994099140167236,
				"bytes":	5636096,
				"bits_per_second":	45091428.78200902,
				"omitted":	false,
				"sender":	false
			}
		}, {
			"streams":	[{
					"socket":	5,
					"start":	13.000846,
					"end":	14.001043,
					"seconds":	1.0001970529556274,
					"bytes":	6291456,
					"bits_per_second":	50321731.953986175,
					"omitted":	false,
					"sender":	false
				}],
			"sum":	{
				"start":	13.000846,
				"end":	14.001043,
				"seconds":	1.0001970529556274,
				"bytes":	6291456,
				"bits_per_second":	50321731.953986175,
				"omitted":	false,
				"sender":	false
			}
		}, {
			"streams":	[{
					"socket":	5,
					"start":	14.001043,
					"end":	15.001002,
					"seconds":	0.99995899200439453,
					"bytes":	5898240,
					"bits_per_second":	47187855.079353727,
					"omitted":	false,
					"sender":	false
				}],
			"sum":	{
				"start":	14.001043,
				"end":	15.001002,
				"seconds":	0.99995899200439453,
				"bytes":	5898240,
				"bits_per_second":	47187855.079353727,
				"omitted":	false,
				"sender":	false
			}
		}, {
			"streams":	[{
					"socket":	5,
					"start":	15.001002,
					"end":	16.000978,
					"seconds":	0.99997597932815552,
					"bytes":	5767168,
					"bits_per_second":	46138452.27662155,
					"omitted":	false,
					"sender":	false
				}],
			"sum":	{
				"start":	15.001002,
				"end":	16.000978,
				"seconds":	0.99997597932815552,
				"bytes":	5767168,
				"bits_per_second":	46138452.27662155,