{
	"start":	{
		"connected":	[{
				"socket":	5,
				"local_host":	"10.0.0.1",
				"local_port":	50266,
				"remote_host":	"10.0.0.2",
				"remote_port":	5201
			}],
		"version":	"iperf 3.16",
		"system_info":	"Linux mininet 6.8.0-88-generic #89-Ubuntu SMP PREEMPT_DYNAMIC Sat Oct 11 01:02:46 UTC 2025 x86_64",
		"timestamp":	{
			"time":	"Tue, 02 Dec 2025 17:08:15 GMT",
			"timesecs":	1764695295
		},
		"connecting_to":	{
			"host":	"10.0.0.2",
			"port":	5201
		},
		"cookie":	"5mlawrypecbr4sxe4l25mwjhy6vg5sc2ql7t",
		"tcp_mss_default":	1448,
		"target_bitrate":	0,
		"fq_rate":	0,
		"sock_bufsize":	0,
		"sndbuf_actual":	87380,
		"rcvbuf_actual":	87380,
		"test_start":	{
			"protocol":	"TCP",
			"num_streams":	1,
			"blksize":	131072,
			"omit":	0,
			"duration":	20,
			"bytes":	0,
			"blocks":	0,
			"reverse":	0,
			"tos":	0,
			"target_bitrate":	0,
			"bidir":	0,
			"fqrate":	0
		}
	},
	"intervals":	[{
			"streams":	[{
					"socket":	5,
					"start":	0,
					"end":	1.00085,
					"seconds":	1.0008499622344971,
					"bytes":	2097152,
					"bits_per_second":	16762968.110168278,
					"retransmits":	4,
					"snd_cwnd":	183896,
					"snd_wnd":	687616,
					"rtt":	254661,
					"rttvar":	7888,
					"pmtu":	1500,
					"omitted":	false,
					"sender":	true
				}],
			"sum":	{
				"start":	0,
				"end":	1.00085,
				"seconds":	1.0008499622344971,
				"bytes":	2097152,
				"bits_per_second":	16762968.110168278,
				"retransmits":	4,
				"omitted":	false,
				"sender":	true
			}
		}, {
			"streams":	[{
					"socket":	5,
					"start":	1.00085,
					"end":	2.000796,
					"seconds":	0.9999459981918335,
					"bytes":	1572864,
					"bits_per_second":	12583591.536696211,
					"retransmits":	0,
					"snd_cwnd":	192584,
					"snd_wnd":	3030528,
					"rtt":	159181,
					"rttvar":	374,
					"pmtu":	1500,
					"omitted":	false,
					"sender":	true
				}],
			"sum":	{
				"start":	1.00085,
				"end":	2.000796,
				"seconds":	0.9999459981918335,
				"bytes":	1572864,
				"bits_per_second":	12583591.536696211,
				"retransmits":	0,
				"omitted":	false,
				"sender":	true
			}
		}, {
			"streams":	[{
					"socket":	5,
					"start":	2.000796,
					"end":	3.000803,
					"seconds":	1.0000070333480835,
					"bytes":	1572864,
					"bits_per_second":	12582823.500622448,
					"retransmits":	0,
					"snd_cwnd":	201272,
					"snd_wnd":	5422592,
					"rtt":	167054,
					"rttvar":	236,
					"pmtu":	1500,
					"omitted":	false,
					"sender":	true
				}],
			"sum":	{
				"start":	2.000796,
				"end":	3.000803,
				"seconds":	1.0000070333480835,
				"bytes":	1572864,
				"bits_per_second":	12582823.500622448,
				"retransmits":	0,
				"omitted":	false,
				"sender":	true
			}
		}, {
			"streams":	[{
					"socket":	5,
					"start":	3.000803,
					"end":	4.000948,
					"seconds":	1.0001449584960938,
					"bytes":	786432,
					"bits_per_second":	6290544.1321829874,
					"retransmits":	4,
					"snd_cwnd":	105704,
					"snd_wnd":	7394816,
					"rtt":	104718,
					"rttvar":	192,
					"pmtu":	1500,
					"omitted":	false,
					"sender":	true
				}],
			"sum":	{
				"start":	3.000803,
				"end":	4.000948,
				"seconds":	1.0001449584960938,
				"bytes":	786432,
				"bits_per_second":	6290544.1321829874,
				"retransmits":	4,
				"omitted":	false,
				"sender":	true
			}
		}, {
			"streams":	[{
					"socket":	5,
					"start":	4.000948,
					"end":	5.000801,
					"seconds":	0.999853014945984,
					"bytes":	786432,
					"bits_per_second":	6292380.88594441,
					"retransmits":	1,
					"snd_cwnd":	60816,
					"snd_wnd":	8080384,
					"rtt":	104954,
					"rttvar":	712,
					"pmtu":	1500,
					"omitted":	false,
					"sender":	true
				}],
			"sum":	{
				"start":	4.000948,
				"end":	5.000801,
				"seconds":	0.999853014945984,
				"bytes":	786432,
				"bits_per_second":	6292380.88594441,
				"retransmits":	1,
				"omitted":	false,
				"sender":	true
			}
		}, {
			"streams":	[{
					"socket":	5,
					"start":	5.000801,
					"end":	6.000804,
					"seconds":	1.0000029802322388,
					"bytes":	786432,
					"bits_per_second":	6291437.25005588,
					"retransmits":	0,
					"snd_cwnd":	75296,
					"snd_wnd":	8080384,
					"rtt":	105487,
					"rttvar":	911,
					"pmtu":	1500,
					"omitted":	false,
					"sender":	true
				}],
			"sum":	{
				"start":	5.000801,
				"end":	6.000804,
				"seconds":	1.0000029802322388,
				"bytes":	786432,
				"bits_per_second":	6291437.25005588,
				"retransmits":	0,
				"omitted":	false,
				"sender":	true
			}
		}, {
			"streams":	[{
					"socket":	5,
					"start":	6.000804,
					"end":	7.000814,
					"seconds":	1.0000100135803223,
					"bytes":	786432,
					"bits_per_second":	6291393.00063085,
					"retransmits":	2,
					"snd_cwnd":	46336,
					"snd_wnd":	8080384,
					"rtt":	105112,
					"rttvar":	507,
					"pmtu":	1500,
					"omitted":	false,
					"sender":	true
				}],
			"sum":	{
				"start":	6.000804,
				"end":	7.000814,
				"seconds":	1.0000100135803223,
				"bytes":	786432,
				"bits_per_second":	6291393.00063085,
				"retransmits":	2,
				"omitted":	false,
				"sender":	true
			}
		}, {
			"streams":	[{
					"socket":	5,
					"start":	7.000814,
					"end":	8.000793,
					"seconds":	0.999979019165039,
					"bytes":	0,
					"bits_per_second":	0,
					"retransmits":	0,
					"snd_cwnd":	59368,
					"snd_wnd":	8080384,
					"rtt":	105252,
					"rttvar":	1177,
					"pmtu":	1500,
					"omitted":	false,
					"sender":	true
				}],
			"sum":	{
				"start":	7.000814,
				"end":	8.000793,
				"seconds":	0.999979019165039,
				"bytes":	0,
				"bits_per_second":	0,
				"retransmits":	0,
				"omitted":	false,
				"sender":	true
			}
		}, {
			"streams":	[{
					"socket":	5,
					"start":	8.000793,
					"end":	9.000769,
					"seconds":	0.99997597932815552,
					"bytes":	786432,
					"bits_per_second":	6291607.1286302116,
					"retransmits":	0,
					"snd_cwnd":	73848,
					"snd_wnd":	8080384,
					"rtt":	104572,
					"rttvar":	159,
					"pmtu":	1500,
					"omitted":	false,
					"sender":	true
				}],
			"sum":	{
				"start":	8.000793,
				"end":	9.000769,
				"seconds":	0.99997597932815552,
				"bytes":	786432,
				"bits_per_second":	6291607.1286302116,
				"retransmits":	0,
				"omitted":	false,
				"sender":	true
			}
		}, {
			"streams":	[{
					"socket":	5,
					"start":	9.000769,
					"end":	10.000797,
					"seconds":	1.0000280141830444,
					"bytes":	786432,
					"bits_per_second":	6291279.75493736,
					"retransmits":	0,
					"snd_cwnd":	86880,
					"snd_wnd":	8080384,
					"rtt":	105311,
					"rttvar":	1045,
					"pmtu":	1500,
					"omitted":	false,
					"sender":	true
				}],
			"sum":	{
				"start":	9.000769,
				"end":	10.000797,
				"seconds":	1.0000280141830444,
				"bytes":	786432,
				"bits_per_second":	6291279.75493736,
				"retransmits":	0,
				"omitted":	false,
				"sender":	true
			}
		}, {
			"streams":	[{
					"socket":	5,
					"start":	10.000797,
					"end":	11.001079,
					"seconds":	1.0002820491790771,
					"bytes":	786432,
					"bits_per_second":	6289682.0003551431,
					"retransmits":	0,
					"snd_cwnd":	99912,
					"snd_wnd":	8080384,
					"rtt":	104743,
					"rttvar":	353,
					"pmtu":	1500,
					"omitted":	false,
					"sender":	true
				}],
			"sum":	{
				"start":	10.000797,
				"end":	11.001079,
				"seconds":	1.0002820491790771,
				"bytes":	786432,
				"bits_per_second":	6289682.0003551431,
				"retransmits":	0,
				"omitted":	false,
				"sender":	true
			}
		}, {
			"streams":	[{
					"socket":	5,
					"start":	11.001079,
					"end":	12.001021,
					"seconds":	0.99994200468063354,
					"bytes":	786432,
					"bits_per_second":	6291820.89616227,
					"retransmits":	2,
					"snd_cwnd":	59368,
					"snd_wnd":	8080384,
					"rtt":	104805,
					"rttvar":	521,
					"pmtu":	1500,
					"omitted":	false,
					"sender":	true
				}],
			"sum":	{
				"start":	11.001079,
				"end":	12.001021,
				"seconds":	0.99994200468063354,
				"bytes":	786432,
				"bits_per_second":	6291820.89616227,
				"retransmits":	2,
				"omitted":	false,