{
	"start":	{
		"connected":	[{
				"socket":	5,
				"local_host":	"10.0.0.2",
				"local_port":	5201,
				"remote_host":	"10.0.0.1",
				"remote_port":	52088
			}],
		"version":	"iperf 3.16",
		"system_info":	"Linux mininet 6.8.0-88-generic #89-Ubuntu SMP PREEMPT_DYNAMIC Sat Oct 11 01:02:46 UTC 2025 x86_64",
		"sock_bufsize":	0,
		"sndbuf_actual":	87380,
		"rcvbuf_actual":	87380,
		"timestamp":	{
			"time":	"Tue, 02 Dec 2025 17:24:46 GMT",
			"timesecs":	1764696286
		},
		"accepted_connection":	{
			"host":	"10.0.0.1",
			"port":	52074
		},
		"cookie":	"jokhlnu75cvzmblffmlgwaw5i4bydjwkvwmp",
		"tcp_mss_default":	0,
		"target_bitrate":	0,
		"fq_rate":	0,
		"test_start":	{
			"protocol":	"TCP",
			"num_streams":	1,
			"blksize":	131072,
			"omit":	0,
			"duration":	20,
			"bytes":	0,
			"blocks":	0,
			"reverse":	0,
			"tos":	0,
			"target_bitrate":	0,
			"bidir":	0,
			"fqrate":	0
		}
	},
	"intervals":	[{
			"streams":	[{
					"socket":	5,
					"start":	0,
					"end":	1.001046,
					"seconds":	1.0010459423065186,
					"bytes":	4718592,
					"bits_per_second":	37709294.253791,
					"omitted":	false,
					"sender":	false
				}],
			"sum":	{
				"start":	0,
				"end":	1.001046,
				"seconds":	1.0010459423065186,
				"bytes":	4718592,
				"bits_per_second":	37709294.253791,
				"omitted":	false,
				"sender":	false
			}
		}, {
			"streams":	[{
					"socket":	5,
					"start":	1.001046,
					"end":	2.001242,
					"seconds":	1.0001959800720215,
					"bytes":	3932160,
					"bits_per_second":	31451116.2079804,
					"omitted":	false,
					"sender":	false
				}],
			"sum":	{
				"start":	1.001046,
				"end":	2.001242,
				"seconds":	1.0001959800720215,
				"bytes":	3932160,
				"bits_per_second":	31451116.2079804,
				"omitted":	false,
				"sender":	false
			}
		}, {
			"streams":	[{
					"socket":	5,
					"start":	2.001242,
					"end":	3.001005,
					"seconds":	0.999763011932373,
					"bytes":	393216,
					"bits_per_second":	3146473.6767164841,
					"omitted":	false,
					"sender":	false
				}],
			"sum":	{
				"start":	2.001242,
				"end":	3.001005,
				"seconds":	0.999763011932373,
				"bytes":	393216,
				"bits_per_second":	3146473.6767164841,
				"omitted":	false,
				"sender":	false
			}
		}, {
			"streams":	[{
					"socket":	5,
					"start":	3.001005,
					"end":	4.000937,
					"seconds":	0.99993199110031128,
					"bytes":	13107200,
					"bits_per_second":	104864731.73502146,
					"omitted":	false,
					"sender":	false
				}],
			"sum":	{
				"start":	3.001005,
				"end":	4.000937,
				"seconds":	0.99993199110031128,
				"bytes":	13107200,
				"bits_per_second":	104864731.73502146,
				"omitted":	false,
				"sender":	false
			}
		}, {
			"streams":	[{
					"socket":	5,
					"start":	4.000937,
					"end":	5.000714,
					"seconds":	0.99977701902389526,
					"bytes":	6422528,
					"bits_per_second":	51391683.367721,
					"omitted":	false,
					"sender":	false
				}],
			"sum":	{
				"start":	4.000937,
				"end":	5.000714,
				"seconds":	0.99977701902389526,
				"bytes":	6422528,
				"bits_per_second":	51391683.367721,
				"omitted":	false,
				"sender":	false
			}
		}, {
			"streams":	[{
					"socket":	5,
					"start":	5.000714,
					"end":	6.000954,
					"seconds":	1.0002399682998657,
					"bytes":	5898240,
					"bits_per_second":	47174599.591539174,
					"omitted":	false,
					"sender":	false
				}],
			"sum":	{
				"start":	5.000714,
				"end":	6.000954,
				"seconds":	1.0002399682998657,
				"bytes":	5898240,
				"bits_per_second":	47174599.591539174,
				"omitted":	false,
				"sender":	false
			}
		}, {
			"streams":	[{
					"socket":	5,
					"start":	6.000954,
					"end":	7.001023,
					"seconds":	1.00006902217865,
					"bytes":	6029312,
					"bits_per_second":	48231166.979776226,
					"omitted":	false,
					"sender":	false
				}],
			"sum":	{
				"start":	6.000954,
				"end":	7.001023,
				"seconds":	1.00006902217865,
				"bytes":	6029312,
				"bits_per_second":	48231166.979776226,
				"omitted":	false,
				"sender":	false
			}
		}, {
			"streams":	[{
					"socket":	5,
					"start":	7.001023,
					"end":	8.000719,
					"seconds":	0.99969601631164551,
					"bytes":	5898240,
					"bits_per_second":	47200268.111591883,
					"omitted":	false,
					"sender":	false
				}],
			"sum":	{
				"start":	7.001023,
				"end":	8.000719,
				"seconds":	0.99969601631164551,
				"bytes":	5898240,
				"bits_per_second":	47200268.111591883,
				"omitted":	false,
				"sender":	false
			}
		}, {
			"streams":	[{
					"socket":	5,
					"start":	8.000719,
					"end":	9.000697,
					"seconds":	0.999978005886078,
					"bytes":	6029312,
					"bits_per_second":	48235556.89833352,
					"omitted":	false,
					"sender":	false
				}],
			"sum":	{
				"start":	8.000719,
				"end":	9.000697,
				"seconds":	0.999978005886078,
				"bytes":	6029312,
				"bits_per_second":	48235556.89833352,
				"omitted":	false,
				"sender":	false
			}
		}, {
			"streams":	[{
					"socket":	5,
					"start":	9.000697,
					"end":	10.000977,
					"seconds":	1.0002800226211548,
					"bytes":	5898240,
					"bits_per_second":	47172710.5739381,
					"omitted":	false,
					"sender":	false
				}],
			"sum":	{
				"start":	9.000697,
				"end":	10.000977,
				"seconds":	1.0002800226211548,
				"bytes":	5898240,
				"bits_per_second":	47172710.5739381,
				"omitted":	false,
				"sender":	false
			}
		}, {
			"streams":	[{
					"socket":	5,
					"start":	10.000977,
					"end":	11.001087,
					"seconds":	1.0001100301742554,
					"bytes":	6029312,
					"bits_per_second":	48229189.3338934,
					"omitted":	false,
					"sender":	false
				}],
			"sum":	{
				"start":	10.000977,
				"end":	11.001087,
				"seconds":	1.0001100301742554,
				"bytes":	6029312,
				"bits_per_second":	48229189.3338934,
				"omitted":	false,
				"sender":	false
			}
		}, {
			"streams":	[{
					"socket":	5,
					"start":	11.001087,
					"end":	12.001039,
					"seconds":	0.99995201826095581,
					"bytes":	5898240,
					"bits_per_second":	47188184.171138868,
					"omitted":	false,
					"sender":	false
				}],
			"sum":	{
				"start":	11.001087,
				"end":	12.001039,
				"seconds":	0.99995201826095581,
				"bytes":	5898240,
				"bits_per_second":	47188184.171138868,
				"omitted":	false,
				"sender":	false
			}
		}, {
			"streams":	[{
					"socket":	5,
					"start":	12.001039,
					"end":	13.000697,
					"seconds":	0.99965798854827881,
					"bytes":	5898240,
					"bits_per_second":	47202063.6463119,
					"omitted":	false,
					"sender":	false
				}],
			"sum":	{
				"start":	12.001039,
				"end":	13.000697,
				"seconds":	0.99965798854827881,
				"bytes":	5898240,
				"bits_per_second":	47202063.6463119,
				"omitted":	false,
				"sender":	false
			}
		}, {
			"streams":	[{
					"socket":	5,
					"start":	13.000697,
					"end":	14.00105,
					"seconds":	1.00035297870636,
					"bytes":	6029312,
					"bits_per_second":	48217476.257606655,
					"omitted":	false,
					"sender":	false
				}],
			"sum":	{
				"start":	13.000697,
				"end":	14.00105,
				"seconds":	1.00035297870636,
				"bytes":	6029312,
				"bits_per_second":	48217476.257606655,
				"omitted":	false,
				"sender":	false
			}
		}, {
			"streams":	[{
					"socket":	5,
					"start":	14.00105,
					"end":	15.001041,
					"seconds":	0.999990999698639,
					"bytes":	5898240,
					"bits_per_second":	47186344.691322349,
					"omitted":	false,
					"sender":	false
				}],
			"sum":	{
				"start":	14.00105,
				"end":	15.001041,
				"seconds":	0.999990999698639,
				"bytes":	5898240,
				"bits_per_second":	47186344.691322349,
				"omitted":	false,
				"sender":	false
			}
		}, {
			"streams":	[{
					"socket":	5,
					"start":	15.001041,
					"end":	16.001082,
					"seconds":	1.0000410079956055,
					"bytes":	5898240,
					"bits_per_second":	47183985.079347216,
					"omitted":	false,
					"sender":	false
				}],
			"sum":	{
				"start":	15.001041,
				"end":	16.001082,
				"seconds":	1.0000410079956055,
				"bytes":	5898240,
				"bits_per_second":	47183985.079347216,
				"omitted":	false,