{
	"start":	{
		"connected":	[{
				"socket":	5,
				"local_host":	"10.0.0.1",
				"local_port":	35460,
				"remote_host":	"10.0.0.2",
				"remote_port":	5201
			}],
		"version":	"iperf 3.16",
		"system_info":	"Linux mininet 6.8.0-88-generic #89-Ubuntu SMP PREEMPT_DYNAMIC Sat Oct 11 01:02:46 UTC 2025 x86_64",
		"timestamp":	{
			"time":	"Tue, 02 Dec 2025 18:22:08 GMT",
			"timesecs":	1764699728
		},
		"connecting_to":	{
			"host":	"10.0.0.2",
			"port":	5201
		},
		"cookie":	"gdhq6fx4zur7t62oz7u27n36pd5i6eiye2np",
		"tcp_mss_default":	1448,
		"target_bitrate":	0,
		"fq_rate":	0,
		"sock_bufsize":	0,
		"sndbuf_actual":	87380,
		"rcvbuf_actual":	87380,
		"test_start":	{
			"protocol":	"TCP",
			"num_streams":	1,
			"blksize":	131072,
			"omit":	0,
			"duration":	20,
			"bytes":	0,
			"blocks":	0,
			"reverse":	0,
			"tos":	0,
			"target_bitrate":	0,
			"bidir":	0,
			"fqrate":	0
		}
	},
	"intervals":	[{
			"streams":	[{
					"socket":	5,
					"start":	0,
					"end":	1.000878,
					"seconds":	1.0008779764175415,
					"bytes":	524288,
					"bits_per_second":	4190624.73031202,
					"retransmits":	4,
					"snd_cwnd":	34752,
					"snd_wnd":	502784,
					"rtt":	104694,
					"rttvar":	122,
					"pmtu":	1500,
					"omitted":	false,
					"sender":	true
				}],
			"sum":	{
				"start":	0,
				"end":	1.000878,
				"seconds":	1.0008779764175415,
				"bytes":	524288,
				"bits_per_second":	4190624.73031202,
				"retransmits":	4,
				"omitted":	false,
				"sender":	true
			}
		}, {
			"streams":	[{
					"socket":	5,
					"start":	1.000878,
					"end":	2.000409,
					"seconds":	0.99953097105026245,
					"bytes":	262144,
					"bits_per_second":	2098136.086565088,
					"retransmits":	3,
					"snd_cwnd":	20272,
					"snd_wnd":	1003520,
					"rtt":	104786,
					"rttvar":	135,
					"pmtu":	1500,
					"omitted":	false,
					"sender":	true
				}],
			"sum":	{
				"start":	1.000878,
				"end":	2.000409,
				"seconds":	0.99953097105026245,
				"bytes":	262144,
				"bits_per_second":	2098136.086565088,
				"retransmits":	3,
				"omitted":	false,
				"sender":	true
			}
		}, {
			"streams":	[{
					"socket":	5,
					"start":	2.000409,
					"end":	3.000478,
					"seconds":	1.00006902217865,
					"bytes":	262144,
					"bits_per_second":	2097007.2599902707,
					"retransmits":	2,
					"snd_cwnd":	20272,
					"snd_wnd":	1385984,
					"rtt":	104548,
					"rttvar":	86,
					"pmtu":	1500,
					"omitted":	false,
					"sender":	true
				}],
			"sum":	{
				"start":	2.000409,
				"end":	3.000478,
				"seconds":	1.00006902217865,
				"bytes":	262144,
				"bits_per_second":	2097007.2599902707,
				"retransmits":	2,
				"omitted":	false,
				"sender":	true
			}
		}, {
			"streams":	[{
					"socket":	5,
					"start":	3.000478,
					"end":	4.000673,
					"seconds":	1.0001950263977051,
					"bytes":	131072,
					"bits_per_second":	1048371.5398751217,
					"retransmits":	0,
					"snd_cwnd":	23168,
					"snd_wnd":	1591296,
					"rtt":	107201,
					"rttvar":	5255,
					"pmtu":	1500,
					"omitted":	false,
					"sender":	true
				}],
			"sum":	{
				"start":	3.000478,
				"end":	4.000673,
				"seconds":	1.0001950263977051,
				"bytes":	131072,
				"bits_per_second":	1048371.5398751217,
				"retransmits":	0,
				"omitted":	false,
				"sender":	true
			}
		}, {
			"streams":	[{
					"socket":	5,
					"start":	4.000673,
					"end":	5.000358,
					"seconds":	0.999684989452362,
					"bytes":	262144,
					"bits_per_second":	2097812.8331694184,
					"retransmits":	0,
					"snd_cwnd":	28960,
					"snd_wnd":	1590272,
					"rtt":	104910,
					"rttvar":	470,
					"pmtu":	1500,
					"omitted":	false,
					"sender":	true
				}],
			"sum":	{
				"start":	4.000673,
				"end":	5.000358,
				"seconds":	0.999684989452362,
				"bytes":	262144,
				"bits_per_second":	2097812.8331694184,
				"retransmits":	0,
				"omitted":	false,
				"sender":	true
			}
		}, {
			"streams":	[{
					"socket":	5,
					"start":	5.000358,
					"end":	6.000351,
					"seconds":	0.99999302625656128,
					"bytes":	262144,
					"bits_per_second":	2097166.6251019919,
					"retransmits":	2,
					"snd_cwnd":	27512,
					"snd_wnd":	1592832,
					"rtt":	104910,
					"rttvar":	267,
					"pmtu":	1500,
					"omitted":	false,
					"sender":	true
				}],
			"sum":	{
				"start":	5.000358,
				"end":	6.000351,
				"seconds":	0.99999302625656128,
				"bytes":	262144,
				"bits_per_second":	2097166.6251019919,
				"retransmits":	2,
				"omitted":	false,
				"sender":	true
			}
		}, {
			"streams":	[{
					"socket":	5,
					"start":	6.000351,
					"end":	7.000421,
					"seconds":	1.0000699758529663,
					"bytes":	131072,
					"bits_per_second":	1048502.630134119,
					"retransmits":	2,
					"snd_cwnd":	23168,
					"snd_wnd":	1592832,
					"rtt":	104802,
					"rttvar":	188,
					"pmtu":	1500,
					"omitted":	false,
					"sender":	true
				}],
			"sum":	{
				"start":	6.000351,
				"end":	7.000421,
				"seconds":	1.0000699758529663,
				"bytes":	131072,
				"bits_per_second":	1048502.630134119,
				"retransmits":	2,
				"omitted":	false,
				"sender":	true
			}
		}, {
			"streams":	[{
					"socket":	5,
					"start":	7.000421,
					"end":	8.000783,
					"seconds":	1.0003620386123657,
					"bytes":	262144,
					"bits_per_second":	2096393.0247783361,
					"retransmits":	2,
					"snd_cwnd":	20272,
					"snd_wnd":	1592832,
					"rtt":	105391,
					"rttvar":	580,
					"pmtu":	1500,
					"omitted":	false,
					"sender":	true
				}],
			"sum":	{
				"start":	7.000421,
				"end":	8.000783,
				"seconds":	1.0003620386123657,
				"bytes":	262144,
				"bits_per_second":	2096393.0247783361,
				"retransmits":	2,
				"omitted":	false,
				"sender":	true
			}
		}, {
			"streams":	[{
					"socket":	5,
					"start":	8.000783,
					"end":	9.000384,
					"seconds":	0.99960100650787354,
					"bytes":	131072,
					"bits_per_second":	1048994.5419955323,
					"retransmits":	2,
					"snd_cwnd":	18824,
					"snd_wnd":	1592832,
					"rtt":	104871,
					"rttvar":	417,
					"pmtu":	1500,
					"omitted":	false,
					"sender":	true
				}],
			"sum":	{
				"start":	8.000783,
				"end":	9.000384,
				"seconds":	0.99960100650787354,
				"bytes":	131072,
				"bits_per_second":	1048994.5419955323,
				"retransmits":	2,
				"omitted":	false,
				"sender":	true
			}
		}, {
			"streams":	[{
					"socket":	5,
					"start":	9.000384,
					"end":	10.000388,
					"seconds":	1.0000040531158447,
					"bytes":	262144,
					"bits_per_second":	2097143.5000344513,
					"retransmits":	0,
					"snd_cwnd":	26064,
					"snd_wnd":	1592832,
					"rtt":	105442,
					"rttvar":	656,
					"pmtu":	1500,
					"omitted":	false,
					"sender":	true
				}],
			"sum":	{
				"start":	9.000384,
				"end":	10.000388,
				"seconds":	1.0000040531158447,
				"bytes":	262144,
				"bits_per_second":	2097143.5000344513,
				"retransmits":	0,
				"omitted":	false,
				"sender":	true
			}
		}, {
			"streams":	[{
					"socket":	5,
					"start":	10.000388,
					"end":	11.000496,
					"seconds":	1.000108003616333,
					"bytes":	262144,
					"bits_per_second":	2096925.5244601774,
					"retransmits":	2,
					"snd_cwnd":	26064,
					"snd_wnd":	1590272,
					"rtt":	109637,
					"rttvar":	10033,
					"pmtu":	1500,
					"omitted":	false,
					"sender":	true
				}],
			"sum":	{
				"start":	10.000388,
				"end":	11.000496,
				"seconds":	1.000108003616333,
				"bytes":	262144,
				"bits_per_second":	2096925.5244601774,
				"retransmits":	2,
				"omitted":	false,
				"sender":	true
			}
		}, {
			"streams":	[{
					"socket":	5,
					"start":	11.000496,
					"end":	12.000774,
					"seconds":	1.0002779960632324,
					"bytes":	131072,
					"bits_per_second":	1048284.5810133311,
					"retransmits":	2,
					"snd_cwnd":	21720,
					"snd_wnd":	1592832,
					"rtt":	104812,
					"rttvar":	316,
					"pmtu":	1500,
					"omitted":	false,
					"sender":	true
				}],
			"sum":	{
				"start":	11.000496,
				"end":	12.000774,
				"seconds":	1.0002779960632324,
				"bytes":	131072,
				"bits_per_second":	1048284.5810133311,
				"retransmits":	2,