{
	"start":	{
		"connected":	[{
				"socket":	5,
				"local_host":	"10.0.0.1",
				"local_port":	45248,
				"remote_host":	"10.0.0.2",
				"remote_port":	5201
			}],
		"version":	"iperf 3.16",
		"system_info":	"Linux mininet 6.8.0-88-generic #89-Ubuntu SMP PREEMPT_DYNAMIC Sat Oct 11 01:02:46 UTC 2025 x86_64",
		"timestamp":	{
			"time":	"Tue, 02 Dec 2025 18:23:43 GMT",
			"timesecs":	1764699823
		},
		"connecting_to":	{
			"host":	"10.0.0.2",
			"port":	5201
		},
		"cookie":	"eozw2wow3rk5jzq2wizplhmyhizxlqw77hpf",
		"tcp_mss_default":	1448,
		"target_bitrate":	0,
		"fq_rate":	0,
		"sock_bufsize":	0,
		"sndbuf_actual":	87380,
		"rcvbuf_actual":	87380,
		"test_start":	{
			"protocol":	"TCP",
			"num_streams":	1,
			"blksize":	131072,
			"omit":	0,
			"duration":	20,
			"bytes":	0,
			"blocks":	0,
			"reverse":	0,
			"tos":	0,
			"target_bitrate":	0,
			"bidir":	0,
			"fqrate":	0
		}
	},
	"intervals":	[{
			"streams":	[{
					"socket":	5,
					"start":	0,
					"end":	1.001086,
					"seconds":	1.0010859966278076,
					"bytes":	5898240,
					"bits_per_second":	47134731.84016896,
					"retransmits":	0,
					"snd_cwnd":	870248,
					"snd_wnd":	3278848,
					"rtt":	138027,
					"rttvar":	400,
					"pmtu":	1500,
					"omitted":	false,
					"sender":	true
				}],
			"sum":	{
				"start":	0,
				"end":	1.001086,
				"seconds":	1.0010859966278076,
				"bytes":	5898240,
				"bits_per_second":	47134731.84016896,
				"retransmits":	0,
				"omitted":	false,
				"sender":	true
			}
		}, {
			"streams":	[{
					"socket":	5,
					"start":	1.001086,
					"end":	2.000691,
					"seconds":	0.99960500001907349,
					"bytes":	7995392,
					"bits_per_second":	63988411.421290927,
					"retransmits":	0,
					"snd_cwnd":	1167088,
					"snd_wnd":	3277824,
					"rtt":	186958,
					"rttvar":	285,
					"pmtu":	1500,
					"omitted":	false,
					"sender":	true
				}],
			"sum":	{
				"start":	1.001086,
				"end":	2.000691,
				"seconds":	0.99960500001907349,
				"bytes":	7995392,
				"bits_per_second":	63988411.421290927,
				"retransmits":	0,
				"omitted":	false,
				"sender":	true
			}
		}, {
			"streams":	[{
					"socket":	5,
					"start":	2.000691,
					"end":	3.000941,
					"seconds":	1.000249981880188,
					"bytes":	7864320,
					"bits_per_second":	62898836.430607438,
					"retransmits":	0,
					"snd_cwnd":	1463928,
					"snd_wnd":	3277824,
					"rtt":	232999,
					"rttvar":	444,
					"pmtu":	1500,
					"omitted":	false,
					"sender":	true
				}],
			"sum":	{
				"start":	2.000691,
				"end":	3.000941,
				"seconds":	1.000249981880188,
				"bytes":	7864320,
				"bits_per_second":	62898836.430607438,
				"retransmits":	0,
				"omitted":	false,
				"sender":	true
			}
		}, {
			"streams":	[{
					"socket":	5,
					"start":	3.000941,
					"end":	4.000643,
					"seconds":	0.999701976776123,
					"bytes":	6422528,
					"bits_per_second":	51395541.064841047,
					"retransmits":	0,
					"snd_cwnd":	1762216,
					"snd_wnd":	3623936,
					"rtt":	280292,
					"rttvar":	340,
					"pmtu":	1500,
					"omitted":	false,
					"sender":	true
				}],
			"sum":	{
				"start":	3.000941,
				"end":	4.000643,
				"seconds":	0.999701976776123,
				"bytes":	6422528,
				"bits_per_second":	51395541.064841047,
				"retransmits":	0,
				"omitted":	false,
				"sender":	true
			}
		}, {
			"streams":	[{
					"socket":	5,
					"start":	4.000643,
					"end":	5.000975,
					"seconds":	1.0003319978713989,
					"bytes":	7208960,
					"bits_per_second":	57652539.479612023,
					"retransmits":	91,
					"snd_cwnd":	1019392,
					"snd_wnd":	4387840,
					"rtt":	217550,
					"rttvar":	353,
					"pmtu":	1500,
					"omitted":	false,
					"sender":	true
				}],
			"sum":	{
				"start":	4.000643,
				"end":	5.000975,
				"seconds":	1.0003319978713989,
				"bytes":	7208960,
				"bits_per_second":	57652539.479612023,
				"retransmits":	91,
				"omitted":	false,
				"sender":	true
			}
		}, {
			"streams":	[{
					"socket":	5,
					"start":	5.000975,
					"end":	6.000913,
					"seconds":	0.99993801116943359,
					"bytes":	7471104,
					"bits_per_second":	59772537.229682855,
					"retransmits":	0,
					"snd_cwnd":	977400,
					"snd_wnd":	8089600,
					"rtt":	163130,
					"rttvar":	356,
					"pmtu":	1500,
					"omitted":	false,
					"sender":	true
				}],
			"sum":	{
				"start":	5.000975,
				"end":	6.000913,
				"seconds":	0.99993801116943359,
				"bytes":	7471104,
				"bits_per_second":	59772537.229682855,
				"retransmits":	0,
				"omitted":	false,
				"sender":	true
			}
		}, {
			"streams":	[{
					"socket":	5,
					"start":	6.000913,
					"end":	7.001096,
					"seconds":	1.0001829862594604,
					"bytes":	3670016,
					"bits_per_second":	29354756.482913818,
					"retransmits":	0,
					"snd_cwnd":	1030976,
					"snd_wnd":	8089600,
					"rtt":	171436,
					"rttvar":	319,
					"pmtu":	1500,
					"omitted":	false,
					"sender":	true
				}],
			"sum":	{
				"start":	6.000913,
				"end":	7.001096,
				"seconds":	1.0001829862594604,
				"bytes":	3670016,
				"bits_per_second":	29354756.482913818,
				"retransmits":	0,
				"omitted":	false,
				"sender":	true
			}
		}, {
			"streams":	[{
					"socket":	5,
					"start":	7.001096,
					"end":	8.001074,
					"seconds":	0.999978005886078,
					"bytes":	7471104,
					"bits_per_second":	59770146.591413274,
					"retransmits":	0,
					"snd_cwnd":	1068624,
					"snd_wnd":	8089600,
					"rtt":	178638,
					"rttvar":	360,
					"pmtu":	1500,
					"omitted":	false,
					"sender":	true
				}],
			"sum":	{
				"start":	7.001096,
				"end":	8.001074,
				"seconds":	0.999978005886078,
				"bytes":	7471104,
				"bits_per_second":	59770146.591413274,
				"retransmits":	0,
				"omitted":	false,
				"sender":	true
			}
		}, {
			"streams":	[{
					"socket":	5,
					"start":	8.001074,
					"end":	9.001073,
					"seconds":	0.99999898672103882,
					"bytes":	3670016,
					"bits_per_second":	29360157.750030145,
					"retransmits":	0,
					"snd_cwnd":	1090344,
					"snd_wnd":	8089600,
					"rtt":	182295,
					"rttvar":	108,
					"pmtu":	1500,
					"omitted":	false,
					"sender":	true
				}],
			"sum":	{
				"start":	8.001074,
				"end":	9.001073,
				"seconds":	0.99999898672103882,
				"bytes":	3670016,
				"bits_per_second":	29360157.750030145,
				"retransmits":	0,
				"omitted":	false,
				"sender":	true
			}
		}, {
			"streams":	[{
					"socket":	5,
					"start":	9.001073,
					"end":	10.000961,
					"seconds":	0.999888002872467,
					"bytes":	7471104,
					"bits_per_second":	59775526.687285744,
					"retransmits":	0,
					"snd_cwnd":	1103376,
					"snd_wnd":	8089600,
					"rtt":	185041,
					"rttvar":	176,
					"pmtu":	1500,
					"omitted":	false,
					"sender":	true
				}],
			"sum":	{
				"start":	9.001073,
				"end":	10.000961,
				"seconds":	0.999888002872467,
				"bytes":	7471104,
				"bits_per_second":	59775526.687285744,
				"retransmits":	0,
				"omitted":	false,
				"sender":	true
			}
		}, {
			"streams":	[{
					"socket":	5,
					"start":	10.000961,
					"end":	11.000817,
					"seconds":	0.99985599517822266,
					"bytes":	7471104,
					"bits_per_second":	59777440.239628017,
					"retransmits":	0,
					"snd_cwnd":	1107720,
					"snd_wnd":	8089600,
					"rtt":	186907,
					"rttvar":	52,
					"pmtu":	1500,
					"omitted":	false,
					"sender":	true
				}],
			"sum":	{
				"start":	10.000961,
				"end":	11.000817,
				"seconds":	0.99985599517822266,
				"bytes":	7471104,
				"bits_per_second":	59777440.239628017,
				"retransmits":	0,
				"omitted":	false,
				"sender":	true
			}
		}, {
			"streams":	[{
					"socket":	5,
					"start":	11.000817,
					"end":	12.000905,
					"seconds":	1.0000879764556885,
					"bytes":	3670016,
					"bits_per_second":	29357545.2272232,
					"retransmits":	0,
					"snd_cwnd":	1107720,
					"snd_wnd":	8089600,
					"rtt":	185919,
					"rttvar":	51,
					"pmtu":	1500,
					"omitted":	false,
					"sender":	true
				}],
			"sum":	{
				"start":	11.000817,
				"end":	12.000905,
				"seconds":	1.0000879764556885,
				"bytes":	3670016,