{
	"start":	{
		"connected":	[{
				"socket":	5,
				"local_host":	"10.0.0.1",
				"local_port":	45652,
				"remote_host":	"10.0.0.2",
				"remote_port":	5201
			}],
		"version":	"iperf 3.16",
		"system_info":	"Linux mininet 6.8.0-88-generic #89-Ubuntu SMP PREEMPT_DYNAMIC Sat Oct 11 01:02:46 UTC 2025 x86_64",
		"timestamp":	{
			"time":	"Tue, 02 Dec 2025 17:49:38 GMT",
			"timesecs":	1764697778
		},
		"connecting_to":	{
			"host":	"10.0.0.2",
			"port":	5201
		},
		"cookie":	"suv2dpmalulwh3znwbvgtwwrtt6glmudqfrv",
		"tcp_mss_default":	1448,
		"target_bitrate":	0,
		"fq_rate":	0,
		"sock_bufsize":	0,
		"sndbuf_actual":	87380,
		"rcvbuf_actual":	87380,
		"test_start":	{
			"protocol":	"TCP",
			"num_streams":	1,
			"blksize":	131072,
			"omit":	0,
			"duration":	20,
			"bytes":	0,
			"blocks":	0,
			"reverse":	0,
			"tos":	0,
			"target_bitrate":	0,
			"bidir":	0,
			"fqrate":	0
		}
	},
	"intervals":	[{
			"streams":	[{
					"socket":	5,
					"start":	0,
					"end":	1.00101,
					"seconds":	1.0010099411010742,
					"bytes":	2490368,
					"bits_per_second":	19902843.300522562,
					"retransmits":	0,
					"snd_cwnd":	298288,
					"snd_wnd":	1196544,
					"rtt":	235997,
					"rttvar":	1004,
					"pmtu":	1500,
					"omitted":	false,
					"sender":	true
				}],
			"sum":	{
				"start":	0,
				"end":	1.00101,
				"seconds":	1.0010099411010742,
				"bytes":	2490368,
				"bits_per_second":	19902843.300522562,
				"retransmits":	0,
				"omitted":	false,
				"sender":	true
			}
		}, {
			"streams":	[{
					"socket":	5,
					"start":	1.00101,
					"end":	2.000956,
					"seconds":	0.9999459981918335,
					"bytes":	1441792,
					"bits_per_second":	11534958.908638192,
					"retransmits":	0,
					"snd_cwnd":	357656,
					"snd_wnd":	1196544,
					"rtt":	283624,
					"rttvar":	1410,
					"pmtu":	1500,
					"omitted":	false,
					"sender":	true
				}],
			"sum":	{
				"start":	1.00101,
				"end":	2.000956,
				"seconds":	0.9999459981918335,
				"bytes":	1441792,
				"bits_per_second":	11534958.908638192,
				"retransmits":	0,
				"omitted":	false,
				"sender":	true
			}
		}, {
			"streams":	[{
					"socket":	5,
					"start":	2.000956,
					"end":	3.000706,
					"seconds":	0.999750018119812,
					"bytes":	1572864,
					"bits_per_second":	12586058.286514619,
					"retransmits":	0,
					"snd_cwnd":	417024,
					"snd_wnd":	1196544,
					"rtt":	330983,
					"rttvar":	1641,
					"pmtu":	1500,
					"omitted":	false,
					"sender":	true
				}],
			"sum":	{
				"start":	2.000956,
				"end":	3.000706,
				"seconds":	0.999750018119812,
				"bytes":	1572864,
				"bits_per_second":	12586058.286514619,
				"retransmits":	0,
				"omitted":	false,
				"sender":	true
			}
		}, {
			"streams":	[{
					"socket":	5,
					"start":	3.000706,
					"end":	4.001717,
					"seconds":	1.00101101398468,
					"bytes":	917504,
					"bits_per_second":	7332618.6200308222,
					"retransmits":	0,
					"snd_cwnd":	476392,
					"snd_wnd":	1196544,
					"rtt":	378811,
					"rttvar":	844,
					"pmtu":	1500,
					"omitted":	false,
					"sender":	true
				}],
			"sum":	{
				"start":	3.000706,
				"end":	4.001717,
				"seconds":	1.00101101398468,
				"bytes":	917504,
				"bits_per_second":	7332618.6200308222,
				"retransmits":	0,
				"omitted":	false,
				"sender":	true
			}
		}, {
			"streams":	[{
					"socket":	5,
					"start":	4.001717,
					"end":	5.00059,
					"seconds":	0.998872995376587,
					"bytes":	2097152,
					"bits_per_second":	16796145.333446313,
					"retransmits":	0,
					"snd_cwnd":	537208,
					"snd_wnd":	1196544,
					"rtt":	426159,
					"rttvar":	405,
					"pmtu":	1500,
					"omitted":	false,
					"sender":	true
				}],
			"sum":	{
				"start":	4.001717,
				"end":	5.00059,
				"seconds":	0.998872995376587,
				"bytes":	2097152,
				"bits_per_second":	16796145.333446313,
				"retransmits":	0,
				"omitted":	false,
				"sender":	true
			}
		}, {
			"streams":	[{
					"socket":	5,
					"start":	5.00059,
					"end":	6.000912,
					"seconds":	1.0003219842910767,
					"bytes":	1179648,
					"bits_per_second":	9434146.35307459,
					"retransmits":	0,
					"snd_cwnd":	596576,
					"snd_wnd":	1217536,
					"rtt":	474036,
					"rttvar":	972,
					"pmtu":	1500,
					"omitted":	false,
					"sender":	true
				}],
			"sum":	{
				"start":	5.00059,
				"end":	6.000912,
				"seconds":	1.0003219842910767,
				"bytes":	1179648,
				"bits_per_second":	9434146.35307459,
				"retransmits":	0,
				"omitted":	false,
				"sender":	true
			}
		}, {
			"streams":	[{
					"socket":	5,
					"start":	6.000912,
					"end":	7.001029,
					"seconds":	1.0001169443130493,
					"bytes":	1179648,
					"bits_per_second":	9436080.5040475763,
					"retransmits":	16,
					"snd_cwnd":	437296,
					"snd_wnd":	1232896,
					"rtt":	503461,
					"rttvar":	445,
					"pmtu":	1500,
					"omitted":	false,
					"sender":	true
				}],
			"sum":	{
				"start":	6.000912,
				"end":	7.001029,
				"seconds":	1.0001169443130493,
				"bytes":	1179648,
				"bits_per_second":	9436080.5040475763,
				"retransmits":	16,
				"omitted":	false,
				"sender":	true
			}
		}, {
			"streams":	[{
					"socket":	5,
					"start":	7.001029,
					"end":	8.000877,
					"seconds":	0.99984800815582275,
					"bytes":	1572864,
					"bits_per_second":	12584824.79072859,
					"retransmits":	6,
					"snd_cwnd":	305528,
					"snd_wnd":	2059264,
					"rtt":	255492,
					"rttvar":	224,
					"pmtu":	1500,
					"omitted":	false,
					"sender":	true
				}],
			"sum":	{
				"start":	7.001029,
				"end":	8.000877,
				"seconds":	0.99984800815582275,
				"bytes":	1572864,
				"bits_per_second":	12584824.79072859,
				"retransmits":	6,
				"omitted":	false,
				"sender":	true
			}
		}, {
			"streams":	[{
					"socket":	5,
					"start":	8.000877,
					"end":	9.000768,
					"seconds":	0.99989098310470581,
					"bytes":	1310720,
					"bits_per_second":	10486903.249633526,
					"retransmits":	0,
					"snd_cwnd":	334488,
					"snd_wnd":	2058240,
					"rtt":	272341,
					"rttvar":	251,
					"pmtu":	1500,
					"omitted":	false,
					"sender":	true
				}],
			"sum":	{
				"start":	8.000877,
				"end":	9.000768,
				"seconds":	0.99989098310470581,
				"bytes":	1310720,
				"bits_per_second":	10486903.249633526,
				"retransmits":	0,
				"omitted":	false,
				"sender":	true
			}
		}, {
			"streams":	[{
					"socket":	5,
					"start":	9.000768,
					"end":	10.000579,
					"seconds":	0.99981099367141724,
					"bytes":	1179648,
					"bits_per_second":	9438968.02469196,
					"retransmits":	0,
					"snd_cwnd":	354760,
					"snd_wnd":	2058240,
					"rtt":	292240,
					"rttvar":	701,
					"pmtu":	1500,
					"omitted":	false,
					"sender":	true
				}],
			"sum":	{
				"start":	9.000768,
				"end":	10.000579,
				"seconds":	0.99981099367141724,
				"bytes":	1179648,
				"bits_per_second":	9438968.02469196,
				"retransmits":	0,
				"omitted":	false,
				"sender":	true
			}
		}, {
			"streams":	[{
					"socket":	5,
					"start":	10.000579,
					"end":	11.001043,
					"seconds":	1.0004639625549316,
					"bytes":	1179648,
					"bits_per_second":	9432807.53051796,
					"retransmits":	0,
					"snd_cwnd":	366344,
					"snd_wnd":	2058240,
					"rtt":	303417,
					"rttvar":	715,
					"pmtu":	1500,
					"omitted":	false,
					"sender":	true
				}],
			"sum":	{
				"start":	10.000579,
				"end":	11.001043,
				"seconds":	1.0004639625549316,
				"bytes":	1179648,
				"bits_per_second":	9432807.53051796,
				"retransmits":	0,
				"omitted":	false,
				"sender":	true
			}
		}, {
			"streams":	[{
					"socket":	5,
					"start":	11.001043,
					"end":	12.000989,
					"seconds":	0.9999459981918335,
					"bytes":	1310720,
					"bits_per_second":	10486326.280580176,
					"retransmits":	0,
					"snd_cwnd":	370688,
					"snd_wnd":	2058240,
					"rtt":	309310,
					"rttvar":	1229,
					"pmtu":	1500,
					"omitted":	false,
					"sender":	true
				}],
			"sum":	{
				"start":	11.001043,
				"end":	12.000989,
				"seconds":	0.9999459981918335,
				"bytes":	1310720,
				"bits_per_second":	10486326.280580176,