{
	"start":	{
		"connected":	[{
				"socket":	5,
				"local_host":	"10.0.0.1",
				"local_port":	51116,
				"remote_host":	"10.0.0.2",
				"remote_port":	5201
			}],
		"version":	"iperf 3.16",
		"system_info":	"Linux mininet 6.8.0-88-generic #89-Ubuntu SMP PREEMPT_DYNAMIC Sat Oct 11 01:02:46 UTC 2025 x86_64",
		"timestamp":	{
			"time":	"Tue, 02 Dec 2025 18:18:11 GMT",
			"timesecs":	1764699491
		},
		"connecting_to":	{
			"host":	"10.0.0.2",
			"port":	5201
		},
		"cookie":	"c5jqa2cy4p6y2fotzbfgku3npnnvo2ddlcn3",
		"tcp_mss_default":	1448,
		"target_bitrate":	0,
		"fq_rate":	0,
		"sock_bufsize":	0,
		"sndbuf_actual":	87380,
		"rcvbuf_actual":	87380,
		"test_start":	{
			"protocol":	"TCP",
			"num_streams":	1,
			"blksize":	131072,
			"omit":	0,
			"duration":	20,
			"bytes":	0,
			"blocks":	0,
			"reverse":	0,
			"tos":	0,
			"target_bitrate":	0,
			"bidir":	0,
			"fqrate":	0
		}
	},
	"intervals":	[{
			"streams":	[{
					"socket":	5,
					"start":	0,
					"end":	1.001017,
					"seconds":	1.0010169744491577,
					"bytes":	7471104,
					"bits_per_second":	59708110.37733876,
					"retransmits":	0,
					"snd_cwnd":	865904,
					"snd_wnd":	3296768,
					"rtt":	137444,
					"rttvar":	710,
					"pmtu":	1500,
					"omitted":	false,
					"sender":	true
				}],
			"sum":	{
				"start":	0,
				"end":	1.001017,
				"seconds":	1.0010169744491577,
				"bytes":	7471104,
				"bits_per_second":	59708110.37733876,
				"retransmits":	0,
				"omitted":	false,
				"sender":	true
			}
		}, {
			"streams":	[{
					"socket":	5,
					"start":	1.001017,
					"end":	2.001077,
					"seconds":	1.000059962272644,
					"bytes":	6291456,
					"bits_per_second":	50328630.1809553,
					"retransmits":	47,
					"snd_cwnd":	770336,
					"snd_wnd":	3006976,
					"rtt":	164409,
					"rttvar":	2264,
					"pmtu":	1500,
					"omitted":	false,
					"sender":	true
				}],
			"sum":	{
				"start":	1.001017,
				"end":	2.001077,
				"seconds":	1.000059962272644,
				"bytes":	6291456,
				"bits_per_second":	50328630.1809553,
				"retransmits":	47,
				"omitted":	false,
				"sender":	true
			}
		}, {
			"streams":	[{
					"socket":	5,
					"start":	2.001077,
					"end":	3.000973,
					"seconds":	0.999895989894867,
					"bytes":	4456448,
					"bits_per_second":	35655292.5107226,
					"retransmits":	9,
					"snd_cwnd":	579200,
					"snd_wnd":	4712960,
					"rtt":	105572,
					"rttvar":	199,
					"pmtu":	1500,
					"omitted":	false,
					"sender":	true
				}],
			"sum":	{
				"start":	2.001077,
				"end":	3.000973,
				"seconds":	0.999895989894867,
				"bytes":	4456448,
				"bits_per_second":	35655292.5107226,
				"retransmits":	9,
				"omitted":	false,
				"sender":	true
			}
		}, {
			"streams":	[{
					"socket":	5,
					"start":	3.000973,
					"end":	4.000909,
					"seconds":	0.99993598461151123,
					"bytes":	6684672,
					"bits_per_second":	53480799.5941627,
					"retransmits":	0,
					"snd_cwnd":	616848,
					"snd_wnd":	4712960,
					"rtt":	104555,
					"rttvar":	186,
					"pmtu":	1500,
					"omitted":	false,
					"sender":	true
				}],
			"sum":	{
				"start":	3.000973,
				"end":	4.000909,
				"seconds":	0.99993598461151123,
				"bytes":	6684672,
				"bits_per_second":	53480799.5941627,
				"retransmits":	0,
				"omitted":	false,
				"sender":	true
			}
		}, {
			"streams":	[{
					"socket":	5,
					"start":	4.000909,
					"end":	5.001116,
					"seconds":	1.00020694732666,
					"bytes":	6553600,
					"bits_per_second":	52417952.244913913,
					"retransmits":	0,
					"snd_cwnd":	638568,
					"snd_wnd":	4712960,
					"rtt":	106998,
					"rttvar":	377,
					"pmtu":	1500,
					"omitted":	false,
					"sender":	true
				}],
			"sum":	{
				"start":	4.000909,
				"end":	5.001116,
				"seconds":	1.00020694732666,
				"bytes":	6553600,
				"bits_per_second":	52417952.244913913,
				"retransmits":	0,
				"omitted":	false,
				"sender":	true
			}
		}, {
			"streams":	[{
					"socket":	5,
					"start":	5.001116,
					"end":	6.00103,
					"seconds":	0.999913990497589,
					"bytes":	4456448,
					"bits_per_second":	35654650.638760075,
					"retransmits":	0,
					"snd_cwnd":	651600,
					"snd_wnd":	4712960,
					"rtt":	108241,
					"rttvar":	187,
					"pmtu":	1500,
					"omitted":	false,
					"sender":	true
				}],
			"sum":	{
				"start":	5.001116,
				"end":	6.00103,
				"seconds":	0.999913990497589,
				"bytes":	4456448,
				"bits_per_second":	35654650.638760075,
				"retransmits":	0,
				"omitted":	false,
				"sender":	true
			}
		}, {
			"streams":	[{
					"socket":	5,
					"start":	6.00103,
					"end":	7.001414,
					"seconds":	1.0003839731216431,
					"bytes":	6684672,
					"bits_per_second":	53456850.006429829,
					"retransmits":	0,
					"snd_cwnd":	654496,
					"snd_wnd":	4712960,
					"rtt":	109712,
					"rttvar":	635,
					"pmtu":	1500,
					"omitted":	false,
					"sender":	true
				}],
			"sum":	{
				"start":	6.00103,
				"end":	7.001414,
				"seconds":	1.0003839731216431,
				"bytes":	6684672,
				"bits_per_second":	53456850.006429829,
				"retransmits":	0,
				"omitted":	false,
				"sender":	true
			}
		}, {
			"streams":	[{
					"socket":	5,
					"start":	7.001414,
					"end":	8.000904,
					"seconds":	0.99949002265930176,
					"bytes":	6684672,
					"bits_per_second":	53504662.165326029,
					"retransmits":	0,
					"snd_cwnd":	654496,
					"snd_wnd":	4712960,
					"rtt":	109255,
					"rttvar":	371,
					"pmtu":	1500,
					"omitted":	false,
					"sender":	true
				}],
			"sum":	{
				"start":	7.001414,
				"end":	8.000904,
				"seconds":	0.99949002265930176,
				"bytes":	6684672,
				"bits_per_second":	53504662.165326029,
				"retransmits":	0,
				"omitted":	false,
				"sender":	true
			}
		}, {
			"streams":	[{
					"socket":	5,
					"start":	8.000904,
					"end":	9.000951,
					"seconds":	1.000046968460083,
					"bytes":	4325376,
					"bits_per_second":	34601382.8263319,
					"retransmits":	0,
					"snd_cwnd":	654496,
					"snd_wnd":	4716544,
					"rtt":	109170,
					"rttvar":	246,
					"pmtu":	1500,
					"omitted":	false,
					"sender":	true
				}],
			"sum":	{
				"start":	8.000904,
				"end":	9.000951,
				"seconds":	1.000046968460083,
				"bytes":	4325376,
				"bits_per_second":	34601382.8263319,
				"retransmits":	0,
				"omitted":	false,
				"sender":	true
			}
		}, {
			"streams":	[{
					"socket":	5,
					"start":	9.000951,
					"end":	10.001007,
					"seconds":	1.0000560283660889,
					"bytes":	6684672,
					"bits_per_second":	53474379.9178656,
					"retransmits":	0,
					"snd_cwnd":	658840,
					"snd_wnd":	4712960,
					"rtt":	110888,
					"rttvar":	117,
					"pmtu":	1500,
					"omitted":	false,
					"sender":	true
				}],
			"sum":	{
				"start":	9.000951,
				"end":	10.001007,
				"seconds":	1.0000560283660889,
				"bytes":	6684672,
				"bits_per_second":	53474379.9178656,
				"retransmits":	0,
				"omitted":	false,
				"sender":	true
			}
		}, {
			"streams":	[{
					"socket":	5,
					"start":	10.001007,
					"end":	11.001076,
					"seconds":	1.00006902217865,
					"bytes":	6684672,
					"bits_per_second":	53473685.1297519,
					"retransmits":	0,
					"snd_cwnd":	668976,
					"snd_wnd":	4712960,
					"rtt":	111274,
					"rttvar":	316,
					"pmtu":	1500,
					"omitted":	false,
					"sender":	true
				}],
			"sum":	{
				"start":	10.001007,
				"end":	11.001076,
				"seconds":	1.00006902217865,
				"bytes":	6684672,
				"bits_per_second":	53473685.1297519,
				"retransmits":	0,
				"omitted":	false,
				"sender":	true
			}
		}, {
			"streams":	[{
					"socket":	5,
					"start":	11.001076,
					"end":	12.001277,
					"seconds":	1.0002009868621826,
					"bytes":	6553600,
					"bits_per_second":	52418264.617473476,
					"retransmits":	0,
					"snd_cwnd":	689248,
					"snd_wnd":	4712960,
					"rtt":	114956,
					"rttvar":	389,
					"pmtu":	1500,
					"omitted":	false,
					"sender":	true
				}],
			"sum":	{
				"start":	11.001076,
				"end":	12.001277,
				"seconds":	1.0002009868621826,
				"bytes":	6553600,
				"bits_per_second":	52418264.617473476,
				"retransmits":	0,