{
	"start":	{
		"connected":	[{
				"socket":	5,
				"local_host":	"10.0.0.1",
				"local_port":	42140,
				"remote_host":	"10.0.0.2",
				"remote_port":	5201
			}],
		"version":	"iperf 3.16",
		"system_info":	"Linux mininet 6.8.0-88-generic #89-Ubuntu SMP PREEMPT_DYNAMIC Sat Oct 11 01:02:46 UTC 2025 x86_64",
		"timestamp":	{
			"time":	"Tue, 02 Dec 2025 17:44:55 GMT",
			"timesecs":	1764697495
		},
		"connecting_to":	{
			"host":	"10.0.0.2",
			"port":	5201
		},
		"cookie":	"spk3avque7sgr5vdfqgihdthwsnwrv7ahbel",
		"tcp_mss_default":	1448,
		"target_bitrate":	0,
		"fq_rate":	0,
		"sock_bufsize":	0,
		"sndbuf_actual":	87380,
		"rcvbuf_actual":	87380,
		"test_start":	{
			"protocol":	"TCP",
			"num_streams":	1,
			"blksize":	131072,
			"omit":	0,
			"duration":	20,
			"bytes":	0,
			"blocks":	0,
			"reverse":	0,
			"tos":	0,
			"target_bitrate":	0,
			"bidir":	0,
			"fqrate":	0
		}
	},
	"intervals":	[{
			"streams":	[{
					"socket":	5,
					"start":	0,
					"end":	1.001062,
					"seconds":	1.0010620355606079,
					"bytes":	2490368,
					"bits_per_second":	19901807.572637483,
					"retransmits":	0,
					"snd_cwnd":	298288,
					"snd_wnd":	1196544,
					"rtt":	235901,
					"rttvar":	981,
					"pmtu":	1500,
					"omitted":	false,
					"sender":	true
				}],
			"sum":	{
				"start":	0,
				"end":	1.001062,
				"seconds":	1.0010620355606079,
				"bytes":	2490368,
				"bits_per_second":	19901807.572637483,
				"retransmits":	0,
				"omitted":	false,
				"sender":	true
			}
		}, {
			"streams":	[{
					"socket":	5,
					"start":	1.001062,
					"end":	2.001055,
					"seconds":	0.99999302625656128,
					"bytes":	1572864,
					"bits_per_second":	12582999.75061195,
					"retransmits":	11,
					"snd_cwnd":	228784,
					"snd_wnd":	1236992,
					"rtt":	191307,
					"rttvar":	348,
					"pmtu":	1500,
					"omitted":	false,
					"sender":	true
				}],
			"sum":	{
				"start":	1.001062,
				"end":	2.001055,
				"seconds":	0.99999302625656128,
				"bytes":	1572864,
				"bits_per_second":	12582999.75061195,
				"retransmits":	11,
				"omitted":	false,
				"sender":	true
			}
		}, {
			"streams":	[{
					"socket":	5,
					"start":	2.001055,
					"end":	3.000831,
					"seconds":	0.999776005744934,
					"bytes":	655360,
					"bits_per_second":	5244054.63811219,
					"retransmits":	2,
					"snd_cwnd":	176656,
					"snd_wnd":	2904576,
					"rtt":	144624,
					"rttvar":	1135,
					"pmtu":	1500,
					"omitted":	false,
					"sender":	true
				}],
			"sum":	{
				"start":	2.001055,
				"end":	3.000831,
				"seconds":	0.999776005744934,
				"bytes":	655360,
				"bits_per_second":	5244054.63811219,
				"retransmits":	2,
				"omitted":	false,
				"sender":	true
			}
		}, {
			"streams":	[{
					"socket":	5,
					"start":	3.000831,
					"end":	4.001073,
					"seconds":	1.0002419948577881,
					"bytes":	1310720,
					"bits_per_second":	10483223.113913387,
					"retransmits":	0,
					"snd_cwnd":	191136,
					"snd_wnd":	2904576,
					"rtt":	158547,
					"rttvar":	264,
					"pmtu":	1500,
					"omitted":	false,
					"sender":	true
				}],
			"sum":	{
				"start":	3.000831,
				"end":	4.001073,
				"seconds":	1.0002419948577881,
				"bytes":	1310720,
				"bits_per_second":	10483223.113913387,
				"retransmits":	0,
				"omitted":	false,
				"sender":	true
			}
		}, {
			"streams":	[{
					"socket":	5,
					"start":	4.001073,
					"end":	5.000852,
					"seconds":	0.999778985977173,
					"bytes":	1310720,
					"bits_per_second":	10488078.012313226,
					"retransmits":	0,
					"snd_cwnd":	198376,
					"snd_wnd":	2904576,
					"rtt":	164335,
					"rttvar":	585,
					"pmtu":	1500,
					"omitted":	false,
					"sender":	true
				}],
			"sum":	{
				"start":	4.001073,
				"end":	5.000852,
				"seconds":	0.999778985977173,
				"bytes":	1310720,
				"bits_per_second":	10488078.012313226,
				"retransmits":	0,
				"omitted":	false,
				"sender":	true
			}
		}, {
			"streams":	[{
					"socket":	5,
					"start":	5.000852,
					"end":	6.000843,
					"seconds":	0.999990999698639,
					"bytes":	1310720,
					"bits_per_second":	10485854.375849411,
					"retransmits":	0,
					"snd_cwnd":	198376,
					"snd_wnd":	2904576,
					"rtt":	166324,
					"rttvar":	378,
					"pmtu":	1500,
					"omitted":	false,
					"sender":	true
				}],
			"sum":	{
				"start":	5.000852,
				"end":	6.000843,
				"seconds":	0.999990999698639,
				"bytes":	1310720,
				"bits_per_second":	10485854.375849411,
				"retransmits":	0,
				"omitted":	false,
				"sender":	true
			}
		}, {
			"streams":	[{
					"socket":	5,
					"start":	6.000843,
					"end":	7.000992,
					"seconds":	1.0001490116119385,
					"bytes":	1310720,
					"bits_per_second":	10484197.732795954,
					"retransmits":	0,
					"snd_cwnd":	198376,
					"snd_wnd":	2904576,
					"rtt":	165811,
					"rttvar":	185,
					"pmtu":	1500,
					"omitted":	false,
					"sender":	true
				}],
			"sum":	{
				"start":	6.000843,
				"end":	7.000992,
				"seconds":	1.0001490116119385,
				"bytes":	1310720,
				"bits_per_second":	10484197.732795954,
				"retransmits":	0,
				"omitted":	false,
				"sender":	true
			}
		}, {
			"streams":	[{
					"socket":	5,
					"start":	7.000992,
					"end":	8.000845,
					"seconds":	0.999853014945984,
					"bytes":	655360,
					"bits_per_second":	5243650.7382870084,
					"retransmits":	0,
					"snd_cwnd":	201272,
					"snd_wnd":	2904576,
					"rtt":	165933,
					"rttvar":	125,
					"pmtu":	1500,
					"omitted":	false,
					"sender":	true
				}],
			"sum":	{
				"start":	7.000992,
				"end":	8.000845,
				"seconds":	0.999853014945984,
				"bytes":	655360,
				"bits_per_second":	5243650.7382870084,
				"retransmits":	0,
				"omitted":	false,
				"sender":	true
			}
		}, {
			"streams":	[{
					"socket":	5,
					"start":	8.000845,
					"end":	9.00084,
					"seconds":	0.999994993209839,
					"bytes":	1572864,
					"bits_per_second":	12582975.00031543,
					"retransmits":	2,
					"snd_cwnd":	165072,
					"snd_wnd":	2907648,
					"rtt":	133962,
					"rttvar":	714,
					"pmtu":	1500,
					"omitted":	false,
					"sender":	true
				}],
			"sum":	{
				"start":	8.000845,
				"end":	9.00084,
				"seconds":	0.999994993209839,
				"bytes":	1572864,
				"bits_per_second":	12582975.00031543,
				"retransmits":	2,
				"omitted":	false,
				"sender":	true
			}
		}, {
			"streams":	[{
					"socket":	5,
					"start":	9.00084,
					"end":	10.000992,
					"seconds":	1.0001519918441772,
					"bytes":	1441792,
					"bits_per_second":	11532583.141420208,
					"retransmits":	0,
					"snd_cwnd":	186792,
					"snd_wnd":	2907648,
					"rtt":	153405,
					"rttvar":	618,
					"pmtu":	1500,
					"omitted":	false,
					"sender":	true
				}],
			"sum":	{
				"start":	9.00084,
				"end":	10.000992,
				"seconds":	1.0001519918441772,
				"bytes":	1441792,
				"bits_per_second":	11532583.141420208,
				"retransmits":	0,
				"omitted":	false,
				"sender":	true
			}
		}, {
			"streams":	[{
					"socket":	5,
					"start":	10.000992,
					"end":	11.001003,
					"seconds":	1.0000109672546387,
					"bytes":	524288,
					"bits_per_second":	4194258.0005044881,
					"retransmits":	0,
					"snd_cwnd":	196928,
					"snd_wnd":	2907648,
					"rtt":	163591,
					"rttvar":	178,
					"pmtu":	1500,
					"omitted":	false,
					"sender":	true
				}],
			"sum":	{
				"start":	10.000992,
				"end":	11.001003,
				"seconds":	1.0000109672546387,
				"bytes":	524288,
				"bits_per_second":	4194258.0005044881,
				"retransmits":	0,
				"omitted":	false,
				"sender":	true
			}
		}, {
			"streams":	[{
					"socket":	5,
					"start":	11.001003,
					"end":	12.000859,
					"seconds":	0.99985599517822266,
					"bytes":	1441792,
					"bits_per_second":	11535997.239226459,
					"retransmits":	2,
					"snd_cwnd":	146248,
					"snd_wnd":	2904576,
					"rtt":	119251,
					"rttvar":	690,
					"pmtu":	1500,
					"omitted":	false,
					"sender":	true
				}],
			"sum":	{
				"start":	11.001003,
				"end":	12.000859,
				"seconds":	0.99985599517822266,
				"bytes":	1441792,
				"bits_per_second":	11535997.239226459,