{
	"start":	{
		"connected":	[{
				"socket":	5,
				"local_host":	"10.0.0.2",
				"local_port":	5201,
				"remote_host":	"10.0.0.1",
				"remote_port":	42140
			}],
		"version":	"iperf 3.16",
		"system_info":	"Linux mininet 6.8.0-88-generic #89-Ubuntu SMP PREEMPT_DYNAMIC Sat Oct 11 01:02:46 UTC 2025 x86_64",
		"sock_bufsize":	0,
		"sndbuf_actual":	87380,
		"rcvbuf_actual":	87380,
		"timestamp":	{
			"time":	"Tue, 02 Dec 2025 17:44:55 GMT",
			"timesecs":	1764697495
		},
		"accepted_connection":	{
			"host":	"10.0.0.1",
			"port":	42132
		},
		"cookie":	"spk3avque7sgr5vdfqgihdthwsnwrv7ahbel",
		"tcp_mss_default":	0,
		"target_bitrate":	0,
		"fq_rate":	0,
		"test_start":	{
			"protocol":	"TCP",
			"num_streams":	1,
			"blksize":	131072,
			"omit":	0,
			"duration":	20,
			"bytes":	0,
			"blocks":	0,
			"reverse":	0,
			"tos":	0,
			"target_bitrate":	0,
			"bidir":	0,
			"fqrate":	0
		}
	},
	"intervals":	[{
			"streams":	[{
					"socket":	5,
					"start":	0,
					"end":	1.001076,
					"seconds":	1.0010759830474854,
					"bytes":	1048576,
					"bits_per_second":	8379591.7013844615,
					"omitted":	false,
					"sender":	false
				}],
			"sum":	{
				"start":	0,
				"end":	1.001076,
				"seconds":	1.0010759830474854,
				"bytes":	1048576,
				"bits_per_second":	8379591.7013844615,
				"omitted":	false,
				"sender":	false
			}
		}, {
			"streams":	[{
					"socket":	5,
					"start":	1.001076,
					"end":	2.000874,
					"seconds":	0.9997979998588562,
					"bytes":	1179648,
					"bits_per_second":	9439090.6976531949,
					"omitted":	false,
					"sender":	false
				}],
			"sum":	{
				"start":	1.001076,
				"end":	2.000874,
				"seconds":	0.9997979998588562,
				"bytes":	1179648,
				"bits_per_second":	9439090.6976531949,
				"omitted":	false,
				"sender":	false
			}
		}, {
			"streams":	[{
					"socket":	5,
					"start":	2.000874,
					"end":	3.001231,
					"seconds":	1.0003570318222046,
					"bytes":	1179648,
					"bits_per_second":	9433815.82754475,
					"omitted":	false,
					"sender":	false
				}],
			"sum":	{
				"start":	2.000874,
				"end":	3.001231,
				"seconds":	1.0003570318222046,
				"bytes":	1179648,
				"bits_per_second":	9433815.82754475,
				"omitted":	false,
				"sender":	false
			}
		}, {
			"streams":	[{
					"socket":	5,
					"start":	3.001231,
					"end":	4.000561,
					"seconds":	0.99932998418808,
					"bytes":	1179648,
					"bits_per_second":	9443511.3018923141,
					"omitted":	false,
					"sender":	false
				}],
			"sum":	{
				"start":	3.001231,
				"end":	4.000561,
				"seconds":	0.99932998418808,
				"bytes":	1179648,
				"bits_per_second":	9443511.3018923141,
				"omitted":	false,
				"sender":	false
			}
		}, {
			"streams":	[{
					"socket":	5,
					"start":	4.000561,
					"end":	5.000697,
					"seconds":	1.0001360177993774,
					"bytes":	1179648,
					"bits_per_second":	9435900.5495721,
					"omitted":	false,
					"sender":	false
				}],
			"sum":	{
				"start":	4.000561,
				"end":	5.000697,
				"seconds":	1.0001360177993774,
				"bytes":	1179648,
				"bits_per_second":	9435900.5495721,
				"omitted":	false,
				"sender":	false
			}
		}, {
			"streams":	[{
					"socket":	5,
					"start":	5.000697,
					"end":	6.000816,
					"seconds":	1.0001189708709717,
					"bytes":	1179648,
					"bits_per_second":	9436061.3835586552,
					"omitted":	false,
					"sender":	false
				}],
			"sum":	{
				"start":	5.000697,
				"end":	6.000816,
				"seconds":	1.0001189708709717,
				"bytes":	1179648,
				"bits_per_second":	9436061.3835586552,
				"omitted":	false,
				"sender":	false
			}
		}, {
			"streams":	[{
					"socket":	5,
					"start":	6.000816,
					"end":	7.001037,
					"seconds":	1.0002210140228271,
					"bytes":	1179648,
					"bits_per_second":	9435098.71087814,
					"omitted":	false,
					"sender":	false
				}],
			"sum":	{
				"start":	6.000816,
				"end":	7.001037,
				"seconds":	1.0002210140228271,
				"bytes":	1179648,
				"bits_per_second":	9435098.71087814,
				"omitted":	false,
				"sender":	false
			}
		}, {
			"streams":	[{
					"socket":	5,
					"start":	7.001037,
					"end":	8.000819,
					"seconds":	0.9997820258140564,
					"bytes":	1310720,
					"bits_per_second":	10488046.123315869,
					"omitted":	false,
					"sender":	false
				}],
			"sum":	{
				"start":	7.001037,
				"end":	8.000819,
				"seconds":	0.9997820258140564,
				"bytes":	1310720,
				"bits_per_second":	10488046.123315869,
				"omitted":	false,
				"sender":	false
			}
		}, {
			"streams":	[{
					"socket":	5,
					"start":	8.000819,
					"end":	9.000994,
					"seconds":	1.0001749992370605,
					"bytes":	1179648,
					"bits_per_second":	9435532.7889606729,
					"omitted":	false,
					"sender":	false
				}],
			"sum":	{
				"start":	8.000819,
				"end":	9.000994,
				"seconds":	1.0001749992370605,
				"bytes":	1179648,
				"bits_per_second":	9435532.7889606729,
				"omitted":	false,
				"sender":	false
			}
		}, {
			"streams":	[{
					"socket":	5,
					"start":	9.000994,
					"end":	10.000508,
					"seconds":	0.99951398372650146,
					"bytes":	1179648,
					"bits_per_second":	9441772.85525833,
					"omitted":	false,
					"sender":	false
				}],
			"sum":	{
				"start":	9.000994,
				"end":	10.000508,
				"seconds":	0.99951398372650146,
				"bytes":	1179648,
				"bits_per_second":	9441772.85525833,
				"omitted":	false,
				"sender":	false
			}
		}, {
			"streams":	[{
					"socket":	5,
					"start":	10.000508,
					"end":	11.00097,
					"seconds":	1.0004620552062988,
					"bytes":	1179648,
					"bits_per_second":	9432825.5138612129,
					"omitted":	false,
					"sender":	false
				}],
			"sum":	{
				"start":	10.000508,
				"end":	11.00097,
				"seconds":	1.0004620552062988,
				"bytes":	1179648,
				"bits_per_second":	9432825.5138612129,
				"omitted":	false,
				"sender":	false
			}
		}, {
			"streams":	[{
					"socket":	5,
					"start":	11.00097,
					"end":	12.000927,
					"seconds":	0.999957025051117,
					"bytes":	1179648,
					"bits_per_second":	9437589.5799297765,
					"omitted":	false,
					"sender":	false
				}],
			"sum":	{
				"start":	11.00097,
				"end":	12.000927,
				"seconds":	0.999957025051117,
				"bytes":	1179648,
				"bits_per_second":	9437589.5799297765,
				"omitted":	false,
				"sender":	false
			}
		}, {
			"streams":	[{
					"socket":	5,
					"start":	12.000927,
					"end":	13.00064,
					"seconds":	0.99971300363540649,
					"bytes":	1179648,
					"bits_per_second":	9439893.2150348667,
					"omitted":	false,
					"sender":	false
				}],
			"sum":	{
				"start":	12.000927,
				"end":	13.00064,
				"seconds":	0.99971300363540649,
				"bytes":	1179648,
				"bits_per_second":	9439893.2150348667,
				"omitted":	false,
				"sender":	false
			}
		}, {
			"streams":	[{
					"socket":	5,
					"start":	13.00064,
					"end":	14.000909,
					"seconds":	1.0002690553665161,
					"bytes":	1179648,
					"bits_per_second":	9434645.55798145,
					"omitted":	false,
					"sender":	false
				}],
			"sum":	{
				"start":	13.00064,
				"end":	14.000909,
				"seconds":	1.0002690553665161,
				"bytes":	1179648,
				"bits_per_second":	9434645.55798145,
				"omitted":	false,
				"sender":	false
			}
		}, {
			"streams":	[{
					"socket":	5,
					"start":	14.000909,
					"end":	15.00029,
					"seconds":	0.99938100576400757,
					"bytes":	1179648,
					"bits_per_second":	9443029.18063312,
					"omitted":	false,
					"sender":	false
				}],
			"sum":	{
				"start":	14.000909,
				"end":	15.00029,
				"seconds":	0.99938100576400757,
				"bytes":	1179648,
				"bits_per_second":	9443029.18063312,
				"omitted":	false,
				"sender":	false
			}
		}, {
			"streams":	[{
					"socket":	5,
					"start":	15.00029,
					"end":	16.000966,
					"seconds":	1.0006760358810425,
					"bytes":	1310720,
					"bits_per_second":	10478676.039011808,
					"omitted":	false,
					"sender":	false
				}],
			"sum":	{
				"start":	15.00029,
				"end":	16.000966,
				"seconds":	1.0006760358810425,
				"bytes":	1310720,
				"bits_per_second":	10478676.039011808,
				"omitted":	false,