{
	"start":	{
		"connected":	[{
				"socket":	5,
				"local_host":	"10.0.0.1",
				"local_port":	44948,
				"remote_host":	"10.0.0.2",
				"remote_port":	5201
			}],
		"version":	"iperf 3.16",
		"system_info":	"Linux mininet 6.8.0-88-generic #89-Ubuntu SMP PREEMPT_DYNAMIC Sat Oct 11 01:02:46 UTC 2025 x86_64",
		"timestamp":	{
			"time":	"Tue, 02 Dec 2025 17:13:00 GMT",
			"timesecs":	1764695580
		},
		"connecting_to":	{
			"host":	"10.0.0.2",
			"port":	5201
		},
		"cookie":	"q5ix7ihnx54jop47mulf755ysfb3xq4br64o",
		"tcp_mss_default":	1448,
		"target_bitrate":	0,
		"fq_rate":	0,
		"sock_bufsize":	0,
		"sndbuf_actual":	87380,
		"rcvbuf_actual":	87380,
		"test_start":	{
			"protocol":	"TCP",
			"num_streams":	1,
			"blksize":	131072,
			"omit":	0,
			"duration":	20,
			"bytes":	0,
			"blocks":	0,
			"reverse":	0,
			"tos":	0,
			"target_bitrate":	0,
			"bidir":	0,
			"fqrate":	0
		}
	},
	"intervals":	[{
			"streams":	[{
					"socket":	5,
					"start":	0,
					"end":	1.001103,
					"seconds":	1.0011030435562134,
					"bytes":	4194304,
					"bits_per_second":	33517460.780865032,
					"retransmits":	0,
					"snd_cwnd":	805088,
					"snd_wnd":	1217536,
					"rtt":	322322,
					"rttvar":	13910,
					"pmtu":	1500,
					"omitted":	false,
					"sender":	true
				}],
			"sum":	{
				"start":	0,
				"end":	1.001103,
				"seconds":	1.0011030435562134,
				"bytes":	4194304,
				"bits_per_second":	33517460.780865032,
				"retransmits":	0,
				"omitted":	false,
				"sender":	true
			}
		}, {
			"streams":	[{
					"socket":	5,
					"start":	1.001103,
					"end":	2.000785,
					"seconds":	0.99968200922012329,
					"bytes":	4456448,
					"bits_per_second":	35662924.481168449,
					"retransmits":	55,
					"snd_cwnd":	1608728,
					"snd_wnd":	2871296,
					"rtt":	770334,
					"rttvar":	1203,
					"pmtu":	1500,
					"omitted":	false,
					"sender":	true
				}],
			"sum":	{
				"start":	1.001103,
				"end":	2.000785,
				"seconds":	0.99968200922012329,
				"bytes":	4456448,
				"bits_per_second":	35662924.481168449,
				"retransmits":	55,
				"omitted":	false,
				"sender":	true
			}
		}, {
			"streams":	[{
					"socket":	5,
					"start":	2.000785,
					"end":	3.001021,
					"seconds":	1.0002360343933105,
					"bytes":	0,
					"bits_per_second":	0,
					"retransmits":	661,
					"snd_cwnd":	667528,
					"snd_wnd":	2871296,
					"rtt":	772582,
					"rttvar":	188,
					"pmtu":	1500,
					"omitted":	false,
					"sender":	true
				}],
			"sum":	{
				"start":	2.000785,
				"end":	3.001021,
				"seconds":	1.0002360343933105,
				"bytes":	0,
				"bits_per_second":	0,
				"retransmits":	661,
				"omitted":	false,
				"sender":	true
			}
		}, {
			"streams":	[{
					"socket":	5,
					"start":	3.001021,
					"end":	4.001034,
					"seconds":	1.000012993812561,
					"bytes":	4063232,
					"bits_per_second":	32505433.630488191,
					"retransmits":	288,
					"snd_cwnd":	388064,
					"snd_wnd":	3471872,
					"rtt":	324442,
					"rttvar":	207,
					"pmtu":	1500,
					"omitted":	false,
					"sender":	true
				}],
			"sum":	{
				"start":	3.001021,
				"end":	4.001034,
				"seconds":	1.000012993812561,
				"bytes":	4063232,
				"bits_per_second":	32505433.630488191,
				"retransmits":	288,
				"omitted":	false,
				"sender":	true
			}
		}, {
			"streams":	[{
					"socket":	5,
					"start":	4.001034,
					"end":	5.001049,
					"seconds":	1.0000150203704834,
					"bytes":	0,
					"bits_per_second":	0,
					"retransmits":	0,
					"snd_cwnd":	460464,
					"snd_wnd":	5464576,
					"rtt":	383843,
					"rttvar":	142,
					"pmtu":	1500,
					"omitted":	false,
					"sender":	true
				}],
			"sum":	{
				"start":	4.001034,
				"end":	5.001049,
				"seconds":	1.0000150203704834,
				"bytes":	0,
				"bits_per_second":	0,
				"retransmits":	0,
				"omitted":	false,
				"sender":	true
			}
		}, {
			"streams":	[{
					"socket":	5,
					"start":	5.001049,
					"end":	6.001041,
					"seconds":	0.9999920129776,
					"bytes":	3538944,
					"bits_per_second":	28311778.12680608,
					"retransmits":	0,
					"snd_cwnd":	463360,
					"snd_wnd":	7851008,
					"rtt":	386406,
					"rttvar":	98,
					"pmtu":	1500,
					"omitted":	false,
					"sender":	true
				}],
			"sum":	{
				"start":	5.001049,
				"end":	6.001041,
				"seconds":	0.9999920129776,
				"bytes":	3538944,
				"bits_per_second":	28311778.12680608,
				"retransmits":	0,
				"omitted":	false,
				"sender":	true
			}
		}, {
			"streams":	[{
					"socket":	5,
					"start":	6.001041,
					"end":	7.001189,
					"seconds":	1.0001480579376221,
					"bytes":	0,
					"bits_per_second":	0,
					"retransmits":	0,
					"snd_cwnd":	467704,
					"snd_wnd":	10243072,
					"rtt":	389957,
					"rttvar":	504,
					"pmtu":	1500,
					"omitted":	false,
					"sender":	true
				}],
			"sum":	{
				"start":	6.001041,
				"end":	7.001189,
				"seconds":	1.0001480579376221,
				"bytes":	0,
				"bits_per_second":	0,
				"retransmits":	0,
				"omitted":	false,
				"sender":	true
			}
		}, {
			"streams":	[{
					"socket":	5,
					"start":	7.001189,
					"end":	8.001006,
					"seconds":	0.99981701374053955,
					"bytes":	0,
					"bits_per_second":	0,
					"retransmits":	0,
					"snd_cwnd":	472048,
					"snd_wnd":	12581376,
					"rtt":	392501,
					"rttvar":	340,
					"pmtu":	1500,
					"omitted":	false,
					"sender":	true
				}],
			"sum":	{
				"start":	7.001189,
				"end":	8.001006,
				"seconds":	0.99981701374053955,
				"bytes":	0,
				"bits_per_second":	0,
				"retransmits":	0,
				"omitted":	false,
				"sender":	true
			}
		}, {
			"streams":	[{
					"socket":	5,
					"start":	8.001006,
					"end":	9.000792,
					"seconds":	0.99978601932525635,
					"bytes":	3670016,
					"bits_per_second":	29366411.844621312,
					"retransmits":	0,
					"snd_cwnd":	474944,
					"snd_wnd":	12580352,
					"rtt":	395989,
					"rttvar":	525,
					"pmtu":	1500,
					"omitted":	false,
					"sender":	true
				}],
			"sum":	{
				"start":	8.001006,
				"end":	9.000792,
				"seconds":	0.99978601932525635,
				"bytes":	3670016,
				"bits_per_second":	29366411.844621312,
				"retransmits":	0,
				"omitted":	false,
				"sender":	true
			}
		}, {
			"streams":	[{
					"socket":	5,
					"start":	9.000792,
					"end":	10.000807,
					"seconds":	1.0000150203704834,
					"bytes":	0,
					"bits_per_second":	0,
					"retransmits":	0,
					"snd_cwnd":	479288,
					"snd_wnd":	12580352,
					"rtt":	398319,
					"rttvar":	326,
					"pmtu":	1500,
					"omitted":	false,
					"sender":	true
				}],
			"sum":	{
				"start":	9.000792,
				"end":	10.000807,
				"seconds":	1.0000150203704834,
				"bytes":	0,
				"bits_per_second":	0,
				"retransmits":	0,
				"omitted":	false,
				"sender":	true
			}
		}, {
			"streams":	[{
					"socket":	5,
					"start":	10.000807,
					"end":	11.000794,
					"seconds":	0.999987006187439,
					"bytes":	0,
					"bits_per_second":	0,
					"retransmits":	0,
					"snd_cwnd":	482184,
					"snd_wnd":	12581376,
					"rtt":	401684,
					"rttvar":	830,
					"pmtu":	1500,
					"omitted":	false,
					"sender":	true
				}],
			"sum":	{
				"start":	10.000807,
				"end":	11.000794,
				"seconds":	0.999987006187439,
				"bytes":	0,
				"bits_per_second":	0,
				"retransmits":	0,
				"omitted":	false,
				"sender":	true
			}
		}, {
			"streams":	[{
					"socket":	5,
					"start":	11.000794,
					"end":	12.000778,
					"seconds":	0.9999840259552002,
					"bytes":	3670016,
					"bits_per_second":	29360597.007491946,
					"retransmits":	0,
					"snd_cwnd":	486528,
					"snd_wnd":	12580352,
					"rtt":	404092,
					"rttvar":	863,
					"pmtu":	1500,
					"omitted":	false,
					"sender":	true
				}],
			"sum":	{
				"start":	11.000794,
				"end":	12.000778,
				"seconds":	0.9999840259552002,
				"bytes":	3670016,
				"bits_per_second":	29360597.007491946,
				"retransmits":	0,
				"omitted":	false,
				"sender":	true
			}
		}, {
			"streams":	[{
					"socket":	5,
					"start":	12.000778,
					"end":	13.000807,
					"seconds":	1.0000289678573608,
					"bytes":	0,
					"bits_per_second":	0,