{
	"start":	{
		"connected":	[{
				"socket":	5,
				"local_host":	"10.0.0.2",
				"local_port":	5201,
				"remote_host":	"10.0.0.1",
				"remote_port":	35592
			}],
		"version":	"iperf 3.16",
		"system_info":	"Linux mininet 6.8.0-88-generic #89-Ubuntu SMP PREEMPT_DYNAMIC Sat Oct 11 01:02:46 UTC 2025 x86_64",
		"sock_bufsize":	0,
		"sndbuf_actual":	87380,
		"rcvbuf_actual":	87380,
		"timestamp":	{
			"time":	"Tue, 02 Dec 2025 16:55:21 GMT",
			"timesecs":	1764694521
		},
		"accepted_connection":	{
			"host":	"10.0.0.1",
			"port":	35580
		},
		"cookie":	"a2fqbpaogwnfwgnwtdoxoz4mk2wq4mgeps5l",
		"tcp_mss_default":	0,
		"target_bitrate":	0,
		"fq_rate":	0,
		"test_start":	{
			"protocol":	"TCP",
			"num_streams":	1,
			"blksize":	131072,
			"omit":	0,
			"duration":	20,
			"bytes":	0,
			"blocks":	0,
			"reverse":	0,
			"tos":	0,
			"target_bitrate":	0,
			"bidir":	0,
			"fqrate":	0
		}
	},
	"intervals":	[{
			"streams":	[{
					"socket":	5,
					"start":	0,
					"end":	1.000992,
					"seconds":	1.0009919404983521,
					"bytes":	786432,
					"bits_per_second":	6285221.43431819,
					"omitted":	false,
					"sender":	false
				}],
			"sum":	{
				"start":	0,
				"end":	1.000992,
				"seconds":	1.0009919404983521,
				"bytes":	786432,
				"bits_per_second":	6285221.43431819,
				"omitted":	false,
				"sender":	false
			}
		}, {
			"streams":	[{
					"socket":	5,
					"start":	1.000992,
					"end":	2.001086,
					"seconds":	1.0000940561294556,
					"bytes":	917504,
					"bits_per_second":	7339341.6899278937,
					"omitted":	false,
					"sender":	false
				}],
			"sum":	{
				"start":	1.000992,
				"end":	2.001086,
				"seconds":	1.0000940561294556,
				"bytes":	917504,
				"bits_per_second":	7339341.6899278937,
				"omitted":	false,
				"sender":	false
			}
		}, {
			"streams":	[{
					"socket":	5,
					"start":	2.001086,
					"end":	3.000984,
					"seconds":	0.99989801645278931,
					"bytes":	1703936,
					"bits_per_second":	13632878.329290712,
					"omitted":	false,
					"sender":	false
				}],
			"sum":	{
				"start":	2.001086,
				"end":	3.000984,
				"seconds":	0.99989801645278931,
				"bytes":	1703936,
				"bits_per_second":	13632878.329290712,
				"omitted":	false,
				"sender":	false
			}
		}, {
			"streams":	[{
					"socket":	5,
					"start":	3.000984,
					"end":	4.000972,
					"seconds":	0.9999880194664,
					"bytes":	1179648,
					"bits_per_second":	9437297.0638545658,
					"omitted":	false,
					"sender":	false
				}],
			"sum":	{
				"start":	3.000984,
				"end":	4.000972,
				"seconds":	0.9999880194664,
				"bytes":	1179648,
				"bits_per_second":	9437297.0638545658,
				"omitted":	false,
				"sender":	false
			}
		}, {
			"streams":	[{
					"socket":	5,
					"start":	4.000972,
					"end":	5.001004,
					"seconds":	1.0000319480895996,
					"bytes":	1179648,
					"bits_per_second":	9436882.50963204,
					"omitted":	false,
					"sender":	false
				}],
			"sum":	{
				"start":	4.000972,
				"end":	5.001004,
				"seconds":	1.0000319480895996,
				"bytes":	1179648,
				"bits_per_second":	9436882.50963204,
				"omitted":	false,
				"sender":	false
			}
		}, {
			"streams":	[{
					"socket":	5,
					"start":	5.001004,
					"end":	6.000975,
					"seconds":	0.99997097253799438,
					"bytes":	1179648,
					"bits_per_second":	9437457.94545194,
					"omitted":	false,
					"sender":	false
				}],
			"sum":	{
				"start":	5.001004,
				"end":	6.000975,
				"seconds":	0.99997097253799438,
				"bytes":	1179648,
				"bits_per_second":	9437457.94545194,
				"omitted":	false,
				"sender":	false
			}
		}, {
			"streams":	[{
					"socket":	5,
					"start":	6.000975,
					"end":	7.000972,
					"seconds":	0.99999701976776123,
					"bytes":	1179648,
					"bits_per_second":	9437212.12508382,
					"omitted":	false,
					"sender":	false
				}],
			"sum":	{
				"start":	6.000975,
				"end":	7.000972,
				"seconds":	0.99999701976776123,
				"bytes":	1179648,
				"bits_per_second":	9437212.12508382,
				"omitted":	false,
				"sender":	false
			}
		}, {
			"streams":	[{
					"socket":	5,
					"start":	7.000972,
					"end":	8.000983,
					"seconds":	1.0000109672546387,
					"bytes":	1310720,
					"bits_per_second":	10485645.001261221,
					"omitted":	false,
					"sender":	false
				}],
			"sum":	{
				"start":	7.000972,
				"end":	8.000983,
				"seconds":	1.0000109672546387,
				"bytes":	1310720,
				"bits_per_second":	10485645.001261221,
				"omitted":	false,
				"sender":	false
			}
		}, {
			"streams":	[{
					"socket":	5,
					"start":	8.000983,
					"end":	9.001087,
					"seconds":	1.0001039505004883,
					"bytes":	1179648,
					"bits_per_second":	9436203.10196484,
					"omitted":	false,
					"sender":	false
				}],
			"sum":	{
				"start":	8.000983,
				"end":	9.001087,
				"seconds":	1.0001039505004883,
				"bytes":	1179648,
				"bits_per_second":	9436203.10196484,
				"omitted":	false,
				"sender":	false
			}
		}, {
			"streams":	[{
					"socket":	5,
					"start":	9.001087,
					"end":	10.001066,
					"seconds":	0.999979019165039,
					"bytes":	1179648,
					"bits_per_second":	9437382.0041542929,
					"omitted":	false,
					"sender":	false
				}],
			"sum":	{
				"start":	9.001087,
				"end":	10.001066,
				"seconds":	0.999979019165039,
				"bytes":	1179648,
				"bits_per_second":	9437382.0041542929,
				"omitted":	false,
				"sender":	false
			}
		}, {
			"streams":	[{
					"socket":	5,
					"start":	10.001066,
					"end":	11.000974,
					"seconds":	0.9999079704284668,
					"bytes":	1179648,
					"bits_per_second":	9438052.57993504,
					"omitted":	false,
					"sender":	false
				}],
			"sum":	{
				"start":	10.001066,
				"end":	11.000974,
				"seconds":	0.9999079704284668,
				"bytes":	1179648,
				"bits_per_second":	9438052.57993504,
				"omitted":	false,
				"sender":	false
			}
		}, {
			"streams":	[{
					"socket":	5,
					"start":	11.000974,
					"end":	12.000978,
					"seconds":	1.0000040531158447,
					"bytes":	1179648,
					"bits_per_second":	9437145.75015503,
					"omitted":	false,
					"sender":	false
				}],
			"sum":	{
				"start":	11.000974,
				"end":	12.000978,
				"seconds":	1.0000040531158447,
				"bytes":	1179648,
				"bits_per_second":	9437145.75015503,
				"omitted":	false,
				"sender":	false
			}
		}, {
			"streams":	[{
					"socket":	5,
					"start":	12.000978,
					"end":	13.000973,
					"seconds":	0.999994993209839,
					"bytes":	1179648,
					"bits_per_second":	9437231.25023657,
					"omitted":	false,
					"sender":	false
				}],
			"sum":	{
				"start":	12.000978,
				"end":	13.000973,
				"seconds":	0.999994993209839,
				"bytes":	1179648,
				"bits_per_second":	9437231.25023657,
				"omitted":	false,
				"sender":	false
			}
		}, {
			"streams":	[{
					"socket":	5,
					"start":	13.000973,
					"end":	14.000952,
					"seconds":	0.999979019165039,
					"bytes":	1179648,
					"bits_per_second":	9437382.0041542929,
					"omitted":	false,
					"sender":	false
				}],
			"sum":	{
				"start":	13.000973,
				"end":	14.000952,
				"seconds":	0.999979019165039,
				"bytes":	1179648,
				"bits_per_second":	9437382.0041542929,
				"omitted":	false,
				"sender":	false
			}
		}, {
			"streams":	[{
					"socket":	5,
					"start":	14.000952,
					"end":	15.000969,
					"seconds":	1.0000170469284058,
					"bytes":	1179648,
					"bits_per_second":	9437023.12774238,
					"omitted":	false,
					"sender":	false
				}],
			"sum":	{
				"start":	14.000952,
				"end":	15.000969,
				"seconds":	1.0000170469284058,
				"bytes":	1179648,
				"bits_per_second":	9437023.12774238,
				"omitted":	false,
				"sender":	false
			}
		}, {
			"streams":	[{
					"socket":	5,
					"start":	15.000969,
					"end":	16.001063,
					"seconds":	1.0000940561294556,
					"bytes":	1310720,
					"bits_per_second":	10484773.842754133,
					"omitted":	false,
					"sender":	false
				}],
			"sum":	{
				"start":	15.000969,
				"end":	16.001063,
				"seconds":	1.0000940561294556,
				"bytes":	1310720,
				"bits_per_second":	10484773.842754133,
				"omitted":	false,