{
	"start":	{
		"connected":	[{
				"socket":	5,
				"local_host":	"10.0.0.1",
				"local_port":	36628,
				"remote_host":	"10.0.0.2",
				"remote_port":	5201
			}],
		"version":	"iperf 3.16",
		"system_info":	"Linux mininet 6.8.0-88-generic #89-Ubuntu SMP PREEMPT_DYNAMIC Sat Oct 11 01:02:46 UTC 2025 x86_64",
		"timestamp":	{
			"time":	"Tue, 02 Dec 2025 17:31:47 GMT",
			"timesecs":	1764696707
		},
		"connecting_to":	{
			"host":	"10.0.0.2",
			"port":	5201
		},
		"cookie":	"6ayncjpkbxs6jush3axqlhgy3vb54x6bfvab",
		"tcp_mss_default":	1448,
		"target_bitrate":	0,
		"fq_rate":	0,
		"sock_bufsize":	0,
		"sndbuf_actual":	87380,
		"rcvbuf_actual":	87380,
		"test_start":	{
			"protocol":	"TCP",
			"num_streams":	1,
			"blksize":	131072,
			"omit":	0,
			"duration":	20,
			"bytes":	0,
			"blocks":	0,
			"reverse":	0,
			"tos":	0,
			"target_bitrate":	0,
			"bidir":	0,
			"fqrate":	0
		}
	},
	"intervals":	[{
			"streams":	[{
					"socket":	5,
					"start":	0,
					"end":	1.001059,
					"seconds":	1.0010590553283691,
					"bytes":	2621440,
					"bits_per_second":	20949333.4967345,
					"retransmits":	2,
					"snd_cwnd":	157832,
					"snd_wnd":	1554432,
					"rtt":	105045,
					"rttvar":	196,
					"pmtu":	1500,
					"omitted":	false,
					"sender":	true
				}],
			"sum":	{
				"start":	0,
				"end":	1.001059,
				"seconds":	1.0010590553283691,
				"bytes":	2621440,
				"bits_per_second":	20949333.4967345,
				"retransmits":	2,
				"omitted":	false,
				"sender":	true
			}
		}, {
			"streams":	[{
					"socket":	5,
					"start":	1.001059,
					"end":	2.00038,
					"seconds":	0.99932098388671875,
					"bytes":	1310720,
					"bits_per_second":	10492884.837879725,
					"retransmits":	2,
					"snd_cwnd":	86880,
					"snd_wnd":	3975680,
					"rtt":	104653,
					"rttvar":	258,
					"pmtu":	1500,
					"omitted":	false,
					"sender":	true
				}],
			"sum":	{
				"start":	1.001059,
				"end":	2.00038,
				"seconds":	0.99932098388671875,
				"bytes":	1310720,
				"bits_per_second":	10492884.837879725,
				"retransmits":	2,
				"omitted":	false,
				"sender":	true
			}
		}, {
			"streams":	[{
					"socket":	5,
					"start":	2.00038,
					"end":	3.000178,
					"seconds":	0.9997979998588562,
					"bytes":	655360,
					"bits_per_second":	5243939.2764739972,
					"retransmits":	0,
					"snd_cwnd":	101360,
					"snd_wnd":	5805568,
					"rtt":	104725,
					"rttvar":	247,
					"pmtu":	1500,
					"omitted":	false,
					"sender":	true
				}],
			"sum":	{
				"start":	2.00038,
				"end":	3.000178,
				"seconds":	0.9997979998588562,
				"bytes":	655360,
				"bits_per_second":	5243939.2764739972,
				"retransmits":	0,
				"omitted":	false,
				"sender":	true
			}
		}, {
			"streams":	[{
					"socket":	5,
					"start":	3.000178,
					"end":	4.000222,
					"seconds":	1.0000439882278442,
					"bytes":	655360,
					"bits_per_second":	5242649.38514434,
					"retransmits":	2,
					"snd_cwnd":	60816,
					"snd_wnd":	5879296,
					"rtt":	105095,
					"rttvar":	471,
					"pmtu":	1500,
					"omitted":	false,
					"sender":	true
				}],
			"sum":	{
				"start":	3.000178,
				"end":	4.000222,
				"seconds":	1.0000439882278442,
				"bytes":	655360,
				"bits_per_second":	5242649.38514434,
				"retransmits":	2,
				"omitted":	false,
				"sender":	true
			}
		}, {
			"streams":	[{
					"socket":	5,
					"start":	4.000222,
					"end":	5.000237,
					"seconds":	1.0000150203704834,
					"bytes":	655360,
					"bits_per_second":	5242801.2511828365,
					"retransmits":	0,
					"snd_cwnd":	73848,
					"snd_wnd":	5876736,
					"rtt":	104864,
					"rttvar":	460,
					"pmtu":	1500,
					"omitted":	false,
					"sender":	true
				}],
			"sum":	{
				"start":	4.000222,
				"end":	5.000237,
				"seconds":	1.0000150203704834,
				"bytes":	655360,
				"bits_per_second":	5242801.2511828365,
				"retransmits":	0,
				"omitted":	false,
				"sender":	true
			}
		}, {
			"streams":	[{
					"socket":	5,
					"start":	5.000237,
					"end":	6.000995,
					"seconds":	1.0007580518722534,
					"bytes":	655360,
					"bits_per_second":	5238908.6355002942,
					"retransmits":	2,
					"snd_cwnd":	44888,
					"snd_wnd":	5879296,
					"rtt":	104737,
					"rttvar":	313,
					"pmtu":	1500,
					"omitted":	false,
					"sender":	true
				}],
			"sum":	{
				"start":	5.000237,
				"end":	6.000995,
				"seconds":	1.0007580518722534,
				"bytes":	655360,
				"bits_per_second":	5238908.6355002942,
				"retransmits":	2,
				"omitted":	false,
				"sender":	true
			}
		}, {
			"streams":	[{
					"socket":	5,
					"start":	6.000995,
					"end":	7.000178,
					"seconds":	0.99918299913406372,
					"bytes":	655360,
					"bits_per_second":	5247166.9399336381,
					"retransmits":	0,
					"snd_cwnd":	57920,
					"snd_wnd":	5876736,
					"rtt":	104746,
					"rttvar":	300,
					"pmtu":	1500,
					"omitted":	false,
					"sender":	true
				}],
			"sum":	{
				"start":	6.000995,
				"end":	7.000178,
				"seconds":	0.99918299913406372,
				"bytes":	655360,
				"bits_per_second":	5247166.9399336381,
				"retransmits":	0,
				"omitted":	false,
				"sender":	true
			}
		}, {
			"streams":	[{
					"socket":	5,
					"start":	7.000178,
					"end":	8.000271,
					"seconds":	1.0000929832458496,
					"bytes":	655360,
					"bits_per_second":	5242392.5453251181,
					"retransmits":	0,
					"snd_cwnd":	72400,
					"snd_wnd":	5876736,
					"rtt":	104901,
					"rttvar":	285,
					"pmtu":	1500,
					"omitted":	false,
					"sender":	true
				}],
			"sum":	{
				"start":	7.000178,
				"end":	8.000271,
				"seconds":	1.0000929832458496,
				"bytes":	655360,
				"bits_per_second":	5242392.5453251181,
				"retransmits":	0,
				"omitted":	false,
				"sender":	true
			}
		}, {
			"streams":	[{
					"socket":	5,
					"start":	8.000271,
					"end":	9.001015,
					"seconds":	1.0007439851760864,
					"bytes":	655360,
					"bits_per_second":	5238982.2748497324,
					"retransmits":	0,
					"snd_cwnd":	85432,
					"snd_wnd":	5879296,
					"rtt":	104956,
					"rttvar":	365,
					"pmtu":	1500,
					"omitted":	false,
					"sender":	true
				}],
			"sum":	{
				"start":	8.000271,
				"end":	9.001015,
				"seconds":	1.0007439851760864,
				"bytes":	655360,
				"bits_per_second":	5238982.2748497324,
				"retransmits":	0,
				"omitted":	false,
				"sender":	true
			}
		}, {
			"streams":	[{
					"socket":	5,
					"start":	9.001015,
					"end":	10.00021,
					"seconds":	0.99919497966766357,
					"bytes":	655360,
					"bits_per_second":	5247104.0254263524,
					"retransmits":	0,
					"snd_cwnd":	99912,
					"snd_wnd":	5876736,
					"rtt":	104750,
					"rttvar":	258,
					"pmtu":	1500,
					"omitted":	false,
					"sender":	true
				}],
			"sum":	{
				"start":	9.001015,
				"end":	10.00021,
				"seconds":	0.99919497966766357,
				"bytes":	655360,
				"bits_per_second":	5247104.0254263524,
				"retransmits":	0,
				"omitted":	false,
				"sender":	true
			}
		}, {
			"streams":	[{
					"socket":	5,
					"start":	10.00021,
					"end":	11.000174,
					"seconds":	0.99996399879455566,
					"bytes":	1310720,
					"bits_per_second":	10486137.513590945,
					"retransmits":	0,
					"snd_cwnd":	112944,
					"snd_wnd":	5876736,
					"rtt":	104996,
					"rttvar":	566,
					"pmtu":	1500,
					"omitted":	false,
					"sender":	true
				}],
			"sum":	{
				"start":	10.00021,
				"end":	11.000174,
				"seconds":	0.99996399879455566,
				"bytes":	1310720,
				"bits_per_second":	10486137.513590945,
				"retransmits":	0,
				"omitted":	false,
				"sender":	true
			}
		}, {
			"streams":	[{
					"socket":	5,
					"start":	11.000174,
					"end":	12.000652,
					"seconds":	1.0004780292510986,
					"bytes":	655360,
					"bits_per_second":	5240374.9474883759,
					"retransmits":	0,
					"snd_cwnd":	125976,
					"snd_wnd":	5879296,
					"rtt":	104561,
					"rttvar":	97,
					"pmtu":	1500,
					"omitted":	false,
					"sender":	true
				}],
			"sum":	{
				"start":	11.000174,
				"end":	12.000652,
				"seconds":	1.0004780292510986,
				"bytes":	655360,
				"bits_per_second":	5240374.9474883759,
				"retransmits":	0,