{
	"start":	{
		"connected":	[{
				"socket":	5,
				"local_host":	"10.0.0.1",
				"local_port":	42140,
				"remote_host":	"10.0.0.2",
				"remote_port":	5201
			}],
		"version":	"iperf 3.16",
		"system_info":	"Linux mininet 6.8.0-88-generic #89-Ubuntu SMP PREEMPT_DYNAMIC Sat Oct 11 01:02:46 UTC 2025 x86_64",
		"timestamp":	{
			"time":	"Tue, 02 Dec 2025 18:26:53 GMT",
			"timesecs":	1764700013
		},
		"connecting_to":	{
			"host":	"10.0.0.2",
			"port":	5201
		},
		"cookie":	"kvtsnjclmeqjhknp5ckuf63jmzny7cqwybt6",
		"tcp_mss_default":	1448,
		"target_bitrate":	0,
		"fq_rate":	0,
		"sock_bufsize":	0,
		"sndbuf_actual":	87380,
		"rcvbuf_actual":	87380,
		"test_start":	{
			"protocol":	"TCP",
			"num_streams":	1,
			"blksize":	131072,
			"omit":	0,
			"duration":	20,
			"bytes":	0,
			"blocks":	0,
			"reverse":	0,
			"tos":	0,
			"target_bitrate":	0,
			"bidir":	0,
			"fqrate":	0
		}
	},
	"intervals":	[{
			"streams":	[{
					"socket":	5,
					"start":	0,
					"end":	1.000802,
					"seconds":	1.0008020401000977,
					"bytes":	2490368,
					"bits_per_second":	19906977.805528212,
					"retransmits":	8,
					"snd_cwnd":	166520,
					"snd_wnd":	1975808,
					"rtt":	104870,
					"rttvar":	215,
					"pmtu":	1500,
					"omitted":	false,
					"sender":	true
				}],
			"sum":	{
				"start":	0,
				"end":	1.000802,
				"seconds":	1.0008020401000977,
				"bytes":	2490368,
				"bits_per_second":	19906977.805528212,
				"retransmits":	8,
				"omitted":	false,
				"sender":	true
			}
		}, {
			"streams":	[{
					"socket":	5,
					"start":	1.000802,
					"end":	2.000898,
					"seconds":	1.0000959634780884,
					"bytes":	1310720,
					"bits_per_second":	10484753.846553985,
					"retransmits":	13,
					"snd_cwnd":	40544,
					"snd_wnd":	3791360,
					"rtt":	104788,
					"rttvar":	296,
					"pmtu":	1500,
					"omitted":	false,
					"sender":	true
				}],
			"sum":	{
				"start":	1.000802,
				"end":	2.000898,
				"seconds":	1.0000959634780884,
				"bytes":	1310720,
				"bits_per_second":	10484753.846553985,
				"retransmits":	13,
				"omitted":	false,
				"sender":	true
			}
		}, {
			"streams":	[{
					"socket":	5,
					"start":	2.000898,
					"end":	3.000537,
					"seconds":	0.99963897466659546,
					"bytes":	655360,
					"bits_per_second":	5244773.49610006,
					"retransmits":	1,
					"snd_cwnd":	36200,
					"snd_wnd":	4503552,
					"rtt":	104644,
					"rttvar":	99,
					"pmtu":	1500,
					"omitted":	false,
					"sender":	true
				}],
			"sum":	{
				"start":	2.000898,
				"end":	3.000537,
				"seconds":	0.99963897466659546,
				"bytes":	655360,
				"bits_per_second":	5244773.49610006,
				"retransmits":	1,
				"omitted":	false,
				"sender":	true
			}
		}, {
			"streams":	[{
					"socket":	5,
					"start":	3.000537,
					"end":	4.000505,
					"seconds":	0.99996799230575562,
					"bytes":	0,
					"bits_per_second":	0,
					"retransmits":	2,
					"snd_cwnd":	30408,
					"snd_wnd":	5036544,
					"rtt":	104686,
					"rttvar":	250,
					"pmtu":	1500,
					"omitted":	false,
					"sender":	true
				}],
			"sum":	{
				"start":	3.000537,
				"end":	4.000505,
				"seconds":	0.99996799230575562,
				"bytes":	0,
				"bits_per_second":	0,
				"retransmits":	2,
				"omitted":	false,
				"sender":	true
			}
		}, {
			"streams":	[{
					"socket":	5,
					"start":	4.000505,
					"end":	5.001247,
					"seconds":	1.0007419586181641,
					"bytes":	0,
					"bits_per_second":	0,
					"retransmits":	6,
					"snd_cwnd":	17376,
					"snd_wnd":	5427712,
					"rtt":	104830,
					"rttvar":	276,
					"pmtu":	1500,
					"omitted":	false,
					"sender":	true
				}],
			"sum":	{
				"start":	4.000505,
				"end":	5.001247,
				"seconds":	1.0007419586181641,
				"bytes":	0,
				"bits_per_second":	0,
				"retransmits":	6,
				"omitted":	false,
				"sender":	true
			}
		}, {
			"streams":	[{
					"socket":	5,
					"start":	5.001247,
					"end":	6.000584,
					"seconds":	0.99933701753616333,
					"bytes":	655360,
					"bits_per_second":	5246358.2435144549,
					"retransmits":	0,
					"snd_cwnd":	23168,
					"snd_wnd":	5777920,
					"rtt":	104774,
					"rttvar":	107,
					"pmtu":	1500,
					"omitted":	false,
					"sender":	true
				}],
			"sum":	{
				"start":	5.001247,
				"end":	6.000584,
				"seconds":	0.99933701753616333,
				"bytes":	655360,
				"bits_per_second":	5246358.2435144549,
				"retransmits":	0,
				"omitted":	false,
				"sender":	true
			}
		}, {
			"streams":	[{
					"socket":	5,
					"start":	6.000584,
					"end":	7.000537,
					"seconds":	0.99995297193527222,
					"bytes":	0,
					"bits_per_second":	0,
					"retransmits":	0,
					"snd_cwnd":	30408,
					"snd_wnd":	6293504,
					"rtt":	104807,
					"rttvar":	192,
					"pmtu":	1500,
					"omitted":	false,
					"sender":	true
				}],
			"sum":	{
				"start":	6.000584,
				"end":	7.000537,
				"seconds":	0.99995297193527222,
				"bytes":	0,
				"bits_per_second":	0,
				"retransmits":	0,
				"omitted":	false,
				"sender":	true
			}
		}, {
			"streams":	[{
					"socket":	5,
					"start":	7.000537,
					"end":	8.000548,
					"seconds":	1.0000109672546387,
					"bytes":	0,
					"bits_per_second":	0,
					"retransmits":	4,
					"snd_cwnd":	24616,
					"snd_wnd":	6826496,
					"rtt":	104660,
					"rttvar":	154,
					"pmtu":	1500,
					"omitted":	false,
					"sender":	true
				}],
			"sum":	{
				"start":	7.000537,
				"end":	8.000548,
				"seconds":	1.0000109672546387,
				"bytes":	0,
				"bits_per_second":	0,
				"retransmits":	4,
				"omitted":	false,
				"sender":	true
			}
		}, {
			"streams":	[{
					"socket":	5,
					"start":	8.000548,
					"end":	9.001061,
					"seconds":	1.000512957572937,
					"bytes":	655360,
					"bits_per_second":	5240192.0038279928,
					"retransmits":	2,
					"snd_cwnd":	17376,
					"snd_wnd":	7217152,
					"rtt":	104585,
					"rttvar":	167,
					"pmtu":	1500,
					"omitted":	false,
					"sender":	true
				}],
			"sum":	{
				"start":	8.000548,
				"end":	9.001061,
				"seconds":	1.000512957572937,
				"bytes":	655360,
				"bits_per_second":	5240192.0038279928,
				"retransmits":	2,
				"omitted":	false,
				"sender":	true
			}
		}, {
			"streams":	[{
					"socket":	5,
					"start":	9.001061,
					"end":	10.000526,
					"seconds":	0.999464988708496,
					"bytes":	0,
					"bits_per_second":	0,
					"retransmits":	2,
					"snd_cwnd":	17376,
					"snd_wnd":	7501312,
					"rtt":	104755,
					"rttvar":	359,
					"pmtu":	1500,
					"omitted":	false,
					"sender":	true
				}],
			"sum":	{
				"start":	9.001061,
				"end":	10.000526,
				"seconds":	0.999464988708496,
				"bytes":	0,
				"bits_per_second":	0,
				"retransmits":	2,
				"omitted":	false,
				"sender":	true
			}
		}, {
			"streams":	[{
					"socket":	5,
					"start":	10.000526,
					"end":	11.000557,
					"seconds":	1.0000309944152832,
					"bytes":	0,
					"bits_per_second":	0,
					"retransmits":	2,
					"snd_cwnd":	17376,
					"snd_wnd":	7775232,
					"rtt":	104548,
					"rttvar":	87,
					"pmtu":	1500,
					"omitted":	false,
					"sender":	true
				}],
			"sum":	{
				"start":	10.000526,
				"end":	11.000557,
				"seconds":	1.0000309944152832,
				"bytes":	0,
				"bits_per_second":	0,
				"retransmits":	2,
				"omitted":	false,
				"sender":	true
			}
		}, {
			"streams":	[{
					"socket":	5,
					"start":	11.000557,
					"end":	12.000507,
					"seconds":	0.99994999170303345,
					"bytes":	0,
					"bits_per_second":	0,
					"retransmits":	0,
					"snd_cwnd":	21720,
					"snd_wnd":	7776256,
					"rtt":	106138,
					"rttvar":	2941,
					"pmtu":	1500,
					"omitted":	false,
					"sender":	true
				}],
			"sum":	{
				"start":	11.000557,
				"end":	12.000507,
				"seconds":	0.99994999170303345,
				"bytes":	0,
				"bits_per_second":	0,
				"retransmits":	0,
				"omitted":	false,
				"sender":	true
			}
		}, {
			"streams":	[{
					"socket":	5,
					"start":	12.000507,
					"end":	13.000643,
					"seconds":	1.0001360177993774,
					"bytes":	655360,
					"bits_per_second":	5242166.9719845019,
					"retransmits":	0,
					"snd_cwnd":	28960,