{
	"start":	{
		"connected":	[{
				"socket":	5,
				"local_host":	"10.0.0.1",
				"local_port":	37532,
				"remote_host":	"10.0.0.2",
				"remote_port":	5201
			}],
		"version":	"iperf 3.16",
		"system_info":	"Linux mininet 6.8.0-88-generic #89-Ubuntu SMP PREEMPT_DYNAMIC Sat Oct 11 01:02:46 UTC 2025 x86_64",
		"timestamp":	{
			"time":	"Tue, 02 Dec 2025 18:14:17 GMT",
			"timesecs":	1764699257
		},
		"connecting_to":	{
			"host":	"10.0.0.2",
			"port":	5201
		},
		"cookie":	"n7ig5t2an4w4ank7mlgwclu6pfcash6ideuw",
		"tcp_mss_default":	1448,
		"target_bitrate":	0,
		"fq_rate":	0,
		"sock_bufsize":	0,
		"sndbuf_actual":	87380,
		"rcvbuf_actual":	87380,
		"test_start":	{
			"protocol":	"TCP",
			"num_streams":	1,
			"blksize":	131072,
			"omit":	0,
			"duration":	20,
			"bytes":	0,
			"blocks":	0,
			"reverse":	0,
			"tos":	0,
			"target_bitrate":	0,
			"bidir":	0,
			"fqrate":	0
		}
	},
	"intervals":	[{
			"streams":	[{
					"socket":	5,
					"start":	0,
					"end":	1.001232,
					"seconds":	1.0012320280075073,
					"bytes":	7733248,
					"bits_per_second":	61789857.165392362,
					"retransmits":	0,
					"snd_cwnd":	595128,
					"snd_wnd":	1726464,
					"rtt":	94025,
					"rttvar":	723,
					"pmtu":	1500,
					"omitted":	false,
					"sender":	true
				}],
			"sum":	{
				"start":	0,
				"end":	1.001232,
				"seconds":	1.0012320280075073,
				"bytes":	7733248,
				"bits_per_second":	61789857.165392362,
				"retransmits":	0,
				"omitted":	false,
				"sender":	true
			}
		}, {
			"streams":	[{
					"socket":	5,
					"start":	1.001232,
					"end":	2.00107,
					"seconds":	0.99983799457550049,
					"bytes":	7602176,
					"bits_per_second":	60827262.346457578,
					"retransmits":	0,
					"snd_cwnd":	891968,
					"snd_wnd":	1853952,
					"rtt":	141721,
					"rttvar":	707,
					"pmtu":	1500,
					"omitted":	false,
					"sender":	true
				}],
			"sum":	{
				"start":	1.001232,
				"end":	2.00107,
				"seconds":	0.99983799457550049,
				"bytes":	7602176,
				"bits_per_second":	60827262.346457578,
				"retransmits":	0,
				"omitted":	false,
				"sender":	true
			}
		}, {
			"streams":	[{
					"socket":	5,
					"start":	2.00107,
					"end":	3.001007,
					"seconds":	0.99993699789047241,
					"bytes":	5767168,
					"bits_per_second":	46140250.933142923,
					"retransmits":	14,
					"snd_cwnd":	335936,
					"snd_wnd":	2785792,
					"rtt":	55624,
					"rttvar":	367,
					"pmtu":	1500,
					"omitted":	false,
					"sender":	true
				}],
			"sum":	{
				"start":	2.00107,
				"end":	3.001007,
				"seconds":	0.99993699789047241,
				"bytes":	5767168,
				"bits_per_second":	46140250.933142923,
				"retransmits":	14,
				"omitted":	false,
				"sender":	true
			}
		}, {
			"streams":	[{
					"socket":	5,
					"start":	3.001007,
					"end":	4.000987,
					"seconds":	0.99997997283935547,
					"bytes":	5505024,
					"bits_per_second":	44041074.0176643,
					"retransmits":	4,
					"snd_cwnd":	262088,
					"snd_wnd":	2790912,
					"rtt":	44614,
					"rttvar":	132,
					"pmtu":	1500,
					"omitted":	false,
					"sender":	true
				}],
			"sum":	{
				"start":	3.001007,
				"end":	4.000987,
				"seconds":	0.99997997283935547,
				"bytes":	5505024,
				"bits_per_second":	44041074.0176643,
				"retransmits":	4,
				"omitted":	false,
				"sender":	true
			}
		}, {
			"streams":	[{
					"socket":	5,
					"start":	4.000987,
					"end":	5.000968,
					"seconds":	0.99998098611831665,
					"bytes":	3801088,
					"bits_per_second":	30409282.1984938,
					"retransmits":	9,
					"snd_cwnd":	102808,
					"snd_wnd":	2788352,
					"rtt":	44583,
					"rttvar":	137,
					"pmtu":	1500,
					"omitted":	false,
					"sender":	true
				}],
			"sum":	{
				"start":	4.000987,
				"end":	5.000968,
				"seconds":	0.99998098611831665,
				"bytes":	3801088,
				"bits_per_second":	30409282.1984938,
				"retransmits":	9,
				"omitted":	false,
				"sender":	true
			}
		}, {
			"streams":	[{
					"socket":	5,
					"start":	5.000968,
					"end":	6.000867,
					"seconds":	0.99989902973175049,
					"bytes":	1835008,
					"bits_per_second":	14681546.399678294,
					"retransmits":	0,
					"snd_cwnd":	117288,
					"snd_wnd":	2788352,
					"rtt":	44701,
					"rttvar":	130,
					"pmtu":	1500,
					"omitted":	false,
					"sender":	true
				}],
			"sum":	{
				"start":	5.000968,
				"end":	6.000867,
				"seconds":	0.99989902973175049,
				"bytes":	1835008,
				"bits_per_second":	14681546.399678294,
				"retransmits":	0,
				"omitted":	false,
				"sender":	true
			}
		}, {
			"streams":	[{
					"socket":	5,
					"start":	6.000867,
					"end":	7.000777,
					"seconds":	0.999909996986389,
					"bytes":	1835008,
					"bits_per_second":	14681385.368927186,
					"retransmits":	3,
					"snd_cwnd":	68056,
					"snd_wnd":	2788352,
					"rtt":	44679,
					"rttvar":	217,
					"pmtu":	1500,
					"omitted":	false,
					"sender":	true
				}],
			"sum":	{
				"start":	6.000867,
				"end":	7.000777,
				"seconds":	0.999909996986389,
				"bytes":	1835008,
				"bits_per_second":	14681385.368927186,
				"retransmits":	3,
				"omitted":	false,
				"sender":	true
			}
		}, {
			"streams":	[{
					"socket":	5,
					"start":	7.000777,
					"end":	8.00071,
					"seconds":	0.99993300437927246,
					"bytes":	1835008,
					"bits_per_second":	14681047.565894607,
					"retransmits":	0,
					"snd_cwnd":	85432,
					"snd_wnd":	2788352,
					"rtt":	44621,
					"rttvar":	160,
					"pmtu":	1500,
					"omitted":	false,
					"sender":	true
				}],
			"sum":	{
				"start":	7.000777,
				"end":	8.00071,
				"seconds":	0.99993300437927246,
				"bytes":	1835008,
				"bits_per_second":	14681047.565894607,
				"retransmits":	0,
				"omitted":	false,
				"sender":	true
			}
		}, {
			"streams":	[{
					"socket":	5,
					"start":	8.00071,
					"end":	9.00101,
					"seconds":	1.0003000497817993,
					"bytes":	1835008,
					"bits_per_second":	14675660.571247837,
					"retransmits":	0,
					"snd_cwnd":	102808,
					"snd_wnd":	2790912,
					"rtt":	44727,
					"rttvar":	121,
					"pmtu":	1500,
					"omitted":	false,
					"sender":	true
				}],
			"sum":	{
				"start":	8.00071,
				"end":	9.00101,
				"seconds":	1.0003000497817993,
				"bytes":	1835008,
				"bits_per_second":	14675660.571247837,
				"retransmits":	0,
				"omitted":	false,
				"sender":	true
			}
		}, {
			"streams":	[{
					"socket":	5,
					"start":	9.00101,
					"end":	10.000701,
					"seconds":	0.99969100952148438,
					"bytes":	3538944,
					"bits_per_second":	28320302.703884181,
					"retransmits":	0,
					"snd_cwnd":	120184,
					"snd_wnd":	2788352,
					"rtt":	44763,
					"rttvar":	90,
					"pmtu":	1500,
					"omitted":	false,
					"sender":	true
				}],
			"sum":	{
				"start":	9.00101,
				"end":	10.000701,
				"seconds":	0.99969100952148438,
				"bytes":	3538944,
				"bits_per_second":	28320302.703884181,
				"retransmits":	0,
				"omitted":	false,
				"sender":	true
			}
		}, {
			"streams":	[{
					"socket":	5,
					"start":	10.000701,
					"end":	11.001039,
					"seconds":	1.0003379583358765,
					"bytes":	1835008,
					"bits_per_second":	14675104.426129332,
					"retransmits":	2,
					"snd_cwnd":	94120,
					"snd_wnd":	2790912,
					"rtt":	45625,
					"rttvar":	1289,
					"pmtu":	1500,
					"omitted":	false,
					"sender":	true
				}],
			"sum":	{
				"start":	10.000701,
				"end":	11.001039,
				"seconds":	1.0003379583358765,
				"bytes":	1835008,
				"bits_per_second":	14675104.426129332,
				"retransmits":	2,
				"omitted":	false,
				"sender":	true
			}
		}, {
			"streams":	[{
					"socket":	5,
					"start":	11.001039,
					"end":	12.001046,
					"seconds":	1.0000070333480835,
					"bytes":	3670016,
					"bits_per_second":	29359921.501452375,
					"retransmits":	0,
					"snd_cwnd":	118736,
					"snd_wnd":	2790912,
					"rtt":	44918,
					"rttvar":	185,
					"pmtu":	1500,
					"omitted":	false,
					"sender":	true
				}],
			"sum":	{
				"start":	11.001039,
				"end":	12.001046,
				"seconds":	1.0000070333480835,
				"bytes":	3670016,
				"bits_per_second":	29359921.501452375,