{
	"start":	{
		"connected":	[{
				"socket":	5,
				"local_host":	"10.0.0.1",
				"local_port":	42690,
				"remote_host":	"10.0.0.2",
				"remote_port":	5201
			}],
		"version":	"iperf 3.16",
		"system_info":	"Linux mininet 6.8.0-88-generic #89-Ubuntu SMP PREEMPT_DYNAMIC Sat Oct 11 01:02:46 UTC 2025 x86_64",
		"timestamp":	{
			"time":	"Tue, 02 Dec 2025 18:01:03 GMT",
			"timesecs":	1764698463
		},
		"connecting_to":	{
			"host":	"10.0.0.2",
			"port":	5201
		},
		"cookie":	"zgrbj47ua7nn5tkqqz2bpxzpnny3hkncqalw",
		"tcp_mss_default":	1448,
		"target_bitrate":	0,
		"fq_rate":	0,
		"sock_bufsize":	0,
		"sndbuf_actual":	87380,
		"rcvbuf_actual":	87380,
		"test_start":	{
			"protocol":	"TCP",
			"num_streams":	1,
			"blksize":	131072,
			"omit":	0,
			"duration":	20,
			"bytes":	0,
			"blocks":	0,
			"reverse":	0,
			"tos":	0,
			"target_bitrate":	0,
			"bidir":	0,
			"fqrate":	0
		}
	},
	"intervals":	[{
			"streams":	[{
					"socket":	5,
					"start":	0,
					"end":	1.000738,
					"seconds":	1.0007380247116089,
					"bytes":	2883584,
					"bits_per_second":	23051659.305788741,
					"retransmits":	0,
					"snd_cwnd":	501008,
					"snd_wnd":	1182720,
					"rtt":	322520,
					"rttvar":	14051,
					"pmtu":	1500,
					"omitted":	false,
					"sender":	true
				}],
			"sum":	{
				"start":	0,
				"end":	1.000738,
				"seconds":	1.0007380247116089,
				"bytes":	2883584,
				"bits_per_second":	23051659.305788741,
				"retransmits":	0,
				"omitted":	false,
				"sender":	true
			}
		}, {
			"streams":	[{
					"socket":	5,
					"start":	1.000738,
					"end":	2.000922,
					"seconds":	1.0001840591430664,
					"bytes":	1048576,
					"bits_per_second":	8387064.28413502,
					"retransmits":	0,
					"snd_cwnd":	560376,
					"snd_wnd":	2797056,
					"rtt":	444876,
					"rttvar":	1179,
					"pmtu":	1500,
					"omitted":	false,
					"sender":	true
				}],
			"sum":	{
				"start":	1.000738,
				"end":	2.000922,
				"seconds":	1.0001840591430664,
				"bytes":	1048576,
				"bits_per_second":	8387064.28413502,
				"retransmits":	0,
				"omitted":	false,
				"sender":	true
			}
		}, {
			"streams":	[{
					"socket":	5,
					"start":	2.000922,
					"end":	3.000717,
					"seconds":	0.99979501962661743,
					"bytes":	2490368,
					"bits_per_second":	19927028.649773035,
					"retransmits":	0,
					"snd_cwnd":	619744,
					"snd_wnd":	2797056,
					"rtt":	492521,
					"rttvar":	562,
					"pmtu":	1500,
					"omitted":	false,
					"sender":	true
				}],
			"sum":	{
				"start":	2.000922,
				"end":	3.000717,
				"seconds":	0.99979501962661743,
				"bytes":	2490368,
				"bits_per_second":	19927028.649773035,
				"retransmits":	0,
				"omitted":	false,
				"sender":	true
			}
		}, {
			"streams":	[{
					"socket":	5,
					"start":	3.000717,
					"end":	4.001125,
					"seconds":	1.0004080533981323,
					"bytes":	0,
					"bits_per_second":	0,
					"retransmits":	12,
					"snd_cwnd":	540104,
					"snd_wnd":	2797056,
					"rtt":	527171,
					"rttvar":	1011,
					"pmtu":	1500,
					"omitted":	false,
					"sender":	true
				}],
			"sum":	{
				"start":	3.000717,
				"end":	4.001125,
				"seconds":	1.0004080533981323,
				"bytes":	0,
				"bits_per_second":	0,
				"retransmits":	12,
				"omitted":	false,
				"sender":	true
			}
		}, {
			"streams":	[{
					"socket":	5,
					"start":	4.001125,
					"end":	5.000716,
					"seconds":	0.99959099292755127,
					"bytes":	2752512,
					"bits_per_second":	22029106.060178336,
					"retransmits":	14,
					"snd_cwnd":	322904,
					"snd_wnd":	2800128,
					"rtt":	378090,
					"rttvar":	2464,
					"pmtu":	1500,
					"omitted":	false,
					"sender":	true
				}],
			"sum":	{
				"start":	4.001125,
				"end":	5.000716,
				"seconds":	0.99959099292755127,
				"bytes":	2752512,
				"bits_per_second":	22029106.060178336,
				"retransmits":	14,
				"omitted":	false,
				"sender":	true
			}
		}, {
			"streams":	[{
					"socket":	5,
					"start":	5.000716,
					"end":	6.000758,
					"seconds":	1.0000419616699219,
					"bytes":	1441792,
					"bits_per_second":	11533852.020308595,
					"retransmits":	0,
					"snd_cwnd":	353312,
					"snd_wnd":	2800128,
					"rtt":	287302,
					"rttvar":	421,
					"pmtu":	1500,
					"omitted":	false,
					"sender":	true
				}],
			"sum":	{
				"start":	5.000716,
				"end":	6.000758,
				"seconds":	1.0000419616699219,
				"bytes":	1441792,
				"bits_per_second":	11533852.020308595,
				"retransmits":	0,
				"omitted":	false,
				"sender":	true
			}
		}, {
			"streams":	[{
					"socket":	5,
					"start":	6.000758,
					"end":	7.001095,
					"seconds":	1.00033700466156,
					"bytes":	0,
					"bits_per_second":	0,
					"retransmits":	0,
					"snd_cwnd":	376480,
					"snd_wnd":	2800128,
					"rtt":	308376,
					"rttvar":	709,
					"pmtu":	1500,
					"omitted":	false,
					"sender":	true
				}],
			"sum":	{
				"start":	6.000758,
				"end":	7.001095,
				"seconds":	1.00033700466156,
				"bytes":	0,
				"bits_per_second":	0,
				"retransmits":	0,
				"omitted":	false,
				"sender":	true
			}
		}, {
			"streams":	[{
					"socket":	5,
					"start":	7.001095,
					"end":	8.000684,
					"seconds":	0.99958902597427368,
					"bytes":	1310720,
					"bits_per_second":	10490071.146769343,
					"retransmits":	0,
					"snd_cwnd":	388064,
					"snd_wnd":	2800128,
					"rtt":	322000,
					"rttvar":	889,
					"pmtu":	1500,
					"omitted":	false,
					"sender":	true
				}],
			"sum":	{
				"start":	7.001095,
				"end":	8.000684,
				"seconds":	0.99958902597427368,
				"bytes":	1310720,
				"bits_per_second":	10490071.146769343,
				"retransmits":	0,
				"omitted":	false,
				"sender":	true
			}
		}, {
			"streams":	[{
					"socket":	5,
					"start":	8.000684,
					"end":	9.000733,
					"seconds":	1.0000489950180054,
					"bytes":	1441792,
					"bits_per_second":	11533770.902686954,
					"retransmits":	0,
					"snd_cwnd":	392408,
					"snd_wnd":	2797568,
					"rtt":	327010,
					"rttvar":	269,
					"pmtu":	1500,
					"omitted":	false,
					"sender":	true
				}],
			"sum":	{
				"start":	8.000684,
				"end":	9.000733,
				"seconds":	1.0000489950180054,
				"bytes":	1441792,
				"bits_per_second":	11533770.902686954,
				"retransmits":	0,
				"omitted":	false,
				"sender":	true
			}
		}, {
			"streams":	[{
					"socket":	5,
					"start":	9.000733,
					"end":	10.001044,
					"seconds":	1.000311017036438,
					"bytes":	1310720,
					"bits_per_second":	10482499.763988942,
					"retransmits":	0,
					"snd_cwnd":	392408,
					"snd_wnd":	2800128,
					"rtt":	327493,
					"rttvar":	1026,
					"pmtu":	1500,
					"omitted":	false,
					"sender":	true
				}],
			"sum":	{
				"start":	9.000733,
				"end":	10.001044,
				"seconds":	1.000311017036438,
				"bytes":	1310720,
				"bits_per_second":	10482499.763988942,
				"retransmits":	0,
				"omitted":	false,
				"sender":	true
			}
		}, {
			"streams":	[{
					"socket":	5,
					"start":	10.001044,
					"end":	11.00071,
					"seconds":	0.99966597557067871,
					"bytes":	1310720,
					"bits_per_second":	10489263.670311477,
					"retransmits":	0,
					"snd_cwnd":	392408,
					"snd_wnd":	2800128,
					"rtt":	327211,
					"rttvar":	207,
					"pmtu":	1500,
					"omitted":	false,
					"sender":	true
				}],
			"sum":	{
				"start":	10.001044,
				"end":	11.00071,
				"seconds":	0.99966597557067871,
				"bytes":	1310720,
				"bits_per_second":	10489263.670311477,
				"retransmits":	0,
				"omitted":	false,
				"sender":	true
			}
		}, {
			"streams":	[{
					"socket":	5,
					"start":	11.00071,
					"end":	12.000689,
					"seconds":	0.999979019165039,
					"bytes":	1441792,
					"bits_per_second":	11534578.005077468,
					"retransmits":	0,
					"snd_cwnd":	396752,
					"snd_wnd":	2797056,
					"rtt":	329548,
					"rttvar":	213,
					"pmtu":	1500,
					"omitted":	false,
					"sender":	true
				}],
			"sum":	{
				"start":	11.00071,
				"end":	12.000689,
				"seconds":	0.999979019165039,
				"bytes":	1441792,
				"bits_per_second":	11534578.005077468,
				"retransmits":	0,
				"omitted":	false,