{
	"start":	{
		"connected":	[{
				"socket":	5,
				"local_host":	"10.0.0.1",
				"local_port":	46868,
				"remote_host":	"10.0.0.2",
				"remote_port":	5201
			}],
		"version":	"iperf 3.16",
		"system_info":	"Linux mininet 6.8.0-88-generic #89-Ubuntu SMP PREEMPT_DYNAMIC Sat Oct 11 01:02:46 UTC 2025 x86_64",
		"timestamp":	{
			"time":	"Tue, 02 Dec 2025 17:36:41 GMT",
			"timesecs":	1764697001
		},
		"connecting_to":	{
			"host":	"10.0.0.2",
			"port":	5201
		},
		"cookie":	"j6knii7u6vz6572sbv2fxrcjgxvwfxgcpbyy",
		"tcp_mss_default":	1448,
		"target_bitrate":	0,
		"fq_rate":	0,
		"sock_bufsize":	0,
		"sndbuf_actual":	87380,
		"rcvbuf_actual":	87380,
		"test_start":	{
			"protocol":	"TCP",
			"num_streams":	1,
			"blksize":	131072,
			"omit":	0,
			"duration":	20,
			"bytes":	0,
			"blocks":	0,
			"reverse":	0,
			"tos":	0,
			"target_bitrate":	0,
			"bidir":	0,
			"fqrate":	0
		}
	},
	"intervals":	[{
			"streams":	[{
					"socket":	5,
					"start":	0,
					"end":	1.001061,
					"seconds":	1.001060962677002,
					"bytes":	15466496,
					"bits_per_second":	123600832.1302634,
					"retransmits":	0,
					"snd_cwnd":	2548480,
					"snd_wnd":	4124160,
					"rtt":	201866,
					"rttvar":	10821,
					"pmtu":	1500,
					"omitted":	false,
					"sender":	true
				}],
			"sum":	{
				"start":	0,
				"end":	1.001061,
				"seconds":	1.001060962677002,
				"bytes":	15466496,
				"bits_per_second":	123600832.1302634,
				"retransmits":	0,
				"omitted":	false,
				"sender":	true
			}
		}, {
			"streams":	[{
					"socket":	5,
					"start":	1.001061,
					"end":	2.001037,
					"seconds":	0.99997597932815552,
					"bytes":	5505024,
					"bits_per_second":	44041249.900411479,
					"retransmits":	0,
					"snd_cwnd":	8511344,
					"snd_wnd":	12173824,
					"rtt":	699291,
					"rttvar":	13936,
					"pmtu":	1500,
					"omitted":	false,
					"sender":	true
				}],
			"sum":	{
				"start":	1.001061,
				"end":	2.001037,
				"seconds":	0.99997597932815552,
				"bytes":	5505024,
				"bits_per_second":	44041249.900411479,
				"retransmits":	0,
				"omitted":	false,
				"sender":	true
			}
		}, {
			"streams":	[{
					"socket":	5,
					"start":	2.001037,
					"end":	3.001008,
					"seconds":	0.99997097253799438,
					"bytes":	0,
					"bits_per_second":	0,
					"retransmits":	3297,
					"snd_cwnd":	3547600,
					"snd_wnd":	12522496,
					"rtt":	743742,
					"rttvar":	349,
					"pmtu":	1500,
					"omitted":	false,
					"sender":	true
				}],
			"sum":	{
				"start":	2.001037,
				"end":	3.001008,
				"seconds":	0.99997097253799438,
				"bytes":	0,
				"bits_per_second":	0,
				"retransmits":	3297,
				"omitted":	false,
				"sender":	true
			}
		}, {
			"streams":	[{
					"socket":	5,
					"start":	3.001008,
					"end":	4.001034,
					"seconds":	1.0000259876251221,
					"bytes":	13762560,
					"bits_per_second":	110097618.82435516,
					"retransmits":	1791,
					"snd_cwnd":	1488544,
					"snd_wnd":	12581376,
					"rtt":	218432,
					"rttvar":	376,
					"pmtu":	1500,
					"omitted":	false,
					"sender":	true
				}],
			"sum":	{
				"start":	3.001008,
				"end":	4.001034,
				"seconds":	1.0000259876251221,
				"bytes":	13762560,
				"bits_per_second":	110097618.82435516,
				"retransmits":	1791,
				"omitted":	false,
				"sender":	true
			}
		}, {
			"streams":	[{
					"socket":	5,
					"start":	4.001034,
					"end":	5.000999,
					"seconds":	0.999965012073517,
					"bytes":	5636096,
					"bits_per_second":	45090345.617697574,
					"retransmits":	488,
					"snd_cwnd":	1083104,
					"snd_wnd":	12578304,
					"rtt":	180607,
					"rttvar":	407,
					"pmtu":	1500,
					"omitted":	false,
					"sender":	true
				}],
			"sum":	{
				"start":	4.001034,
				"end":	5.000999,
				"seconds":	0.999965012073517,
				"bytes":	5636096,
				"bits_per_second":	45090345.617697574,
				"retransmits":	488,
				"omitted":	false,
				"sender":	true
			}
		}, {
			"streams":	[{
					"socket":	5,
					"start":	5.000999,
					"end":	6.001012,
					"seconds":	1.000012993812561,
					"bytes":	5505024,
					"bits_per_second":	44039619.757435612,
					"retransmits":	0,
					"snd_cwnd":	1090344,
					"snd_wnd":	12578304,
					"rtt":	182872,
					"rttvar":	466,
					"pmtu":	1500,
					"omitted":	false,
					"sender":	true
				}],
			"sum":	{
				"start":	5.000999,
				"end":	6.001012,
				"seconds":	1.000012993812561,
				"bytes":	5505024,
				"bits_per_second":	44039619.757435612,
				"retransmits":	0,
				"omitted":	false,
				"sender":	true
			}
		}, {
			"streams":	[{
					"socket":	5,
					"start":	6.001012,
					"end":	7.001025,
					"seconds":	1.000012993812561,
					"bytes":	5505024,
					"bits_per_second":	44039619.757435612,
					"retransmits":	0,
					"snd_cwnd":	1099032,
					"snd_wnd":	12578304,
					"rtt":	183413,
					"rttvar":	170,
					"pmtu":	1500,
					"omitted":	false,
					"sender":	true
				}],
			"sum":	{
				"start":	6.001012,
				"end":	7.001025,
				"seconds":	1.000012993812561,
				"bytes":	5505024,
				"bits_per_second":	44039619.757435612,
				"retransmits":	0,
				"omitted":	false,
				"sender":	true
			}
		}, {
			"streams":	[{
					"socket":	5,
					"start":	7.001025,
					"end":	8.001165,
					"seconds":	1.0001399517059326,
					"bytes":	5636096,
					"bits_per_second":	45082458.633006677,
					"retransmits":	0,
					"snd_cwnd":	1106272,
					"snd_wnd":	12582912,
					"rtt":	186130,
					"rttvar":	244,
					"pmtu":	1500,
					"omitted":	false,
					"sender":	true
				}],
			"sum":	{
				"start":	7.001025,
				"end":	8.001165,
				"seconds":	1.0001399517059326,
				"bytes":	5636096,
				"bits_per_second":	45082458.633006677,
				"retransmits":	0,
				"omitted":	false,
				"sender":	true
			}
		}, {
			"streams":	[{
					"socket":	5,
					"start":	8.001165,
					"end":	9.001007,
					"seconds":	0.99984198808670044,
					"bytes":	5505024,
					"bits_per_second":	44047151.974758931,
					"retransmits":	0,
					"snd_cwnd":	1113512,
					"snd_wnd":	12578304,
					"rtt":	185752,
					"rttvar":	278,
					"pmtu":	1500,
					"omitted":	false,
					"sender":	true
				}],
			"sum":	{
				"start":	8.001165,
				"end":	9.001007,
				"seconds":	0.99984198808670044,
				"bytes":	5505024,
				"bits_per_second":	44047151.974758931,
				"retransmits":	0,
				"omitted":	false,
				"sender":	true
			}
		}, {
			"streams":	[{
					"socket":	5,
					"start":	9.001007,
					"end":	10.001039,
					"seconds":	1.0000319480895996,
					"bytes":	5505024,
					"bits_per_second":	44038785.044949524,
					"retransmits":	0,
					"snd_cwnd":	1122200,
					"snd_wnd":	12582912,
					"rtt":	188130,
					"rttvar":	157,
					"pmtu":	1500,
					"omitted":	false,
					"sender":	true
				}],
			"sum":	{
				"start":	9.001007,
				"end":	10.001039,
				"seconds":	1.0000319480895996,
				"bytes":	5505024,
				"bits_per_second":	44038785.044949524,
				"retransmits":	0,
				"omitted":	false,
				"sender":	true
			}
		}, {
			"streams":	[{
					"socket":	5,
					"start":	10.001039,
					"end":	11.001043,
					"seconds":	1.0000040531158447,
					"bytes":	5505024,
					"bits_per_second":	44040013.500723481,
					"retransmits":	0,
					"snd_cwnd":	1129440,
					"snd_wnd":	12582912,
					"rtt":	189197,
					"rttvar":	315,
					"pmtu":	1500,
					"omitted":	false,
					"sender":	true
				}],
			"sum":	{
				"start":	10.001039,
				"end":	11.001043,
				"seconds":	1.0000040531158447,
				"bytes":	5505024,
				"bits_per_second":	44040013.500723481,
				"retransmits":	0,
				"omitted":	false,
				"sender":	true
			}
		}, {
			"streams":	[{
					"socket":	5,
					"start":	11.001043,
					"end":	12.000996,
					"seconds":	0.99995297193527222,
					"bytes":	5636096,
					"bits_per_second":	45090888.537224762,
					"retransmits":	0,
					"snd_cwnd":	1136680,
					"snd_wnd":	12578304,
					"rtt":	190795,
					"rttvar":	358,
					"pmtu":	1500,
					"omitted":	false,
					"sender":	true
				}],
			"sum":	{
				"start":	11.001043,
				"end":	12.000996,
				"seconds":	0.99995297193527222,
				"bytes":	5636096,