{
	"start":	{
		"connected":	[{
				"socket":	5,
				"local_host":	"10.0.0.1",
				"local_port":	53630,
				"remote_host":	"10.0.0.2",
				"remote_port":	5201
			}],
		"version":	"iperf 3.16",
		"system_info":	"Linux mininet 6.8.0-88-generic #89-Ubuntu SMP PREEMPT_DYNAMIC Sat Oct 11 01:02:46 UTC 2025 x86_64",
		"timestamp":	{
			"time":	"Tue, 02 Dec 2025 18:15:50 GMT",
			"timesecs":	1764699350
		},
		"connecting_to":	{
			"host":	"10.0.0.2",
			"port":	5201
		},
		"cookie":	"3j2agnnmwm3ma7bwybeo36dh23hy7nvpvuxh",
		"tcp_mss_default":	1448,
		"target_bitrate":	0,
		"fq_rate":	0,
		"sock_bufsize":	0,
		"sndbuf_actual":	87380,
		"rcvbuf_actual":	87380,
		"test_start":	{
			"protocol":	"TCP",
			"num_streams":	1,
			"blksize":	131072,
			"omit":	0,
			"duration":	20,
			"bytes":	0,
			"blocks":	0,
			"reverse":	0,
			"tos":	0,
			"target_bitrate":	0,
			"bidir":	0,
			"fqrate":	0
		}
	},
	"intervals":	[{
			"streams":	[{
					"socket":	5,
					"start":	0,
					"end":	1.000929,
					"seconds":	1.0009289979934692,
					"bytes":	4456448,
					"bits_per_second":	35618494.490088314,
					"retransmits":	18,
					"snd_cwnd":	47784,
					"snd_wnd":	4324864,
					"rtt":	44558,
					"rttvar":	143,
					"pmtu":	1500,
					"omitted":	false,
					"sender":	true
				}],
			"sum":	{
				"start":	0,
				"end":	1.000929,
				"seconds":	1.0009289979934692,
				"bytes":	4456448,
				"bits_per_second":	35618494.490088314,
				"retransmits":	18,
				"omitted":	false,
				"sender":	true
			}
		}, {
			"streams":	[{
					"socket":	5,
					"start":	1.000929,
					"end":	2.00067,
					"seconds":	0.999741017818451,
					"bytes":	786432,
					"bits_per_second":	6293085.7970884051,
					"retransmits":	3,
					"snd_cwnd":	33304,
					"snd_wnd":	5810688,
					"rtt":	44589,
					"rttvar":	148,
					"pmtu":	1500,
					"omitted":	false,
					"sender":	true
				}],
			"sum":	{
				"start":	1.000929,
				"end":	2.00067,
				"seconds":	0.999741017818451,
				"bytes":	786432,
				"bits_per_second":	6293085.7970884051,
				"retransmits":	3,
				"omitted":	false,
				"sender":	true
			}
		}, {
			"streams":	[{
					"socket":	5,
					"start":	2.00067,
					"end":	3.000973,
					"seconds":	1.0003030300140381,
					"bytes":	786432,
					"bits_per_second":	6289550.0775517067,
					"retransmits":	9,
					"snd_cwnd":	15928,
					"snd_wnd":	6731776,
					"rtt":	45031,
					"rttvar":	788,
					"pmtu":	1500,
					"omitted":	false,
					"sender":	true
				}],
			"sum":	{
				"start":	2.00067,
				"end":	3.000973,
				"seconds":	1.0003030300140381,
				"bytes":	786432,
				"bits_per_second":	6289550.0775517067,
				"retransmits":	9,
				"omitted":	false,
				"sender":	true
			}
		}, {
			"streams":	[{
					"socket":	5,
					"start":	3.000973,
					"end":	4.000713,
					"seconds":	0.99974000453948975,
					"bytes":	0,
					"bits_per_second":	0,
					"retransmits":	2,
					"snd_cwnd":	23168,
					"snd_wnd":	7594496,
					"rtt":	44658,
					"rttvar":	182,
					"pmtu":	1500,
					"omitted":	false,
					"sender":	true
				}],
			"sum":	{
				"start":	3.000973,
				"end":	4.000713,
				"seconds":	0.99974000453948975,
				"bytes":	0,
				"bits_per_second":	0,
				"retransmits":	2,
				"omitted":	false,
				"sender":	true
			}
		}, {
			"streams":	[{
					"socket":	5,
					"start":	4.000713,
					"end":	5.000982,
					"seconds":	1.0002690553665161,
					"bytes":	786432,
					"bits_per_second":	6289763.7053209655,
					"retransmits":	0,
					"snd_cwnd":	39096,
					"snd_wnd":	8173056,
					"rtt":	45206,
					"rttvar":	537,
					"pmtu":	1500,
					"omitted":	false,
					"sender":	true
				}],
			"sum":	{
				"start":	4.000713,
				"end":	5.000982,
				"seconds":	1.0002690553665161,
				"bytes":	786432,
				"bits_per_second":	6289763.7053209655,
				"retransmits":	0,
				"omitted":	false,
				"sender":	true
			}
		}, {
			"streams":	[{
					"socket":	5,
					"start":	5.000982,
					"end":	6.000648,
					"seconds":	0.99966597557067871,
					"bytes":	786432,
					"bits_per_second":	6293558.2021868862,
					"retransmits":	6,
					"snd_cwnd":	18824,
					"snd_wnd":	8172032,
					"rtt":	45426,
					"rttvar":	755,
					"pmtu":	1500,
					"omitted":	false,
					"sender":	true
				}],
			"sum":	{
				"start":	5.000982,
				"end":	6.000648,
				"seconds":	0.99966597557067871,
				"bytes":	786432,
				"bits_per_second":	6293558.2021868862,
				"retransmits":	6,
				"omitted":	false,
				"sender":	true
			}
		}, {
			"streams":	[{
					"socket":	5,
					"start":	6.000648,
					"end":	7.00069,
					"seconds":	1.0000419616699219,
					"bytes":	0,
					"bits_per_second":	0,
					"retransmits":	2,
					"snd_cwnd":	24616,
					"snd_wnd":	8176128,
					"rtt":	45033,
					"rttvar":	587,
					"pmtu":	1500,
					"omitted":	false,
					"sender":	true
				}],
			"sum":	{
				"start":	6.000648,
				"end":	7.00069,
				"seconds":	1.0000419616699219,
				"bytes":	0,
				"bits_per_second":	0,
				"retransmits":	2,
				"omitted":	false,
				"sender":	true
			}
		}, {
			"streams":	[{
					"socket":	5,
					"start":	7.00069,
					"end":	8.000659,
					"seconds":	0.9999690055847168,
					"bytes":	786432,
					"bits_per_second":	6291651.0060440982,
					"retransmits":	5,
					"snd_cwnd":	14480,
					"snd_wnd":	8173056,
					"rtt":	44920,
					"rttvar":	421,
					"pmtu":	1500,
					"omitted":	false,
					"sender":	true
				}],
			"sum":	{
				"start":	7.00069,
				"end":	8.000659,
				"seconds":	0.9999690055847168,
				"bytes":	786432,
				"bits_per_second":	6291651.0060440982,
				"retransmits":	5,
				"omitted":	false,
				"sender":	true
			}
		}, {
			"streams":	[{
					"socket":	5,
					"start":	8.000659,
					"end":	9.000642,
					"seconds":	0.999983012676239,
					"bytes":	0,
					"bits_per_second":	0,
					"retransmits":	6,
					"snd_cwnd":	8688,
					"snd_wnd":	8176128,
					"rtt":	47190,
					"rttvar":	4794,
					"pmtu":	1500,
					"omitted":	false,
					"sender":	true
				}],
			"sum":	{
				"start":	8.000659,
				"end":	9.000642,
				"seconds":	0.999983012676239,
				"bytes":	0,
				"bits_per_second":	0,
				"retransmits":	6,
				"omitted":	false,
				"sender":	true
			}
		}, {
			"streams":	[{
					"socket":	5,
					"start":	9.000642,
					"end":	10.001304,
					"seconds":	1.0006619691848755,
					"bytes":	786432,
					"bits_per_second":	6287294.005112363,
					"retransmits":	0,
					"snd_cwnd":	24616,
					"snd_wnd":	8176128,
					"rtt":	45629,
					"rttvar":	1775,
					"pmtu":	1500,
					"omitted":	false,
					"sender":	true
				}],
			"sum":	{
				"start":	9.000642,
				"end":	10.001304,
				"seconds":	1.0006619691848755,
				"bytes":	786432,
				"bits_per_second":	6287294.005112363,
				"retransmits":	0,
				"omitted":	false,
				"sender":	true
			}
		}, {
			"streams":	[{
					"socket":	5,
					"start":	10.001304,
					"end":	11.000731,
					"seconds":	0.99942702054977417,
					"bytes":	0,
					"bits_per_second":	0,
					"retransmits":	4,
					"snd_cwnd":	28960,
					"snd_wnd":	8176128,
					"rtt":	46290,
					"rttvar":	3331,
					"pmtu":	1500,
					"omitted":	false,
					"sender":	true
				}],
			"sum":	{
				"start":	10.001304,
				"end":	11.000731,
				"seconds":	0.99942702054977417,
				"bytes":	0,
				"bits_per_second":	0,
				"retransmits":	4,
				"omitted":	false,
				"sender":	true
			}
		}, {
			"streams":	[{
					"socket":	5,
					"start":	11.000731,
					"end":	12.001126,
					"seconds":	1.0003950595855713,
					"bytes":	786432,
					"bits_per_second":	6288971.4815328363,
					"retransmits":	8,
					"snd_cwnd":	14480,
					"snd_wnd":	8176128,
					"rtt":	50925,
					"rttvar":	11561,
					"pmtu":	1500,
					"omitted":	false,
					"sender":	true
				}],
			"sum":	{
				"start":	11.000731,
				"end":	12.001126,
				"seconds":	1.0003950595855713,
				"bytes":	786432,
				"bits_per_second":	6288971.4815328363,
				"retransmits":	8,
				"omitted":	false,
				"sender":	true
			}
		}, {
			"streams":	[{
					"socket":	5,
					"start":	12.001126,
					"end":	13.000702,
					"seconds":	0.999575972557068,
					"bytes":	0,