{
	"start":	{
		"connected":	[{
				"socket":	5,
				"local_host":	"10.0.0.1",
				"local_port":	39644,
				"remote_host":	"10.0.0.2",
				"remote_port":	5201
			}],
		"version":	"iperf 3.16",
		"system_info":	"Linux mininet 6.8.0-88-generic #89-Ubuntu SMP PREEMPT_DYNAMIC Sat Oct 11 01:02:46 UTC 2025 x86_64",
		"timestamp":	{
			"time":	"Tue, 02 Dec 2025 18:18:35 GMT",
			"timesecs":	1764699515
		},
		"connecting_to":	{
			"host":	"10.0.0.2",
			"port":	5201
		},
		"cookie":	"fsgcqzotpjeh62iolv2jrbrr4u7chuvzopf4",
		"tcp_mss_default":	1448,
		"target_bitrate":	0,
		"fq_rate":	0,
		"sock_bufsize":	0,
		"sndbuf_actual":	87380,
		"rcvbuf_actual":	87380,
		"test_start":	{
			"protocol":	"TCP",
			"num_streams":	1,
			"blksize":	131072,
			"omit":	0,
			"duration":	20,
			"bytes":	0,
			"blocks":	0,
			"reverse":	0,
			"tos":	0,
			"target_bitrate":	0,
			"bidir":	0,
			"fqrate":	0
		}
	},
	"intervals":	[{
			"streams":	[{
					"socket":	5,
					"start":	0,
					"end":	1.000981,
					"seconds":	1.0009809732437134,
					"bytes":	5898240,
					"bits_per_second":	47139677.237912327,
					"retransmits":	0,
					"snd_cwnd":	867352,
					"snd_wnd":	3207168,
					"rtt":	137566,
					"rttvar":	461,
					"pmtu":	1500,
					"omitted":	false,
					"sender":	true
				}],
			"sum":	{
				"start":	0,
				"end":	1.000981,
				"seconds":	1.0009809732437134,
				"bytes":	5898240,
				"bits_per_second":	47139677.237912327,
				"retransmits":	0,
				"omitted":	false,
				"sender":	true
			}
		}, {
			"streams":	[{
					"socket":	5,
					"start":	1.000981,
					"end":	2.000994,
					"seconds":	1.000012993812561,
					"bytes":	7995392,
					"bits_per_second":	63962304.885799341,
					"retransmits":	44,
					"snd_cwnd":	770336,
					"snd_wnd":	2748416,
					"rtt":	162128,
					"rttvar":	2510,
					"pmtu":	1500,
					"omitted":	false,
					"sender":	true
				}],
			"sum":	{
				"start":	1.000981,
				"end":	2.000994,
				"seconds":	1.000012993812561,
				"bytes":	7995392,
				"bits_per_second":	63962304.885799341,
				"retransmits":	44,
				"omitted":	false,
				"sender":	true
			}
		}, {
			"streams":	[{
					"socket":	5,
					"start":	2.000994,
					"end":	3.00103,
					"seconds":	1.0000360012054443,
					"bytes":	4456448,
					"bits_per_second":	35650300.546205886,
					"retransmits":	14,
					"snd_cwnd":	579200,
					"snd_wnd":	4866048,
					"rtt":	105468,
					"rttvar":	296,
					"pmtu":	1500,
					"omitted":	false,
					"sender":	true
				}],
			"sum":	{
				"start":	2.000994,
				"end":	3.00103,
				"seconds":	1.0000360012054443,
				"bytes":	4456448,
				"bits_per_second":	35650300.546205886,
				"retransmits":	14,
				"omitted":	false,
				"sender":	true
			}
		}, {
			"streams":	[{
					"socket":	5,
					"start":	3.00103,
					"end":	4.000934,
					"seconds":	0.999903976917267,
					"bytes":	6684672,
					"bits_per_second":	53482511.555631883,
					"retransmits":	0,
					"snd_cwnd":	616848,
					"snd_wnd":	4869120,
					"rtt":	107589,
					"rttvar":	3141,
					"pmtu":	1500,
					"omitted":	false,
					"sender":	true
				}],
			"sum":	{
				"start":	3.00103,
				"end":	4.000934,
				"seconds":	0.999903976917267,
				"bytes":	6684672,
				"bits_per_second":	53482511.555631883,
				"retransmits":	0,
				"omitted":	false,
				"sender":	true
			}
		}, {
			"streams":	[{
					"socket":	5,
					"start":	4.000934,
					"end":	5.000913,
					"seconds":	0.999979019165039,
					"bytes":	6553600,
					"bits_per_second":	52429900.0230794,
					"retransmits":	0,
					"snd_cwnd":	638568,
					"snd_wnd":	4866048,
					"rtt":	106294,
					"rttvar":	314,
					"pmtu":	1500,
					"omitted":	false,
					"sender":	true
				}],
			"sum":	{
				"start":	4.000934,
				"end":	5.000913,
				"seconds":	0.999979019165039,
				"bytes":	6553600,
				"bits_per_second":	52429900.0230794,
				"retransmits":	0,
				"omitted":	false,
				"sender":	true
			}
		}, {
			"streams":	[{
					"socket":	5,
					"start":	5.000913,
					"end":	6.001118,
					"seconds":	1.0002050399780273,
					"bytes":	4456448,
					"bits_per_second":	35644275.498534977,
					"retransmits":	0,
					"snd_cwnd":	651600,
					"snd_wnd":	4866048,
					"rtt":	108922,
					"rttvar":	227,
					"pmtu":	1500,
					"omitted":	false,
					"sender":	true
				}],
			"sum":	{
				"start":	5.000913,
				"end":	6.001118,
				"seconds":	1.0002050399780273,
				"bytes":	4456448,
				"bits_per_second":	35644275.498534977,
				"retransmits":	0,
				"omitted":	false,
				"sender":	true
			}
		}, {
			"streams":	[{
					"socket":	5,
					"start":	6.001118,
					"end":	7.001007,
					"seconds":	0.99988901615142822,
					"bytes":	6684672,
					"bits_per_second":	53483311.783776127,
					"retransmits":	0,
					"snd_cwnd":	654496,
					"snd_wnd":	4866048,
					"rtt":	109323,
					"rttvar":	167,
					"pmtu":	1500,
					"omitted":	false,
					"sender":	true
				}],
			"sum":	{
				"start":	6.001118,
				"end":	7.001007,
				"seconds":	0.99988901615142822,
				"bytes":	6684672,
				"bits_per_second":	53483311.783776127,
				"retransmits":	0,
				"omitted":	false,
				"sender":	true
			}
		}, {
			"streams":	[{
					"socket":	5,
					"start":	7.001007,
					"end":	8.001026,
					"seconds":	1.0000189542770386,
					"bytes":	6553600,
					"bits_per_second":	52427806.268835455,
					"retransmits":	0,
					"snd_cwnd":	654496,
					"snd_wnd":	4866048,
					"rtt":	110325,
					"rttvar":	266,
					"pmtu":	1500,
					"omitted":	false,
					"sender":	true
				}],
			"sum":	{
				"start":	7.001007,
				"end":	8.001026,
				"seconds":	1.0000189542770386,
				"bytes":	6553600,
				"bits_per_second":	52427806.268835455,
				"retransmits":	0,
				"omitted":	false,
				"sender":	true
			}
		}, {
			"streams":	[{
					"socket":	5,
					"start":	8.001026,
					"end":	9.00111,
					"seconds":	1.0000840425491333,
					"bytes":	4456448,
					"bits_per_second":	35648588.001791328,
					"retransmits":	0,
					"snd_cwnd":	654496,
					"snd_wnd":	4866048,
					"rtt":	109299,
					"rttvar":	142,
					"pmtu":	1500,
					"omitted":	false,
					"sender":	true
				}],
			"sum":	{
				"start":	8.001026,
				"end":	9.00111,
				"seconds":	1.0000840425491333,
				"bytes":	4456448,
				"bits_per_second":	35648588.001791328,
				"retransmits":	0,
				"omitted":	false,
				"sender":	true
			}
		}, {
			"streams":	[{
					"socket":	5,
					"start":	9.00111,
					"end":	10.0011,
					"seconds":	0.99998998641967773,
					"bytes":	6684672,
					"bits_per_second":	53477911.505362324,
					"retransmits":	0,
					"snd_cwnd":	658840,
					"snd_wnd":	4866048,
					"rtt":	110611,
					"rttvar":	328,
					"pmtu":	1500,
					"omitted":	false,
					"sender":	true
				}],
			"sum":	{
				"start":	9.00111,
				"end":	10.0011,
				"seconds":	0.99998998641967773,
				"bytes":	6684672,
				"bits_per_second":	53477911.505362324,
				"retransmits":	0,
				"omitted":	false,
				"sender":	true
			}
		}, {
			"streams":	[{
					"socket":	5,
					"start":	10.0011,
					"end":	11.000981,
					"seconds":	0.99988102912902832,
					"bytes":	6684672,
					"bits_per_second":	53483739.007012486,
					"retransmits":	0,
					"snd_cwnd":	668976,
					"snd_wnd":	4866048,
					"rtt":	111982,
					"rttvar":	251,
					"pmtu":	1500,
					"omitted":	false,
					"sender":	true
				}],
			"sum":	{
				"start":	10.0011,
				"end":	11.000981,
				"seconds":	0.99988102912902832,
				"bytes":	6684672,
				"bits_per_second":	53483739.007012486,
				"retransmits":	0,
				"omitted":	false,
				"sender":	true
			}
		}, {
			"streams":	[{
					"socket":	5,
					"start":	11.000981,
					"end":	12.001016,
					"seconds":	1.0000350475311279,
					"bytes":	4325376,
					"bits_per_second":	34601795.2925024,
					"retransmits":	0,
					"snd_cwnd":	689248,
					"snd_wnd":	4866048,
					"rtt":	115034,
					"rttvar":	478,
					"pmtu":	1500,
					"omitted":	false,
					"sender":	true
				}],
			"sum":	{
				"start":	11.000981,
				"end":	12.001016,
				"seconds":	1.0000350475311279,
				"bytes":	4325376,
				"bits_per_second":	34601795.2925024,