{
	"start":	{
		"connected":	[{
				"socket":	5,
				"local_host":	"10.0.0.2",
				"local_port":	5201,
				"remote_host":	"10.0.0.1",
				"remote_port":	40430
			}],
		"version":	"iperf 3.16",
		"system_info":	"Linux mininet 6.8.0-88-generic #89-Ubuntu SMP PREEMPT_DYNAMIC Sat Oct 11 01:02:46 UTC 2025 x86_64",
		"sock_bufsize":	0,
		"sndbuf_actual":	87380,
		"rcvbuf_actual":	87380,
		"timestamp":	{
			"time":	"Tue, 02 Dec 2025 18:52:16 GMT",
			"timesecs":	1764701536
		},
		"accepted_connection":	{
			"host":	"10.0.0.1",
			"port":	40418
		},
		"cookie":	"hzampojr7nzkd2r3kxehbtqsnwsy2snxtpqb",
		"tcp_mss_default":	0,
		"target_bitrate":	0,
		"fq_rate":	0,
		"test_start":	{
			"protocol":	"TCP",
			"num_streams":	1,
			"blksize":	131072,
			"omit":	0,
			"duration":	20,
			"bytes":	0,
			"blocks":	0,
			"reverse":	0,
			"tos":	0,
			"target_bitrate":	0,
			"bidir":	0,
			"fqrate":	0
		}
	},
	"intervals":	[{
			"streams":	[{
					"socket":	5,
					"start":	0,
					"end":	1.000932,
					"seconds":	1.000931978225708,
					"bytes":	4718592,
					"bits_per_second":	37713587.75739678,
					"omitted":	false,
					"sender":	false
				}],
			"sum":	{
				"start":	0,
				"end":	1.000932,
				"seconds":	1.000931978225708,
				"bytes":	4718592,
				"bits_per_second":	37713587.75739678,
				"omitted":	false,
				"sender":	false
			}
		}, {
			"streams":	[{
					"socket":	5,
					"start":	1.000932,
					"end":	2.000934,
					"seconds":	1.0000020265579224,
					"bytes":	5898240,
					"bits_per_second":	47185824.3751938,
					"omitted":	false,
					"sender":	false
				}],
			"sum":	{
				"start":	1.000932,
				"end":	2.000934,
				"seconds":	1.0000020265579224,
				"bytes":	5898240,
				"bits_per_second":	47185824.3751938,
				"omitted":	false,
				"sender":	false
			}
		}, {
			"streams":	[{
					"socket":	5,
					"start":	2.000934,
					"end":	3.000897,
					"seconds":	0.99996298551559448,
					"bytes":	6029312,
					"bits_per_second":	48236281.441087179,
					"omitted":	false,
					"sender":	false
				}],
			"sum":	{
				"start":	2.000934,
				"end":	3.000897,
				"seconds":	0.99996298551559448,
				"bytes":	6029312,
				"bits_per_second":	48236281.441087179,
				"omitted":	false,
				"sender":	false
			}
		}, {
			"streams":	[{
					"socket":	5,
					"start":	3.000897,
					"end":	4.001005,
					"seconds":	1.000108003616333,
					"bytes":	5898240,
					"bits_per_second":	47180824.300354,
					"omitted":	false,
					"sender":	false
				}],
			"sum":	{
				"start":	3.000897,
				"end":	4.001005,
				"seconds":	1.000108003616333,
				"bytes":	5898240,
				"bits_per_second":	47180824.300354,
				"omitted":	false,
				"sender":	false
			}
		}, {
			"streams":	[{
					"socket":	5,
					"start":	4.001005,
					"end":	5.000717,
					"seconds":	0.99971199035644531,
					"bytes":	6029312,
					"bits_per_second":	48248392.002182633,
					"omitted":	false,
					"sender":	false
				}],
			"sum":	{
				"start":	4.001005,
				"end":	5.000717,
				"seconds":	0.99971199035644531,
				"bytes":	6029312,
				"bits_per_second":	48248392.002182633,
				"omitted":	false,
				"sender":	false
			}
		}, {
			"streams":	[{
					"socket":	5,
					"start":	5.000717,
					"end":	6.000766,
					"seconds":	1.0000489950180054,
					"bytes":	5898240,
					"bits_per_second":	47183608.2382648,
					"omitted":	false,
					"sender":	false
				}],
			"sum":	{
				"start":	5.000717,
				"end":	6.000766,
				"seconds":	1.0000489950180054,
				"bytes":	5898240,
				"bits_per_second":	47183608.2382648,
				"omitted":	false,
				"sender":	false
			}
		}, {
			"streams":	[{
					"socket":	5,
					"start":	6.000766,
					"end":	7.000988,
					"seconds":	1.0002219676971436,
					"bytes":	5898240,
					"bits_per_second":	47175448.574318245,
					"omitted":	false,
					"sender":	false
				}],
			"sum":	{
				"start":	6.000766,
				"end":	7.000988,
				"seconds":	1.0002219676971436,
				"bytes":	5898240,
				"bits_per_second":	47175448.574318245,
				"omitted":	false,
				"sender":	false
			}
		}, {
			"streams":	[{
					"socket":	5,
					"start":	7.000988,
					"end":	8.001077,
					"seconds":	1.0000890493392944,
					"bytes":	6029312,
					"bits_per_second":	48230201.132455118,
					"omitted":	false,
					"sender":	false
				}],
			"sum":	{
				"start":	7.000988,
				"end":	8.001077,
				"seconds":	1.0000890493392944,
				"bytes":	6029312,
				"bits_per_second":	48230201.132455118,
				"omitted":	false,
				"sender":	false
			}
		}, {
			"streams":	[{
					"socket":	5,
					"start":	8.001077,
					"end":	9.001068,
					"seconds":	0.999990999698639,
					"bytes":	5898240,
					"bits_per_second":	47186344.691322349,
					"omitted":	false,
					"sender":	false
				}],
			"sum":	{
				"start":	8.001077,
				"end":	9.001068,
				"seconds":	0.999990999698639,
				"bytes":	5898240,
				"bits_per_second":	47186344.691322349,
				"omitted":	false,
				"sender":	false
			}
		}, {
			"streams":	[{
					"socket":	5,
					"start":	9.001068,
					"end":	10.000823,
					"seconds":	0.999755024909973,
					"bytes":	5898240,
					"bits_per_second":	47197482.207452811,
					"omitted":	false,
					"sender":	false
				}],
			"sum":	{
				"start":	9.001068,
				"end":	10.000823,
				"seconds":	0.999755024909973,
				"bytes":	5898240,
				"bits_per_second":	47197482.207452811,
				"omitted":	false,
				"sender":	false
			}
		}, {
			"streams":	[{
					"socket":	5,
					"start":	10.000823,
					"end":	11.00101,
					"seconds":	1.0001870393753052,
					"bytes":	4456448,
					"bits_per_second":	35644916.996992081,
					"omitted":	false,
					"sender":	false
				}],
			"sum":	{
				"start":	10.000823,
				"end":	11.00101,
				"seconds":	1.0001870393753052,
				"bytes":	4456448,
				"bits_per_second":	35644916.996992081,
				"omitted":	false,
				"sender":	false
			}
		}, {
			"streams":	[{
					"socket":	5,
					"start":	11.00101,
					"end":	12.00105,
					"seconds":	1.0000400543212891,
					"bytes":	5898240,
					"bits_per_second":	47184030.075699635,
					"omitted":	false,
					"sender":	false
				}],
			"sum":	{
				"start":	11.00101,
				"end":	12.00105,
				"seconds":	1.0000400543212891,
				"bytes":	5898240,
				"bits_per_second":	47184030.075699635,
				"omitted":	false,
				"sender":	false
			}
		}, {
			"streams":	[{
					"socket":	5,
					"start":	12.00105,
					"end":	13.001068,
					"seconds":	1.0000180006027222,
					"bytes":	6029312,
					"bits_per_second":	48233627.76562874,
					"omitted":	false,
					"sender":	false
				}],
			"sum":	{
				"start":	12.00105,
				"end":	13.001068,
				"seconds":	1.0000180006027222,
				"bytes":	6029312,
				"bits_per_second":	48233627.76562874,
				"omitted":	false,
				"sender":	false
			}
		}, {
			"streams":	[{
					"socket":	5,
					"start":	13.001068,
					"end":	14.000986,
					"seconds":	0.999917984008789,
					"bytes":	5898240,
					"bits_per_second":	47189790.317427918,
					"omitted":	false,
					"sender":	false
				}],
			"sum":	{
				"start":	13.001068,
				"end":	14.000986,
				"seconds":	0.999917984008789,
				"bytes":	5898240,
				"bits_per_second":	47189790.317427918,
				"omitted":	false,
				"sender":	false
			}
		}, {
			"streams":	[{
					"socket":	5,
					"start":	14.000986,
					"end":	15.000921,
					"seconds":	0.99993497133255,
					"bytes":	5898240,
					"bits_per_second":	47188988.637049377,
					"omitted":	false,
					"sender":	false
				}],
			"sum":	{
				"start":	14.000986,
				"end":	15.000921,
				"seconds":	0.99993497133255,
				"bytes":	5898240,
				"bits_per_second":	47188988.637049377,
				"omitted":	false,
				"sender":	false
			}
		}, {
			"streams":	[{
					"socket":	5,
					"start":	15.000921,
					"end":	16.001021,
					"seconds":	1.0001000165939331,
					"bytes":	6029312,
					"bits_per_second":	48229672.2324568,
					"omitted":	false,
					"sender":	false
				}],
			"sum":	{
				"start":	15.000921,
				"end":	16.001021,
				"seconds":	1.0001000165939331,
				"bytes":	6029312,
				"bits_per_second":	48229672.2324568,
				"omitted":	false,