{
	"start":	{
		"connected":	[{
				"socket":	5,
				"local_host":	"10.0.0.1",
				"local_port":	54010,
				"remote_host":	"10.0.0.2",
				"remote_port":	5201
			}],
		"version":	"iperf 3.16",
		"system_info":	"Linux mininet 6.8.0-88-generic #89-Ubuntu SMP PREEMPT_DYNAMIC Sat Oct 11 01:02:46 UTC 2025 x86_64",
		"timestamp":	{
			"time":	"Tue, 02 Dec 2025 18:10:02 GMT",
			"timesecs":	1764699002
		},
		"connecting_to":	{
			"host":	"10.0.0.2",
			"port":	5201
		},
		"cookie":	"f4qphzp3m3ghhbfu5napbapr3s3246ehskzr",
		"tcp_mss_default":	1448,
		"target_bitrate":	0,
		"fq_rate":	0,
		"sock_bufsize":	0,
		"sndbuf_actual":	87380,
		"rcvbuf_actual":	87380,
		"test_start":	{
			"protocol":	"TCP",
			"num_streams":	1,
			"blksize":	131072,
			"omit":	0,
			"duration":	20,
			"bytes":	0,
			"blocks":	0,
			"reverse":	0,
			"tos":	0,
			"target_bitrate":	0,
			"bidir":	0,
			"fqrate":	0
		}
	},
	"intervals":	[{
			"streams":	[{
					"socket":	5,
					"start":	0,
					"end":	1.000961,
					"seconds":	1.0009609460830688,
					"bytes":	5898240,
					"bits_per_second":	47140620.405467927,
					"retransmits":	8,
					"snd_cwnd":	207064,
					"snd_wnd":	4978176,
					"rtt":	44585,
					"rttvar":	46,
					"pmtu":	1500,
					"omitted":	false,
					"sender":	true
				}],
			"sum":	{
				"start":	0,
				"end":	1.000961,
				"seconds":	1.0009609460830688,
				"bytes":	5898240,
				"bits_per_second":	47140620.405467927,
				"retransmits":	8,
				"omitted":	false,
				"sender":	true
			}
		}, {
			"streams":	[{
					"socket":	5,
					"start":	1.000961,
					"end":	2.000996,
					"seconds":	1.0000350475311279,
					"bytes":	1703936,
					"bits_per_second":	13631010.266743371,
					"retransmits":	17,
					"snd_cwnd":	28960,
					"snd_wnd":	4982272,
					"rtt":	44751,
					"rttvar":	260,
					"pmtu":	1500,
					"omitted":	false,
					"sender":	true
				}],
			"sum":	{
				"start":	1.000961,
				"end":	2.000996,
				"seconds":	1.0000350475311279,
				"bytes":	1703936,
				"bits_per_second":	13631010.266743371,
				"retransmits":	17,
				"omitted":	false,
				"sender":	true
			}
		}, {
			"streams":	[{
					"socket":	5,
					"start":	2.000996,
					"end":	3.001005,
					"seconds":	1.0000089406967163,
					"bytes":	786432,
					"bits_per_second":	6291399.75050291,
					"retransmits":	7,
					"snd_cwnd":	14480,
					"snd_wnd":	4979200,
					"rtt":	46953,
					"rttvar":	3498,
					"pmtu":	1500,
					"omitted":	false,
					"sender":	true
				}],
			"sum":	{
				"start":	2.000996,
				"end":	3.001005,
				"seconds":	1.0000089406967163,
				"bytes":	786432,
				"bits_per_second":	6291399.75050291,
				"retransmits":	7,
				"omitted":	false,
				"sender":	true
			}
		}, {
			"streams":	[{
					"socket":	5,
					"start":	3.001005,
					"end":	4.000926,
					"seconds":	0.99992102384567261,
					"bytes":	0,
					"bits_per_second":	0,
					"retransmits":	6,
					"snd_cwnd":	8688,
					"snd_wnd":	4979200,
					"rtt":	50720,
					"rttvar":	10890,
					"pmtu":	1500,
					"omitted":	false,
					"sender":	true
				}],
			"sum":	{
				"start":	3.001005,
				"end":	4.000926,
				"seconds":	0.99992102384567261,
				"bytes":	0,
				"bits_per_second":	0,
				"retransmits":	6,
				"omitted":	false,
				"sender":	true
			}
		}, {
			"streams":	[{
					"socket":	5,
					"start":	4.000926,
					"end":	5.000963,
					"seconds":	1.0000369548797607,
					"bytes":	786432,
					"bits_per_second":	6291223.508591692,
					"retransmits":	0,
					"snd_cwnd":	24616,
					"snd_wnd":	4982272,
					"rtt":	45110,
					"rttvar":	488,
					"pmtu":	1500,
					"omitted":	false,
					"sender":	true
				}],
			"sum":	{
				"start":	4.000926,
				"end":	5.000963,
				"seconds":	1.0000369548797607,
				"bytes":	786432,
				"bits_per_second":	6291223.508591692,
				"retransmits":	0,
				"omitted":	false,
				"sender":	true
			}
		}, {
			"streams":	[{
					"socket":	5,
					"start":	5.000963,
					"end":	6.000894,
					"seconds":	0.99993097782135,
					"bytes":	0,
					"bits_per_second":	0,
					"retransmits":	5,
					"snd_cwnd":	18824,
					"snd_wnd":	4979200,
					"rtt":	45403,
					"rttvar":	478,
					"pmtu":	1500,
					"omitted":	false,
					"sender":	true
				}],
			"sum":	{
				"start":	5.000963,
				"end":	6.000894,
				"seconds":	0.99993097782135,
				"bytes":	0,
				"bits_per_second":	0,
				"retransmits":	5,
				"omitted":	false,
				"sender":	true
			}
		}, {
			"streams":	[{
					"socket":	5,
					"start":	6.000894,
					"end":	7.001532,
					"seconds":	1.0006380081176758,
					"bytes":	786432,
					"bits_per_second":	6287444.55933171,
					"retransmits":	2,
					"snd_cwnd":	24616,
					"snd_wnd":	4979200,
					"rtt":	44867,
					"rttvar":	378,
					"pmtu":	1500,
					"omitted":	false,
					"sender":	true
				}],
			"sum":	{
				"start":	6.000894,
				"end":	7.001532,
				"seconds":	1.0006380081176758,
				"bytes":	786432,
				"bits_per_second":	6287444.55933171,
				"retransmits":	2,
				"omitted":	false,
				"sender":	true
			}
		}, {
			"streams":	[{
					"socket":	5,
					"start":	7.001532,
					"end":	8.000926,
					"seconds":	0.9993939995765686,
					"bytes":	786432,
					"bits_per_second":	6295270.9368533483,
					"retransmits":	0,
					"snd_cwnd":	41992,
					"snd_wnd":	4979200,
					"rtt":	44843,
					"rttvar":	371,
					"pmtu":	1500,
					"omitted":	false,
					"sender":	true
				}],
			"sum":	{
				"start":	7.001532,
				"end":	8.000926,
				"seconds":	0.9993939995765686,
				"bytes":	786432,
				"bits_per_second":	6295270.9368533483,
				"retransmits":	0,
				"omitted":	false,
				"sender":	true
			}
		}, {
			"streams":	[{
					"socket":	5,
					"start":	8.000926,
					"end":	9.000901,
					"seconds":	0.999975025653839,
					"bytes":	786432,
					"bits_per_second":	6291613.1289241919,
					"retransmits":	4,
					"snd_cwnd":	30408,
					"snd_wnd":	4979712,
					"rtt":	44752,
					"rttvar":	228,
					"pmtu":	1500,
					"omitted":	false,
					"sender":	true
				}],
			"sum":	{
				"start":	8.000926,
				"end":	9.000901,
				"seconds":	0.999975025653839,
				"bytes":	786432,
				"bits_per_second":	6291613.1289241919,
				"retransmits":	4,
				"omitted":	false,
				"sender":	true
			}
		}, {
			"streams":	[{
					"socket":	5,
					"start":	9.000901,
					"end":	10.000888,
					"seconds":	0.999987006187439,
					"bytes":	786432,
					"bits_per_second":	6291537.7510622581,
					"retransmits":	4,
					"snd_cwnd":	34752,
					"snd_wnd":	4982272,
					"rtt":	45038,
					"rttvar":	243,
					"pmtu":	1500,
					"omitted":	false,
					"sender":	true
				}],
			"sum":	{
				"start":	9.000901,
				"end":	10.000888,
				"seconds":	0.999987006187439,
				"bytes":	786432,
				"bits_per_second":	6291537.7510622581,
				"retransmits":	4,
				"omitted":	false,
				"sender":	true
			}
		}, {
			"streams":	[{
					"socket":	5,
					"start":	10.000888,
					"end":	11.000885,
					"seconds":	0.99999701976776123,
					"bytes":	0,
					"bits_per_second":	0,
					"retransmits":	3,
					"snd_cwnd":	23168,
					"snd_wnd":	4982272,
					"rtt":	47125,
					"rttvar":	4534,
					"pmtu":	1500,
					"omitted":	false,
					"sender":	true
				}],
			"sum":	{
				"start":	10.000888,
				"end":	11.000885,
				"seconds":	0.99999701976776123,
				"bytes":	0,
				"bits_per_second":	0,
				"retransmits":	3,
				"omitted":	false,
				"sender":	true
			}
		}, {
			"streams":	[{
					"socket":	5,
					"start":	11.000885,
					"end":	12.000912,
					"seconds":	1.0000269412994385,
					"bytes":	786432,
					"bits_per_second":	6291286.5045664273,
					"retransmits":	2,
					"snd_cwnd":	28960,
					"snd_wnd":	4982272,
					"rtt":	44542,
					"rttvar":	140,
					"pmtu":	1500,
					"omitted":	false,
					"sender":	true
				}],
			"sum":	{
				"start":	11.000885,
				"end":	12.000912,
				"seconds":	1.0000269412994385,
				"bytes":	786432,
				"bits_per_second":	6291286.5045664273,
				"retransmits":	2,
				"omitted":	false,
				"sender":	true
			}
		}, {
			"streams":	[{
					"socket":	5,
					"start":	12.000912,
					"end":	13.000883,