{
	"start":	{
		"connected":	[{
				"socket":	5,
				"local_host":	"10.0.0.2",
				"local_port":	5201,
				"remote_host":	"10.0.0.1",
				"remote_port":	54010
			}],
		"version":	"iperf 3.16",
		"system_info":	"Linux mininet 6.8.0-88-generic #89-Ubuntu SMP PREEMPT_DYNAMIC Sat Oct 11 01:02:46 UTC 2025 x86_64",
		"sock_bufsize":	0,
		"sndbuf_actual":	87380,
		"rcvbuf_actual":	87380,
		"timestamp":	{
			"time":	"Tue, 02 Dec 2025 18:10:02 GMT",
			"timesecs":	1764699002
		},
		"accepted_connection":	{
			"host":	"10.0.0.1",
			"port":	53996
		},
		"cookie":	"f4qphzp3m3ghhbfu5napbapr3s3246ehskzr",
		"tcp_mss_default":	0,
		"target_bitrate":	0,
		"fq_rate":	0,
		"test_start":	{
			"protocol":	"TCP",
			"num_streams":	1,
			"blksize":	131072,
			"omit":	0,
			"duration":	20,
			"bytes":	0,
			"blocks":	0,
			"reverse":	0,
			"tos":	0,
			"target_bitrate":	0,
			"bidir":	0,
			"fqrate":	0
		}
	},
	"intervals":	[{
			"streams":	[{
					"socket":	5,
					"start":	0,
					"end":	1.001083,
					"seconds":	1.0010830163955688,
					"bytes":	3932160,
					"bits_per_second":	31423248.107097983,
					"omitted":	false,
					"sender":	false
				}],
			"sum":	{
				"start":	0,
				"end":	1.001083,
				"seconds":	1.0010830163955688,
				"bytes":	3932160,
				"bits_per_second":	31423248.107097983,
				"omitted":	false,
				"sender":	false
			}
		}, {
			"streams":	[{
					"socket":	5,
					"start":	1.001083,
					"end":	2.001125,
					"seconds":	1.0000419616699219,
					"bytes":	1703936,
					"bits_per_second":	13630916.024001068,
					"omitted":	false,
					"sender":	false
				}],
			"sum":	{
				"start":	1.001083,
				"end":	2.001125,
				"seconds":	1.0000419616699219,
				"bytes":	1703936,
				"bits_per_second":	13630916.024001068,
				"omitted":	false,
				"sender":	false
			}
		}, {
			"streams":	[{
					"socket":	5,
					"start":	2.001125,
					"end":	3.001117,
					"seconds":	0.9999920129776,
					"bytes":	655360,
					"bits_per_second":	5242921.87533446,
					"omitted":	false,
					"sender":	false
				}],
			"sum":	{
				"start":	2.001125,
				"end":	3.001117,
				"seconds":	0.9999920129776,
				"bytes":	655360,
				"bits_per_second":	5242921.87533446,
				"omitted":	false,
				"sender":	false
			}
		}, {
			"streams":	[{
					"socket":	5,
					"start":	3.001117,
					"end":	4.001521,
					"seconds":	1.0004040002822876,
					"bytes":	262144,
					"bits_per_second":	2096305.09215101,
					"omitted":	false,
					"sender":	false
				}],
			"sum":	{
				"start":	3.001117,
				"end":	4.001521,
				"seconds":	1.0004040002822876,
				"bytes":	262144,
				"bits_per_second":	2096305.09215101,
				"omitted":	false,
				"sender":	false
			}
		}, {
			"streams":	[{
					"socket":	5,
					"start":	4.001521,
					"end":	5.001053,
					"seconds":	0.99953198432922363,
					"bytes":	393216,
					"bits_per_second":	3147200.9393587019,
					"omitted":	false,
					"sender":	false
				}],
			"sum":	{
				"start":	4.001521,
				"end":	5.001053,
				"seconds":	0.99953198432922363,
				"bytes":	393216,
				"bits_per_second":	3147200.9393587019,
				"omitted":	false,
				"sender":	false
			}
		}, {
			"streams":	[{
					"socket":	5,
					"start":	5.001053,
					"end":	6.00109,
					"seconds":	1.0000369548797607,
					"bytes":	524288,
					"bits_per_second":	4194149.0057277945,
					"omitted":	false,
					"sender":	false
				}],
			"sum":	{
				"start":	5.001053,
				"end":	6.00109,
				"seconds":	1.0000369548797607,
				"bytes":	524288,
				"bits_per_second":	4194149.0057277945,
				"omitted":	false,
				"sender":	false
			}
		}, {
			"streams":	[{
					"socket":	5,
					"start":	6.00109,
					"end":	7.001132,
					"seconds":	1.0000419616699219,
					"bytes":	393216,
					"bits_per_second":	3145596.0055387081,
					"omitted":	false,
					"sender":	false
				}],
			"sum":	{
				"start":	6.00109,
				"end":	7.001132,
				"seconds":	1.0000419616699219,
				"bytes":	393216,
				"bits_per_second":	3145596.0055387081,
				"omitted":	false,
				"sender":	false
			}
		}, {
			"streams":	[{
					"socket":	5,
					"start":	7.001132,
					"end":	8.001112,
					"seconds":	0.99997997283935547,
					"bytes":	786432,
					"bits_per_second":	6291582.0025234725,
					"omitted":	false,
					"sender":	false
				}],
			"sum":	{
				"start":	7.001132,
				"end":	8.001112,
				"seconds":	0.99997997283935547,
				"bytes":	786432,
				"bits_per_second":	6291582.0025234725,
				"omitted":	false,
				"sender":	false
			}
		}, {
			"streams":	[{
					"socket":	5,
					"start":	8.001112,
					"end":	9.00111,
					"seconds":	0.99999797344207764,
					"bytes":	786432,
					"bits_per_second":	6291468.75002584,
					"omitted":	false,
					"sender":	false
				}],
			"sum":	{
				"start":	8.001112,
				"end":	9.00111,
				"seconds":	0.99999797344207764,
				"bytes":	786432,
				"bits_per_second":	6291468.75002584,
				"omitted":	false,
				"sender":	false
			}
		}, {
			"streams":	[{
					"socket":	5,
					"start":	9.00111,
					"end":	10.001078,
					"seconds":	0.99996799230575562,
					"bytes":	524288,
					"bits_per_second":	4194438.25429717,
					"omitted":	false,
					"sender":	false
				}],
			"sum":	{
				"start":	9.00111,
				"end":	10.001078,
				"seconds":	0.99996799230575562,
				"bytes":	524288,
				"bits_per_second":	4194438.25429717,
				"omitted":	false,
				"sender":	false
			}
		}, {
			"streams":	[{
					"socket":	5,
					"start":	10.001078,
					"end":	11.001106,
					"seconds":	1.0000280141830444,
					"bytes":	786432,
					"bits_per_second":	6291279.75493736,
					"omitted":	false,
					"sender":	false
				}],
			"sum":	{
				"start":	10.001078,
				"end":	11.001106,
				"seconds":	1.0000280141830444,
				"bytes":	786432,
				"bits_per_second":	6291279.75493736,
				"omitted":	false,
				"sender":	false
			}
		}, {
			"streams":	[{
					"socket":	5,
					"start":	11.001106,
					"end":	12.001102,
					"seconds":	0.9999960064888,
					"bytes":	524288,
					"bits_per_second":	4194320.75006689,
					"omitted":	false,
					"sender":	false
				}],
			"sum":	{
				"start":	11.001106,
				"end":	12.001102,
				"seconds":	0.9999960064888,
				"bytes":	524288,
				"bits_per_second":	4194320.75006689,
				"omitted":	false,
				"sender":	false
			}
		}, {
			"streams":	[{
					"socket":	5,
					"start":	12.001102,
					"end":	13.001042,
					"seconds":	0.99993997812271118,
					"bytes":	655360,
					"bits_per_second":	5243194.7063892679,
					"omitted":	false,
					"sender":	false
				}],
			"sum":	{
				"start":	12.001102,
				"end":	13.001042,
				"seconds":	0.99993997812271118,
				"bytes":	655360,
				"bits_per_second":	5243194.7063892679,
				"omitted":	false,
				"sender":	false
			}
		}, {
			"streams":	[{
					"socket":	5,
					"start":	13.001042,
					"end":	14.0011,
					"seconds":	1.0000580549240112,
					"bytes":	524288,
					"bits_per_second":	4194060.5141355535,
					"omitted":	false,
					"sender":	false
				}],
			"sum":	{
				"start":	13.001042,
				"end":	14.0011,
				"seconds":	1.0000580549240112,
				"bytes":	524288,
				"bits_per_second":	4194060.5141355535,
				"omitted":	false,
				"sender":	false
			}
		}, {
			"streams":	[{
					"socket":	5,
					"start":	14.0011,
					"end":	15.001114,
					"seconds":	1.0000139474868774,
					"bytes":	393216,
					"bits_per_second":	3145684.1256119376,
					"omitted":	false,
					"sender":	false
				}],
			"sum":	{
				"start":	14.0011,
				"end":	15.001114,
				"seconds":	1.0000139474868774,
				"bytes":	393216,
				"bits_per_second":	3145684.1256119376,
				"omitted":	false,
				"sender":	false
			}
		}, {
			"streams":	[{
					"socket":	5,
					"start":	15.001114,
					"end":	16.001102,
					"seconds":	0.9999880194664,
					"bytes":	393216,
					"bits_per_second":	3145765.6879515219,
					"omitted":	false,
					"sender":	false
				}],
			"sum":	{
				"start":	15.001114,
				"end":	16.001102,
				"seconds":	0.9999880194664,
				"bytes":	393216,
				"bits_per_second":	3145765.6879515219,
				"omitted":	false,