{
	"start":	{
		"connected":	[{
				"socket":	5,
				"local_host":	"10.0.0.2",
				"local_port":	5201,
				"remote_host":	"10.0.0.1",
				"remote_port":	43540
			}],
		"version":	"iperf 3.16",
		"system_info":	"Linux mininet 6.8.0-88-generic #89-Ubuntu SMP PREEMPT_DYNAMIC Sat Oct 11 01:02:46 UTC 2025 x86_64",
		"sock_bufsize":	0,
		"sndbuf_actual":	87380,
		"rcvbuf_actual":	87380,
		"timestamp":	{
			"time":	"Tue, 02 Dec 2025 17:18:57 GMT",
			"timesecs":	1764695937
		},
		"accepted_connection":	{
			"host":	"10.0.0.1",
			"port":	43526
		},
		"cookie":	"ira76kf6xlynng5pitsbbs4ondasivxjmhtk",
		"tcp_mss_default":	0,
		"target_bitrate":	0,
		"fq_rate":	0,
		"test_start":	{
			"protocol":	"TCP",
			"num_streams":	1,
			"blksize":	131072,
			"omit":	0,
			"duration":	20,
			"bytes":	0,
			"blocks":	0,
			"reverse":	0,
			"tos":	0,
			"target_bitrate":	0,
			"bidir":	0,
			"fqrate":	0
		}
	},
	"intervals":	[{
			"streams":	[{
					"socket":	5,
					"start":	0,
					"end":	1.000814,
					"seconds":	1.0008139610290527,
					"bytes":	4587520,
					"bits_per_second":	36670311.795275435,
					"omitted":	false,
					"sender":	false
				}],
			"sum":	{
				"start":	0,
				"end":	1.000814,
				"seconds":	1.0008139610290527,
				"bytes":	4587520,
				"bits_per_second":	36670311.795275435,
				"omitted":	false,
				"sender":	false
			}
		}, {
			"streams":	[{
					"socket":	5,
					"start":	1.000814,
					"end":	2.000817,
					"seconds":	1.0000029802322388,
					"bytes":	6160384,
					"bits_per_second":	49282925.125437722,
					"omitted":	false,
					"sender":	false
				}],
			"sum":	{
				"start":	1.000814,
				"end":	2.000817,
				"seconds":	1.0000029802322388,
				"bytes":	6160384,
				"bits_per_second":	49282925.125437722,
				"omitted":	false,
				"sender":	false
			}
		}, {
			"streams":	[{
					"socket":	5,
					"start":	2.000817,
					"end":	3.001011,
					"seconds":	1.0001939535140991,
					"bytes":	5898240,
					"bits_per_second":	47176769.8996941,
					"omitted":	false,
					"sender":	false
				}],
			"sum":	{
				"start":	2.000817,
				"end":	3.001011,
				"seconds":	1.0001939535140991,
				"bytes":	5898240,
				"bits_per_second":	47176769.8996941,
				"omitted":	false,
				"sender":	false
			}
		}, {
			"streams":	[{
					"socket":	5,
					"start":	3.001011,
					"end":	4.00107,
					"seconds":	1.0000590085983276,
					"bytes":	6029312,
					"bits_per_second":	48231649.917943314,
					"omitted":	false,
					"sender":	false
				}],
			"sum":	{
				"start":	3.001011,
				"end":	4.00107,
				"seconds":	1.0000590085983276,
				"bytes":	6029312,
				"bits_per_second":	48231649.917943314,
				"omitted":	false,
				"sender":	false
			}
		}, {
			"streams":	[{
					"socket":	5,
					"start":	4.00107,
					"end":	5.000879,
					"seconds":	0.99980902671813965,
					"bytes":	5898240,
					"bits_per_second":	47194932.9712367,
					"omitted":	false,
					"sender":	false
				}],
			"sum":	{
				"start":	4.00107,
				"end":	5.000879,
				"seconds":	0.99980902671813965,
				"bytes":	5898240,
				"bits_per_second":	47194932.9712367,
				"omitted":	false,
				"sender":	false
			}
		}, {
			"streams":	[{
					"socket":	5,
					"start":	5.000879,
					"end":	6.000832,
					"seconds":	0.99995297193527222,
					"bytes":	5898240,
					"bits_per_second":	47188139.166863121,
					"omitted":	false,
					"sender":	false
				}],
			"sum":	{
				"start":	5.000879,
				"end":	6.000832,
				"seconds":	0.99995297193527222,
				"bytes":	5898240,
				"bits_per_second":	47188139.166863121,
				"omitted":	false,
				"sender":	false
			}
		}, {
			"streams":	[{
					"socket":	5,
					"start":	6.000832,
					"end":	7.000972,
					"seconds":	1.0001399517059326,
					"bytes":	6029312,
					"bits_per_second":	48227746.444611788,
					"omitted":	false,
					"sender":	false
				}],
			"sum":	{
				"start":	6.000832,
				"end":	7.000972,
				"seconds":	1.0001399517059326,
				"bytes":	6029312,
				"bits_per_second":	48227746.444611788,
				"omitted":	false,
				"sender":	false
			}
		}, {
			"streams":	[{
					"socket":	5,
					"start":	7.000972,
					"end":	8.001041,
					"seconds":	1.00006902217865,
					"bytes":	5898240,
					"bits_per_second":	47182663.3497811,
					"omitted":	false,
					"sender":	false
				}],
			"sum":	{
				"start":	7.000972,
				"end":	8.001041,
				"seconds":	1.00006902217865,
				"bytes":	5898240,
				"bits_per_second":	47182663.3497811,
				"omitted":	false,
				"sender":	false
			}
		}, {
			"streams":	[{
					"socket":	5,
					"start":	8.001041,
					"end":	9.00106,
					"seconds":	1.0000189542770386,
					"bytes":	6029312,
					"bits_per_second":	48233581.76732862,
					"omitted":	false,
					"sender":	false
				}],
			"sum":	{
				"start":	8.001041,
				"end":	9.00106,
				"seconds":	1.0000189542770386,
				"bytes":	6029312,
				"bits_per_second":	48233581.76732862,
				"omitted":	false,
				"sender":	false
			}
		}, {
			"streams":	[{
					"socket":	5,
					"start":	9.00106,
					"end":	10.000845,
					"seconds":	0.999785006046295,
					"bytes":	5898240,
					"bits_per_second":	47196066.869015485,
					"omitted":	false,
					"sender":	false
				}],
			"sum":	{
				"start":	9.00106,
				"end":	10.000845,
				"seconds":	0.999785006046295,
				"bytes":	5898240,
				"bits_per_second":	47196066.869015485,
				"omitted":	false,
				"sender":	false
			}
		}, {
			"streams":	[{
					"socket":	5,
					"start":	10.000845,
					"end":	11.001035,
					"seconds":	1.0001900196075439,
					"bytes":	5898240,
					"bits_per_second":	47176955.453439616,
					"omitted":	false,
					"sender":	false
				}],
			"sum":	{
				"start":	10.000845,
				"end":	11.001035,
				"seconds":	1.0001900196075439,
				"bytes":	5898240,
				"bits_per_second":	47176955.453439616,
				"omitted":	false,
				"sender":	false
			}
		}, {
			"streams":	[{
					"socket":	5,
					"start":	11.001035,
					"end":	12.000917,
					"seconds":	0.99988198280334473,
					"bytes":	6029312,
					"bits_per_second":	48240189.171892188,
					"omitted":	false,
					"sender":	false
				}],
			"sum":	{
				"start":	11.001035,
				"end":	12.000917,
				"seconds":	0.99988198280334473,
				"bytes":	6029312,
				"bits_per_second":	48240189.171892188,
				"omitted":	false,
				"sender":	false
			}
		}, {
			"streams":	[{
					"socket":	5,
					"start":	12.000917,
					"end":	13.001007,
					"seconds":	1.0000900030136108,
					"bytes":	5898240,
					"bits_per_second":	47181673.507197149,
					"omitted":	false,
					"sender":	false
				}],
			"sum":	{
				"start":	12.000917,
				"end":	13.001007,
				"seconds":	1.0000900030136108,
				"bytes":	5898240,
				"bits_per_second":	47181673.507197149,
				"omitted":	false,
				"sender":	false
			}
		}, {
			"streams":	[{
					"socket":	5,
					"start":	13.001007,
					"end":	14.001054,
					"seconds":	1.000046968460083,
					"bytes":	6029312,
					"bits_per_second":	48232230.606402047,
					"omitted":	false,
					"sender":	false
				}],
			"sum":	{
				"start":	13.001007,
				"end":	14.001054,
				"seconds":	1.000046968460083,
				"bytes":	6029312,
				"bits_per_second":	48232230.606402047,
				"omitted":	false,
				"sender":	false
			}
		}, {
			"streams":	[{
					"socket":	5,
					"start":	14.001054,
					"end":	15.000797,
					"seconds":	0.99974298477172852,
					"bytes":	5898240,
					"bits_per_second":	47198050.6177535,
					"omitted":	false,
					"sender":	false
				}],
			"sum":	{
				"start":	14.001054,
				"end":	15.000797,
				"seconds":	0.99974298477172852,
				"bytes":	5898240,
				"bits_per_second":	47198050.6177535,
				"omitted":	false,
				"sender":	false
			}
		}, {
			"streams":	[{
					"socket":	5,
					"start":	15.000797,
					"end":	16.000827,
					"seconds":	1.0000300407409668,
					"bytes":	5898240,
					"bits_per_second":	47184502.542581469,
					"omitted":	false,
					"sender":	false
				}],
			"sum":	{
				"start":	15.000797,
				"end":	16.000827,
				"seconds":	1.0000300407409668,
				"bytes":	5898240,
				"bits_per_second":	47184502.542581469,