{
	"start":	{
		"connected":	[{
				"socket":	5,
				"local_host":	"10.0.0.1",
				"local_port":	46866,
				"remote_host":	"10.0.0.2",
				"remote_port":	5201
			}],
		"version":	"iperf 3.16",
		"system_info":	"Linux mininet 6.8.0-88-generic #89-Ubuntu SMP PREEMPT_DYNAMIC Sat Oct 11 01:02:46 UTC 2025 x86_64",
		"timestamp":	{
			"time":	"Tue, 02 Dec 2025 17:09:26 GMT",
			"timesecs":	1764695366
		},
		"connecting_to":	{
			"host":	"10.0.0.2",
			"port":	5201
		},
		"cookie":	"dwcs2ofr7eg3ujzeuyrxoqncx5baz4bw3wyr",
		"tcp_mss_default":	1448,
		"target_bitrate":	0,
		"fq_rate":	0,
		"sock_bufsize":	0,
		"sndbuf_actual":	87380,
		"rcvbuf_actual":	87380,
		"test_start":	{
			"protocol":	"TCP",
			"num_streams":	1,
			"blksize":	131072,
			"omit":	0,
			"duration":	20,
			"bytes":	0,
			"blocks":	0,
			"reverse":	0,
			"tos":	0,
			"target_bitrate":	0,
			"bidir":	0,
			"fqrate":	0
		}
	},
	"intervals":	[{
			"streams":	[{
					"socket":	5,
					"start":	0,
					"end":	1.000816,
					"seconds":	1.0008159875869751,
					"bytes":	3801088,
					"bits_per_second":	30383911.105694,
					"retransmits":	0,
					"snd_cwnd":	803640,
					"snd_wnd":	1234944,
					"rtt":	321424,
					"rttvar":	14661,
					"pmtu":	1500,
					"omitted":	false,
					"sender":	true
				}],
			"sum":	{
				"start":	0,
				"end":	1.000816,
				"seconds":	1.0008159875869751,
				"bytes":	3801088,
				"bits_per_second":	30383911.105694,
				"retransmits":	0,
				"omitted":	false,
				"sender":	true
			}
		}, {
			"streams":	[{
					"socket":	5,
					"start":	1.000816,
					"end":	2.001089,
					"seconds":	1.0002729892730713,
					"bytes":	1572864,
					"bits_per_second":	12579477.937462237,
					"retransmits":	513,
					"snd_cwnd":	266432,
					"snd_wnd":	2570752,
					"rtt":	245818,
					"rttvar":	1855,
					"pmtu":	1500,
					"omitted":	false,
					"sender":	true
				}],
			"sum":	{
				"start":	1.000816,
				"end":	2.001089,
				"seconds":	1.0002729892730713,
				"bytes":	1572864,
				"bits_per_second":	12579477.937462237,
				"retransmits":	513,
				"omitted":	false,
				"sender":	true
			}
		}, {
			"streams":	[{
					"socket":	5,
					"start":	2.001089,
					"end":	3.000472,
					"seconds":	0.999382972717285,
					"bytes":	2097152,
					"bits_per_second":	16787574.3914101,
					"retransmits":	28,
					"snd_cwnd":	251952,
					"snd_wnd":	3594752,
					"rtt":	209444,
					"rttvar":	95,
					"pmtu":	1500,
					"omitted":	false,
					"sender":	true
				}],
			"sum":	{
				"start":	2.001089,
				"end":	3.000472,
				"seconds":	0.999382972717285,
				"bytes":	2097152,
				"bits_per_second":	16787574.3914101,
				"retransmits":	28,
				"omitted":	false,
				"sender":	true
			}
		}, {
			"streams":	[{
					"socket":	5,
					"start":	3.000472,
					"end":	4.001032,
					"seconds":	1.0005600452423096,
					"bytes":	1966080,
					"bits_per_second":	15719836.180537205,
					"retransmits":	1,
					"snd_cwnd":	253400,
					"snd_wnd":	5986816,
					"rtt":	214556,
					"rttvar":	279,
					"pmtu":	1500,
					"omitted":	false,
					"sender":	true
				}],
			"sum":	{
				"start":	3.000472,
				"end":	4.001032,
				"seconds":	1.0005600452423096,
				"bytes":	1966080,
				"bits_per_second":	15719836.180537205,
				"retransmits":	1,
				"omitted":	false,
				"sender":	true
			}
		}, {
			"streams":	[{
					"socket":	5,
					"start":	4.001032,
					"end":	5.000466,
					"seconds":	0.999433994293213,
					"bytes":	0,
					"bits_per_second":	0,
					"retransmits":	0,
					"snd_cwnd":	139008,
					"snd_wnd":	7281664,
					"rtt":	113747,
					"rttvar":	335,
					"pmtu":	1500,
					"omitted":	false,
					"sender":	true
				}],
			"sum":	{
				"start":	4.001032,
				"end":	5.000466,
				"seconds":	0.999433994293213,
				"bytes":	0,
				"bits_per_second":	0,
				"retransmits":	0,
				"omitted":	false,
				"sender":	true
			}
		}, {
			"streams":	[{
					"socket":	5,
					"start":	5.000466,
					"end":	6.000895,
					"seconds":	1.0004290342330933,
					"bytes":	2097152,
					"bits_per_second":	16770021.086864039,
					"retransmits":	0,
					"snd_cwnd":	150592,
					"snd_wnd":	7281664,
					"rtt":	123676,
					"rttvar":	219,
					"pmtu":	1500,
					"omitted":	false,
					"sender":	true
				}],
			"sum":	{
				"start":	5.000466,
				"end":	6.000895,
				"seconds":	1.0004290342330933,
				"bytes":	2097152,
				"bits_per_second":	16770021.086864039,
				"retransmits":	0,
				"omitted":	false,
				"sender":	true
			}
		}, {
			"streams":	[{
					"socket":	5,
					"start":	6.000895,
					"end":	7.001049,
					"seconds":	1.0001540184020996,
					"bytes":	1966080,
					"bits_per_second":	15726217.873052122,
					"retransmits":	0,
					"snd_cwnd":	162176,
					"snd_wnd":	7281664,
					"rtt":	133536,
					"rttvar":	943,
					"pmtu":	1500,
					"omitted":	false,
					"sender":	true
				}],
			"sum":	{
				"start":	6.000895,
				"end":	7.001049,
				"seconds":	1.0001540184020996,
				"bytes":	1966080,
				"bits_per_second":	15726217.873052122,
				"retransmits":	0,
				"omitted":	false,
				"sender":	true
			}
		}, {
			"streams":	[{
					"socket":	5,
					"start":	7.001049,
					"end":	8.001036,
					"seconds":	0.999987006187439,
					"bytes":	0,
					"bits_per_second":	0,
					"retransmits":	2,
					"snd_cwnd":	91224,
					"snd_wnd":	7284736,
					"rtt":	104958,
					"rttvar":	516,
					"pmtu":	1500,
					"omitted":	false,
					"sender":	true
				}],
			"sum":	{
				"start":	7.001049,
				"end":	8.001036,
				"seconds":	0.999987006187439,
				"bytes":	0,
				"bits_per_second":	0,
				"retransmits":	2,
				"omitted":	false,
				"sender":	true
			}
		}, {
			"streams":	[{
					"socket":	5,
					"start":	8.001036,
					"end":	9.000505,
					"seconds":	0.999468982219696,
					"bytes":	1966080,
					"bits_per_second":	15736996.625016468,
					"retransmits":	0,
					"snd_cwnd":	104256,
					"snd_wnd":	7284736,
					"rtt":	104804,
					"rttvar":	452,
					"pmtu":	1500,
					"omitted":	false,
					"sender":	true
				}],
			"sum":	{
				"start":	8.001036,
				"end":	9.000505,
				"seconds":	0.999468982219696,
				"bytes":	1966080,
				"bits_per_second":	15736996.625016468,
				"retransmits":	0,
				"omitted":	false,
				"sender":	true
			}
		}, {
			"streams":	[{
					"socket":	5,
					"start":	9.000505,
					"end":	10.000653,
					"seconds":	1.0001480579376221,
					"bytes":	0,
					"bits_per_second":	0,
					"retransmits":	0,
					"snd_cwnd":	118736,
					"snd_wnd":	7284736,
					"rtt":	105149,
					"rttvar":	663,
					"pmtu":	1500,
					"omitted":	false,
					"sender":	true
				}],
			"sum":	{
				"start":	9.000505,
				"end":	10.000653,
				"seconds":	1.0001480579376221,
				"bytes":	0,
				"bits_per_second":	0,
				"retransmits":	0,
				"omitted":	false,
				"sender":	true
			}
		}, {
			"streams":	[{
					"socket":	5,
					"start":	10.000653,
					"end":	11.000569,
					"seconds":	0.99991601705551147,
					"bytes":	0,
					"bits_per_second":	0,
					"retransmits":	2,
					"snd_cwnd":	69504,
					"snd_wnd":	7284736,
					"rtt":	105147,
					"rttvar":	867,
					"pmtu":	1500,
					"omitted":	false,
					"sender":	true
				}],
			"sum":	{
				"start":	10.000653,
				"end":	11.000569,
				"seconds":	0.99991601705551147,
				"bytes":	0,
				"bits_per_second":	0,
				"retransmits":	2,
				"omitted":	false,
				"sender":	true
			}
		}, {
			"streams":	[{
					"socket":	5,
					"start":	11.000569,
					"end":	12.000851,
					"seconds":	1.0002820491790771,
					"bytes":	2097152,
					"bits_per_second":	16772485.334280383,
					"retransmits":	0,
					"snd_cwnd":	82536,
					"snd_wnd":	7281664,
					"rtt":	104835,
					"rttvar":	365,
					"pmtu":	1500,
					"omitted":	false,
					"sender":	true
				}],
			"sum":	{
				"start":	11.000569,
				"end":	12.000851,
				"seconds":	1.0002820491790771,
				"bytes":	2097152,
				"bits_per_second":	16772485.334280383,
				"retransmits":	0,
				"omitted":	false,
				"sender":	true
			}
		}, {
			"streams":	[{
					"socket":	5,
					"start":	12.000851,
					"end":	13.000549,