{
	"start":	{
		"connected":	[{
				"socket":	5,
				"local_host":	"10.0.0.1",
				"local_port":	48876,
				"remote_host":	"10.0.0.2",
				"remote_port":	5201
			}],
		"version":	"iperf 3.16",
		"system_info":	"Linux mininet 6.8.0-88-generic #89-Ubuntu SMP PREEMPT_DYNAMIC Sat Oct 11 01:02:46 UTC 2025 x86_64",
		"timestamp":	{
			"time":	"Tue, 02 Dec 2025 18:40:51 GMT",
			"timesecs":	1764700851
		},
		"connecting_to":	{
			"host":	"10.0.0.2",
			"port":	5201
		},
		"cookie":	"jog3n77ay6z766mwz5ba7pign2cyrkfbqsoj",
		"tcp_mss_default":	1448,
		"target_bitrate":	0,
		"fq_rate":	0,
		"sock_bufsize":	0,
		"sndbuf_actual":	87380,
		"rcvbuf_actual":	87380,
		"test_start":	{
			"protocol":	"TCP",
			"num_streams":	1,
			"blksize":	131072,
			"omit":	0,
			"duration":	20,
			"bytes":	0,
			"blocks":	0,
			"reverse":	0,
			"tos":	0,
			"target_bitrate":	0,
			"bidir":	0,
			"fqrate":	0
		}
	},
	"intervals":	[{
			"streams":	[{
					"socket":	5,
					"start":	0,
					"end":	1.000841,
					"seconds":	1.0008410215377808,
					"bytes":	2752512,
					"bits_per_second":	22001592.187105175,
					"retransmits":	17,
					"snd_cwnd":	347520,
					"snd_wnd":	879104,
					"rtt":	292899,
					"rttvar":	387,
					"pmtu":	1500,
					"omitted":	false,
					"sender":	true
				}],
			"sum":	{
				"start":	0,
				"end":	1.000841,
				"seconds":	1.0008410215377808,
				"bytes":	2752512,
				"bits_per_second":	22001592.187105175,
				"retransmits":	17,
				"omitted":	false,
				"sender":	true
			}
		}, {
			"streams":	[{
					"socket":	5,
					"start":	1.000841,
					"end":	2.001043,
					"seconds":	1.000201940536499,
					"bytes":	2228224,
					"bits_per_second":	17822192.976788677,
					"retransmits":	41,
					"snd_cwnd":	272224,
					"snd_wnd":	1347584,
					"rtt":	105201,
					"rttvar":	964,
					"pmtu":	1500,
					"omitted":	false,
					"sender":	true
				}],
			"sum":	{
				"start":	1.000841,
				"end":	2.001043,
				"seconds":	1.000201940536499,
				"bytes":	2228224,
				"bits_per_second":	17822192.976788677,
				"retransmits":	41,
				"omitted":	false,
				"sender":	true
			}
		}, {
			"streams":	[{
					"socket":	5,
					"start":	2.001043,
					"end":	3.000864,
					"seconds":	0.9998210072517395,
					"bytes":	1179648,
					"bits_per_second":	9438873.48990644,
					"retransmits":	0,
					"snd_cwnd":	269328,
					"snd_wnd":	3739648,
					"rtt":	114226,
					"rttvar":	167,
					"pmtu":	1500,
					"omitted":	false,
					"sender":	true
				}],
			"sum":	{
				"start":	2.001043,
				"end":	3.000864,
				"seconds":	0.9998210072517395,
				"bytes":	1179648,
				"bits_per_second":	9438873.48990644,
				"retransmits":	0,
				"omitted":	false,
				"sender":	true
			}
		}, {
			"streams":	[{
					"socket":	5,
					"start":	3.000864,
					"end":	4.000849,
					"seconds":	0.9999849796295166,
					"bytes":	1179648,
					"bits_per_second":	9437325.75212917,
					"retransmits":	0,
					"snd_cwnd":	266432,
					"snd_wnd":	6129152,
					"rtt":	117171,
					"rttvar":	55,
					"pmtu":	1500,
					"omitted":	false,
					"sender":	true
				}],
			"sum":	{
				"start":	3.000864,
				"end":	4.000849,
				"seconds":	0.9999849796295166,
				"bytes":	1179648,
				"bits_per_second":	9437325.75212917,
				"retransmits":	0,
				"omitted":	false,
				"sender":	true
			}
		}, {
			"streams":	[{
					"socket":	5,
					"start":	4.000849,
					"end":	5.000861,
					"seconds":	1.0000120401382446,
					"bytes":	1179648,
					"bits_per_second":	9437070.3763680439,
					"retransmits":	0,
					"snd_cwnd":	269328,
					"snd_wnd":	8521216,
					"rtt":	119343,
					"rttvar":	74,
					"pmtu":	1500,
					"omitted":	false,
					"sender":	true
				}],
			"sum":	{
				"start":	4.000849,
				"end":	5.000861,
				"seconds":	1.0000120401382446,
				"bytes":	1179648,
				"bits_per_second":	9437070.3763680439,
				"retransmits":	0,
				"omitted":	false,
				"sender":	true
			}
		}, {
			"streams":	[{
					"socket":	5,
					"start":	5.000861,
					"end":	6.001005,
					"seconds":	1.0001440048217773,
					"bytes":	1048576,
					"bits_per_second":	8387400.1739327777,
					"retransmits":	0,
					"snd_cwnd":	269328,
					"snd_wnd":	10907648,
					"rtt":	145505,
					"rttvar":	3890,
					"pmtu":	1500,
					"omitted":	false,
					"sender":	true
				}],
			"sum":	{
				"start":	5.000861,
				"end":	6.001005,
				"seconds":	1.0001440048217773,
				"bytes":	1048576,
				"bits_per_second":	8387400.1739327777,
				"retransmits":	0,
				"omitted":	false,
				"sender":	true
			}
		}, {
			"streams":	[{
					"socket":	5,
					"start":	6.001005,
					"end":	7.000857,
					"seconds":	0.99985200166702271,
					"bytes":	1179648,
					"bits_per_second":	9438580.89423802,
					"retransmits":	0,
					"snd_cwnd":	269328,
					"snd_wnd":	12580352,
					"rtt":	126884,
					"rttvar":	407,
					"pmtu":	1500,
					"omitted":	false,
					"sender":	true
				}],
			"sum":	{
				"start":	6.001005,
				"end":	7.000857,
				"seconds":	0.99985200166702271,
				"bytes":	1179648,
				"bits_per_second":	9438580.89423802,
				"retransmits":	0,
				"omitted":	false,
				"sender":	true
			}
		}, {
			"streams":	[{
					"socket":	5,
					"start":	7.000857,
					"end":	8.00084,
					"seconds":	0.999983012676239,
					"bytes":	1179648,
					"bits_per_second":	9437344.3152233269,
					"retransmits":	0,
					"snd_cwnd":	266432,
					"snd_wnd":	12580352,
					"rtt":	125676,
					"rttvar":	125,
					"pmtu":	1500,
					"omitted":	false,
					"sender":	true
				}],
			"sum":	{
				"start":	7.000857,
				"end":	8.00084,
				"seconds":	0.999983012676239,
				"bytes":	1179648,
				"bits_per_second":	9437344.3152233269,
				"retransmits":	0,
				"omitted":	false,
				"sender":	true
			}
		}, {
			"streams":	[{
					"socket":	5,
					"start":	8.00084,
					"end":	9.001013,
					"seconds":	1.0001729726791382,
					"bytes":	1179648,
					"bits_per_second":	9435551.907307446,
					"retransmits":	0,
					"snd_cwnd":	266432,
					"snd_wnd":	12580352,
					"rtt":	121915,
					"rttvar":	104,
					"pmtu":	1500,
					"omitted":	false,
					"sender":	true
				}],
			"sum":	{
				"start":	8.00084,
				"end":	9.001013,
				"seconds":	1.0001729726791382,
				"bytes":	1179648,
				"bits_per_second":	9435551.907307446,
				"retransmits":	0,
				"omitted":	false,
				"sender":	true
			}
		}, {
			"streams":	[{
					"socket":	5,
					"start":	9.001013,
					"end":	10.000873,
					"seconds":	0.99985998868942261,
					"bytes":	1179648,
					"bits_per_second":	9438505.4975246,
					"retransmits":	0,
					"snd_cwnd":	269328,
					"snd_wnd":	12580352,
					"rtt":	116319,
					"rttvar":	267,
					"pmtu":	1500,
					"omitted":	false,
					"sender":	true
				}],
			"sum":	{
				"start":	9.001013,
				"end":	10.000873,
				"seconds":	0.99985998868942261,
				"bytes":	1179648,
				"bits_per_second":	9438505.4975246,
				"retransmits":	0,
				"omitted":	false,
				"sender":	true
			}
		}, {
			"streams":	[{
					"socket":	5,
					"start":	10.000873,
					"end":	11.001034,
					"seconds":	1.0001610517501831,
					"bytes":	1048576,
					"bits_per_second":	8387257.2175458781,
					"retransmits":	0,
					"snd_cwnd":	269328,
					"snd_wnd":	12580352,
					"rtt":	117868,
					"rttvar":	3118,
					"pmtu":	1500,
					"omitted":	false,
					"sender":	true
				}],
			"sum":	{
				"start":	10.000873,
				"end":	11.001034,
				"seconds":	1.0001610517501831,
				"bytes":	1048576,
				"bits_per_second":	8387257.2175458781,
				"retransmits":	0,
				"omitted":	false,
				"sender":	true
			}
		}, {
			"streams":	[{
					"socket":	5,
					"start":	11.001034,
					"end":	12.000858,
					"seconds":	0.99982398748397827,
					"bytes":	1179648,
					"bits_per_second":	9438845.35491926,
					"retransmits":	0,
					"snd_cwnd":	269328,
					"snd_wnd":	12580352,
					"rtt":	128745,
					"rttvar":	2810,
					"pmtu":	1500,
					"omitted":	false,
					"sender":	true
				}],
			"sum":	{
				"start":	11.001034,
				"end":	12.000858,
				"seconds":	0.99982398748397827,
				"bytes":	1179648,
				"bits_per_second":	9438845.35491926,