{
	"start":	{
		"connected":	[{
				"socket":	5,
				"local_host":	"10.0.0.1",
				"local_port":	58476,
				"remote_host":	"10.0.0.2",
				"remote_port":	5201
			}],
		"version":	"iperf 3.16",
		"system_info":	"Linux CSCE952FinalProject 6.14.0-36-generic #36~24.04.1-Ubuntu SMP PREEMPT_DYNAMIC Wed Oct 15 15:45:17 UTC 2 x86_64",
		"timestamp":	{
			"time":	"Sun, 30 Nov 2025 04:27:51 GMT",
			"timesecs":	1764476871
		},
		"connecting_to":	{
			"host":	"10.0.0.2",
			"port":	5201
		},
		"cookie":	"s3m4y3u67jxzf743okhihfeto4wurs7dwvo7",
		"tcp_mss_default":	1448,
		"target_bitrate":	0,
		"fq_rate":	0,
		"sock_bufsize":	0,
		"sndbuf_actual":	87380,
		"rcvbuf_actual":	87380,
		"test_start":	{
			"protocol":	"TCP",
			"num_streams":	1,
			"blksize":	131072,
			"omit":	0,
			"duration":	20,
			"bytes":	0,
			"blocks":	0,
			"reverse":	0,
			"tos":	0,
			"target_bitrate":	0,
			"bidir":	0,
			"fqrate":	0
		}
	},
	"intervals":	[{
			"streams":	[{
					"socket":	5,
					"start":	0,
					"end":	1.028275,
					"seconds":	1.0282750129699707,
					"bytes":	524288,
					"bits_per_second":	4078971.040914021,
					"retransmits":	0,
					"snd_cwnd":	60816,
					"snd_wnd":	379392,
					"rtt":	211699,
					"rttvar":	54516,
					"pmtu":	1500,
					"omitted":	false,
					"sender":	true
				}],
			"sum":	{
				"start":	0,
				"end":	1.028275,
				"seconds":	1.0282750129699707,
				"bytes":	524288,
				"bits_per_second":	4078971.040914021,
				"retransmits":	0,
				"omitted":	false,
				"sender":	true
			}
		}, {
			"streams":	[{
					"socket":	5,
					"start":	1.028275,
					"end":	2.048356,
					"seconds":	1.0200810432434082,
					"bytes":	131072,
					"bits_per_second":	1027934.0126407902,
					"retransmits":	0,
					"snd_cwnd":	70952,
					"snd_wnd":	564736,
					"rtt":	300786,
					"rttvar":	19169,
					"pmtu":	1500,
					"omitted":	false,
					"sender":	true
				}],
			"sum":	{
				"start":	1.028275,
				"end":	2.048356,
				"seconds":	1.0200810432434082,
				"bytes":	131072,
				"bits_per_second":	1027934.0126407902,
				"retransmits":	0,
				"omitted":	false,
				"sender":	true
			}
		}, {
			"streams":	[{
					"socket":	5,
					"start":	2.048356,
					"end":	3.052613,
					"seconds":	1.0042569637298584,
					"bytes":	393216,
					"bits_per_second":	3132393.5144214639,
					"retransmits":	0,
					"snd_cwnd":	86880,
					"snd_wnd":	564736,
					"rtt":	259085,
					"rttvar":	5049,
					"pmtu":	1500,
					"omitted":	false,
					"sender":	true
				}],
			"sum":	{
				"start":	2.048356,
				"end":	3.052613,
				"seconds":	1.0042569637298584,
				"bytes":	393216,
				"bits_per_second":	3132393.5144214639,
				"retransmits":	0,
				"omitted":	false,
				"sender":	true
			}
		}, {
			"streams":	[{
					"socket":	5,
					"start":	3.052613,
					"end":	4.000067,
					"seconds":	0.94745397567749023,
					"bytes":	1179648,
					"bits_per_second":	9960572.48401096,
					"retransmits":	0,
					"snd_cwnd":	131768,
					"snd_wnd":	564736,
					"rtt":	102652,
					"rttvar":	509,
					"pmtu":	1500,
					"omitted":	false,
					"sender":	true
				}],
			"sum":	{
				"start":	3.052613,
				"end":	4.000067,
				"seconds":	0.94745397567749023,
				"bytes":	1179648,
				"bits_per_second":	9960572.48401096,
				"retransmits":	0,
				"omitted":	false,
				"sender":	true
			}
		}, {
			"streams":	[{
					"socket":	5,
					"start":	4.000067,
					"end":	5.000108,
					"seconds":	1.0000410079956055,
					"bytes":	1441792,
					"bits_per_second":	11533863.019395987,
					"retransmits":	0,
					"snd_cwnd":	191136,
					"snd_wnd":	564736,
					"rtt":	150803,
					"rttvar":	985,
					"pmtu":	1500,
					"omitted":	false,
					"sender":	true
				}],
			"sum":	{
				"start":	4.000067,
				"end":	5.000108,
				"seconds":	1.0000410079956055,
				"bytes":	1441792,
				"bits_per_second":	11533863.019395987,
				"retransmits":	0,
				"omitted":	false,
				"sender":	true
			}
		}, {
			"streams":	[{
					"socket":	5,
					"start":	5.000108,
					"end":	6.000068,
					"seconds":	0.99996000528335571,
					"bytes":	1441792,
					"bits_per_second":	11534797.3309508,
					"retransmits":	0,
					"snd_cwnd":	250504,
					"snd_wnd":	564736,
					"rtt":	198289,
					"rttvar":	622,
					"pmtu":	1500,
					"omitted":	false,
					"sender":	true
				}],
			"sum":	{
				"start":	5.000108,
				"end":	6.000068,
				"seconds":	0.99996000528335571,
				"bytes":	1441792,
				"bits_per_second":	11534797.3309508,
				"retransmits":	0,
				"omitted":	false,
				"sender":	true
			}
		}, {
			"streams":	[{
					"socket":	5,
					"start":	6.000068,
					"end":	7.000092,
					"seconds":	1.0000239610672,
					"bytes":	1703936,
					"bits_per_second":	13631161.382826095,
					"retransmits":	0,
					"snd_cwnd":	309872,
					"snd_wnd":	648704,
					"rtt":	245622,
					"rttvar":	453,
					"pmtu":	1500,
					"omitted":	false,
					"sender":	true
				}],
			"sum":	{
				"start":	6.000068,
				"end":	7.000092,
				"seconds":	1.0000239610672,
				"bytes":	1703936,
				"bits_per_second":	13631161.382826095,
				"retransmits":	0,
				"omitted":	false,
				"sender":	true
			}
		}, {
			"streams":	[{
					"socket":	5,
					"start":	7.000092,
					"end":	8.019335,
					"seconds":	1.0192430019378662,
					"bytes":	1572864,
					"bits_per_second":	12345350.398360707,
					"retransmits":	0,
					"snd_cwnd":	366344,
					"snd_wnd":	777216,
					"rtt":	300859,
					"rttvar":	19912,
					"pmtu":	1500,
					"omitted":	false,
					"sender":	true
				}],
			"sum":	{
				"start":	7.000092,
				"end":	8.019335,
				"seconds":	1.0192430019378662,
				"bytes":	1572864,
				"bits_per_second":	12345350.398360707,
				"retransmits":	0,
				"omitted":	false,
				"sender":	true
			}
		}, {
			"streams":	[{
					"socket":	5,
					"start":	8.019335,
					"end":	9.014785,
					"seconds":	0.99545001983642578,
					"bytes":	0,
					"bits_per_second":	0,
					"retransmits":	0,
					"snd_cwnd":	389512,
					"snd_wnd":	777216,
					"rtt":	902338,
					"rttvar":	37370,
					"pmtu":	1500,
					"omitted":	false,
					"sender":	true
				}],
			"sum":	{
				"start":	8.019335,
				"end":	9.014785,
				"seconds":	0.99545001983642578,
				"bytes":	0,
				"bits_per_second":	0,
				"retransmits":	0,
				"omitted":	false,
				"sender":	true
			}
		}, {
			"streams":	[{
					"socket":	5,
					"start":	9.014785,
					"end":	10.074802,
					"seconds":	1.0600169897079468,
					"bytes":	917504,
					"bits_per_second":	6924447.50533886,
					"retransmits":	0,
					"snd_cwnd":	435848,
					"snd_wnd":	776192,
					"rtt":	1509262,
					"rttvar":	54242,
					"pmtu":	1500,
					"omitted":	false,
					"sender":	true
				}],
			"sum":	{
				"start":	9.014785,
				"end":	10.074802,
				"seconds":	1.0600169897079468,
				"bytes":	917504,
				"bits_per_second":	6924447.50533886,
				"retransmits":	0,
				"omitted":	false,
				"sender":	true
			}
		}, {
			"streams":	[{
					"socket":	5,
					"start":	10.074802,
					"end":	11.005572,
					"seconds":	0.930769979953766,
					"bytes":	1048576,
					"bits_per_second":	9012546.7953067068,
					"retransmits":	0,
					"snd_cwnd":	625536,
					"snd_wnd":	1178624,
					"rtt":	595827,
					"rttvar":	28910,
					"pmtu":	1500,
					"omitted":	false,
					"sender":	true
				}],
			"sum":	{
				"start":	10.074802,
				"end":	11.005572,
				"seconds":	0.930769979953766,
				"bytes":	1048576,
				"bits_per_second":	9012546.7953067068,
				"retransmits":	0,
				"omitted":	false,
				"sender":	true
			}
		}, {
			"streams":	[{
					"socket":	5,
					"start":	11.005572,
					"end":	12.003641,
					"seconds":	0.99806898832321167,
					"bytes":	1441792,
					"bits_per_second":	11556652.030014537,
					"retransmits":	4,
					"snd_cwnd":	731240,
					"snd_wnd":	1178624,
					"rtt":	1155158,
					"rttvar":	14207,
					"pmtu":	1500,
					"omitted":	false,
					"sender":	true
				}],
			"sum":	{
				"start":	11.005572,
				"end":	12.003641,
				"seconds":	0.99806898832321167,
				"bytes":	1441792,
				"bits_per_second":	11556652.030014537,
				"retransmits":	4,