{
	"start":	{
		"connected":	[{
				"socket":	5,
				"local_host":	"10.0.0.2",
				"local_port":	5201,
				"remote_host":	"10.0.0.1",
				"remote_port":	58476
			}],
		"version":	"iperf 3.16",
		"system_info":	"Linux CSCE952FinalProject 6.14.0-36-generic #36~24.04.1-Ubuntu SMP PREEMPT_DYNAMIC Wed Oct 15 15:45:17 UTC 2 x86_64",
		"sock_bufsize":	0,
		"sndbuf_actual":	87380,
		"rcvbuf_actual":	87380,
		"timestamp":	{
			"time":	"Sun, 30 Nov 2025 04:27:51 GMT",
			"timesecs":	1764476871
		},
		"accepted_connection":	{
			"host":	"10.0.0.1",
			"port":	58462
		},
		"cookie":	"s3m4y3u67jxzf743okhihfeto4wurs7dwvo7",
		"tcp_mss_default":	0,
		"target_bitrate":	0,
		"fq_rate":	0,
		"test_start":	{
			"protocol":	"TCP",
			"num_streams":	1,
			"blksize":	131072,
			"omit":	0,
			"duration":	20,
			"bytes":	0,
			"blocks":	0,
			"reverse":	0,
			"tos":	0,
			"target_bitrate":	0,
			"bidir":	0,
			"fqrate":	0
		}
	},
	"intervals":	[{
			"streams":	[{
					"socket":	5,
					"start":	0,
					"end":	1.055557,
					"seconds":	1.0555570125579834,
					"bytes":	131072,
					"bits_per_second":	993386.418284441,
					"omitted":	false,
					"sender":	false
				}],
			"sum":	{
				"start":	0,
				"end":	1.055557,
				"seconds":	1.0555570125579834,
				"bytes":	131072,
				"bits_per_second":	993386.418284441,
				"omitted":	false,
				"sender":	false
			}
		}, {
			"streams":	[{
					"socket":	5,
					"start":	1.055557,
					"end":	2.001308,
					"seconds":	0.94575101137161255,
					"bytes":	262144,
					"bits_per_second":	2217446.2144730068,
					"omitted":	false,
					"sender":	false
				}],
			"sum":	{
				"start":	1.055557,
				"end":	2.001308,
				"seconds":	0.94575101137161255,
				"bytes":	262144,
				"bits_per_second":	2217446.2144730068,
				"omitted":	false,
				"sender":	false
			}
		}, {
			"streams":	[{
					"socket":	5,
					"start":	2.001308,
					"end":	3.080028,
					"seconds":	1.0787199735641479,
					"bytes":	262144,
					"bits_per_second":	1944111.5872462236,
					"omitted":	false,
					"sender":	false
				}],
			"sum":	{
				"start":	2.001308,
				"end":	3.080028,
				"seconds":	1.0787199735641479,
				"bytes":	262144,
				"bits_per_second":	1944111.5872462236,
				"omitted":	false,
				"sender":	false
			}
		}, {
			"streams":	[{
					"socket":	5,
					"start":	3.080028,
					"end":	4.000371,
					"seconds":	0.920342981815338,
					"bytes":	917504,
					"bits_per_second":	7975322.4015704375,
					"omitted":	false,
					"sender":	false
				}],
			"sum":	{
				"start":	3.080028,
				"end":	4.000371,
				"seconds":	0.920342981815338,
				"bytes":	917504,
				"bits_per_second":	7975322.4015704375,
				"omitted":	false,
				"sender":	false
			}
		}, {
			"streams":	[{
					"socket":	5,
					"start":	4.000371,
					"end":	5.000402,
					"seconds":	1.0000309944152832,
					"bytes":	1179648,
					"bits_per_second":	9436891.5090655852,
					"omitted":	false,
					"sender":	false
				}],
			"sum":	{
				"start":	4.000371,
				"end":	5.000402,
				"seconds":	1.0000309944152832,
				"bytes":	1179648,
				"bits_per_second":	9436891.5090655852,
				"omitted":	false,
				"sender":	false
			}
		}, {
			"streams":	[{
					"socket":	5,
					"start":	5.000402,
					"end":	6.000399,
					"seconds":	0.99999701976776123,
					"bytes":	1179648,
					"bits_per_second":	9437212.12508382,
					"omitted":	false,
					"sender":	false
				}],
			"sum":	{
				"start":	5.000402,
				"end":	6.000399,
				"seconds":	0.99999701976776123,
				"bytes":	1179648,
				"bits_per_second":	9437212.12508382,
				"omitted":	false,
				"sender":	false
			}
		}, {
			"streams":	[{
					"socket":	5,
					"start":	6.000399,
					"end":	7.000418,
					"seconds":	1.0000189542770386,
					"bytes":	1179648,
					"bits_per_second":	9437005.12839038,
					"omitted":	false,
					"sender":	false
				}],
			"sum":	{
				"start":	6.000399,
				"end":	7.000418,
				"seconds":	1.0000189542770386,
				"bytes":	1179648,
				"bits_per_second":	9437005.12839038,
				"omitted":	false,
				"sender":	false
			}
		}, {
			"streams":	[{
					"socket":	5,
					"start":	7.000418,
					"end":	8.046566,
					"seconds":	1.04614794254303,
					"bytes":	1179648,
					"bits_per_second":	9020888.5533528,
					"omitted":	false,
					"sender":	false
				}],
			"sum":	{
				"start":	7.000418,
				"end":	8.046566,
				"seconds":	1.04614794254303,
				"bytes":	1179648,
				"bits_per_second":	9020888.5533528,
				"omitted":	false,
				"sender":	false
			}
		}, {
			"streams":	[{
					"socket":	5,
					"start":	8.046566,
					"end":	9.021121,
					"seconds":	0.974555015563965,
					"bytes":	393216,
					"bits_per_second":	3227860.869588363,
					"omitted":	false,
					"sender":	false
				}],
			"sum":	{
				"start":	8.046566,
				"end":	9.021121,
				"seconds":	0.974555015563965,
				"bytes":	393216,
				"bits_per_second":	3227860.869588363,
				"omitted":	false,
				"sender":	false
			}
		}, {
			"streams":	[{
					"socket":	5,
					"start":	9.021121,
					"end":	10.003779,
					"seconds":	0.9826580286026,
					"bytes":	131072,
					"bits_per_second":	1067081.2932665288,
					"omitted":	false,
					"sender":	false
				}],
			"sum":	{
				"start":	9.021121,
				"end":	10.003779,
				"seconds":	0.9826580286026,
				"bytes":	131072,
				"bits_per_second":	1067081.2932665288,
				"omitted":	false,
				"sender":	false
			}
		}, {
			"streams":	[{
					"socket":	5,
					"start":	10.003779,
					"end":	11.001753,
					"seconds":	0.9979739785194397,
					"bytes":	786432,
					"bits_per_second":	6304228.50236415,
					"omitted":	false,
					"sender":	false
				}],
			"sum":	{
				"start":	10.003779,
				"end":	11.001753,
				"seconds":	0.9979739785194397,
				"bytes":	786432,
				"bits_per_second":	6304228.50236415,
				"omitted":	false,
				"sender":	false
			}
		}, {
			"streams":	[{
					"socket":	5,
					"start":	11.001753,
					"end":	12.004711,
					"seconds":	1.0029580593109131,
					"bytes":	393216,
					"bits_per_second":	3136450.1942995372,
					"omitted":	false,
					"sender":	false
				}],
			"sum":	{
				"start":	11.001753,
				"end":	12.004711,
				"seconds":	1.0029580593109131,
				"bytes":	393216,
				"bits_per_second":	3136450.1942995372,
				"omitted":	false,
				"sender":	false
			}
		}, {
			"streams":	[{
					"socket":	5,
					"start":	12.004711,
					"end":	13.049098,
					"seconds":	1.0443869829177856,
					"bytes":	0,
					"bits_per_second":	0,
					"omitted":	false,
					"sender":	false
				}],
			"sum":	{
				"start":	12.004711,
				"end":	13.049098,
				"seconds":	1.0443869829177856,
				"bytes":	0,
				"bits_per_second":	0,
				"omitted":	false,
				"sender":	false
			}
		}, {
			"streams":	[{
					"socket":	5,
					"start":	13.049098,
					"end":	14.053838,
					"seconds":	1.0047399997711182,
					"bytes":	0,
					"bits_per_second":	0,
					"omitted":	false,
					"sender":	false
				}],
			"sum":	{
				"start":	13.049098,
				"end":	14.053838,
				"seconds":	1.0047399997711182,
				"bytes":	0,
				"bits_per_second":	0,
				"omitted":	false,
				"sender":	false
			}
		}, {
			"streams":	[{
					"socket":	5,
					"start":	14.053838,
					"end":	15.038587,
					"seconds":	0.98474901914596558,
					"bytes":	0,
					"bits_per_second":	0,
					"omitted":	false,
					"sender":	false
				}],
			"sum":	{
				"start":	14.053838,
				"end":	15.038587,
				"seconds":	0.98474901914596558,
				"bytes":	0,
				"bits_per_second":	0,
				"omitted":	false,
				"sender":	false
			}
		}, {
			"streams":	[{
					"socket":	5,
					"start":	15.038587,
					"end":	16.004389,
					"seconds":	0.965802013874054,
					"bytes":	393216,
					"bits_per_second":	3257114.7655633492,
					"omitted":	false,
					"sender":	false
				}],
			"sum":	{
				"start":	15.038587,
				"end":	16.004389,
				"seconds":	0.965802013874054,
				"bytes":	393216,
				"bits_per_second":	3257114.7655633492,
				"omitted":	false,
				"sender":	false
			}
		}, {
			"streams":	[{
					"socket":	5,
					"start":	16.004389,
					"end":	17.00159,