{
	"start":	{
		"connected":	[{
				"socket":	5,
				"local_host":	"10.0.0.1",
				"local_port":	56558,
				"remote_host":	"10.0.0.2",
				"remote_port":	5201
			}],
		"version":	"iperf 3.16",
		"system_info":	"Linux mininet 6.8.0-88-generic #89-Ubuntu SMP PREEMPT_DYNAMIC Sat Oct 11 01:02:46 UTC 2025 x86_64",
		"timestamp":	{
			"time":	"Tue, 02 Dec 2025 17:26:19 GMT",
			"timesecs":	1764696379
		},
		"connecting_to":	{
			"host":	"10.0.0.2",
			"port":	5201
		},
		"cookie":	"i75p5b5wwhs7qnmrpth2fdid76rt5cmvzdqo",
		"tcp_mss_default":	1448,
		"target_bitrate":	0,
		"fq_rate":	0,
		"sock_bufsize":	0,
		"sndbuf_actual":	87380,
		"rcvbuf_actual":	87380,
		"test_start":	{
			"protocol":	"TCP",
			"num_streams":	1,
			"blksize":	131072,
			"omit":	0,
			"duration":	20,
			"bytes":	0,
			"blocks":	0,
			"reverse":	0,
			"tos":	0,
			"target_bitrate":	0,
			"bidir":	0,
			"fqrate":	0
		}
	},
	"intervals":	[{
			"streams":	[{
					"socket":	5,
					"start":	0,
					"end":	1.000605,
					"seconds":	1.00060498714447,
					"bytes":	17432576,
					"bits_per_second":	139376287.1380375,
					"retransmits":	10,
					"snd_cwnd":	3030664,
					"snd_wnd":	7467008,
					"rtt":	390182,
					"rttvar":	14387,
					"pmtu":	1500,
					"omitted":	false,
					"sender":	true
				}],
			"sum":	{
				"start":	0,
				"end":	1.000605,
				"seconds":	1.00060498714447,
				"bytes":	17432576,
				"bits_per_second":	139376287.1380375,
				"retransmits":	10,
				"omitted":	false,
				"sender":	true
			}
		}, {
			"streams":	[{
					"socket":	5,
					"start":	1.000605,
					"end":	2.000668,
					"seconds":	1.0000629425048828,
					"bytes":	6160384,
					"bits_per_second":	49279970.195235364,
					"retransmits":	770,
					"snd_cwnd":	760200,
					"snd_wnd":	9406976,
					"rtt":	117453,
					"rttvar":	563,
					"pmtu":	1500,
					"omitted":	false,
					"sender":	true
				}],
			"sum":	{
				"start":	1.000605,
				"end":	2.000668,
				"seconds":	1.0000629425048828,
				"bytes":	6160384,
				"bits_per_second":	49279970.195235364,
				"retransmits":	770,
				"omitted":	false,
				"sender":	true
			}
		}, {
			"streams":	[{
					"socket":	5,
					"start":	2.000668,
					"end":	3.001023,
					"seconds":	1.0003550052642822,
					"bytes":	5505024,
					"bits_per_second":	44024563.0483601,
					"retransmits":	8,
					"snd_cwnd":	125976,
					"snd_wnd":	12580352,
					"rtt":	44635,
					"rttvar":	300,
					"pmtu":	1500,
					"omitted":	false,
					"sender":	true
				}],
			"sum":	{
				"start":	2.000668,
				"end":	3.001023,
				"seconds":	1.0003550052642822,
				"bytes":	5505024,
				"bits_per_second":	44024563.0483601,
				"retransmits":	8,
				"omitted":	false,
				"sender":	true
			}
		}, {
			"streams":	[{
					"socket":	5,
					"start":	3.001023,
					"end":	4.000566,
					"seconds":	0.999543011188507,
					"bytes":	0,
					"bits_per_second":	0,
					"retransmits":	2,
					"snd_cwnd":	81088,
					"snd_wnd":	12580352,
					"rtt":	44726,
					"rttvar":	236,
					"pmtu":	1500,
					"omitted":	false,
					"sender":	true
				}],
			"sum":	{
				"start":	3.001023,
				"end":	4.000566,
				"seconds":	0.999543011188507,
				"bytes":	0,
				"bits_per_second":	0,
				"retransmits":	2,
				"omitted":	false,
				"sender":	true
			}
		}, {
			"streams":	[{
					"socket":	5,
					"start":	4.000566,
					"end":	5.001072,
					"seconds":	1.0005060434341431,
					"bytes":	5505024,
					"bits_per_second":	44017917.022106312,
					"retransmits":	0,
					"snd_cwnd":	112944,
					"snd_wnd":	12582912,
					"rtt":	44645,
					"rttvar":	198,
					"pmtu":	1500,
					"omitted":	false,
					"sender":	true
				}],
			"sum":	{
				"start":	4.000566,
				"end":	5.001072,
				"seconds":	1.0005060434341431,
				"bytes":	5505024,
				"bits_per_second":	44017917.022106312,
				"retransmits":	0,
				"omitted":	false,
				"sender":	true
			}
		}, {
			"streams":	[{
					"socket":	5,
					"start":	5.001072,
					"end":	6.001082,
					"seconds":	1.0000100135803223,
					"bytes":	0,
					"bits_per_second":	0,
					"retransmits":	0,
					"snd_cwnd":	144800,
					"snd_wnd":	12580352,
					"rtt":	45004,
					"rttvar":	182,
					"pmtu":	1500,
					"omitted":	false,
					"sender":	true
				}],
			"sum":	{
				"start":	5.001072,
				"end":	6.001082,
				"seconds":	1.0000100135803223,
				"bytes":	0,
				"bits_per_second":	0,
				"retransmits":	0,
				"omitted":	false,
				"sender":	true
			}
		}, {
			"streams":	[{
					"socket":	5,
					"start":	6.001082,
					"end":	7.00111,
					"seconds":	1.0000280141830444,
					"bytes":	5636096,
					"bits_per_second":	45087504.910384424,
					"retransmits":	0,
					"snd_cwnd":	176656,
					"snd_wnd":	12579328,
					"rtt":	44717,
					"rttvar":	121,
					"pmtu":	1500,
					"omitted":	false,
					"sender":	true
				}],
			"sum":	{
				"start":	6.001082,
				"end":	7.00111,
				"seconds":	1.0000280141830444,
				"bytes":	5636096,
				"bits_per_second":	45087504.910384424,
				"retransmits":	0,
				"omitted":	false,
				"sender":	true
			}
		}, {
			"streams":	[{
					"socket":	5,
					"start":	7.00111,
					"end":	8.000738,
					"seconds":	0.99962800741195679,
					"bytes":	5505024,
					"bits_per_second":	44056580.721482918,
					"retransmits":	3,
					"snd_cwnd":	108600,
					"snd_wnd":	12580352,
					"rtt":	44826,
					"rttvar":	352,
					"pmtu":	1500,
					"omitted":	false,
					"sender":	true
				}],
			"sum":	{
				"start":	7.00111,
				"end":	8.000738,
				"seconds":	0.99962800741195679,
				"bytes":	5505024,
				"bits_per_second":	44056580.721482918,
				"retransmits":	3,
				"omitted":	false,
				"sender":	true
			}
		}, {
			"streams":	[{
					"socket":	5,
					"start":	8.000738,
					"end":	9.001014,
					"seconds":	1.00027596950531,
					"bytes":	0,
					"bits_per_second":	0,
					"retransmits":	0,
					"snd_cwnd":	140456,
					"snd_wnd":	12580352,
					"rtt":	44640,
					"rttvar":	165,
					"pmtu":	1500,
					"omitted":	false,
					"sender":	true
				}],
			"sum":	{
				"start":	8.000738,
				"end":	9.001014,
				"seconds":	1.00027596950531,
				"bytes":	0,
				"bits_per_second":	0,
				"retransmits":	0,
				"omitted":	false,
				"sender":	true
			}
		}, {
			"streams":	[{
					"socket":	5,
					"start":	9.001014,
					"end":	10.001017,
					"seconds":	1.0000029802322388,
					"bytes":	5505024,
					"bits_per_second":	44040060.750391155,
					"retransmits":	2,
					"snd_cwnd":	95568,
					"snd_wnd":	12580352,
					"rtt":	44558,
					"rttvar":	109,
					"pmtu":	1500,
					"omitted":	false,
					"sender":	true
				}],
			"sum":	{
				"start":	9.001014,
				"end":	10.001017,
				"seconds":	1.0000029802322388,
				"bytes":	5505024,
				"bits_per_second":	44040060.750391155,
				"retransmits":	2,
				"omitted":	false,
				"sender":	true
			}
		}, {
			"streams":	[{
					"socket":	5,
					"start":	10.001017,
					"end":	11.001112,
					"seconds":	1.000095009803772,
					"bytes":	0,
					"bits_per_second":	0,
					"retransmits":	2,
					"snd_cwnd":	66608,
					"snd_wnd":	12580352,
					"rtt":	44573,
					"rttvar":	157,
					"pmtu":	1500,
					"omitted":	false,
					"sender":	true
				}],
			"sum":	{
				"start":	10.001017,
				"end":	11.001112,
				"seconds":	1.000095009803772,
				"bytes":	0,
				"bits_per_second":	0,
				"retransmits":	2,
				"omitted":	false,
				"sender":	true
			}
		}, {
			"streams":	[{
					"socket":	5,
					"start":	11.001112,
					"end":	12.00043,
					"seconds":	0.99931800365448,
					"bytes":	0,
					"bits_per_second":	0,
					"retransmits":	0,
					"snd_cwnd":	99912,
					"snd_wnd":	12580352,
					"rtt":	44849,
					"rttvar":	408,
					"pmtu":	1500,
					"omitted":	false,
					"sender":	true
				}],
			"sum":	{
				"start":	11.001112,
				"end":	12.00043,
				"seconds":	0.99931800365448,
				"bytes":	0,
				"bits_per_second":	0,
				"retransmits":	0,
				"omitted":	false,
				"sender":	true
			}
		}, {
			"streams":	[{
					"socket":	5,
					"start":	12.00043,
					"end":	13.000742,
					"seconds":	1.0003119707107544,
					"bytes":	5505024,