{
	"start":	{
		"connected":	[{
				"socket":	5,
				"local_host":	"10.0.0.1",
				"local_port":	47026,
				"remote_host":	"10.0.0.2",
				"remote_port":	5201
			}],
		"version":	"iperf 3.16",
		"system_info":	"Linux mininet 6.8.0-88-generic #89-Ubuntu SMP PREEMPT_DYNAMIC Sat Oct 11 01:02:46 UTC 2025 x86_64",
		"timestamp":	{
			"time":	"Tue, 02 Dec 2025 19:15:19 GMT",
			"timesecs":	1764702919
		},
		"connecting_to":	{
			"host":	"10.0.0.2",
			"port":	5201
		},
		"cookie":	"4rxrb2eez3y533wqbsmyflsj6dof5v2vdex6",
		"tcp_mss_default":	1448,
		"target_bitrate":	0,
		"fq_rate":	0,
		"sock_bufsize":	0,
		"sndbuf_actual":	87380,
		"rcvbuf_actual":	87380,
		"test_start":	{
			"protocol":	"TCP",
			"num_streams":	1,
			"blksize":	131072,
			"omit":	0,
			"duration":	20,
			"bytes":	0,
			"blocks":	0,
			"reverse":	0,
			"tos":	0,
			"target_bitrate":	0,
			"bidir":	0,
			"fqrate":	0
		}
	},
	"intervals":	[{
			"streams":	[{
					"socket":	5,
					"start":	0,
					"end":	1.001053,
					"seconds":	1.0010529756546021,
					"bytes":	4980736,
					"bits_per_second":	39803975.382965356,
					"retransmits":	14,
					"snd_cwnd":	628432,
					"snd_wnd":	3208192,
					"rtt":	111432,
					"rttvar":	3188,
					"pmtu":	1500,
					"omitted":	false,
					"sender":	true
				}],
			"sum":	{
				"start":	0,
				"end":	1.001053,
				"seconds":	1.0010529756546021,
				"bytes":	4980736,
				"bits_per_second":	39803975.382965356,
				"retransmits":	14,
				"omitted":	false,
				"sender":	true
			}
		}, {
			"streams":	[{
					"socket":	5,
					"start":	1.001053,
					"end":	2.000842,
					"seconds":	0.999788999557495,
					"bytes":	15204352,
					"bits_per_second":	121660486.41646923,
					"retransmits":	32,
					"snd_cwnd":	1847648,
					"snd_wnd":	9327616,
					"rtt":	311426,
					"rttvar":	975,
					"pmtu":	1500,
					"omitted":	false,
					"sender":	true
				}],
			"sum":	{
				"start":	1.001053,
				"end":	2.000842,
				"seconds":	0.999788999557495,
				"bytes":	15204352,
				"bits_per_second":	121660486.41646923,
				"retransmits":	32,
				"omitted":	false,
				"sender":	true
			}
		}, {
			"streams":	[{
					"socket":	5,
					"start":	2.000842,
					"end":	3.001026,
					"seconds":	1.0001840591430664,
					"bytes":	5636096,
					"bits_per_second":	45080470.527225725,
					"retransmits":	47,
					"snd_cwnd":	1130888,
					"snd_wnd":	12414464,
					"rtt":	113383,
					"rttvar":	2625,
					"pmtu":	1500,
					"omitted":	false,
					"sender":	true
				}],
			"sum":	{
				"start":	2.000842,
				"end":	3.001026,
				"seconds":	1.0001840591430664,
				"bytes":	5636096,
				"bits_per_second":	45080470.527225725,
				"retransmits":	47,
				"omitted":	false,
				"sender":	true
			}
		}, {
			"streams":	[{
					"socket":	5,
					"start":	3.001026,
					"end":	4.000853,
					"seconds":	0.99982702732086182,
					"bytes":	5767168,
					"bits_per_second":	46145325.880647279,
					"retransmits":	66,
					"snd_cwnd":	1297408,
					"snd_wnd":	12578304,
					"rtt":	104814,
					"rttvar":	159,
					"pmtu":	1500,
					"omitted":	false,
					"sender":	true
				}],
			"sum":	{
				"start":	3.001026,
				"end":	4.000853,
				"seconds":	0.99982702732086182,
				"bytes":	5767168,
				"bits_per_second":	46145325.880647279,
				"retransmits":	66,
				"omitted":	false,
				"sender":	true
			}
		}, {
			"streams":	[{
					"socket":	5,
					"start":	4.000853,
					"end":	5.001025,
					"seconds":	1.0001720190048218,
					"bytes":	5636096,
					"bits_per_second":	45081013.208971433,
					"retransmits":	33,
					"snd_cwnd":	615400,
					"snd_wnd":	12578304,
					"rtt":	105528,
					"rttvar":	167,
					"pmtu":	1500,
					"omitted":	false,
					"sender":	true
				}],
			"sum":	{
				"start":	4.000853,
				"end":	5.001025,
				"seconds":	1.0001720190048218,
				"bytes":	5636096,
				"bits_per_second":	45081013.208971433,
				"retransmits":	33,
				"omitted":	false,
				"sender":	true
			}
		}, {
			"streams":	[{
					"socket":	5,
					"start":	5.001025,
					"end":	6.000986,
					"seconds":	0.999961018562317,
					"bytes":	5636096,
					"bits_per_second":	45090525.693517417,
					"retransmits":	19,
					"snd_cwnd":	1306096,
					"snd_wnd":	12578304,
					"rtt":	106398,
					"rttvar":	100,
					"pmtu":	1500,
					"omitted":	false,
					"sender":	true
				}],
			"sum":	{
				"start":	5.001025,
				"end":	6.000986,
				"seconds":	0.999961018562317,
				"bytes":	5636096,
				"bits_per_second":	45090525.693517417,
				"retransmits":	19,
				"omitted":	false,
				"sender":	true
			}
		}, {
			"streams":	[{
					"socket":	5,
					"start":	6.000986,
					"end":	7.00105,
					"seconds":	1.0000640153884888,
					"bytes":	6029312,
					"bits_per_second":	48231408.447650865,
					"retransmits":	44,
					"snd_cwnd":	687800,
					"snd_wnd":	12582912,
					"rtt":	129093,
					"rttvar":	1262,
					"pmtu":	1500,
					"omitted":	false,
					"sender":	true
				}],
			"sum":	{
				"start":	6.000986,
				"end":	7.00105,
				"seconds":	1.0000640153884888,
				"bytes":	6029312,
				"bits_per_second":	48231408.447650865,
				"retransmits":	44,
				"omitted":	false,
				"sender":	true
			}
		}, {
			"streams":	[{
					"socket":	5,
					"start":	7.00105,
					"end":	8.000984,
					"seconds":	0.99993401765823364,
					"bytes":	5636096,
					"bits_per_second":	45091743.258814543,
					"retransmits":	32,
					"snd_cwnd":	1277136,
					"snd_wnd":	12579328,
					"rtt":	104422,
					"rttvar":	32,
					"pmtu":	1500,
					"omitted":	false,
					"sender":	true
				}],
			"sum":	{
				"start":	7.00105,
				"end":	8.000984,
				"seconds":	0.99993401765823364,
				"bytes":	5636096,
				"bits_per_second":	45091743.258814543,
				"retransmits":	32,
				"omitted":	false,
				"sender":	true
			}
		}, {
			"streams":	[{
					"socket":	5,
					"start":	8.000984,
					"end":	9.000998,
					"seconds":	1.0000139474868774,
					"bytes":	5767168,
					"bits_per_second":	46136700.508975081,
					"retransmits":	43,
					"snd_cwnd":	1291616,
					"snd_wnd":	12578304,
					"rtt":	104557,
					"rttvar":	60,
					"pmtu":	1500,
					"omitted":	false,
					"sender":	true
				}],
			"sum":	{
				"start":	8.000984,
				"end":	9.000998,
				"seconds":	1.0000139474868774,
				"bytes":	5767168,
				"bits_per_second":	46136700.508975081,
				"retransmits":	43,
				"omitted":	false,
				"sender":	true
			}
		}, {
			"streams":	[{
					"socket":	5,
					"start":	9.000998,
					"end":	10.001039,
					"seconds":	1.0000410079956055,
					"bytes":	5636096,
					"bits_per_second":	45086919.075820677,
					"retransmits":	35,
					"snd_cwnd":	1059936,
					"snd_wnd":	12283392,
					"rtt":	105739,
					"rttvar":	165,
					"pmtu":	1500,
					"omitted":	false,
					"sender":	true
				}],
			"sum":	{
				"start":	9.000998,
				"end":	10.001039,
				"seconds":	1.0000410079956055,
				"bytes":	5636096,
				"bits_per_second":	45086919.075820677,
				"retransmits":	35,
				"omitted":	false,
				"sender":	true
			}
		}, {
			"streams":	[{
					"socket":	5,
					"start":	10.001039,
					"end":	11.001304,
					"seconds":	1.0002650022506714,
					"bytes":	5505024,
					"bits_per_second":	44028524.341955639,
					"retransmits":	57,
					"snd_cwnd":	1306096,
					"snd_wnd":	12578304,
					"rtt":	106026,
					"rttvar":	491,
					"pmtu":	1500,
					"omitted":	false,
					"sender":	true
				}],
			"sum":	{
				"start":	10.001039,
				"end":	11.001304,
				"seconds":	1.0002650022506714,
				"bytes":	5505024,
				"bits_per_second":	44028524.341955639,
				"retransmits":	57,
				"omitted":	false,
				"sender":	true
			}
		}, {
			"streams":	[{
					"socket":	5,
					"start":	11.001304,
					"end":	12.00109,
					"seconds":	0.99978601932525635,
					"bytes":	6029312,
					"bits_per_second":	48244819.459020726,
					"retransmits":	20,
					"snd_cwnd":	913688,
					"snd_wnd":	12419584,
					"rtt":	110333,
					"rttvar":	261,
					"pmtu":	1500,
					"omitted":	false,
					"sender":	true
				}],
			"sum":	{
				"start":	11.001304,
				"end":	12.00109,
				"seconds":	0.99978601932525635,