{
	"start":	{
		"connected":	[{
				"socket":	5,
				"local_host":	"10.0.0.1",
				"local_port":	33228,
				"remote_host":	"10.0.0.2",
				"remote_port":	5201
			}],
		"version":	"iperf 3.16",
		"system_info":	"Linux mininet 6.8.0-88-generic #89-Ubuntu SMP PREEMPT_DYNAMIC Sat Oct 11 01:02:46 UTC 2025 x86_64",
		"timestamp":	{
			"time":	"Tue, 02 Dec 2025 17:58:16 GMT",
			"timesecs":	1764698296
		},
		"connecting_to":	{
			"host":	"10.0.0.2",
			"port":	5201
		},
		"cookie":	"ikvr7ldyn66vdpfzf5tchvbawxz2lucu37j4",
		"tcp_mss_default":	1448,
		"target_bitrate":	0,
		"fq_rate":	0,
		"sock_bufsize":	0,
		"sndbuf_actual":	87380,
		"rcvbuf_actual":	87380,
		"test_start":	{
			"protocol":	"TCP",
			"num_streams":	1,
			"blksize":	131072,
			"omit":	0,
			"duration":	20,
			"bytes":	0,
			"blocks":	0,
			"reverse":	0,
			"tos":	0,
			"target_bitrate":	0,
			"bidir":	0,
			"fqrate":	0
		}
	},
	"intervals":	[{
			"streams":	[{
					"socket":	5,
					"start":	0,
					"end":	1.000405,
					"seconds":	1.000404953956604,
					"bytes":	262144,
					"bits_per_second":	2096303.0937679375,
					"retransmits":	4,
					"snd_cwnd":	20272,
					"snd_wnd":	350720,
					"rtt":	104747,
					"rttvar":	265,
					"pmtu":	1500,
					"omitted":	false,
					"sender":	true
				}],
			"sum":	{
				"start":	0,
				"end":	1.000405,
				"seconds":	1.000404953956604,
				"bytes":	262144,
				"bits_per_second":	2096303.0937679375,
				"retransmits":	4,
				"omitted":	false,
				"sender":	true
			}
		}, {
			"streams":	[{
					"socket":	5,
					"start":	1.000405,
					"end":	2.000357,
					"seconds":	0.99995201826095581,
					"bytes":	262144,
					"bits_per_second":	2097252.6298283944,
					"retransmits":	2,
					"snd_cwnd":	17376,
					"snd_wnd":	779264,
					"rtt":	107614,
					"rttvar":	4974,
					"pmtu":	1500,
					"omitted":	false,
					"sender":	true
				}],
			"sum":	{
				"start":	1.000405,
				"end":	2.000357,
				"seconds":	0.99995201826095581,
				"bytes":	262144,
				"bits_per_second":	2097252.6298283944,
				"retransmits":	2,
				"omitted":	false,
				"sender":	true
			}
		}, {
			"streams":	[{
					"socket":	5,
					"start":	2.000357,
					"end":	3.000567,
					"seconds":	1.0002100467681885,
					"bytes":	262144,
					"bits_per_second":	2096711.5925061707,
					"retransmits":	0,
					"snd_cwnd":	24616,
					"snd_wnd":	826368,
					"rtt":	107289,
					"rttvar":	4343,
					"pmtu":	1500,
					"omitted":	false,
					"sender":	true
				}],
			"sum":	{
				"start":	2.000357,
				"end":	3.000567,
				"seconds":	1.0002100467681885,
				"bytes":	262144,
				"bits_per_second":	2096711.5925061707,
				"retransmits":	0,
				"omitted":	false,
				"sender":	true
			}
		}, {
			"streams":	[{
					"socket":	5,
					"start":	3.000567,
					"end":	4.000903,
					"seconds":	1.0003360509872437,
					"bytes":	131072,
					"bits_per_second":	1048223.7433761862,
					"retransmits":	4,
					"snd_cwnd":	17376,
					"snd_wnd":	825344,
					"rtt":	112709,
					"rttvar":	14806,
					"pmtu":	1500,
					"omitted":	false,
					"sender":	true
				}],
			"sum":	{
				"start":	3.000567,
				"end":	4.000903,
				"seconds":	1.0003360509872437,
				"bytes":	131072,
				"bits_per_second":	1048223.7433761862,
				"retransmits":	4,
				"omitted":	false,
				"sender":	true
			}
		}, {
			"streams":	[{
					"socket":	5,
					"start":	4.000903,
					"end":	5.000412,
					"seconds":	0.99950897693634033,
					"bytes":	131072,
					"bits_per_second":	1049091.1279396992,
					"retransmits":	0,
					"snd_cwnd":	23168,
					"snd_wnd":	825344,
					"rtt":	104821,
					"rttvar":	301,
					"pmtu":	1500,
					"omitted":	false,
					"sender":	true
				}],
			"sum":	{
				"start":	4.000903,
				"end":	5.000412,
				"seconds":	0.99950897693634033,
				"bytes":	131072,
				"bits_per_second":	1049091.1279396992,
				"retransmits":	0,
				"omitted":	false,
				"sender":	true
			}
		}, {
			"streams":	[{
					"socket":	5,
					"start":	5.000412,
					"end":	6.000407,
					"seconds":	0.999994993209839,
					"bytes":	262144,
					"bits_per_second":	2097162.5000525718,
					"retransmits":	0,
					"snd_cwnd":	30408,
					"snd_wnd":	825344,
					"rtt":	105847,
					"rttvar":	913,
					"pmtu":	1500,
					"omitted":	false,
					"sender":	true
				}],
			"sum":	{
				"start":	5.000412,
				"end":	6.000407,
				"seconds":	0.999994993209839,
				"bytes":	262144,
				"bits_per_second":	2097162.5000525718,
				"retransmits":	0,
				"omitted":	false,
				"sender":	true
			}
		}, {
			"streams":	[{
					"socket":	5,
					"start":	6.000407,
					"end":	7.000364,
					"seconds":	0.999957025051117,
					"bytes":	262144,
					"bits_per_second":	2097242.1288732835,
					"retransmits":	2,
					"snd_cwnd":	27512,
					"snd_wnd":	825344,
					"rtt":	104729,
					"rttvar":	413,
					"pmtu":	1500,
					"omitted":	false,
					"sender":	true
				}],
			"sum":	{
				"start":	6.000407,
				"end":	7.000364,
				"seconds":	0.999957025051117,
				"bytes":	262144,
				"bits_per_second":	2097242.1288732835,
				"retransmits":	2,
				"omitted":	false,
				"sender":	true
			}
		}, {
			"streams":	[{
					"socket":	5,
					"start":	7.000364,
					"end":	8.000426,
					"seconds":	1.0000619888305664,
					"bytes":	262144,
					"bits_per_second":	2097022.0080580486,
					"retransmits":	2,
					"snd_cwnd":	21720,
					"snd_wnd":	827904,
					"rtt":	105658,
					"rttvar":	984,
					"pmtu":	1500,
					"omitted":	false,
					"sender":	true
				}],
			"sum":	{
				"start":	7.000364,
				"end":	8.000426,
				"seconds":	1.0000619888305664,
				"bytes":	262144,
				"bits_per_second":	2097022.0080580486,
				"retransmits":	2,
				"omitted":	false,
				"sender":	true
			}
		}, {
			"streams":	[{
					"socket":	5,
					"start":	8.000426,
					"end":	9.000568,
					"seconds":	1.000141978263855,
					"bytes":	262144,
					"bits_per_second":	2096854.2922680269,
					"retransmits":	0,
					"snd_cwnd":	28960,
					"snd_wnd":	825344,
					"rtt":	104679,
					"rttvar":	393,
					"pmtu":	1500,
					"omitted":	false,
					"sender":	true
				}],
			"sum":	{
				"start":	8.000426,
				"end":	9.000568,
				"seconds":	1.000141978263855,
				"bytes":	262144,
				"bits_per_second":	2096854.2922680269,
				"retransmits":	0,
				"omitted":	false,
				"sender":	true
			}
		}, {
			"streams":	[{
					"socket":	5,
					"start":	9.000568,
					"end":	10.000384,
					"seconds":	0.99981600046157837,
					"bytes":	262144,
					"bits_per_second":	2097537.9460138883,
					"retransmits":	2,
					"snd_cwnd":	23168,
					"snd_wnd":	799232,
					"rtt":	105415,
					"rttvar":	900,
					"pmtu":	1500,
					"omitted":	false,
					"sender":	true
				}],
			"sum":	{
				"start":	9.000568,
				"end":	10.000384,
				"seconds":	0.99981600046157837,
				"bytes":	262144,
				"bits_per_second":	2097537.9460138883,
				"retransmits":	2,
				"omitted":	false,
				"sender":	true
			}
		}, {
			"streams":	[{
					"socket":	5,
					"start":	10.000384,
					"end":	11.000392,
					"seconds":	1.0000079870224,
					"bytes":	262144,
					"bits_per_second":	2097135.2501337815,
					"retransmits":	2,
					"snd_cwnd":	27512,
					"snd_wnd":	825344,
					"rtt":	106639,
					"rttvar":	3095,
					"pmtu":	1500,
					"omitted":	false,
					"sender":	true
				}],
			"sum":	{
				"start":	10.000384,
				"end":	11.000392,
				"seconds":	1.0000079870224,
				"bytes":	262144,
				"bits_per_second":	2097135.2501337815,
				"retransmits":	2,
				"omitted":	false,
				"sender":	true
			}
		}, {
			"streams":	[{
					"socket":	5,
					"start":	11.000392,
					"end":	12.000385,
					"seconds":	0.99999302625656128,
					"bytes":	262144,
					"bits_per_second":	2097166.6251019919,
					"retransmits":	0,
					"snd_cwnd":	27512,
					"snd_wnd":	827904,
					"rtt":	104710,
					"rttvar":	184,
					"pmtu":	1500,
					"omitted":	false,
					"sender":	true
				}],
			"sum":	{
				"start":	11.000392,
				"end":	12.000385,
				"seconds":	0.99999302625656128,
				"bytes":	262144,
				"bits_per_second":	2097166.6251019919,
				"retransmits":	0,