{
	"start":	{
		"connected":	[{
				"socket":	5,
				"local_host":	"10.0.0.1",
				"local_port":	52296,
				"remote_host":	"10.0.0.2",
				"remote_port":	5201
			}],
		"version":	"iperf 3.16",
		"system_info":	"Linux mininet 6.8.0-88-generic #89-Ubuntu SMP PREEMPT_DYNAMIC Sat Oct 11 01:02:46 UTC 2025 x86_64",
		"timestamp":	{
			"time":	"Tue, 02 Dec 2025 18:20:10 GMT",
			"timesecs":	1764699610
		},
		"connecting_to":	{
			"host":	"10.0.0.2",
			"port":	5201
		},
		"cookie":	"a5es75i6vk7wivxrmiklyhvdoxks33ycwjri",
		"tcp_mss_default":	1448,
		"target_bitrate":	0,
		"fq_rate":	0,
		"sock_bufsize":	0,
		"sndbuf_actual":	87380,
		"rcvbuf_actual":	87380,
		"test_start":	{
			"protocol":	"TCP",
			"num_streams":	1,
			"blksize":	131072,
			"omit":	0,
			"duration":	20,
			"bytes":	0,
			"blocks":	0,
			"reverse":	0,
			"tos":	0,
			"target_bitrate":	0,
			"bidir":	0,
			"fqrate":	0
		}
	},
	"intervals":	[{
			"streams":	[{
					"socket":	5,
					"start":	0,
					"end":	1.001043,
					"seconds":	1.00104296207428,
					"bytes":	7471104,
					"bits_per_second":	59706560.321998455,
					"retransmits":	0,
					"snd_cwnd":	865904,
					"snd_wnd":	3313664,
					"rtt":	137747,
					"rttvar":	398,
					"pmtu":	1500,
					"omitted":	false,
					"sender":	true
				}],
			"sum":	{
				"start":	0,
				"end":	1.001043,
				"seconds":	1.00104296207428,
				"bytes":	7471104,
				"bits_per_second":	59706560.321998455,
				"retransmits":	0,
				"omitted":	false,
				"sender":	true
			}
		}, {
			"streams":	[{
					"socket":	5,
					"start":	1.001043,
					"end":	2.000961,
					"seconds":	0.999917984008789,
					"bytes":	6291456,
					"bits_per_second":	50335776.33858978,
					"retransmits":	51,
					"snd_cwnd":	770336,
					"snd_wnd":	2856960,
					"rtt":	164349,
					"rttvar":	2413,
					"pmtu":	1500,
					"omitted":	false,
					"sender":	true
				}],
			"sum":	{
				"start":	1.001043,
				"end":	2.000961,
				"seconds":	0.999917984008789,
				"bytes":	6291456,
				"bits_per_second":	50335776.33858978,
				"retransmits":	51,
				"omitted":	false,
				"sender":	true
			}
		}, {
			"streams":	[{
					"socket":	5,
					"start":	2.000961,
					"end":	3.001079,
					"seconds":	1.0001180171966553,
					"bytes":	4456448,
					"bits_per_second":	35647376.996498756,
					"retransmits":	4,
					"snd_cwnd":	579200,
					"snd_wnd":	4903424,
					"rtt":	106184,
					"rttvar":	759,
					"pmtu":	1500,
					"omitted":	false,
					"sender":	true
				}],
			"sum":	{
				"start":	2.000961,
				"end":	3.001079,
				"seconds":	1.0001180171966553,
				"bytes":	4456448,
				"bits_per_second":	35647376.996498756,
				"retransmits":	4,
				"omitted":	false,
				"sender":	true
			}
		}, {
			"streams":	[{
					"socket":	5,
					"start":	3.001079,
					"end":	4.000907,
					"seconds":	0.99982798099517822,
					"bytes":	4456448,
					"bits_per_second":	35657717.805131055,
					"retransmits":	7,
					"snd_cwnd":	308424,
					"snd_wnd":	4908544,
					"rtt":	104766,
					"rttvar":	311,
					"pmtu":	1500,
					"omitted":	false,
					"sender":	true
				}],
			"sum":	{
				"start":	3.001079,
				"end":	4.000907,
				"seconds":	0.99982798099517822,
				"bytes":	4456448,
				"bits_per_second":	35657717.805131055,
				"retransmits":	7,
				"omitted":	false,
				"sender":	true
			}
		}, {
			"streams":	[{
					"socket":	5,
					"start":	4.000907,
					"end":	5.000752,
					"seconds":	0.999845027923584,
					"bytes":	4325376,
					"bits_per_second":	34608371.331166565,
					"retransmits":	2,
					"snd_cwnd":	272224,
					"snd_wnd":	4905984,
					"rtt":	105800,
					"rttvar":	180,
					"pmtu":	1500,
					"omitted":	false,
					"sender":	true
				}],
			"sum":	{
				"start":	4.000907,
				"end":	5.000752,
				"seconds":	0.999845027923584,
				"bytes":	4325376,
				"bits_per_second":	34608371.331166565,
				"retransmits":	2,
				"omitted":	false,
				"sender":	true
			}
		}, {
			"streams":	[{
					"socket":	5,
					"start":	5.000752,
					"end":	6.00101,
					"seconds":	1.0002579689025879,
					"bytes":	2228224,
					"bits_per_second":	17821194.685964055,
					"retransmits":	3,
					"snd_cwnd":	182448,
					"snd_wnd":	4908544,
					"rtt":	104638,
					"rttvar":	233,
					"pmtu":	1500,
					"omitted":	false,
					"sender":	true
				}],
			"sum":	{
				"start":	5.000752,
				"end":	6.00101,
				"seconds":	1.0002579689025879,
				"bytes":	2228224,
				"bits_per_second":	17821194.685964055,
				"retransmits":	3,
				"omitted":	false,
				"sender":	true
			}
		}, {
			"streams":	[{
					"socket":	5,
					"start":	6.00101,
					"end":	7.000685,
					"seconds":	0.99967497587203979,
					"bytes":	0,
					"bits_per_second":	0,
					"retransmits":	4,
					"snd_cwnd":	157832,
					"snd_wnd":	4908544,
					"rtt":	105751,
					"rttvar":	154,
					"pmtu":	1500,
					"omitted":	false,
					"sender":	true
				}],
			"sum":	{
				"start":	6.00101,
				"end":	7.000685,
				"seconds":	0.99967497587203979,
				"bytes":	0,
				"bits_per_second":	0,
				"retransmits":	4,
				"omitted":	false,
				"sender":	true
			}
		}, {
			"streams":	[{
					"socket":	5,
					"start":	7.000685,
					"end":	8.000696,
					"seconds":	1.0000109672546387,
					"bytes":	2228224,
					"bits_per_second":	17825596.502144076,
					"retransmits":	0,
					"snd_cwnd":	153488,
					"snd_wnd":	4908544,
					"rtt":	104574,
					"rttvar":	139,
					"pmtu":	1500,
					"omitted":	false,
					"sender":	true
				}],
			"sum":	{
				"start":	7.000685,
				"end":	8.000696,
				"seconds":	1.0000109672546387,
				"bytes":	2228224,
				"bits_per_second":	17825596.502144076,
				"retransmits":	0,
				"omitted":	false,
				"sender":	true
			}
		}, {
			"streams":	[{
					"socket":	5,
					"start":	8.000696,
					"end":	9.000841,
					"seconds":	1.0001449584960938,
					"bytes":	2228224,
					"bits_per_second":	17823208.374518465,
					"retransmits":	0,
					"snd_cwnd":	163624,
					"snd_wnd":	4905472,
					"rtt":	104628,
					"rttvar":	131,
					"pmtu":	1500,
					"omitted":	false,
					"sender":	true
				}],
			"sum":	{
				"start":	8.000696,
				"end":	9.000841,
				"seconds":	1.0001449584960938,
				"bytes":	2228224,
				"bits_per_second":	17823208.374518465,
				"retransmits":	0,
				"omitted":	false,
				"sender":	true
			}
		}, {
			"streams":	[{
					"socket":	5,
					"start":	9.000841,
					"end":	10.000715,
					"seconds":	0.99987399578094482,
					"bytes":	0,
					"bits_per_second":	0,
					"retransmits":	0,
					"snd_cwnd":	165072,
					"snd_wnd":	4908544,
					"rtt":	105055,
					"rttvar":	313,
					"pmtu":	1500,
					"omitted":	false,
					"sender":	true
				}],
			"sum":	{
				"start":	9.000841,
				"end":	10.000715,
				"seconds":	0.99987399578094482,
				"bytes":	0,
				"bits_per_second":	0,
				"retransmits":	0,
				"omitted":	false,
				"sender":	true
			}
		}, {
			"streams":	[{
					"socket":	5,
					"start":	10.000715,
					"end":	11.000659,
					"seconds":	0.999943971633911,
					"bytes":	2228224,
					"bits_per_second":	17826790.805961467,
					"retransmits":	0,
					"snd_cwnd":	165072,
					"snd_wnd":	4908544,
					"rtt":	104949,
					"rttvar":	771,
					"pmtu":	1500,
					"omitted":	false,
					"sender":	true
				}],
			"sum":	{
				"start":	10.000715,
				"end":	11.000659,
				"seconds":	0.999943971633911,
				"bytes":	2228224,
				"bits_per_second":	17826790.805961467,
				"retransmits":	0,
				"omitted":	false,
				"sender":	true
			}
		}, {
			"streams":	[{
					"socket":	5,
					"start":	11.000659,
					"end":	12.000687,
					"seconds":	1.0000280141830444,
					"bytes":	2228224,
					"bits_per_second":	17825292.638989192,
					"retransmits":	0,
					"snd_cwnd":	170864,
					"snd_wnd":	4908544,
					"rtt":	104672,
					"rttvar":	306,
					"pmtu":	1500,
					"omitted":	false,
					"sender":	true
				}],
			"sum":	{
				"start":	11.000659,
				"end":	12.000687,
				"seconds":	1.0000280141830444,
				"bytes":	2228224,
				"bits_per_second":	17825292.638989192,
				"retransmits":	0,
				"omitted":	false,