{
	"start":	{
		"connected":	[{
				"socket":	5,
				"local_host":	"10.0.0.1",
				"local_port":	49648,
				"remote_host":	"10.0.0.2",
				"remote_port":	5201
			}],
		"version":	"iperf 3.16",
		"system_info":	"Linux mininet 6.8.0-88-generic #89-Ubuntu SMP PREEMPT_DYNAMIC Sat Oct 11 01:02:46 UTC 2025 x86_64",
		"timestamp":	{
			"time":	"Tue, 02 Dec 2025 17:26:42 GMT",
			"timesecs":	1764696402
		},
		"connecting_to":	{
			"host":	"10.0.0.2",
			"port":	5201
		},
		"cookie":	"ipq3x7njhvq7vje6khmxx56xavm5adixdojb",
		"tcp_mss_default":	1448,
		"target_bitrate":	0,
		"fq_rate":	0,
		"sock_bufsize":	0,
		"sndbuf_actual":	87380,
		"rcvbuf_actual":	87380,
		"test_start":	{
			"protocol":	"TCP",
			"num_streams":	1,
			"blksize":	131072,
			"omit":	0,
			"duration":	20,
			"bytes":	0,
			"blocks":	0,
			"reverse":	0,
			"tos":	0,
			"target_bitrate":	0,
			"bidir":	0,
			"fqrate":	0
		}
	},
	"intervals":	[{
			"streams":	[{
					"socket":	5,
					"start":	0,
					"end":	1.001103,
					"seconds":	1.0011030435562134,
					"bytes":	16515072,
					"bits_per_second":	131975001.82465607,
					"retransmits":	0,
					"snd_cwnd":	4820392,
					"snd_wnd":	7211008,
					"rtt":	391747,
					"rttvar":	14545,
					"pmtu":	1500,
					"omitted":	false,
					"sender":	true
				}],
			"sum":	{
				"start":	0,
				"end":	1.001103,
				"seconds":	1.0011030435562134,
				"bytes":	16515072,
				"bits_per_second":	131975001.82465607,
				"retransmits":	0,
				"omitted":	false,
				"sender":	true
			}
		}, {
			"streams":	[{
					"socket":	5,
					"start":	1.001103,
					"end":	2.000857,
					"seconds":	0.999754011631012,
					"bytes":	5636096,
					"bits_per_second":	45099862.041505173,
					"retransmits":	1005,
					"snd_cwnd":	2962608,
					"snd_wnd":	8536064,
					"rtt":	693445,
					"rttvar":	10605,
					"pmtu":	1500,
					"omitted":	false,
					"sender":	true
				}],
			"sum":	{
				"start":	1.001103,
				"end":	2.000857,
				"seconds":	0.999754011631012,
				"bytes":	5636096,
				"bits_per_second":	45099862.041505173,
				"retransmits":	1005,
				"omitted":	false,
				"sender":	true
			}
		}, {
			"streams":	[{
					"socket":	5,
					"start":	2.000857,
					"end":	3.00111,
					"seconds":	1.0002529621124268,
					"bytes":	0,
					"bits_per_second":	0,
					"retransmits":	2358,
					"snd_cwnd":	1058488,
					"snd_wnd":	8482304,
					"rtt":	177483,
					"rttvar":	480,
					"pmtu":	1500,
					"omitted":	false,
					"sender":	true
				}],
			"sum":	{
				"start":	2.000857,
				"end":	3.00111,
				"seconds":	1.0002529621124268,
				"bytes":	0,
				"bits_per_second":	0,
				"retransmits":	2358,
				"omitted":	false,
				"sender":	true
			}
		}, {
			"streams":	[{
					"socket":	5,
					"start":	3.00111,
					"end":	4.001044,
					"seconds":	0.99993401765823364,
					"bytes":	10747904,
					"bits_per_second":	85988905.749367267,
					"retransmits":	167,
					"snd_cwnd":	741376,
					"snd_wnd":	12581376,
					"rtt":	211182,
					"rttvar":	296,
					"pmtu":	1500,
					"omitted":	false,
					"sender":	true
				}],
			"sum":	{
				"start":	3.00111,
				"end":	4.001044,
				"seconds":	0.99993401765823364,
				"bytes":	10747904,
				"bits_per_second":	85988905.749367267,
				"retransmits":	167,
				"omitted":	false,
				"sender":	true
			}
		}, {
			"streams":	[{
					"socket":	5,
					"start":	4.001044,
					"end":	5.001037,
					"seconds":	0.99999302625656128,
					"bytes":	11010048,
					"bits_per_second":	88080998.254283652,
					"retransmits":	4,
					"snd_cwnd":	750064,
					"snd_wnd":	12578304,
					"rtt":	125197,
					"rttvar":	175,
					"pmtu":	1500,
					"omitted":	false,
					"sender":	true
				}],
			"sum":	{
				"start":	4.001044,
				"end":	5.001037,
				"seconds":	0.99999302625656128,
				"bytes":	11010048,
				"bits_per_second":	88080998.254283652,
				"retransmits":	4,
				"omitted":	false,
				"sender":	true
			}
		}, {
			"streams":	[{
					"socket":	5,
					"start":	5.001037,
					"end":	6.000889,
					"seconds":	0.99985200166702271,
					"bytes":	5636096,
					"bits_per_second":	45095442.0502483,
					"retransmits":	8,
					"snd_cwnd":	195480,
					"snd_wnd":	12579328,
					"rtt":	46238,
					"rttvar":	255,
					"pmtu":	1500,
					"omitted":	false,
					"sender":	true
				}],
			"sum":	{
				"start":	5.001037,
				"end":	6.000889,
				"seconds":	0.99985200166702271,
				"bytes":	5636096,
				"bits_per_second":	45095442.0502483,
				"retransmits":	8,
				"omitted":	false,
				"sender":	true
			}
		}, {
			"streams":	[{
					"socket":	5,
					"start":	6.000889,
					"end":	7.001176,
					"seconds":	1.0002870559692383,
					"bytes":	0,
					"bits_per_second":	0,
					"retransmits":	5,
					"snd_cwnd":	65160,
					"snd_wnd":	12580352,
					"rtt":	44775,
					"rttvar":	207,
					"pmtu":	1500,
					"omitted":	false,
					"sender":	true
				}],
			"sum":	{
				"start":	6.000889,
				"end":	7.001176,
				"seconds":	1.0002870559692383,
				"bytes":	0,
				"bits_per_second":	0,
				"retransmits":	5,
				"omitted":	false,
				"sender":	true
			}
		}, {
			"streams":	[{
					"socket":	5,
					"start":	7.001176,
					"end":	8.001366,
					"seconds":	1.0001900196075439,
					"bytes":	5505024,
					"bits_per_second":	44031825.08987698,
					"retransmits":	0,
					"snd_cwnd":	97016,
					"snd_wnd":	12580352,
					"rtt":	44506,
					"rttvar":	81,
					"pmtu":	1500,
					"omitted":	false,
					"sender":	true
				}],
			"sum":	{
				"start":	7.001176,
				"end":	8.001366,
				"seconds":	1.0001900196075439,
				"bytes":	5505024,
				"bits_per_second":	44031825.08987698,
				"retransmits":	0,
				"omitted":	false,
				"sender":	true
			}
		}, {
			"streams":	[{
					"socket":	5,
					"start":	8.001366,
					"end":	9.000863,
					"seconds":	0.99949699640274048,
					"bytes":	0,
					"bits_per_second":	0,
					"retransmits":	2,
					"snd_cwnd":	69504,
					"snd_wnd":	12580352,
					"rtt":	44761,
					"rttvar":	339,
					"pmtu":	1500,
					"omitted":	false,
					"sender":	true
				}],
			"sum":	{
				"start":	8.001366,
				"end":	9.000863,
				"seconds":	0.99949699640274048,
				"bytes":	0,
				"bits_per_second":	0,
				"retransmits":	2,
				"omitted":	false,
				"sender":	true
			}
		}, {
			"streams":	[{
					"socket":	5,
					"start":	9.000863,
					"end":	10.000905,
					"seconds":	1.0000419616699219,
					"bytes":	0,
					"bits_per_second":	0,
					"retransmits":	2,
					"snd_cwnd":	55024,
					"snd_wnd":	12580352,
					"rtt":	45306,
					"rttvar":	1552,
					"pmtu":	1500,
					"omitted":	false,
					"sender":	true
				}],
			"sum":	{
				"start":	9.000863,
				"end":	10.000905,
				"seconds":	1.0000419616699219,
				"bytes":	0,
				"bits_per_second":	0,
				"retransmits":	2,
				"omitted":	false,
				"sender":	true
			}
		}, {
			"streams":	[{
					"socket":	5,
					"start":	10.000905,
					"end":	11.001166,
					"seconds":	1.0002609491348267,
					"bytes":	0,
					"bits_per_second":	0,
					"retransmits":	2,
					"snd_cwnd":	47784,
					"snd_wnd":	12580352,
					"rtt":	44620,
					"rttvar":	171,
					"pmtu":	1500,
					"omitted":	false,
					"sender":	true
				}],
			"sum":	{
				"start":	10.000905,
				"end":	11.001166,
				"seconds":	1.0002609491348267,
				"bytes":	0,
				"bits_per_second":	0,
				"retransmits":	2,
				"omitted":	false,
				"sender":	true
			}
		}, {
			"streams":	[{
					"socket":	5,
					"start":	11.001166,
					"end":	12.000969,
					"seconds":	0.99980300664901733,
					"bytes":	5505024,
					"bits_per_second":	44048869.334377177,
					"retransmits":	2,
					"snd_cwnd":	40544,
					"snd_wnd":	12580352,
					"rtt":	44940,
					"rttvar":	766,
					"pmtu":	1500,
					"omitted":	false,
					"sender":	true
				}],
			"sum":	{
				"start":	11.001166,
				"end":	12.000969,
				"seconds":	0.99980300664901733,
				"bytes":	5505024,
				"bits_per_second":	44048869.334377177,
				"retransmits":	2,
				"omitted":	false,
				"sender":	true
			}
		}, {
			"streams":	[{
					"socket":	5,
					"start":	12.000969,
					"end":	13.001174,
					"seconds":	1.0002050399780273,