{
	"start":	{
		"connected":	[{
				"socket":	5,
				"local_host":	"10.0.0.2",
				"local_port":	5201,
				"remote_host":	"10.0.0.1",
				"remote_port":	49648
			}],
		"version":	"iperf 3.16",
		"system_info":	"Linux mininet 6.8.0-88-generic #89-Ubuntu SMP PREEMPT_DYNAMIC Sat Oct 11 01:02:46 UTC 2025 x86_64",
		"sock_bufsize":	0,
		"sndbuf_actual":	87380,
		"rcvbuf_actual":	87380,
		"timestamp":	{
			"time":	"Tue, 02 Dec 2025 17:26:42 GMT",
			"timesecs":	1764696402
		},
		"accepted_connection":	{
			"host":	"10.0.0.1",
			"port":	49638
		},
		"cookie":	"ipq3x7njhvq7vje6khmxx56xavm5adixdojb",
		"tcp_mss_default":	0,
		"target_bitrate":	0,
		"fq_rate":	0,
		"test_start":	{
			"protocol":	"TCP",
			"num_streams":	1,
			"blksize":	131072,
			"omit":	0,
			"duration":	20,
			"bytes":	0,
			"blocks":	0,
			"reverse":	0,
			"tos":	0,
			"target_bitrate":	0,
			"bidir":	0,
			"fqrate":	0
		}
	},
	"intervals":	[{
			"streams":	[{
					"socket":	5,
					"start":	0,
					"end":	1.001771,
					"seconds":	1.0017709732055664,
					"bytes":	4718592,
					"bits_per_second":	37682002.1838004,
					"omitted":	false,
					"sender":	false
				}],
			"sum":	{
				"start":	0,
				"end":	1.001771,
				"seconds":	1.0017709732055664,
				"bytes":	4718592,
				"bits_per_second":	37682002.1838004,
				"omitted":	false,
				"sender":	false
			}
		}, {
			"streams":	[{
					"socket":	5,
					"start":	1.001771,
					"end":	2.001037,
					"seconds":	0.999266028404236,
					"bytes":	4063232,
					"bits_per_second":	32529731.899231859,
					"omitted":	false,
					"sender":	false
				}],
			"sum":	{
				"start":	1.001771,
				"end":	2.001037,
				"seconds":	0.999266028404236,
				"bytes":	4063232,
				"bits_per_second":	32529731.899231859,
				"omitted":	false,
				"sender":	false
			}
		}, {
			"streams":	[{
					"socket":	5,
					"start":	2.001037,
					"end":	3.00105,
					"seconds":	1.000012993812561,
					"bytes":	1310720,
					"bits_per_second":	10485623.751770385,
					"omitted":	false,
					"sender":	false
				}],
			"sum":	{
				"start":	2.001037,
				"end":	3.00105,
				"seconds":	1.000012993812561,
				"bytes":	1310720,
				"bits_per_second":	10485623.751770385,
				"omitted":	false,
				"sender":	false
			}
		}, {
			"streams":	[{
					"socket":	5,
					"start":	3.00105,
					"end":	4.000969,
					"seconds":	0.99991899728775024,
					"bytes":	11403264,
					"bits_per_second":	91233502.1611231,
					"omitted":	false,
					"sender":	false
				}],
			"sum":	{
				"start":	3.00105,
				"end":	4.000969,
				"seconds":	0.99991899728775024,
				"bytes":	11403264,
				"bits_per_second":	91233502.1611231,
				"omitted":	false,
				"sender":	false
			}
		}, {
			"streams":	[{
					"socket":	5,
					"start":	4.000969,
					"end":	5.000926,
					"seconds":	0.999957025051117,
					"bytes":	7077888,
					"bits_per_second":	56625537.479578659,
					"omitted":	false,
					"sender":	false
				}],
			"sum":	{
				"start":	4.000969,
				"end":	5.000926,
				"seconds":	0.999957025051117,
				"bytes":	7077888,
				"bits_per_second":	56625537.479578659,
				"omitted":	false,
				"sender":	false
			}
		}, {
			"streams":	[{
					"socket":	5,
					"start":	5.000926,
					"end":	6.00085,
					"seconds":	0.99992400407791138,
					"bytes":	5898240,
					"bits_per_second":	47189506.210037336,
					"omitted":	false,
					"sender":	false
				}],
			"sum":	{
				"start":	5.000926,
				"end":	6.00085,
				"seconds":	0.99992400407791138,
				"bytes":	5898240,
				"bits_per_second":	47189506.210037336,
				"omitted":	false,
				"sender":	false
			}
		}, {
			"streams":	[{
					"socket":	5,
					"start":	6.00085,
					"end":	7.000786,
					"seconds":	0.99993598461151123,
					"bytes":	2228224,
					"bits_per_second":	17826933.198054235,
					"omitted":	false,
					"sender":	false
				}],
			"sum":	{
				"start":	6.00085,
				"end":	7.000786,
				"seconds":	0.99993598461151123,
				"bytes":	2228224,
				"bits_per_second":	17826933.198054235,
				"omitted":	false,
				"sender":	false
			}
		}, {
			"streams":	[{
					"socket":	5,
					"start":	7.000786,
					"end":	8.000156,
					"seconds":	0.999369978904724,
					"bytes":	1835008,
					"bits_per_second":	14689318.580580994,
					"omitted":	false,
					"sender":	false
				}],
			"sum":	{
				"start":	7.000786,
				"end":	8.000156,
				"seconds":	0.999369978904724,
				"bytes":	1835008,
				"bits_per_second":	14689318.580580994,
				"omitted":	false,
				"sender":	false
			}
		}, {
			"streams":	[{
					"socket":	5,
					"start":	8.000156,
					"end":	9.000645,
					"seconds":	1.0004889965057373,
					"bytes":	1966080,
					"bits_per_second":	15720952.50915616,
					"omitted":	false,
					"sender":	false
				}],
			"sum":	{
				"start":	8.000156,
				"end":	9.000645,
				"seconds":	1.0004889965057373,
				"bytes":	1966080,
				"bits_per_second":	15720952.50915616,
				"omitted":	false,
				"sender":	false
			}
		}, {
			"streams":	[{
					"socket":	5,
					"start":	9.000645,
					"end":	10.000976,
					"seconds":	1.0003310441970825,
					"bytes":	1441792,
					"bits_per_second":	11530518.888632568,
					"omitted":	false,
					"sender":	false
				}],
			"sum":	{
				"start":	9.000645,
				"end":	10.000976,
				"seconds":	1.0003310441970825,
				"bytes":	1441792,
				"bits_per_second":	11530518.888632568,
				"omitted":	false,
				"sender":	false
			}
		}, {
			"streams":	[{
					"socket":	5,
					"start":	10.000976,
					"end":	11.00028,
					"seconds":	0.99930399656295776,
					"bytes":	1310720,
					"bits_per_second":	10493063.20805791,
					"omitted":	false,
					"sender":	false
				}],
			"sum":	{
				"start":	10.000976,
				"end":	11.00028,
				"seconds":	0.99930399656295776,
				"bytes":	1310720,
				"bits_per_second":	10493063.20805791,
				"omitted":	false,
				"sender":	false
			}
		}, {
			"streams":	[{
					"socket":	5,
					"start":	11.00028,
					"end":	12.001016,
					"seconds":	1.0007359981536865,
					"bytes":	1179648,
					"bits_per_second":	9430243.358299477,
					"omitted":	false,
					"sender":	false
				}],
			"sum":	{
				"start":	11.00028,
				"end":	12.001016,
				"seconds":	1.0007359981536865,
				"bytes":	1179648,
				"bits_per_second":	9430243.358299477,
				"omitted":	false,
				"sender":	false
			}
		}, {
			"streams":	[{
					"socket":	5,
					"start":	12.001016,
					"end":	13.000174,
					"seconds":	0.99915802478790283,
					"bytes":	1179648,
					"bits_per_second":	9445136.57086754,
					"omitted":	false,
					"sender":	false
				}],
			"sum":	{
				"start":	12.001016,
				"end":	13.000174,
				"seconds":	0.99915802478790283,
				"bytes":	1179648,
				"bits_per_second":	9445136.57086754,
				"omitted":	false,
				"sender":	false
			}
		}, {
			"streams":	[{
					"socket":	5,
					"start":	13.000174,
					"end":	14.000163,
					"seconds":	0.99998897314071655,
					"bytes":	1966080,
					"bits_per_second":	15728813.439412491,
					"omitted":	false,
					"sender":	false
				}],
			"sum":	{
				"start":	13.000174,
				"end":	14.000163,
				"seconds":	0.99998897314071655,
				"bytes":	1966080,
				"bits_per_second":	15728813.439412491,
				"omitted":	false,
				"sender":	false
			}
		}, {
			"streams":	[{
					"socket":	5,
					"start":	14.000163,
					"end":	15.000999,
					"seconds":	1.0008360147476196,
					"bytes":	2359296,
					"bits_per_second":	18858601.930666476,
					"omitted":	false,
					"sender":	false
				}],
			"sum":	{
				"start":	14.000163,
				"end":	15.000999,
				"seconds":	1.0008360147476196,
				"bytes":	2359296,
				"bits_per_second":	18858601.930666476,
				"omitted":	false,
				"sender":	false
			}
		}, {
			"streams":	[{
					"socket":	5,
					"start":	15.000999,
					"end":	16.000752,
					"seconds":	0.99975299835205078,
					"bytes":	1835008,
					"bits_per_second":	14683690.895849252,
					"omitted":	false,
					"sender":	false
				}],
			"sum":	{
				"start":	15.000999,
				"end":	16.000752,
				"seconds":	0.99975299835205078,
				"bytes":	1835008,
				"bits_per_second":	14683690.895849252,