{
	"start":	{
		"connected":	[{
				"socket":	5,
				"local_host":	"10.0.0.1",
				"local_port":	53366,
				"remote_host":	"10.0.0.2",
				"remote_port":	5201
			}],
		"version":	"iperf 3.16",
		"system_info":	"Linux mininet 6.8.0-88-generic #89-Ubuntu SMP PREEMPT_DYNAMIC Sat Oct 11 01:02:46 UTC 2025 x86_64",
		"timestamp":	{
			"time":	"Tue, 02 Dec 2025 19:08:12 GMT",
			"timesecs":	1764702492
		},
		"connecting_to":	{
			"host":	"10.0.0.2",
			"port":	5201
		},
		"cookie":	"i7gcz5qr5x54r6qojqq25tywpbhus453srau",
		"tcp_mss_default":	1448,
		"target_bitrate":	0,
		"fq_rate":	0,
		"sock_bufsize":	0,
		"sndbuf_actual":	87380,
		"rcvbuf_actual":	87380,
		"test_start":	{
			"protocol":	"TCP",
			"num_streams":	1,
			"blksize":	131072,
			"omit":	0,
			"duration":	20,
			"bytes":	0,
			"blocks":	0,
			"reverse":	0,
			"tos":	0,
			"target_bitrate":	0,
			"bidir":	0,
			"fqrate":	0
		}
	},
	"intervals":	[{
			"streams":	[{
					"socket":	5,
					"start":	0,
					"end":	1.000961,
					"seconds":	1.0009609460830688,
					"bytes":	7602176,
					"bits_per_second":	60759021.855936445,
					"retransmits":	15,
					"snd_cwnd":	722552,
					"snd_wnd":	2948608,
					"rtt":	109040,
					"rttvar":	1022,
					"pmtu":	1500,
					"omitted":	false,
					"sender":	true
				}],
			"sum":	{
				"start":	0,
				"end":	1.000961,
				"seconds":	1.0009609460830688,
				"bytes":	7602176,
				"bits_per_second":	60759021.855936445,
				"retransmits":	15,
				"omitted":	false,
				"sender":	true
			}
		}, {
			"streams":	[{
					"socket":	5,
					"start":	1.000961,
					"end":	2.001005,
					"seconds":	1.0000439882278442,
					"bytes":	13238272,
					"bits_per_second":	105901517.57991564,
					"retransmits":	741,
					"snd_cwnd":	1320576,
					"snd_wnd":	11164160,
					"rtt":	196645,
					"rttvar":	4567,
					"pmtu":	1500,
					"omitted":	false,
					"sender":	true
				}],
			"sum":	{
				"start":	1.000961,
				"end":	2.001005,
				"seconds":	1.0000439882278442,
				"bytes":	13238272,
				"bits_per_second":	105901517.57991564,
				"retransmits":	741,
				"omitted":	false,
				"sender":	true
			}
		}, {
			"streams":	[{
					"socket":	5,
					"start":	2.001005,
					"end":	3.000964,
					"seconds":	0.99995899200439453,
					"bytes":	5636096,
					"bits_per_second":	45090617.0758269,
					"retransmits":	48,
					"snd_cwnd":	889072,
					"snd_wnd":	12324352,
					"rtt":	105938,
					"rttvar":	158,
					"pmtu":	1500,
					"omitted":	false,
					"sender":	true
				}],
			"sum":	{
				"start":	2.001005,
				"end":	3.000964,
				"seconds":	0.99995899200439453,
				"bytes":	5636096,
				"bits_per_second":	45090617.0758269,
				"retransmits":	48,
				"omitted":	false,
				"sender":	true
			}
		}, {
			"streams":	[{
					"socket":	5,
					"start":	3.000964,
					"end":	4.001106,
					"seconds":	1.000141978263855,
					"bytes":	5505024,
					"bits_per_second":	44033940.137628563,
					"retransmits":	41,
					"snd_cwnd":	626984,
					"snd_wnd":	12578304,
					"rtt":	106841,
					"rttvar":	250,
					"pmtu":	1500,
					"omitted":	false,
					"sender":	true
				}],
			"sum":	{
				"start":	3.000964,
				"end":	4.001106,
				"seconds":	1.000141978263855,
				"bytes":	5505024,
				"bits_per_second":	44033940.137628563,
				"retransmits":	41,
				"omitted":	false,
				"sender":	true
			}
		}, {
			"streams":	[{
					"socket":	5,
					"start":	4.001106,
					"end":	5.001064,
					"seconds":	0.99995797872543335,
					"bytes":	5898240,
					"bits_per_second":	47187902.8958238,
					"retransmits":	74,
					"snd_cwnd":	1303200,
					"snd_wnd":	12582912,
					"rtt":	104724,
					"rttvar":	279,
					"pmtu":	1500,
					"omitted":	false,
					"sender":	true
				}],
			"sum":	{
				"start":	4.001106,
				"end":	5.001064,
				"seconds":	0.99995797872543335,
				"bytes":	5898240,
				"bits_per_second":	47187902.8958238,
				"retransmits":	74,
				"omitted":	false,
				"sender":	true
			}
		}, {
			"streams":	[{
					"socket":	5,
					"start":	5.001064,
					"end":	6.000961,
					"seconds":	0.999897003173828,
					"bytes":	5636096,
					"bits_per_second":	45093412.478366531,
					"retransmits":	24,
					"snd_cwnd":	702280,
					"snd_wnd":	12582912,
					"rtt":	111502,
					"rttvar":	1999,
					"pmtu":	1500,
					"omitted":	false,
					"sender":	true
				}],
			"sum":	{
				"start":	5.001064,
				"end":	6.000961,
				"seconds":	0.999897003173828,
				"bytes":	5636096,
				"bits_per_second":	45093412.478366531,
				"retransmits":	24,
				"omitted":	false,
				"sender":	true
			}
		}, {
			"streams":	[{
					"socket":	5,
					"start":	6.000961,
					"end":	7.00102,
					"seconds":	1.0000590085983276,
					"bytes":	5505024,
					"bits_per_second":	44037593.40333955,
					"retransmits":	53,
					"snd_cwnd":	1294512,
					"snd_wnd":	12376576,
					"rtt":	106358,
					"rttvar":	455,
					"pmtu":	1500,
					"omitted":	false,
					"sender":	true
				}],
			"sum":	{
				"start":	6.000961,
				"end":	7.00102,
				"seconds":	1.0000590085983276,
				"bytes":	5505024,
				"bits_per_second":	44037593.40333955,
				"retransmits":	53,
				"omitted":	false,
				"sender":	true
			}
		}, {
			"streams":	[{
					"socket":	5,
					"start":	7.00102,
					"end":	8.001021,
					"seconds":	1.0000009536743164,
					"bytes":	6160384,
					"bits_per_second":	49283025.000044823,
					"retransmits":	48,
					"snd_cwnd":	1297408,
					"snd_wnd":	12578304,
					"rtt":	106796,
					"rttvar":	118,
					"pmtu":	1500,
					"omitted":	false,
					"sender":	true
				}],
			"sum":	{
				"start":	7.00102,
				"end":	8.001021,
				"seconds":	1.0000009536743164,
				"bytes":	6160384,
				"bits_per_second":	49283025.000044823,
				"retransmits":	48,
				"omitted":	false,
				"sender":	true
			}
		}, {
			"streams":	[{
					"socket":	5,
					"start":	8.001021,
					"end":	9.000946,
					"seconds":	0.99992501735687256,
					"bytes":	5898240,
					"bits_per_second":	47189458.390317857,
					"retransmits":	21,
					"snd_cwnd":	632776,
					"snd_wnd":	12578304,
					"rtt":	107117,
					"rttvar":	99,
					"pmtu":	1500,
					"omitted":	false,
					"sender":	true
				}],
			"sum":	{
				"start":	8.001021,
				"end":	9.000946,
				"seconds":	0.99992501735687256,
				"bytes":	5898240,
				"bits_per_second":	47189458.390317857,
				"retransmits":	21,
				"omitted":	false,
				"sender":	true
			}
		}, {
			"streams":	[{
					"socket":	5,
					"start":	9.000946,
					"end":	10.001011,
					"seconds":	1.0000649690628052,
					"bytes":	5505024,
					"bits_per_second":	44037330.935880654,
					"retransmits":	52,
					"snd_cwnd":	1036768,
					"snd_wnd":	12442624,
					"rtt":	105870,
					"rttvar":	370,
					"pmtu":	1500,
					"omitted":	false,
					"sender":	true
				}],
			"sum":	{
				"start":	9.000946,
				"end":	10.001011,
				"seconds":	1.0000649690628052,
				"bytes":	5505024,
				"bits_per_second":	44037330.935880654,
				"retransmits":	52,
				"omitted":	false,
				"sender":	true
			}
		}, {
			"streams":	[{
					"socket":	5,
					"start":	10.001011,
					"end":	11.001039,
					"seconds":	1.0000280141830444,
					"bytes":	5636096,
					"bits_per_second":	45087504.910384424,
					"retransmits":	31,
					"snd_cwnd":	615400,
					"snd_wnd":	12578304,
					"rtt":	106307,
					"rttvar":	122,
					"pmtu":	1500,
					"omitted":	false,
					"sender":	true
				}],
			"sum":	{
				"start":	10.001011,
				"end":	11.001039,
				"seconds":	1.0000280141830444,
				"bytes":	5636096,
				"bits_per_second":	45087504.910384424,
				"retransmits":	31,
				"omitted":	false,
				"sender":	true
			}
		}, {
			"streams":	[{
					"socket":	5,
					"start":	11.001039,
					"end":	12.001006,
					"seconds":	0.99996697902679443,
					"bytes":	5767168,
					"bits_per_second":	46138867.550309114,
					"retransmits":	69,
					"snd_cwnd":	1274240,
					"snd_wnd":	12579328,
					"rtt":	104564,
					"rttvar":	88,
					"pmtu":	1500,
					"omitted":	false,
					"sender":	true
				}],
			"sum":	{
				"start":	11.001039,
				"end":	12.001006,
				"seconds":	0.99996697902679443,