{
	"start":	{
		"connected":	[{
				"socket":	5,
				"local_host":	"10.0.0.1",
				"local_port":	52950,
				"remote_host":	"10.0.0.2",
				"remote_port":	5201
			}],
		"version":	"iperf 3.16",
		"system_info":	"Linux mininet 6.8.0-88-generic #89-Ubuntu SMP PREEMPT_DYNAMIC Sat Oct 11 01:02:46 UTC 2025 x86_64",
		"timestamp":	{
			"time":	"Tue, 02 Dec 2025 18:10:25 GMT",
			"timesecs":	1764699025
		},
		"connecting_to":	{
			"host":	"10.0.0.2",
			"port":	5201
		},
		"cookie":	"lmho5nmsne2zuw7zklivcagcb4q2zgykpvt7",
		"tcp_mss_default":	1448,
		"target_bitrate":	0,
		"fq_rate":	0,
		"sock_bufsize":	0,
		"sndbuf_actual":	87380,
		"rcvbuf_actual":	87380,
		"test_start":	{
			"protocol":	"TCP",
			"num_streams":	1,
			"blksize":	131072,
			"omit":	0,
			"duration":	20,
			"bytes":	0,
			"blocks":	0,
			"reverse":	0,
			"tos":	0,
			"target_bitrate":	0,
			"bidir":	0,
			"fqrate":	0
		}
	},
	"intervals":	[{
			"streams":	[{
					"socket":	5,
					"start":	0,
					"end":	1.001067,
					"seconds":	1.001067042350769,
					"bytes":	3670016,
					"bits_per_second":	29328832.893204324,
					"retransmits":	6,
					"snd_cwnd":	86880,
					"snd_wnd":	4324352,
					"rtt":	44699,
					"rttvar":	286,
					"pmtu":	1500,
					"omitted":	false,
					"sender":	true
				}],
			"sum":	{
				"start":	0,
				"end":	1.001067,
				"seconds":	1.001067042350769,
				"bytes":	3670016,
				"bits_per_second":	29328832.893204324,
				"retransmits":	6,
				"omitted":	false,
				"sender":	true
			}
		}, {
			"streams":	[{
					"socket":	5,
					"start":	1.001067,
					"end":	2.000574,
					"seconds":	0.99950700998306274,
					"bytes":	917504,
					"bits_per_second":	7343652.3472950747,
					"retransmits":	10,
					"snd_cwnd":	39096,
					"snd_wnd":	5368320,
					"rtt":	44774,
					"rttvar":	311,
					"pmtu":	1500,
					"omitted":	false,
					"sender":	true
				}],
			"sum":	{
				"start":	1.001067,
				"end":	2.000574,
				"seconds":	0.99950700998306274,
				"bytes":	917504,
				"bits_per_second":	7343652.3472950747,
				"retransmits":	10,
				"omitted":	false,
				"sender":	true
			}
		}, {
			"streams":	[{
					"socket":	5,
					"start":	2.000574,
					"end":	3.001131,
					"seconds":	1.0005569458007812,
					"bytes":	917504,
					"bits_per_second":	7335946.275527088,
					"retransmits":	6,
					"snd_cwnd":	18824,
					"snd_wnd":	5365248,
					"rtt":	45776,
					"rttvar":	1695,
					"pmtu":	1500,
					"omitted":	false,
					"sender":	true
				}],
			"sum":	{
				"start":	2.000574,
				"end":	3.001131,
				"seconds":	1.0005569458007812,
				"bytes":	917504,
				"bits_per_second":	7335946.275527088,
				"retransmits":	6,
				"omitted":	false,
				"sender":	true
			}
		}, {
			"streams":	[{
					"socket":	5,
					"start":	3.001131,
					"end":	4.000267,
					"seconds":	0.999135971069336,
					"bytes":	0,
					"bits_per_second":	0,
					"retransmits":	2,
					"snd_cwnd":	24616,
					"snd_wnd":	5365248,
					"rtt":	44951,
					"rttvar":	722,
					"pmtu":	1500,
					"omitted":	false,
					"sender":	true
				}],
			"sum":	{
				"start":	3.001131,
				"end":	4.000267,
				"seconds":	0.999135971069336,
				"bytes":	0,
				"bits_per_second":	0,
				"retransmits":	2,
				"omitted":	false,
				"sender":	true
			}
		}, {
			"streams":	[{
					"socket":	5,
					"start":	4.000267,
					"end":	5.002252,
					"seconds":	1.00198495388031,
					"bytes":	524288,
					"bits_per_second":	4185994.9929956947,
					"retransmits":	4,
					"snd_cwnd":	21720,
					"snd_wnd":	5365248,
					"rtt":	45755,
					"rttvar":	2189,
					"pmtu":	1500,
					"omitted":	false,
					"sender":	true
				}],
			"sum":	{
				"start":	4.000267,
				"end":	5.002252,
				"seconds":	1.00198495388031,
				"bytes":	524288,
				"bits_per_second":	4185994.9929956947,
				"retransmits":	4,
				"omitted":	false,
				"sender":	true
			}
		}, {
			"streams":	[{
					"socket":	5,
					"start":	5.002252,
					"end":	6.00011,
					"seconds":	0.99785798788070679,
					"bytes":	393216,
					"bits_per_second":	3152480.6517619113,
					"retransmits":	4,
					"snd_cwnd":	18824,
					"snd_wnd":	5365248,
					"rtt":	45287,
					"rttvar":	1340,
					"pmtu":	1500,
					"omitted":	false,
					"sender":	true
				}],
			"sum":	{
				"start":	5.002252,
				"end":	6.00011,
				"seconds":	0.99785798788070679,
				"bytes":	393216,
				"bits_per_second":	3152480.6517619113,
				"retransmits":	4,
				"omitted":	false,
				"sender":	true
			}
		}, {
			"streams":	[{
					"socket":	5,
					"start":	6.00011,
					"end":	7.001095,
					"seconds":	1.0009850263595581,
					"bytes":	524288,
					"bits_per_second":	4190176.56563165,
					"retransmits":	2,
					"snd_cwnd":	26064,
					"snd_wnd":	5365248,
					"rtt":	49772,
					"rttvar":	10282,
					"pmtu":	1500,
					"omitted":	false,
					"sender":	true
				}],
			"sum":	{
				"start":	6.00011,
				"end":	7.001095,
				"seconds":	1.0009850263595581,
				"bytes":	524288,
				"bits_per_second":	4190176.56563165,
				"retransmits":	2,
				"omitted":	false,
				"sender":	true
			}
		}, {
			"streams":	[{
					"socket":	5,
					"start":	7.001095,
					"end":	8.001086,
					"seconds":	0.999990999698639,
					"bytes":	524288,
					"bits_per_second":	4194341.7503397642,
					"retransmits":	6,
					"snd_cwnd":	18824,
					"snd_wnd":	5365248,
					"rtt":	47363,
					"rttvar":	5535,
					"pmtu":	1500,
					"omitted":	false,
					"sender":	true
				}],
			"sum":	{
				"start":	7.001095,
				"end":	8.001086,
				"seconds":	0.999990999698639,
				"bytes":	524288,
				"bits_per_second":	4194341.7503397642,
				"retransmits":	6,
				"omitted":	false,
				"sender":	true
			}
		}, {
			"streams":	[{
					"socket":	5,
					"start":	8.001086,
					"end":	9.000138,
					"seconds":	0.99905198812484741,
					"bytes":	393216,
					"bits_per_second":	3148713.0173318782,
					"retransmits":	5,
					"snd_cwnd":	13032,
					"snd_wnd":	5368320,
					"rtt":	45785,
					"rttvar":	2263,
					"pmtu":	1500,
					"omitted":	false,
					"sender":	true
				}],
			"sum":	{
				"start":	8.001086,
				"end":	9.000138,
				"seconds":	0.99905198812484741,
				"bytes":	393216,
				"bits_per_second":	3148713.0173318782,
				"retransmits":	5,
				"omitted":	false,
				"sender":	true
			}
		}, {
			"streams":	[{
					"socket":	5,
					"start":	9.000138,
					"end":	10.001117,
					"seconds":	1.000978946685791,
					"bytes":	524288,
					"bits_per_second":	4190202.01562401,
					"retransmits":	2,
					"snd_cwnd":	18824,
					"snd_wnd":	5365248,
					"rtt":	49027,
					"rttvar":	8138,
					"pmtu":	1500,
					"omitted":	false,
					"sender":	true
				}],
			"sum":	{
				"start":	9.000138,
				"end":	10.001117,
				"seconds":	1.000978946685791,
				"bytes":	524288,
				"bits_per_second":	4190202.01562401,
				"retransmits":	2,
				"omitted":	false,
				"sender":	true
			}
		}, {
			"streams":	[{
					"socket":	5,
					"start":	10.001117,
					"end":	11.001069,
					"seconds":	0.99995201826095581,
					"bytes":	393216,
					"bits_per_second":	3145878.9447425911,
					"retransmits":	4,
					"snd_cwnd":	17376,
					"snd_wnd":	5365248,
					"rtt":	45874,
					"rttvar":	1158,
					"pmtu":	1500,
					"omitted":	false,
					"sender":	true
				}],
			"sum":	{
				"start":	10.001117,
				"end":	11.001069,
				"seconds":	0.99995201826095581,
				"bytes":	393216,
				"bits_per_second":	3145878.9447425911,
				"retransmits":	4,
				"omitted":	false,
				"sender":	true
			}
		}, {
			"streams":	[{
					"socket":	5,
					"start":	11.001069,
					"end":	12.000203,
					"seconds":	0.99913400411605835,
					"bytes":	0,
					"bits_per_second":	0,
					"retransmits":	2,
					"snd_cwnd":	21720,
					"snd_wnd":	5368320,
					"rtt":	44996,
					"rttvar":	320,
					"pmtu":	1500,
					"omitted":	false,
					"sender":	true
				}],
			"sum":	{
				"start":	11.001069,
				"end":	12.000203,
				"seconds":	0.99913400411605835,
				"bytes":	0,
				"bits_per_second":	0,
				"retransmits":	2,
				"omitted":	false,
				"sender":	true
			}
		}, {
			"streams":	[{
					"socket":	5,