{
	"start":	{
		"connected":	[{
				"socket":	5,
				"local_host":	"10.0.0.2",
				"local_port":	5201,
				"remote_host":	"10.0.0.1",
				"remote_port":	52950
			}],
		"version":	"iperf 3.16",
		"system_info":	"Linux mininet 6.8.0-88-generic #89-Ubuntu SMP PREEMPT_DYNAMIC Sat Oct 11 01:02:46 UTC 2025 x86_64",
		"sock_bufsize":	0,
		"sndbuf_actual":	87380,
		"rcvbuf_actual":	87380,
		"timestamp":	{
			"time":	"Tue, 02 Dec 2025 18:10:25 GMT",
			"timesecs":	1764699025
		},
		"accepted_connection":	{
			"host":	"10.0.0.1",
			"port":	52942
		},
		"cookie":	"lmho5nmsne2zuw7zklivcagcb4q2zgykpvt7",
		"tcp_mss_default":	0,
		"target_bitrate":	0,
		"fq_rate":	0,
		"test_start":	{
			"protocol":	"TCP",
			"num_streams":	1,
			"blksize":	131072,
			"omit":	0,
			"duration":	20,
			"bytes":	0,
			"blocks":	0,
			"reverse":	0,
			"tos":	0,
			"target_bitrate":	0,
			"bidir":	0,
			"fqrate":	0
		}
	},
	"intervals":	[{
			"streams":	[{
					"socket":	5,
					"start":	0,
					"end":	1.001096,
					"seconds":	1.00109601020813,
					"bytes":	2490368,
					"bits_per_second":	19901132.156003676,
					"omitted":	false,
					"sender":	false
				}],
			"sum":	{
				"start":	0,
				"end":	1.001096,
				"seconds":	1.00109601020813,
				"bytes":	2490368,
				"bits_per_second":	19901132.156003676,
				"omitted":	false,
				"sender":	false
			}
		}, {
			"streams":	[{
					"socket":	5,
					"start":	1.001096,
					"end":	2.000427,
					"seconds":	0.999330997467041,
					"bytes":	1048576,
					"bits_per_second":	8394223.75695563,
					"omitted":	false,
					"sender":	false
				}],
			"sum":	{
				"start":	1.001096,
				"end":	2.000427,
				"seconds":	0.999330997467041,
				"bytes":	1048576,
				"bits_per_second":	8394223.75695563,
				"omitted":	false,
				"sender":	false
			}
		}, {
			"streams":	[{
					"socket":	5,
					"start":	2.000427,
					"end":	3.000988,
					"seconds":	1.000560998916626,
					"bytes":	655360,
					"bits_per_second":	5239940.3991129128,
					"omitted":	false,
					"sender":	false
				}],
			"sum":	{
				"start":	2.000427,
				"end":	3.000988,
				"seconds":	1.000560998916626,
				"bytes":	655360,
				"bits_per_second":	5239940.3991129128,
				"omitted":	false,
				"sender":	false
			}
		}, {
			"streams":	[{
					"socket":	5,
					"start":	3.000988,
					"end":	4.000575,
					"seconds":	0.99958699941635132,
					"bytes":	393216,
					"bits_per_second":	3147027.7242868892,
					"omitted":	false,
					"sender":	false
				}],
			"sum":	{
				"start":	3.000988,
				"end":	4.000575,
				"seconds":	0.99958699941635132,
				"bytes":	393216,
				"bits_per_second":	3147027.7242868892,
				"omitted":	false,
				"sender":	false
			}
		}, {
			"streams":	[{
					"socket":	5,
					"start":	4.000575,
					"end":	5.000403,
					"seconds":	0.99982798099517822,
					"bytes":	393216,
					"bits_per_second":	3146269.218099799,
					"omitted":	false,
					"sender":	false
				}],
			"sum":	{
				"start":	4.000575,
				"end":	5.000403,
				"seconds":	0.99982798099517822,
				"bytes":	393216,
				"bits_per_second":	3146269.218099799,
				"omitted":	false,
				"sender":	false
			}
		}, {
			"streams":	[{
					"socket":	5,
					"start":	5.000403,
					"end":	6.000379,
					"seconds":	0.99997597932815552,
					"bytes":	524288,
					"bits_per_second":	4194404.75242014,
					"omitted":	false,
					"sender":	false
				}],
			"sum":	{
				"start":	5.000403,
				"end":	6.000379,
				"seconds":	0.99997597932815552,
				"bytes":	524288,
				"bits_per_second":	4194404.75242014,
				"omitted":	false,
				"sender":	false
			}
		}, {
			"streams":	[{
					"socket":	5,
					"start":	6.000379,
					"end":	7.000421,
					"seconds":	1.0000419616699219,
					"bytes":	393216,
					"bits_per_second":	3145596.0055387081,
					"omitted":	false,
					"sender":	false
				}],
			"sum":	{
				"start":	6.000379,
				"end":	7.000421,
				"seconds":	1.0000419616699219,
				"bytes":	393216,
				"bits_per_second":	3145596.0055387081,
				"omitted":	false,
				"sender":	false
			}
		}, {
			"streams":	[{
					"socket":	5,
					"start":	7.000421,
					"end":	8.000364,
					"seconds":	0.99994301795959473,
					"bytes":	524288,
					"bits_per_second":	4194543.0136194834,
					"omitted":	false,
					"sender":	false
				}],
			"sum":	{
				"start":	7.000421,
				"end":	8.000364,
				"seconds":	0.99994301795959473,
				"bytes":	524288,
				"bits_per_second":	4194543.0136194834,
				"omitted":	false,
				"sender":	false
			}
		}, {
			"streams":	[{
					"socket":	5,
					"start":	8.000364,
					"end":	9.000399,
					"seconds":	1.0000350475311279,
					"bytes":	262144,
					"bits_per_second":	2097078.5025759032,
					"omitted":	false,
					"sender":	false
				}],
			"sum":	{
				"start":	8.000364,
				"end":	9.000399,
				"seconds":	1.0000350475311279,
				"bytes":	262144,
				"bits_per_second":	2097078.5025759032,
				"omitted":	false,
				"sender":	false
			}
		}, {
			"streams":	[{
					"socket":	5,
					"start":	9.000399,
					"end":	10.001085,
					"seconds":	1.0006860494613647,
					"bytes":	393216,
					"bits_per_second":	3143571.3545654388,
					"omitted":	false,
					"sender":	false
				}],
			"sum":	{
				"start":	9.000399,
				"end":	10.001085,
				"seconds":	1.0006860494613647,
				"bytes":	393216,
				"bits_per_second":	3143571.3545654388,
				"omitted":	false,
				"sender":	false
			}
		}, {
			"streams":	[{
					"socket":	5,
					"start":	10.001085,
					"end":	11.00038,
					"seconds":	0.99929499626159668,
					"bytes":	524288,
					"bits_per_second":	4197263.08616681,
					"omitted":	false,
					"sender":	false
				}],
			"sum":	{
				"start":	10.001085,
				"end":	11.00038,
				"seconds":	0.99929499626159668,
				"bytes":	524288,
				"bits_per_second":	4197263.08616681,
				"omitted":	false,
				"sender":	false
			}
		}, {
			"streams":	[{
					"socket":	5,
					"start":	11.00038,
					"end":	12.000396,
					"seconds":	1.0000159740448,
					"bytes":	262144,
					"bits_per_second":	2097118.5005351219,
					"omitted":	false,
					"sender":	false
				}],
			"sum":	{
				"start":	11.00038,
				"end":	12.000396,
				"seconds":	1.0000159740448,
				"bytes":	262144,
				"bits_per_second":	2097118.5005351219,
				"omitted":	false,
				"sender":	false
			}
		}, {
			"streams":	[{
					"socket":	5,
					"start":	12.000396,
					"end":	13.000958,
					"seconds":	1.0005619525909424,
					"bytes":	655360,
					"bits_per_second":	5239935.4047229448,
					"omitted":	false,
					"sender":	false
				}],
			"sum":	{
				"start":	12.000396,
				"end":	13.000958,
				"seconds":	1.0005619525909424,
				"bytes":	655360,
				"bits_per_second":	5239935.4047229448,
				"omitted":	false,
				"sender":	false
			}
		}, {
			"streams":	[{
					"socket":	5,
					"start":	13.000958,
					"end":	14.000893,
					"seconds":	0.99993497133255,
					"bytes":	655360,
					"bits_per_second":	5243220.959672153,
					"omitted":	false,
					"sender":	false
				}],
			"sum":	{
				"start":	13.000958,
				"end":	14.000893,
				"seconds":	0.99993497133255,
				"bytes":	655360,
				"bits_per_second":	5243220.959672153,
				"omitted":	false,
				"sender":	false
			}
		}, {
			"streams":	[{
					"socket":	5,
					"start":	14.000893,
					"end":	15.000408,
					"seconds":	0.99951499700546265,
					"bytes":	655360,
					"bits_per_second":	5245424.0463701077,
					"omitted":	false,
					"sender":	false
				}],
			"sum":	{
				"start":	14.000893,
				"end":	15.000408,
				"seconds":	0.99951499700546265,
				"bytes":	655360,
				"bits_per_second":	5245424.0463701077,
				"omitted":	false,
				"sender":	false
			}
		}, {
			"streams":	[{
					"socket":	5,
					"start":	15.000408,
					"end":	16.000362,
					"seconds":	0.9999539852142334,
					"bytes":	393216,
					"bits_per_second":	3145872.7566609466,
					"omitted":	false,
					"sender":	false
				}],
			"sum":	{
				"start":	15.000408,
				"end":	16.000362,
				"seconds":	0.9999539852142334,
				"bytes":	393216,
				"bits_per_second":	3145872.7566609466,
				"omitted":	false,