{
	"start":	{
		"connected":	[{
				"socket":	5,
				"local_host":	"10.0.0.2",
				"local_port":	5201,
				"remote_host":	"10.0.0.1",
				"remote_port":	55896
			}],
		"version":	"iperf 3.16",
		"system_info":	"Linux mininet 6.8.0-88-generic #89-Ubuntu SMP PREEMPT_DYNAMIC Sat Oct 11 01:02:46 UTC 2025 x86_64",
		"sock_bufsize":	0,
		"sndbuf_actual":	87380,
		"rcvbuf_actual":	87380,
		"timestamp":	{
			"time":	"Tue, 02 Dec 2025 17:52:22 GMT",
			"timesecs":	1764697942
		},
		"accepted_connection":	{
			"host":	"10.0.0.1",
			"port":	55882
		},
		"cookie":	"y5vbgk657lejndt5jvkucyn6fjepcp6t45xq",
		"tcp_mss_default":	0,
		"target_bitrate":	0,
		"fq_rate":	0,
		"test_start":	{
			"protocol":	"TCP",
			"num_streams":	1,
			"blksize":	131072,
			"omit":	0,
			"duration":	20,
			"bytes":	0,
			"blocks":	0,
			"reverse":	0,
			"tos":	0,
			"target_bitrate":	0,
			"bidir":	0,
			"fqrate":	0
		}
	},
	"intervals":	[{
			"streams":	[{
					"socket":	5,
					"start":	0,
					"end":	1.00117,
					"seconds":	1.0011700391769409,
					"bytes":	917504,
					"bits_per_second":	7331453.9116993751,
					"omitted":	false,
					"sender":	false
				}],
			"sum":	{
				"start":	0,
				"end":	1.00117,
				"seconds":	1.0011700391769409,
				"bytes":	917504,
				"bits_per_second":	7331453.9116993751,
				"omitted":	false,
				"sender":	false
			}
		}, {
			"streams":	[{
					"socket":	5,
					"start":	1.00117,
					"end":	2.001039,
					"seconds":	0.99986898899078369,
					"bytes":	1179648,
					"bits_per_second":	9438420.53699996,
					"omitted":	false,
					"sender":	false
				}],
			"sum":	{
				"start":	1.00117,
				"end":	2.001039,
				"seconds":	0.99986898899078369,
				"bytes":	1179648,
				"bits_per_second":	9438420.53699996,
				"omitted":	false,
				"sender":	false
			}
		}, {
			"streams":	[{
					"socket":	5,
					"start":	2.001039,
					"end":	3.001023,
					"seconds":	0.9999840259552002,
					"bytes":	524288,
					"bits_per_second":	4194371.0010702778,
					"omitted":	false,
					"sender":	false
				}],
			"sum":	{
				"start":	2.001039,
				"end":	3.001023,
				"seconds":	0.9999840259552002,
				"bytes":	524288,
				"bits_per_second":	4194371.0010702778,
				"omitted":	false,
				"sender":	false
			}
		}, {
			"streams":	[{
					"socket":	5,
					"start":	3.001023,
					"end":	4.001005,
					"seconds":	0.99998199939727783,
					"bytes":	262144,
					"bits_per_second":	2097189.7506795349,
					"omitted":	false,
					"sender":	false
				}],
			"sum":	{
				"start":	3.001023,
				"end":	4.001005,
				"seconds":	0.99998199939727783,
				"bytes":	262144,
				"bits_per_second":	2097189.7506795349,
				"omitted":	false,
				"sender":	false
			}
		}, {
			"streams":	[{
					"socket":	5,
					"start":	4.001005,
					"end":	5.001038,
					"seconds":	1.0000330209732056,
					"bytes":	393216,
					"bits_per_second":	3145624.12842994,
					"omitted":	false,
					"sender":	false
				}],
			"sum":	{
				"start":	4.001005,
				"end":	5.001038,
				"seconds":	1.0000330209732056,
				"bytes":	393216,
				"bits_per_second":	3145624.12842994,
				"omitted":	false,
				"sender":	false
			}
		}, {
			"streams":	[{
					"socket":	5,
					"start":	5.001038,
					"end":	6.001032,
					"seconds":	0.99999397993087769,
					"bytes":	524288,
					"bits_per_second":	4194329.2501520077,
					"omitted":	false,
					"sender":	false
				}],
			"sum":	{
				"start":	5.001038,
				"end":	6.001032,
				"seconds":	0.99999397993087769,
				"bytes":	524288,
				"bits_per_second":	4194329.2501520077,
				"omitted":	false,
				"sender":	false
			}
		}, {
			"streams":	[{
					"socket":	5,
					"start":	6.001032,
					"end":	7.001497,
					"seconds":	1.0004650354385376,
					"bytes":	262144,
					"bits_per_second":	2096177.203315004,
					"omitted":	false,
					"sender":	false
				}],
			"sum":	{
				"start":	6.001032,
				"end":	7.001497,
				"seconds":	1.0004650354385376,
				"bytes":	262144,
				"bits_per_second":	2096177.203315004,
				"omitted":	false,
				"sender":	false
			}
		}, {
			"streams":	[{
					"socket":	5,
					"start":	7.001497,
					"end":	8.001048,
					"seconds":	0.999550998210907,
					"bytes":	524288,
					"bits_per_second":	4196188.0959624583,
					"omitted":	false,
					"sender":	false
				}],
			"sum":	{
				"start":	7.001497,
				"end":	8.001048,
				"seconds":	0.999550998210907,
				"bytes":	524288,
				"bits_per_second":	4196188.0959624583,
				"omitted":	false,
				"sender":	false
			}
		}, {
			"streams":	[{
					"socket":	5,
					"start":	8.001048,
					"end":	9.001047,
					"seconds":	0.99999898672103882,
					"bytes":	393216,
					"bits_per_second":	3145731.18750323,
					"omitted":	false,
					"sender":	false
				}],
			"sum":	{
				"start":	8.001048,
				"end":	9.001047,
				"seconds":	0.99999898672103882,
				"bytes":	393216,
				"bits_per_second":	3145731.18750323,
				"omitted":	false,
				"sender":	false
			}
		}, {
			"streams":	[{
					"socket":	5,
					"start":	9.001047,
					"end":	10.001024,
					"seconds":	0.9999769926071167,
					"bytes":	524288,
					"bits_per_second":	4194400.5022202646,
					"omitted":	false,
					"sender":	false
				}],
			"sum":	{
				"start":	9.001047,
				"end":	10.001024,
				"seconds":	0.9999769926071167,
				"bytes":	524288,
				"bits_per_second":	4194400.5022202646,
				"omitted":	false,
				"sender":	false
			}
		}, {
			"streams":	[{
					"socket":	5,
					"start":	10.001024,
					"end":	11.001011,
					"seconds":	0.999987006187439,
					"bytes":	393216,
					"bits_per_second":	3145768.8755311291,
					"omitted":	false,
					"sender":	false
				}],
			"sum":	{
				"start":	10.001024,
				"end":	11.001011,
				"seconds":	0.999987006187439,
				"bytes":	393216,
				"bits_per_second":	3145768.8755311291,
				"omitted":	false,
				"sender":	false
			}
		}, {
			"streams":	[{
					"socket":	5,
					"start":	11.001011,
					"end":	12.001029,
					"seconds":	1.0000180006027222,
					"bytes":	393216,
					"bits_per_second":	3145671.376019266,
					"omitted":	false,
					"sender":	false
				}],
			"sum":	{
				"start":	11.001011,
				"end":	12.001029,
				"seconds":	1.0000180006027222,
				"bytes":	393216,
				"bits_per_second":	3145671.376019266,
				"omitted":	false,
				"sender":	false
			}
		}, {
			"streams":	[{
					"socket":	5,
					"start":	12.001029,
					"end":	13.001029,
					"seconds":	1,
					"bytes":	655360,
					"bits_per_second":	5242880,
					"omitted":	false,
					"sender":	false
				}],
			"sum":	{
				"start":	12.001029,
				"end":	13.001029,
				"seconds":	1,
				"bytes":	655360,
				"bits_per_second":	5242880,
				"omitted":	false,
				"sender":	false
			}
		}, {
			"streams":	[{
					"socket":	5,
					"start":	13.001029,
					"end":	14.001447,
					"seconds":	1.000417947769165,
					"bytes":	655360,
					"bits_per_second":	5240689.66544544,
					"omitted":	false,
					"sender":	false
				}],
			"sum":	{
				"start":	13.001029,
				"end":	14.001447,
				"seconds":	1.000417947769165,
				"bytes":	655360,
				"bits_per_second":	5240689.66544544,
				"omitted":	false,
				"sender":	false
			}
		}, {
			"streams":	[{
					"socket":	5,
					"start":	14.001447,
					"end":	15.001038,
					"seconds":	0.99959099292755127,
					"bytes":	393216,
					"bits_per_second":	3147015.1514540482,
					"omitted":	false,
					"sender":	false
				}],
			"sum":	{
				"start":	14.001447,
				"end":	15.001038,
				"seconds":	0.99959099292755127,
				"bytes":	393216,
				"bits_per_second":	3147015.1514540482,
				"omitted":	false,
				"sender":	false
			}
		}, {
			"streams":	[{
					"socket":	5,
					"start":	15.001038,
					"end":	16.001232,
					"seconds":	1.0001939535140991,
					"bytes":	262144,
					"bits_per_second":	2096745.3288752937,
					"omitted":	false,
					"sender":	false
				}],
			"sum":	{
				"start":	15.001038,
				"end":	16.001232,
				"seconds":	1.0001939535140991,
				"bytes":	262144,
				"bits_per_second":	2096745.3288752937,
				"omitted":	false,
				"sender":	false
			}
		}, {
			"streams":	[{
					"socket":	5,