{
	"start":	{
		"connected":	[{
				"socket":	5,
				"local_host":	"10.0.0.1",
				"local_port":	47818,
				"remote_host":	"10.0.0.2",
				"remote_port":	5201
			}],
		"version":	"iperf 3.16",
		"system_info":	"Linux mininet 6.8.0-88-generic #89-Ubuntu SMP PREEMPT_DYNAMIC Sat Oct 11 01:02:46 UTC 2025 x86_64",
		"timestamp":	{
			"time":	"Tue, 02 Dec 2025 18:28:27 GMT",
			"timesecs":	1764700107
		},
		"connecting_to":	{
			"host":	"10.0.0.2",
			"port":	5201
		},
		"cookie":	"6cev7utzmig4j2gpxhxzwq5wz2qxjggmsivf",
		"tcp_mss_default":	1448,
		"target_bitrate":	0,
		"fq_rate":	0,
		"sock_bufsize":	0,
		"sndbuf_actual":	87380,
		"rcvbuf_actual":	87380,
		"test_start":	{
			"protocol":	"TCP",
			"num_streams":	1,
			"blksize":	131072,
			"omit":	0,
			"duration":	20,
			"bytes":	0,
			"blocks":	0,
			"reverse":	0,
			"tos":	0,
			"target_bitrate":	0,
			"bidir":	0,
			"fqrate":	0
		}
	},
	"intervals":	[{
			"streams":	[{
					"socket":	5,
					"start":	0,
					"end":	1.001063,
					"seconds":	1.0010629892349243,
					"bytes":	5898240,
					"bits_per_second":	47135815.135931119,
					"retransmits":	6,
					"snd_cwnd":	444536,
					"snd_wnd":	2379776,
					"rtt":	104874,
					"rttvar":	338,
					"pmtu":	1500,
					"omitted":	false,
					"sender":	true
				}],
			"sum":	{
				"start":	0,
				"end":	1.001063,
				"seconds":	1.0010629892349243,
				"bytes":	5898240,
				"bits_per_second":	47135815.135931119,
				"retransmits":	6,
				"omitted":	false,
				"sender":	true
			}
		}, {
			"streams":	[{
					"socket":	5,
					"start":	1.001063,
					"end":	2.000637,
					"seconds":	0.99957400560379028,
					"bytes":	1572864,
					"bits_per_second":	12588274.534409609,
					"retransmits":	15,
					"snd_cwnd":	97016,
					"snd_wnd":	6663168,
					"rtt":	104591,
					"rttvar":	140,
					"pmtu":	1500,
					"omitted":	false,
					"sender":	true
				}],
			"sum":	{
				"start":	1.001063,
				"end":	2.000637,
				"seconds":	0.99957400560379028,
				"bytes":	1572864,
				"bits_per_second":	12588274.534409609,
				"retransmits":	15,
				"omitted":	false,
				"sender":	true
			}
		}, {
			"streams":	[{
					"socket":	5,
					"start":	2.000637,
					"end":	3.00063,
					"seconds":	0.99999302625656128,
					"bytes":	1572864,
					"bits_per_second":	12582999.75061195,
					"retransmits":	3,
					"snd_cwnd":	55024,
					"snd_wnd":	8041472,
					"rtt":	104569,
					"rttvar":	72,
					"pmtu":	1500,
					"omitted":	false,
					"sender":	true
				}],
			"sum":	{
				"start":	2.000637,
				"end":	3.00063,
				"seconds":	0.99999302625656128,
				"bytes":	1572864,
				"bits_per_second":	12582999.75061195,
				"retransmits":	3,
				"omitted":	false,
				"sender":	true
			}
		}, {
			"streams":	[{
					"socket":	5,
					"start":	3.00063,
					"end":	4.000592,
					"seconds":	0.9999619722366333,
					"bytes":	0,
					"bits_per_second":	0,
					"retransmits":	3,
					"snd_cwnd":	28960,
					"snd_wnd":	8808960,
					"rtt":	104641,
					"rttvar":	228,
					"pmtu":	1500,
					"omitted":	false,
					"sender":	true
				}],
			"sum":	{
				"start":	3.00063,
				"end":	4.000592,
				"seconds":	0.9999619722366333,
				"bytes":	0,
				"bits_per_second":	0,
				"retransmits":	3,
				"omitted":	false,
				"sender":	true
			}
		}, {
			"streams":	[{
					"socket":	5,
					"start":	4.000592,
					"end":	5.00061,
					"seconds":	1.0000180006027222,
					"bytes":	0,
					"bits_per_second":	0,
					"retransmits":	3,
					"snd_cwnd":	17376,
					"snd_wnd":	9174016,
					"rtt":	104802,
					"rttvar":	278,
					"pmtu":	1500,
					"omitted":	false,
					"sender":	true
				}],
			"sum":	{
				"start":	4.000592,
				"end":	5.00061,
				"seconds":	1.0000180006027222,
				"bytes":	0,
				"bits_per_second":	0,
				"retransmits":	3,
				"omitted":	false,
				"sender":	true
			}
		}, {
			"streams":	[{
					"socket":	5,
					"start":	5.00061,
					"end":	6.000574,
					"seconds":	0.99996399879455566,
					"bytes":	0,
					"bits_per_second":	0,
					"retransmits":	1,
					"snd_cwnd":	18824,
					"snd_wnd":	9475072,
					"rtt":	104766,
					"rttvar":	162,
					"pmtu":	1500,
					"omitted":	false,
					"sender":	true
				}],
			"sum":	{
				"start":	5.00061,
				"end":	6.000574,
				"seconds":	0.99996399879455566,
				"bytes":	0,
				"bits_per_second":	0,
				"retransmits":	1,
				"omitted":	false,
				"sender":	true
			}
		}, {
			"streams":	[{
					"socket":	5,
					"start":	6.000574,
					"end":	7.000913,
					"seconds":	1.0003390312194824,
					"bytes":	1572864,
					"bits_per_second":	12578647.445817005,
					"retransmits":	0,
					"snd_cwnd":	24616,
					"snd_wnd":	9860096,
					"rtt":	105107,
					"rttvar":	404,
					"pmtu":	1500,
					"omitted":	false,
					"sender":	true
				}],
			"sum":	{
				"start":	6.000574,
				"end":	7.000913,
				"seconds":	1.0003390312194824,
				"bytes":	1572864,
				"bits_per_second":	12578647.445817005,
				"retransmits":	0,
				"omitted":	false,
				"sender":	true
			}
		}, {
			"streams":	[{
					"socket":	5,
					"start":	7.000913,
					"end":	8.000591,
					"seconds":	0.99967801570892334,
					"bytes":	0,
					"bits_per_second":	0,
					"retransmits":	2,
					"snd_cwnd":	23168,
					"snd_wnd":	10340864,
					"rtt":	104679,
					"rttvar":	131,
					"pmtu":	1500,
					"omitted":	false,
					"sender":	true
				}],
			"sum":	{
				"start":	7.000913,
				"end":	8.000591,
				"seconds":	0.99967801570892334,
				"bytes":	0,
				"bits_per_second":	0,
				"retransmits":	2,
				"omitted":	false,
				"sender":	true
			}
		}, {
			"streams":	[{
					"socket":	5,
					"start":	8.000591,
					"end":	9.000622,
					"seconds":	1.0000309944152832,
					"bytes":	0,
					"bits_per_second":	0,
					"retransmits":	0,
					"snd_cwnd":	30408,
					"snd_wnd":	10827264,
					"rtt":	105053,
					"rttvar":	450,
					"pmtu":	1500,
					"omitted":	false,
					"sender":	true
				}],
			"sum":	{
				"start":	8.000591,
				"end":	9.000622,
				"seconds":	1.0000309944152832,
				"bytes":	0,
				"bits_per_second":	0,
				"retransmits":	0,
				"omitted":	false,
				"sender":	true
			}
		}, {
			"streams":	[{
					"socket":	5,
					"start":	9.000622,
					"end":	10.001405,
					"seconds":	1.0007829666137695,
					"bytes":	0,
					"bits_per_second":	0,
					"retransmits":	2,
					"snd_cwnd":	23168,
					"snd_wnd":	11403776,
					"rtt":	104485,
					"rttvar":	186,
					"pmtu":	1500,
					"omitted":	false,
					"sender":	true
				}],
			"sum":	{
				"start":	9.000622,
				"end":	10.001405,
				"seconds":	1.0007829666137695,
				"bytes":	0,
				"bits_per_second":	0,
				"retransmits":	2,
				"omitted":	false,
				"sender":	true
			}
		}, {
			"streams":	[{
					"socket":	5,
					"start":	10.001405,
					"end":	11.000598,
					"seconds":	0.999193012714386,
					"bytes":	0,
					"bits_per_second":	0,
					"retransmits":	0,
					"snd_cwnd":	31856,
					"snd_wnd":	11913216,
					"rtt":	104613,
					"rttvar":	142,
					"pmtu":	1500,
					"omitted":	false,
					"sender":	true
				}],
			"sum":	{
				"start":	10.001405,
				"end":	11.000598,
				"seconds":	0.999193012714386,
				"bytes":	0,
				"bits_per_second":	0,
				"retransmits":	0,
				"omitted":	false,
				"sender":	true
			}
		}, {
			"streams":	[{
					"socket":	5,
					"start":	11.000598,
					"end":	12.001054,
					"seconds":	1.0004559755325317,
					"bytes":	0,
					"bits_per_second":	0,
					"retransmits":	2,
					"snd_cwnd":	26064,
					"snd_wnd":	12391424,
					"rtt":	104784,
					"rttvar":	269,
					"pmtu":	1500,
					"omitted":	false,
					"sender":	true
				}],
			"sum":	{
				"start":	11.000598,
				"end":	12.001054,
				"seconds":	1.0004559755325317,
				"bytes":	0,
				"bits_per_second":	0,
				"retransmits":	2,
				"omitted":	false,
				"sender":	true
			}
		}, {
			"streams":	[{
					"socket":	5,
					"start":	12.001054,
					"end":	13.000996,
					"seconds":	0.99994200468063354,
					"bytes":	1572864,
					"bits_per_second":	12583641.792324539,
					"retransmits":	0,
					"snd_cwnd":	33304,
					"snd_wnd":	12580352,
					"rtt":	105066,