{
	"start":	{
		"connected":	[{
				"socket":	5,
				"local_host":	"10.0.0.1",
				"local_port":	57736,
				"remote_host":	"10.0.0.2",
				"remote_port":	5201
			}],
		"version":	"iperf 3.16",
		"system_info":	"Linux mininet 6.8.0-88-generic #89-Ubuntu SMP PREEMPT_DYNAMIC Sat Oct 11 01:02:46 UTC 2025 x86_64",
		"timestamp":	{
			"time":	"Tue, 02 Dec 2025 18:39:41 GMT",
			"timesecs":	1764700781
		},
		"connecting_to":	{
			"host":	"10.0.0.2",
			"port":	5201
		},
		"cookie":	"kh3m5wa6jdnegw6wx77p5t4qyrude536k7ps",
		"tcp_mss_default":	1448,
		"target_bitrate":	0,
		"fq_rate":	0,
		"sock_bufsize":	0,
		"sndbuf_actual":	87380,
		"rcvbuf_actual":	87380,
		"test_start":	{
			"protocol":	"TCP",
			"num_streams":	1,
			"blksize":	131072,
			"omit":	0,
			"duration":	20,
			"bytes":	0,
			"blocks":	0,
			"reverse":	0,
			"tos":	0,
			"target_bitrate":	0,
			"bidir":	0,
			"fqrate":	0
		}
	},
	"intervals":	[{
			"streams":	[{
					"socket":	5,
					"start":	0,
					"end":	1.000636,
					"seconds":	1.0006359815597534,
					"bytes":	2359296,
					"bits_per_second":	18862371.879311547,
					"retransmits":	8,
					"snd_cwnd":	139008,
					"snd_wnd":	1468416,
					"rtt":	51630,
					"rttvar":	397,
					"pmtu":	1500,
					"omitted":	false,
					"sender":	true
				}],
			"sum":	{
				"start":	0,
				"end":	1.000636,
				"seconds":	1.0006359815597534,
				"bytes":	2359296,
				"bits_per_second":	18862371.879311547,
				"retransmits":	8,
				"omitted":	false,
				"sender":	true
			}
		}, {
			"streams":	[{
					"socket":	5,
					"start":	1.000636,
					"end":	2.000352,
					"seconds":	0.99971598386764526,
					"bytes":	1179648,
					"bits_per_second":	9439865.07396826,
					"retransmits":	18,
					"snd_cwnd":	124528,
					"snd_wnd":	2082304,
					"rtt":	52504,
					"rttvar":	263,
					"pmtu":	1500,
					"omitted":	false,
					"sender":	true
				}],
			"sum":	{
				"start":	1.000636,
				"end":	2.000352,
				"seconds":	0.99971598386764526,
				"bytes":	1179648,
				"bits_per_second":	9439865.07396826,
				"retransmits":	18,
				"omitted":	false,
				"sender":	true
			}
		}, {
			"streams":	[{
					"socket":	5,
					"start":	2.000352,
					"end":	3.000676,
					"seconds":	1.000324010848999,
					"bytes":	1179648,
					"bits_per_second":	9434127.2404232658,
					"retransmits":	13,
					"snd_cwnd":	124528,
					"snd_wnd":	2082304,
					"rtt":	53416,
					"rttvar":	1066,
					"pmtu":	1500,
					"omitted":	false,
					"sender":	true
				}],
			"sum":	{
				"start":	2.000352,
				"end":	3.000676,
				"seconds":	1.000324010848999,
				"bytes":	1179648,
				"bits_per_second":	9434127.2404232658,
				"retransmits":	13,
				"omitted":	false,
				"sender":	true
			}
		}, {
			"streams":	[{
					"socket":	5,
					"start":	3.000676,
					"end":	4.00109,
					"seconds":	1.00041401386261,
					"bytes":	1179648,
					"bits_per_second":	9433278.49193448,
					"retransmits":	7,
					"snd_cwnd":	124528,
					"snd_wnd":	2082304,
					"rtt":	59517,
					"rttvar":	87,
					"pmtu":	1500,
					"omitted":	false,
					"sender":	true
				}],
			"sum":	{
				"start":	3.000676,
				"end":	4.00109,
				"seconds":	1.00041401386261,
				"bytes":	1179648,
				"bits_per_second":	9433278.49193448,
				"retransmits":	7,
				"omitted":	false,
				"sender":	true
			}
		}, {
			"streams":	[{
					"socket":	5,
					"start":	4.00109,
					"end":	5.000398,
					"seconds":	0.99930799007415771,
					"bytes":	1179648,
					"bits_per_second":	9443719.14738686,
					"retransmits":	6,
					"snd_cwnd":	62264,
					"snd_wnd":	2082304,
					"rtt":	53177,
					"rttvar":	1051,
					"pmtu":	1500,
					"omitted":	false,
					"sender":	true
				}],
			"sum":	{
				"start":	4.00109,
				"end":	5.000398,
				"seconds":	0.99930799007415771,
				"bytes":	1179648,
				"bits_per_second":	9443719.14738686,
				"retransmits":	6,
				"omitted":	false,
				"sender":	true
			}
		}, {
			"streams":	[{
					"socket":	5,
					"start":	5.000398,
					"end":	6.000927,
					"seconds":	1.0005290508270264,
					"bytes":	1048576,
					"bits_per_second":	8384172.346686054,
					"retransmits":	6,
					"snd_cwnd":	124528,
					"snd_wnd":	2082304,
					"rtt":	70357,
					"rttvar":	2162,
					"pmtu":	1500,
					"omitted":	false,
					"sender":	true
				}],
			"sum":	{
				"start":	5.000398,
				"end":	6.000927,
				"seconds":	1.0005290508270264,
				"bytes":	1048576,
				"bits_per_second":	8384172.346686054,
				"retransmits":	6,
				"omitted":	false,
				"sender":	true
			}
		}, {
			"streams":	[{
					"socket":	5,
					"start":	6.000927,
					"end":	7.001119,
					"seconds":	1.0001920461654663,
					"bytes":	1179648,
					"bits_per_second":	9435371.97299284,
					"retransmits":	3,
					"snd_cwnd":	83984,
					"snd_wnd":	2082304,
					"rtt":	64293,
					"rttvar":	234,
					"pmtu":	1500,
					"omitted":	false,
					"sender":	true
				}],
			"sum":	{
				"start":	6.000927,
				"end":	7.001119,
				"seconds":	1.0001920461654663,
				"bytes":	1179648,
				"bits_per_second":	9435371.97299284,
				"retransmits":	3,
				"omitted":	false,
				"sender":	true
			}
		}, {
			"streams":	[{
					"socket":	5,
					"start":	7.001119,
					"end":	8.000698,
					"seconds":	0.99957901239395142,
					"bytes":	1310720,
					"bits_per_second":	10490176.234179854,
					"retransmits":	14,
					"snd_cwnd":	124528,
					"snd_wnd":	2082304,
					"rtt":	49310,
					"rttvar":	323,
					"pmtu":	1500,
					"omitted":	false,
					"sender":	true
				}],
			"sum":	{
				"start":	7.001119,
				"end":	8.000698,
				"seconds":	0.99957901239395142,
				"bytes":	1310720,
				"bits_per_second":	10490176.234179854,
				"retransmits":	14,
				"omitted":	false,
				"sender":	true
			}
		}, {
			"streams":	[{
					"socket":	5,
					"start":	8.000698,
					"end":	9.001064,
					"seconds":	1.0003659725189209,
					"bytes":	1179648,
					"bits_per_second":	9433731.5135151763,
					"retransmits":	8,
					"snd_cwnd":	124528,
					"snd_wnd":	2085376,
					"rtt":	60624,
					"rttvar":	1291,
					"pmtu":	1500,
					"omitted":	false,
					"sender":	true
				}],
			"sum":	{
				"start":	8.000698,
				"end":	9.001064,
				"seconds":	1.0003659725189209,
				"bytes":	1179648,
				"bits_per_second":	9433731.5135151763,
				"retransmits":	8,
				"omitted":	false,
				"sender":	true
			}
		}, {
			"streams":	[{
					"socket":	5,
					"start":	9.001064,
					"end":	10.001083,
					"seconds":	1.0000189542770386,
					"bytes":	1179648,
					"bits_per_second":	9437005.12839038,
					"retransmits":	12,
					"snd_cwnd":	121632,
					"snd_wnd":	2082304,
					"rtt":	53490,
					"rttvar":	181,
					"pmtu":	1500,
					"omitted":	false,
					"sender":	true
				}],
			"sum":	{
				"start":	9.001064,
				"end":	10.001083,
				"seconds":	1.0000189542770386,
				"bytes":	1179648,
				"bits_per_second":	9437005.12839038,
				"retransmits":	12,
				"omitted":	false,
				"sender":	true
			}
		}, {
			"streams":	[{
					"socket":	5,
					"start":	10.001083,
					"end":	11.000834,
					"seconds":	0.99975097179412842,
					"bytes":	1179648,
					"bits_per_second":	9439534.71039319,
					"retransmits":	8,
					"snd_cwnd":	124528,
					"snd_wnd":	2082304,
					"rtt":	51165,
					"rttvar":	128,
					"pmtu":	1500,
					"omitted":	false,
					"sender":	true
				}],
			"sum":	{
				"start":	10.001083,
				"end":	11.000834,
				"seconds":	0.99975097179412842,
				"bytes":	1179648,
				"bits_per_second":	9439534.71039319,
				"retransmits":	8,
				"omitted":	false,
				"sender":	true
			}
		}, {
			"streams":	[{
					"socket":	5,
					"start":	11.000834,
					"end":	12.000884,
					"seconds":	1.0000499486923218,
					"bytes":	1179648,
					"bits_per_second":	9436712.64854339,
					"retransmits":	13,
					"snd_cwnd":	121632,
					"snd_wnd":	2082304,
					"rtt":	55855,
					"rttvar":	2113,
					"pmtu":	1500,
					"omitted":	false,
					"sender":	true
				}],
			"sum":	{
				"start":	11.000834,
				"end":	12.000884,
				"seconds":	1.0000499486923218,
				"bytes":	1179648,
				"bits_per_second":	9436712.64854339,