{
	"start":	{
		"connected":	[{
				"socket":	5,
				"local_host":	"10.0.0.2",
				"local_port":	5201,
				"remote_host":	"10.0.0.1",
				"remote_port":	57736
			}],
		"version":	"iperf 3.16",
		"system_info":	"Linux mininet 6.8.0-88-generic #89-Ubuntu SMP PREEMPT_DYNAMIC Sat Oct 11 01:02:46 UTC 2025 x86_64",
		"sock_bufsize":	0,
		"sndbuf_actual":	87380,
		"rcvbuf_actual":	87380,
		"timestamp":	{
			"time":	"Tue, 02 Dec 2025 18:39:41 GMT",
			"timesecs":	1764700781
		},
		"accepted_connection":	{
			"host":	"10.0.0.1",
			"port":	57728
		},
		"cookie":	"kh3m5wa6jdnegw6wx77p5t4qyrude536k7ps",
		"tcp_mss_default":	0,
		"target_bitrate":	0,
		"fq_rate":	0,
		"test_start":	{
			"protocol":	"TCP",
			"num_streams":	1,
			"blksize":	131072,
			"omit":	0,
			"duration":	20,
			"bytes":	0,
			"blocks":	0,
			"reverse":	0,
			"tos":	0,
			"target_bitrate":	0,
			"bidir":	0,
			"fqrate":	0
		}
	},
	"intervals":	[{
			"streams":	[{
					"socket":	5,
					"start":	0,
					"end":	1.000959,
					"seconds":	1.000959038734436,
					"bytes":	1048576,
					"bits_per_second":	8380570.7080742763,
					"omitted":	false,
					"sender":	false
				}],
			"sum":	{
				"start":	0,
				"end":	1.000959,
				"seconds":	1.000959038734436,
				"bytes":	1048576,
				"bits_per_second":	8380570.7080742763,
				"omitted":	false,
				"sender":	false
			}
		}, {
			"streams":	[{
					"socket":	5,
					"start":	1.000959,
					"end":	2.000646,
					"seconds":	0.99968701601028442,
					"bytes":	1179648,
					"bits_per_second":	9440138.61224633,
					"omitted":	false,
					"sender":	false
				}],
			"sum":	{
				"start":	1.000959,
				"end":	2.000646,
				"seconds":	0.99968701601028442,
				"bytes":	1179648,
				"bits_per_second":	9440138.61224633,
				"omitted":	false,
				"sender":	false
			}
		}, {
			"streams":	[{
					"socket":	5,
					"start":	2.000646,
					"end":	3.000574,
					"seconds":	0.99992799758911133,
					"bytes":	1179648,
					"bits_per_second":	9437863.54892916,
					"omitted":	false,
					"sender":	false
				}],
			"sum":	{
				"start":	2.000646,
				"end":	3.000574,
				"seconds":	0.99992799758911133,
				"bytes":	1179648,
				"bits_per_second":	9437863.54892916,
				"omitted":	false,
				"sender":	false
			}
		}, {
			"streams":	[{
					"socket":	5,
					"start":	3.000574,
					"end":	4.001015,
					"seconds":	1.0004409551620483,
					"bytes":	1179648,
					"bits_per_second":	9433024.459171,
					"omitted":	false,
					"sender":	false
				}],
			"sum":	{
				"start":	3.000574,
				"end":	4.001015,
				"seconds":	1.0004409551620483,
				"bytes":	1179648,
				"bits_per_second":	9433024.459171,
				"omitted":	false,
				"sender":	false
			}
		}, {
			"streams":	[{
					"socket":	5,
					"start":	4.001015,
					"end":	5.000743,
					"seconds":	0.99972802400589,
					"bytes":	1179648,
					"bits_per_second":	9439751.385767296,
					"omitted":	false,
					"sender":	false
				}],
			"sum":	{
				"start":	4.001015,
				"end":	5.000743,
				"seconds":	0.99972802400589,
				"bytes":	1179648,
				"bits_per_second":	9439751.385767296,
				"omitted":	false,
				"sender":	false
			}
		}, {
			"streams":	[{
					"socket":	5,
					"start":	5.000743,
					"end":	6.000845,
					"seconds":	1.0001020431518555,
					"bytes":	1179648,
					"bits_per_second":	9436221.09825753,
					"omitted":	false,
					"sender":	false
				}],
			"sum":	{
				"start":	5.000743,
				"end":	6.000845,
				"seconds":	1.0001020431518555,
				"bytes":	1179648,
				"bits_per_second":	9436221.09825753,
				"omitted":	false,
				"sender":	false
			}
		}, {
			"streams":	[{
					"socket":	5,
					"start":	6.000845,
					"end":	7.00071,
					"seconds":	0.99986499547958374,
					"bytes":	1179648,
					"bits_per_second":	9438458.23452742,
					"omitted":	false,
					"sender":	false
				}],
			"sum":	{
				"start":	6.000845,
				"end":	7.00071,
				"seconds":	0.99986499547958374,
				"bytes":	1179648,
				"bits_per_second":	9438458.23452742,
				"omitted":	false,
				"sender":	false
			}
		}, {
			"streams":	[{
					"socket":	5,
					"start":	7.00071,
					"end":	8.000889,
					"seconds":	1.0001790523529053,
					"bytes":	1179648,
					"bits_per_second":	9435494.55249955,
					"omitted":	false,
					"sender":	false
				}],
			"sum":	{
				"start":	7.00071,
				"end":	8.000889,
				"seconds":	1.0001790523529053,
				"bytes":	1179648,
				"bits_per_second":	9435494.55249955,
				"omitted":	false,
				"sender":	false
			}
		}, {
			"streams":	[{
					"socket":	5,
					"start":	8.000889,
					"end":	9.000957,
					"seconds":	1.0000679492950439,
					"bytes":	1179648,
					"bits_per_second":	9436542.7935695257,
					"omitted":	false,
					"sender":	false
				}],
			"sum":	{
				"start":	8.000889,
				"end":	9.000957,
				"seconds":	1.0000679492950439,
				"bytes":	1179648,
				"bits_per_second":	9436542.7935695257,
				"omitted":	false,
				"sender":	false
			}
		}, {
			"streams":	[{
					"socket":	5,
					"start":	9.000957,
					"end":	10.000734,
					"seconds":	0.99977701902389526,
					"bytes":	1310720,
					"bits_per_second":	10488098.646473674,
					"omitted":	false,
					"sender":	false
				}],
			"sum":	{
				"start":	9.000957,
				"end":	10.000734,
				"seconds":	0.99977701902389526,
				"bytes":	1310720,
				"bits_per_second":	10488098.646473674,
				"omitted":	false,
				"sender":	false
			}
		}, {
			"streams":	[{
					"socket":	5,
					"start":	10.000734,
					"end":	11.000794,
					"seconds":	1.000059962272644,
					"bytes":	1179648,
					"bits_per_second":	9436618.158929117,
					"omitted":	false,
					"sender":	false
				}],
			"sum":	{
				"start":	10.000734,
				"end":	11.000794,
				"seconds":	1.000059962272644,
				"bytes":	1179648,
				"bits_per_second":	9436618.158929117,
				"omitted":	false,
				"sender":	false
			}
		}, {
			"streams":	[{
					"socket":	5,
					"start":	11.000794,
					"end":	12.000936,
					"seconds":	1.000141978263855,
					"bytes":	917504,
					"bits_per_second":	7338990.0229380941,
					"omitted":	false,
					"sender":	false
				}],
			"sum":	{
				"start":	11.000794,
				"end":	12.000936,
				"seconds":	1.000141978263855,
				"bytes":	917504,
				"bits_per_second":	7338990.0229380941,
				"omitted":	false,
				"sender":	false
			}
		}, {
			"streams":	[{
					"socket":	5,
					"start":	12.000936,
					"end":	13.000363,
					"seconds":	0.99942702054977417,
					"bytes":	1179648,
					"bits_per_second":	9442594.41255521,
					"omitted":	false,
					"sender":	false
				}],
			"sum":	{
				"start":	12.000936,
				"end":	13.000363,
				"seconds":	0.99942702054977417,
				"bytes":	1179648,
				"bits_per_second":	9442594.41255521,
				"omitted":	false,
				"sender":	false
			}
		}, {
			"streams":	[{
					"socket":	5,
					"start":	13.000363,
					"end":	14.000994,
					"seconds":	1.0006309747695923,
					"bytes":	1179648,
					"bits_per_second":	9431233.12984892,
					"omitted":	false,
					"sender":	false
				}],
			"sum":	{
				"start":	13.000363,
				"end":	14.000994,
				"seconds":	1.0006309747695923,
				"bytes":	1179648,
				"bits_per_second":	9431233.12984892,
				"omitted":	false,
				"sender":	false
			}
		}, {
			"streams":	[{
					"socket":	5,
					"start":	14.000994,
					"end":	15.00091,
					"seconds":	0.99991601705551147,
					"bytes":	1179648,
					"bits_per_second":	9437976.62906732,
					"omitted":	false,
					"sender":	false
				}],
			"sum":	{
				"start":	14.000994,
				"end":	15.00091,
				"seconds":	0.99991601705551147,
				"bytes":	1179648,
				"bits_per_second":	9437976.62906732,
				"omitted":	false,
				"sender":	false
			}
		}, {
			"streams":	[{
					"socket":	5,
					"start":	15.00091,
					"end":	16.000535,
					"seconds":	0.999625027179718,
					"bytes":	1179648,
					"bits_per_second":	9440724.0149093736,
					"omitted":	false,
					"sender":	false
				}],
			"sum":	{
				"start":	15.00091,
				"end":	16.000535,
				"seconds":	0.999625027179718,
				"bytes":	1179648,
				"bits_per_second":	9440724.0149093736,
				"omitted":	false,