{
	"start":	{
		"connected":	[{
				"socket":	5,
				"local_host":	"10.0.0.1",
				"local_port":	58928,
				"remote_host":	"10.0.0.2",
				"remote_port":	5201
			}],
		"version":	"iperf 3.16",
		"system_info":	"Linux mininet 6.8.0-88-generic #89-Ubuntu SMP PREEMPT_DYNAMIC Sat Oct 11 01:02:46 UTC 2025 x86_64",
		"timestamp":	{
			"time":	"Tue, 02 Dec 2025 18:40:04 GMT",
			"timesecs":	1764700804
		},
		"connecting_to":	{
			"host":	"10.0.0.2",
			"port":	5201
		},
		"cookie":	"cczfd7glfnyyzyln5r33hj4rxo6ce3r2c5qv",
		"tcp_mss_default":	1448,
		"target_bitrate":	0,
		"fq_rate":	0,
		"sock_bufsize":	0,
		"sndbuf_actual":	87380,
		"rcvbuf_actual":	87380,
		"test_start":	{
			"protocol":	"TCP",
			"num_streams":	1,
			"blksize":	131072,
			"omit":	0,
			"duration":	20,
			"bytes":	0,
			"blocks":	0,
			"reverse":	0,
			"tos":	0,
			"target_bitrate":	0,
			"bidir":	0,
			"fqrate":	0
		}
	},
	"intervals":	[{
			"streams":	[{
					"socket":	5,
					"start":	0,
					"end":	1.001215,
					"seconds":	1.0012149810791016,
					"bytes":	2490368,
					"bits_per_second":	19898767.374142975,
					"retransmits":	11,
					"snd_cwnd":	179552,
					"snd_wnd":	1530368,
					"rtt":	138052,
					"rttvar":	143,
					"pmtu":	1500,
					"omitted":	false,
					"sender":	true
				}],
			"sum":	{
				"start":	0,
				"end":	1.001215,
				"seconds":	1.0012149810791016,
				"bytes":	2490368,
				"bits_per_second":	19898767.374142975,
				"retransmits":	11,
				"omitted":	false,
				"sender":	true
			}
		}, {
			"streams":	[{
					"socket":	5,
					"start":	1.001215,
					"end":	2.001253,
					"seconds":	1.0000380277633667,
					"bytes":	1179648,
					"bits_per_second":	9436825.1386466939,
					"retransmits":	10,
					"snd_cwnd":	97016,
					"snd_wnd":	1530368,
					"rtt":	54718,
					"rttvar":	380,
					"pmtu":	1500,
					"omitted":	false,
					"sender":	true
				}],
			"sum":	{
				"start":	1.001215,
				"end":	2.001253,
				"seconds":	1.0000380277633667,
				"bytes":	1179648,
				"bits_per_second":	9436825.1386466939,
				"retransmits":	10,
				"omitted":	false,
				"sender":	true
			}
		}, {
			"streams":	[{
					"socket":	5,
					"start":	2.001253,
					"end":	3.001181,
					"seconds":	0.99992799758911133,
					"bytes":	1179648,
					"bits_per_second":	9437863.54892916,
					"retransmits":	12,
					"snd_cwnd":	124528,
					"snd_wnd":	1530368,
					"rtt":	56680,
					"rttvar":	2084,
					"pmtu":	1500,
					"omitted":	false,
					"sender":	true
				}],
			"sum":	{
				"start":	2.001253,
				"end":	3.001181,
				"seconds":	0.99992799758911133,
				"bytes":	1179648,
				"bits_per_second":	9437863.54892916,
				"retransmits":	12,
				"omitted":	false,
				"sender":	true
			}
		}, {
			"streams":	[{
					"socket":	5,
					"start":	3.001181,
					"end":	4.001031,
					"seconds":	0.99984997510910034,
					"bytes":	1179648,
					"bits_per_second":	9438600.02493899,
					"retransmits":	10,
					"snd_cwnd":	127424,
					"snd_wnd":	1530368,
					"rtt":	53844,
					"rttvar":	883,
					"pmtu":	1500,
					"omitted":	false,
					"sender":	true
				}],
			"sum":	{
				"start":	3.001181,
				"end":	4.001031,
				"seconds":	0.99984997510910034,
				"bytes":	1179648,
				"bits_per_second":	9438600.02493899,
				"retransmits":	10,
				"omitted":	false,
				"sender":	true
			}
		}, {
			"streams":	[{
					"socket":	5,
					"start":	4.001031,
					"end":	5.001045,
					"seconds":	1.0000139474868774,
					"bytes":	1179648,
					"bits_per_second":	9437052.37683581,
					"retransmits":	6,
					"snd_cwnd":	124528,
					"snd_wnd":	1530368,
					"rtt":	55973,
					"rttvar":	284,
					"pmtu":	1500,
					"omitted":	false,
					"sender":	true
				}],
			"sum":	{
				"start":	4.001031,
				"end":	5.001045,
				"seconds":	1.0000139474868774,
				"bytes":	1179648,
				"bits_per_second":	9437052.37683581,
				"retransmits":	6,
				"omitted":	false,
				"sender":	true
			}
		}, {
			"streams":	[{
					"socket":	5,
					"start":	5.001045,
					"end":	6.001227,
					"seconds":	1.000182032585144,
					"bytes":	1179648,
					"bits_per_second":	9435466.4376523141,
					"retransmits":	2,
					"snd_cwnd":	124528,
					"snd_wnd":	1530368,
					"rtt":	70008,
					"rttvar":	1510,
					"pmtu":	1500,
					"omitted":	false,
					"sender":	true
				}],
			"sum":	{
				"start":	5.001045,
				"end":	6.001227,
				"seconds":	1.000182032585144,
				"bytes":	1179648,
				"bits_per_second":	9435466.4376523141,
				"retransmits":	2,
				"omitted":	false,
				"sender":	true
			}
		}, {
			"streams":	[{
					"socket":	5,
					"start":	6.001227,
					"end":	7.001252,
					"seconds":	1.0000250339508057,
					"bytes":	1179648,
					"bits_per_second":	9436947.7559141237,
					"retransmits":	10,
					"snd_cwnd":	127424,
					"snd_wnd":	1530368,
					"rtt":	56715,
					"rttvar":	454,
					"pmtu":	1500,
					"omitted":	false,
					"sender":	true
				}],
			"sum":	{
				"start":	6.001227,
				"end":	7.001252,
				"seconds":	1.0000250339508057,
				"bytes":	1179648,
				"bits_per_second":	9436947.7559141237,
				"retransmits":	10,
				"omitted":	false,
				"sender":	true
			}
		}, {
			"streams":	[{
					"socket":	5,
					"start":	7.001252,
					"end":	8.001004,
					"seconds":	0.9997519850730896,
					"bytes":	1048576,
					"bits_per_second":	8390689.01612306,
					"retransmits":	10,
					"snd_cwnd":	124528,
					"snd_wnd":	1532928,
					"rtt":	52156,
					"rttvar":	168,
					"pmtu":	1500,
					"omitted":	false,
					"sender":	true
				}],
			"sum":	{
				"start":	7.001252,
				"end":	8.001004,
				"seconds":	0.9997519850730896,
				"bytes":	1048576,
				"bits_per_second":	8390689.01612306,
				"retransmits":	10,
				"omitted":	false,
				"sender":	true
			}
		}, {
			"streams":	[{
					"socket":	5,
					"start":	8.001004,
					"end":	9.001285,
					"seconds":	1.0002809762954712,
					"bytes":	1179648,
					"bits_per_second":	9434533.11983449,
					"retransmits":	4,
					"snd_cwnd":	124528,
					"snd_wnd":	1530368,
					"rtt":	56132,
					"rttvar":	2041,
					"pmtu":	1500,
					"omitted":	false,
					"sender":	true
				}],
			"sum":	{
				"start":	8.001004,
				"end":	9.001285,
				"seconds":	1.0002809762954712,
				"bytes":	1179648,
				"bits_per_second":	9434533.11983449,
				"retransmits":	4,
				"omitted":	false,
				"sender":	true
			}
		}, {
			"streams":	[{
					"socket":	5,
					"start":	9.001285,
					"end":	10.00103,
					"seconds":	0.999745011329651,
					"bytes":	1179648,
					"bits_per_second":	9439590.9887548629,
					"retransmits":	4,
					"snd_cwnd":	121632,
					"snd_wnd":	1530368,
					"rtt":	53395,
					"rttvar":	2075,
					"pmtu":	1500,
					"omitted":	false,
					"sender":	true
				}],
			"sum":	{
				"start":	9.001285,
				"end":	10.00103,
				"seconds":	0.999745011329651,
				"bytes":	1179648,
				"bits_per_second":	9439590.9887548629,
				"retransmits":	4,
				"omitted":	false,
				"sender":	true
			}
		}, {
			"streams":	[{
					"socket":	5,
					"start":	10.00103,
					"end":	11.001041,
					"seconds":	1.0000109672546387,
					"bytes":	1179648,
					"bits_per_second":	9437080.5011351,
					"retransmits":	4,
					"snd_cwnd":	124528,
					"snd_wnd":	1530368,
					"rtt":	48565,
					"rttvar":	169,
					"pmtu":	1500,
					"omitted":	false,
					"sender":	true
				}],
			"sum":	{
				"start":	10.00103,
				"end":	11.001041,
				"seconds":	1.0000109672546387,
				"bytes":	1179648,
				"bits_per_second":	9437080.5011351,
				"retransmits":	4,
				"omitted":	false,
				"sender":	true
			}
		}, {
			"streams":	[{
					"socket":	5,
					"start":	11.001041,
					"end":	12.001291,
					"seconds":	1.000249981880188,
					"bytes":	1179648,
					"bits_per_second":	9434825.4645911157,
					"retransmits":	11,
					"snd_cwnd":	124528,
					"snd_wnd":	1530368,
					"rtt":	61070,
					"rttvar":	1896,
					"pmtu":	1500,
					"omitted":	false,
					"sender":	true
				}],
			"sum":	{
				"start":	11.001041,
				"end":	12.001291,
				"seconds":	1.000249981880188,
				"bytes":	1179648,
				"bits_per_second":	9434825.4645911157,