{
	"start":	{
		"connected":	[{
				"socket":	5,
				"local_host":	"10.0.0.2",
				"local_port":	5201,
				"remote_host":	"10.0.0.1",
				"remote_port":	58928
			}],
		"version":	"iperf 3.16",
		"system_info":	"Linux mininet 6.8.0-88-generic #89-Ubuntu SMP PREEMPT_DYNAMIC Sat Oct 11 01:02:46 UTC 2025 x86_64",
		"sock_bufsize":	0,
		"sndbuf_actual":	87380,
		"rcvbuf_actual":	87380,
		"timestamp":	{
			"time":	"Tue, 02 Dec 2025 18:40:04 GMT",
			"timesecs":	1764700804
		},
		"accepted_connection":	{
			"host":	"10.0.0.1",
			"port":	58918
		},
		"cookie":	"cczfd7glfnyyzyln5r33hj4rxo6ce3r2c5qv",
		"tcp_mss_default":	0,
		"target_bitrate":	0,
		"fq_rate":	0,
		"test_start":	{
			"protocol":	"TCP",
			"num_streams":	1,
			"blksize":	131072,
			"omit":	0,
			"duration":	20,
			"bytes":	0,
			"blocks":	0,
			"reverse":	0,
			"tos":	0,
			"target_bitrate":	0,
			"bidir":	0,
			"fqrate":	0
		}
	},
	"intervals":	[{
			"streams":	[{
					"socket":	5,
					"start":	0,
					"end":	1.000894,
					"seconds":	1.0008939504623413,
					"bytes":	1048576,
					"bits_per_second":	8381115.6977470629,
					"omitted":	false,
					"sender":	false
				}],
			"sum":	{
				"start":	0,
				"end":	1.000894,
				"seconds":	1.0008939504623413,
				"bytes":	1048576,
				"bits_per_second":	8381115.6977470629,
				"omitted":	false,
				"sender":	false
			}
		}, {
			"streams":	[{
					"socket":	5,
					"start":	1.000894,
					"end":	2.000534,
					"seconds":	0.99963998794555664,
					"bytes":	1048576,
					"bits_per_second":	8391629.0876279641,
					"omitted":	false,
					"sender":	false
				}],
			"sum":	{
				"start":	1.000894,
				"end":	2.000534,
				"seconds":	0.99963998794555664,
				"bytes":	1048576,
				"bits_per_second":	8391629.0876279641,
				"omitted":	false,
				"sender":	false
			}
		}, {
			"streams":	[{
					"socket":	5,
					"start":	2.000534,
					"end":	3.000964,
					"seconds":	1.00042998790741,
					"bytes":	1310720,
					"bits_per_second":	10481253.187874714,
					"omitted":	false,
					"sender":	false
				}],
			"sum":	{
				"start":	2.000534,
				"end":	3.000964,
				"seconds":	1.00042998790741,
				"bytes":	1310720,
				"bits_per_second":	10481253.187874714,
				"omitted":	false,
				"sender":	false
			}
		}, {
			"streams":	[{
					"socket":	5,
					"start":	3.000964,
					"end":	4.000996,
					"seconds":	1.0000319480895996,
					"bytes":	1179648,
					"bits_per_second":	9436882.50963204,
					"omitted":	false,
					"sender":	false
				}],
			"sum":	{
				"start":	3.000964,
				"end":	4.000996,
				"seconds":	1.0000319480895996,
				"bytes":	1179648,
				"bits_per_second":	9436882.50963204,
				"omitted":	false,
				"sender":	false
			}
		}, {
			"streams":	[{
					"socket":	5,
					"start":	4.000996,
					"end":	5.000774,
					"seconds":	0.99977797269821167,
					"bytes":	1179648,
					"bits_per_second":	9439279.7778198943,
					"omitted":	false,
					"sender":	false
				}],
			"sum":	{
				"start":	4.000996,
				"end":	5.000774,
				"seconds":	0.99977797269821167,
				"bytes":	1179648,
				"bits_per_second":	9439279.7778198943,
				"omitted":	false,
				"sender":	false
			}
		}, {
			"streams":	[{
					"socket":	5,
					"start":	5.000774,
					"end":	6.001079,
					"seconds":	1.0003050565719604,
					"bytes":	1179648,
					"bits_per_second":	9434306.0029519144,
					"omitted":	false,
					"sender":	false
				}],
			"sum":	{
				"start":	5.000774,
				"end":	6.001079,
				"seconds":	1.0003050565719604,
				"bytes":	1179648,
				"bits_per_second":	9434306.0029519144,
				"omitted":	false,
				"sender":	false
			}
		}, {
			"streams":	[{
					"socket":	5,
					"start":	6.001079,
					"end":	7.000629,
					"seconds":	0.9995499849319458,
					"bytes":	1179648,
					"bits_per_second":	9441432.78701818,
					"omitted":	false,
					"sender":	false
				}],
			"sum":	{
				"start":	6.001079,
				"end":	7.000629,
				"seconds":	0.9995499849319458,
				"bytes":	1179648,
				"bits_per_second":	9441432.78701818,
				"omitted":	false,
				"sender":	false
			}
		}, {
			"streams":	[{
					"socket":	5,
					"start":	7.000629,
					"end":	8.001073,
					"seconds":	1.0004440546035767,
					"bytes":	1179648,
					"bits_per_second":	9432995.2350403629,
					"omitted":	false,
					"sender":	false
				}],
			"sum":	{
				"start":	7.000629,
				"end":	8.001073,
				"seconds":	1.0004440546035767,
				"bytes":	1179648,
				"bits_per_second":	9432995.2350403629,
				"omitted":	false,
				"sender":	false
			}
		}, {
			"streams":	[{
					"socket":	5,
					"start":	8.001073,
					"end":	9.001682,
					"seconds":	1.0006090402603149,
					"bytes":	1310720,
					"bits_per_second":	10479377.637115952,
					"omitted":	false,
					"sender":	false
				}],
			"sum":	{
				"start":	8.001073,
				"end":	9.001682,
				"seconds":	1.0006090402603149,
				"bytes":	1310720,
				"bits_per_second":	10479377.637115952,
				"omitted":	false,
				"sender":	false
			}
		}, {
			"streams":	[{
					"socket":	5,
					"start":	9.001682,
					"end":	10.000706,
					"seconds":	0.999023973941803,
					"bytes":	1179648,
					"bits_per_second":	9446403.93639818,
					"omitted":	false,
					"sender":	false
				}],
			"sum":	{
				"start":	9.001682,
				"end":	10.000706,
				"seconds":	0.999023973941803,
				"bytes":	1179648,
				"bits_per_second":	9446403.93639818,
				"omitted":	false,
				"sender":	false
			}
		}, {
			"streams":	[{
					"socket":	5,
					"start":	10.000706,
					"end":	11.000924,
					"seconds":	1.0002180337905884,
					"bytes":	917504,
					"bits_per_second":	7338431.9738597646,
					"omitted":	false,
					"sender":	false
				}],
			"sum":	{
				"start":	10.000706,
				"end":	11.000924,
				"seconds":	1.0002180337905884,
				"bytes":	917504,
				"bits_per_second":	7338431.9738597646,
				"omitted":	false,
				"sender":	false
			}
		}, {
			"streams":	[{
					"socket":	5,
					"start":	11.000924,
					"end":	12.000921,
					"seconds":	0.99999701976776123,
					"bytes":	1179648,
					"bits_per_second":	9437212.12508382,
					"omitted":	false,
					"sender":	false
				}],
			"sum":	{
				"start":	11.000924,
				"end":	12.000921,
				"seconds":	0.99999701976776123,
				"bytes":	1179648,
				"bits_per_second":	9437212.12508382,
				"omitted":	false,
				"sender":	false
			}
		}, {
			"streams":	[{
					"socket":	5,
					"start":	12.000921,
					"end":	13.00077,
					"seconds":	0.999849021434784,
					"bytes":	1179648,
					"bits_per_second":	9438609.02764863,
					"omitted":	false,
					"sender":	false
				}],
			"sum":	{
				"start":	12.000921,
				"end":	13.00077,
				"seconds":	0.999849021434784,
				"bytes":	1179648,
				"bits_per_second":	9438609.02764863,
				"omitted":	false,
				"sender":	false
			}
		}, {
			"streams":	[{
					"socket":	5,
					"start":	13.00077,
					"end":	14.001067,
					"seconds":	1.000296950340271,
					"bytes":	1179648,
					"bits_per_second":	9434382.45691917,
					"omitted":	false,
					"sender":	false
				}],
			"sum":	{
				"start":	13.00077,
				"end":	14.001067,
				"seconds":	1.000296950340271,
				"bytes":	1179648,
				"bits_per_second":	9434382.45691917,
				"omitted":	false,
				"sender":	false
			}
		}, {
			"streams":	[{
					"socket":	5,
					"start":	14.001067,
					"end":	15.000832,
					"seconds":	0.99976497888565063,
					"bytes":	1179648,
					"bits_per_second":	9439402.45888468,
					"omitted":	false,
					"sender":	false
				}],
			"sum":	{
				"start":	14.001067,
				"end":	15.000832,
				"seconds":	0.99976497888565063,
				"bytes":	1179648,
				"bits_per_second":	9439402.45888468,
				"omitted":	false,
				"sender":	false
			}
		}, {
			"streams":	[{
					"socket":	5,
					"start":	15.000832,
					"end":	16.000962,
					"seconds":	1.0001300573349,
					"bytes":	1179648,
					"bits_per_second":	9435956.7846083641,
					"omitted":	false,
					"sender":	false
				}],
			"sum":	{
				"start":	15.000832,
				"end":	16.000962,
				"seconds":	1.0001300573349,
				"bytes":	1179648,
				"bits_per_second":	9435956.7846083641,
				"omitted":	false,