{
	"start":	{
		"connected":	[{
				"socket":	5,
				"local_host":	"10.0.0.1",
				"local_port":	52160,
				"remote_host":	"10.0.0.2",
				"remote_port":	5201
			}],
		"version":	"iperf 3.16",
		"system_info":	"Linux mininet 6.8.0-88-generic #89-Ubuntu SMP PREEMPT_DYNAMIC Sat Oct 11 01:02:46 UTC 2025 x86_64",
		"timestamp":	{
			"time":	"Tue, 02 Dec 2025 17:47:14 GMT",
			"timesecs":	1764697634
		},
		"connecting_to":	{
			"host":	"10.0.0.2",
			"port":	5201
		},
		"cookie":	"rj7yyweoyuebeckmrbdwujfrk6w57pkkwm6b",
		"tcp_mss_default":	1448,
		"target_bitrate":	0,
		"fq_rate":	0,
		"sock_bufsize":	0,
		"sndbuf_actual":	87380,
		"rcvbuf_actual":	87380,
		"test_start":	{
			"protocol":	"TCP",
			"num_streams":	1,
			"blksize":	131072,
			"omit":	0,
			"duration":	20,
			"bytes":	0,
			"blocks":	0,
			"reverse":	0,
			"tos":	0,
			"target_bitrate":	0,
			"bidir":	0,
			"fqrate":	0
		}
	},
	"intervals":	[{
			"streams":	[{
					"socket":	5,
					"start":	0,
					"end":	1.000957,
					"seconds":	1.0009570121765137,
					"bytes":	1966080,
					"bits_per_second":	15713601.8916528,
					"retransmits":	4,
					"snd_cwnd":	214304,
					"snd_wnd":	1164288,
					"rtt":	233059,
					"rttvar":	924,
					"pmtu":	1500,
					"omitted":	false,
					"sender":	true
				}],
			"sum":	{
				"start":	0,
				"end":	1.000957,
				"seconds":	1.0009570121765137,
				"bytes":	1966080,
				"bits_per_second":	15713601.8916528,
				"retransmits":	4,
				"omitted":	false,
				"sender":	true
			}
		}, {
			"streams":	[{
					"socket":	5,
					"start":	1.000957,
					"end":	2.001078,
					"seconds":	1.000120997428894,
					"bytes":	1310720,
					"bits_per_second":	10484491.403496915,
					"retransmits":	7,
					"snd_cwnd":	34752,
					"snd_wnd":	1551872,
					"rtt":	45952,
					"rttvar":	1688,
					"pmtu":	1500,
					"omitted":	false,
					"sender":	true
				}],
			"sum":	{
				"start":	1.000957,
				"end":	2.001078,
				"seconds":	1.000120997428894,
				"bytes":	1310720,
				"bits_per_second":	10484491.403496915,
				"retransmits":	7,
				"omitted":	false,
				"sender":	true
			}
		}, {
			"streams":	[{
					"socket":	5,
					"start":	2.001078,
					"end":	3.001658,
					"seconds":	1.0005799531936646,
					"bytes":	1179648,
					"bits_per_second":	9431714.04731653,
					"retransmits":	6,
					"snd_cwnd":	23168,
					"snd_wnd":	1549312,
					"rtt":	46782,
					"rttvar":	2789,
					"pmtu":	1500,
					"omitted":	false,
					"sender":	true
				}],
			"sum":	{
				"start":	2.001078,
				"end":	3.001658,
				"seconds":	1.0005799531936646,
				"bytes":	1179648,
				"bits_per_second":	9431714.04731653,
				"retransmits":	6,
				"omitted":	false,
				"sender":	true
			}
		}, {
			"streams":	[{
					"socket":	5,
					"start":	3.001658,
					"end":	4.000966,
					"seconds":	0.99930799007415771,
					"bytes":	0,
					"bits_per_second":	0,
					"retransmits":	4,
					"snd_cwnd":	21720,
					"snd_wnd":	1551872,
					"rtt":	45232,
					"rttvar":	834,
					"pmtu":	1500,
					"omitted":	false,
					"sender":	true
				}],
			"sum":	{
				"start":	3.001658,
				"end":	4.000966,
				"seconds":	0.99930799007415771,
				"bytes":	0,
				"bits_per_second":	0,
				"retransmits":	4,
				"omitted":	false,
				"sender":	true
			}
		}, {
			"streams":	[{
					"socket":	5,
					"start":	4.000966,
					"end":	5.000959,
					"seconds":	0.99999302625656128,
					"bytes":	524288,
					"bits_per_second":	4194333.2502039839,
					"retransmits":	0,
					"snd_cwnd":	37648,
					"snd_wnd":	1549312,
					"rtt":	45173,
					"rttvar":	901,
					"pmtu":	1500,
					"omitted":	false,
					"sender":	true
				}],
			"sum":	{
				"start":	4.000966,
				"end":	5.000959,
				"seconds":	0.99999302625656128,
				"bytes":	524288,
				"bits_per_second":	4194333.2502039839,
				"retransmits":	0,
				"omitted":	false,
				"sender":	true
			}
		}, {
			"streams":	[{
					"socket":	5,
					"start":	5.000959,
					"end":	6.000974,
					"seconds":	1.0000150203704834,
					"bytes":	655360,
					"bits_per_second":	5242801.2511828365,
					"retransmits":	4,
					"snd_cwnd":	27512,
					"snd_wnd":	1549312,
					"rtt":	45118,
					"rttvar":	339,
					"pmtu":	1500,
					"omitted":	false,
					"sender":	true
				}],
			"sum":	{
				"start":	5.000959,
				"end":	6.000974,
				"seconds":	1.0000150203704834,
				"bytes":	655360,
				"bits_per_second":	5242801.2511828365,
				"retransmits":	4,
				"omitted":	false,
				"sender":	true
			}
		}, {
			"streams":	[{
					"socket":	5,
					"start":	6.000974,
					"end":	7.000962,
					"seconds":	0.9999880194664,
					"bytes":	524288,
					"bits_per_second":	4194354.25060203,
					"retransmits":	2,
					"snd_cwnd":	31856,
					"snd_wnd":	1551872,
					"rtt":	44984,
					"rttvar":	429,
					"pmtu":	1500,
					"omitted":	false,
					"sender":	true
				}],
			"sum":	{
				"start":	6.000974,
				"end":	7.000962,
				"seconds":	0.9999880194664,
				"bytes":	524288,
				"bits_per_second":	4194354.25060203,
				"retransmits":	2,
				"omitted":	false,
				"sender":	true
			}
		}, {
			"streams":	[{
					"socket":	5,
					"start":	7.000962,
					"end":	8.00102,
					"seconds":	1.0000580549240112,
					"bytes":	655360,
					"bits_per_second":	5242575.6426694421,
					"retransmits":	4,
					"snd_cwnd":	24616,
					"snd_wnd":	1549312,
					"rtt":	45693,
					"rttvar":	788,
					"pmtu":	1500,
					"omitted":	false,
					"sender":	true
				}],
			"sum":	{
				"start":	7.000962,
				"end":	8.00102,
				"seconds":	1.0000580549240112,
				"bytes":	655360,
				"bits_per_second":	5242575.6426694421,
				"retransmits":	4,
				"omitted":	false,
				"sender":	true
			}
		}, {
			"streams":	[{
					"socket":	5,
					"start":	8.00102,
					"end":	9.000985,
					"seconds":	0.999965012073517,
					"bytes":	524288,
					"bits_per_second":	4194450.755134658,
					"retransmits":	4,
					"snd_cwnd":	18824,
					"snd_wnd":	1549312,
					"rtt":	44695,
					"rttvar":	274,
					"pmtu":	1500,
					"omitted":	false,
					"sender":	true
				}],
			"sum":	{
				"start":	8.00102,
				"end":	9.000985,
				"seconds":	0.999965012073517,
				"bytes":	524288,
				"bits_per_second":	4194450.755134658,
				"retransmits":	4,
				"omitted":	false,
				"sender":	true
			}
		}, {
			"streams":	[{
					"socket":	5,
					"start":	9.000985,
					"end":	10.00105,
					"seconds":	1.0000649690628052,
					"bytes":	655360,
					"bits_per_second":	5242539.39712865,
					"retransmits":	2,
					"snd_cwnd":	24616,
					"snd_wnd":	1549312,
					"rtt":	44895,
					"rttvar":	476,
					"pmtu":	1500,
					"omitted":	false,
					"sender":	true
				}],
			"sum":	{
				"start":	9.000985,
				"end":	10.00105,
				"seconds":	1.0000649690628052,
				"bytes":	655360,
				"bits_per_second":	5242539.39712865,
				"retransmits":	2,
				"omitted":	false,
				"sender":	true
			}
		}, {
			"streams":	[{
					"socket":	5,
					"start":	10.00105,
					"end":	11.000999,
					"seconds":	0.99994897842407227,
					"bytes":	524288,
					"bits_per_second":	4194518.0109191742,
					"retransmits":	2,
					"snd_cwnd":	28960,
					"snd_wnd":	1549312,
					"rtt":	45063,
					"rttvar":	665,
					"pmtu":	1500,
					"omitted":	false,
					"sender":	true
				}],
			"sum":	{
				"start":	10.00105,
				"end":	11.000999,
				"seconds":	0.99994897842407227,
				"bytes":	524288,
				"bits_per_second":	4194518.0109191742,
				"retransmits":	2,
				"omitted":	false,
				"sender":	true
			}
		}, {
			"streams":	[{
					"socket":	5,
					"start":	11.000999,
					"end":	12.001019,
					"seconds":	1.0000200271606445,
					"bytes":	655360,
					"bits_per_second":	5242775.00210281,
					"retransmits":	5,
					"snd_cwnd":	15928,
					"snd_wnd":	1549312,
					"rtt":	46092,
					"rttvar":	2432,
					"pmtu":	1500,
					"omitted":	false,
					"sender":	true
				}],
			"sum":	{
				"start":	11.000999,
				"end":	12.001019,
				"seconds":	1.0000200271606445,
				"bytes":	655360,
				"bits_per_second":	5242775.00210281,
				"retransmits":	5,
				"omitted":	false,