{
	"start":	{
		"connected":	[{
				"socket":	5,
				"local_host":	"10.0.0.2",
				"local_port":	5201,
				"remote_host":	"10.0.0.1",
				"remote_port":	52160
			}],
		"version":	"iperf 3.16",
		"system_info":	"Linux mininet 6.8.0-88-generic #89-Ubuntu SMP PREEMPT_DYNAMIC Sat Oct 11 01:02:46 UTC 2025 x86_64",
		"sock_bufsize":	0,
		"sndbuf_actual":	87380,
		"rcvbuf_actual":	87380,
		"timestamp":	{
			"time":	"Tue, 02 Dec 2025 17:47:14 GMT",
			"timesecs":	1764697634
		},
		"accepted_connection":	{
			"host":	"10.0.0.1",
			"port":	52152
		},
		"cookie":	"rj7yyweoyuebeckmrbdwujfrk6w57pkkwm6b",
		"tcp_mss_default":	0,
		"target_bitrate":	0,
		"fq_rate":	0,
		"test_start":	{
			"protocol":	"TCP",
			"num_streams":	1,
			"blksize":	131072,
			"omit":	0,
			"duration":	20,
			"bytes":	0,
			"blocks":	0,
			"reverse":	0,
			"tos":	0,
			"target_bitrate":	0,
			"bidir":	0,
			"fqrate":	0
		}
	},
	"intervals":	[{
			"streams":	[{
					"socket":	5,
					"start":	0,
					"end":	1.000677,
					"seconds":	1.0006769895553589,
					"bytes":	786432,
					"bits_per_second":	6287199.631517007,
					"omitted":	false,
					"sender":	false
				}],
			"sum":	{
				"start":	0,
				"end":	1.000677,
				"seconds":	1.0006769895553589,
				"bytes":	786432,
				"bits_per_second":	6287199.631517007,
				"omitted":	false,
				"sender":	false
			}
		}, {
			"streams":	[{
					"socket":	5,
					"start":	1.000677,
					"end":	2.001059,
					"seconds":	1.0003819465637207,
					"bytes":	1310720,
					"bits_per_second":	10481756.529111948,
					"omitted":	false,
					"sender":	false
				}],
			"sum":	{
				"start":	1.000677,
				"end":	2.001059,
				"seconds":	1.0003819465637207,
				"bytes":	1310720,
				"bits_per_second":	10481756.529111948,
				"omitted":	false,
				"sender":	false
			}
		}, {
			"streams":	[{
					"socket":	5,
					"start":	2.001059,
					"end":	3.000463,
					"seconds":	0.999404013156891,
					"bytes":	655360,
					"bits_per_second":	5246006.55088319,
					"omitted":	false,
					"sender":	false
				}],
			"sum":	{
				"start":	2.001059,
				"end":	3.000463,
				"seconds":	0.999404013156891,
				"bytes":	655360,
				"bits_per_second":	5246006.55088319,
				"omitted":	false,
				"sender":	false
			}
		}, {
			"streams":	[{
					"socket":	5,
					"start":	3.000463,
					"end":	4.000349,
					"seconds":	0.99988597631454468,
					"bytes":	393216,
					"bits_per_second":	3146086.7284035347,
					"omitted":	false,
					"sender":	false
				}],
			"sum":	{
				"start":	3.000463,
				"end":	4.000349,
				"seconds":	0.99988597631454468,
				"bytes":	393216,
				"bits_per_second":	3146086.7284035347,
				"omitted":	false,
				"sender":	false
			}
		}, {
			"streams":	[{
					"socket":	5,
					"start":	4.000349,
					"end":	5.000494,
					"seconds":	1.0001449584960938,
					"bytes":	655360,
					"bits_per_second":	5242120.11015249,
					"omitted":	false,
					"sender":	false
				}],
			"sum":	{
				"start":	4.000349,
				"end":	5.000494,
				"seconds":	1.0001449584960938,
				"bytes":	655360,
				"bits_per_second":	5242120.11015249,
				"omitted":	false,
				"sender":	false
			}
		}, {
			"streams":	[{
					"socket":	5,
					"start":	5.000494,
					"end":	6.000624,
					"seconds":	1.0001300573349,
					"bytes":	524288,
					"bits_per_second":	4193758.57093705,
					"omitted":	false,
					"sender":	false
				}],
			"sum":	{
				"start":	5.000494,
				"end":	6.000624,
				"seconds":	1.0001300573349,
				"bytes":	524288,
				"bits_per_second":	4193758.57093705,
				"omitted":	false,
				"sender":	false
			}
		}, {
			"streams":	[{
					"socket":	5,
					"start":	6.000624,
					"end":	7.000193,
					"seconds":	0.999568998813629,
					"bytes":	655360,
					"bits_per_second":	5245140.66184794,
					"omitted":	false,
					"sender":	false
				}],
			"sum":	{
				"start":	6.000624,
				"end":	7.000193,
				"seconds":	0.999568998813629,
				"bytes":	655360,
				"bits_per_second":	5245140.66184794,
				"omitted":	false,
				"sender":	false
			}
		}, {
			"streams":	[{
					"socket":	5,
					"start":	7.000193,
					"end":	8.000187,
					"seconds":	0.99999397993087769,
					"bytes":	524288,
					"bits_per_second":	4194329.2501520077,
					"omitted":	false,
					"sender":	false
				}],
			"sum":	{
				"start":	7.000193,
				"end":	8.000187,
				"seconds":	0.99999397993087769,
				"bytes":	524288,
				"bits_per_second":	4194329.2501520077,
				"omitted":	false,
				"sender":	false
			}
		}, {
			"streams":	[{
					"socket":	5,
					"start":	8.000187,
					"end":	9.000993,
					"seconds":	1.0008059740066528,
					"bytes":	524288,
					"bits_per_second":	4190926.2224009451,
					"omitted":	false,
					"sender":	false
				}],
			"sum":	{
				"start":	8.000187,
				"end":	9.000993,
				"seconds":	1.0008059740066528,
				"bytes":	524288,
				"bits_per_second":	4190926.2224009451,
				"omitted":	false,
				"sender":	false
			}
		}, {
			"streams":	[{
					"socket":	5,
					"start":	9.000993,
					"end":	10.000237,
					"seconds":	0.999243974685669,
					"bytes":	393216,
					"bits_per_second":	3148108.0493775788,
					"omitted":	false,
					"sender":	false
				}],
			"sum":	{
				"start":	9.000993,
				"end":	10.000237,
				"seconds":	0.999243974685669,
				"bytes":	393216,
				"bits_per_second":	3148108.0493775788,
				"omitted":	false,
				"sender":	false
			}
		}, {
			"streams":	[{
					"socket":	5,
					"start":	10.000237,
					"end":	11.000218,
					"seconds":	0.99998098611831665,
					"bytes":	655360,
					"bits_per_second":	5242979.6893954827,
					"omitted":	false,
					"sender":	false
				}],
			"sum":	{
				"start":	10.000237,
				"end":	11.000218,
				"seconds":	0.99998098611831665,
				"bytes":	655360,
				"bits_per_second":	5242979.6893954827,
				"omitted":	false,
				"sender":	false
			}
		}, {
			"streams":	[{
					"socket":	5,
					"start":	11.000218,
					"end":	12.00024,
					"seconds":	1.0000220537185669,
					"bytes":	524288,
					"bits_per_second":	4194211.5020399238,
					"omitted":	false,
					"sender":	false
				}],
			"sum":	{
				"start":	11.000218,
				"end":	12.00024,
				"seconds":	1.0000220537185669,
				"bytes":	524288,
				"bits_per_second":	4194211.5020399238,
				"omitted":	false,
				"sender":	false
			}
		}, {
			"streams":	[{
					"socket":	5,
					"start":	12.00024,
					"end":	13.000814,
					"seconds":	1.000573992729187,
					"bytes":	393216,
					"bits_per_second":	3143923.4108210681,
					"omitted":	false,
					"sender":	false
				}],
			"sum":	{
				"start":	12.00024,
				"end":	13.000814,
				"seconds":	1.000573992729187,
				"bytes":	393216,
				"bits_per_second":	3143923.4108210681,
				"omitted":	false,
				"sender":	false
			}
		}, {
			"streams":	[{
					"socket":	5,
					"start":	13.000814,
					"end":	14.000964,
					"seconds":	1.0001499652862549,
					"bytes":	393216,
					"bits_per_second":	3145256.320735516,
					"omitted":	false,
					"sender":	false
				}],
			"sum":	{
				"start":	13.000814,
				"end":	14.000964,
				"seconds":	1.0001499652862549,
				"bytes":	393216,
				"bits_per_second":	3145256.320735516,
				"omitted":	false,
				"sender":	false
			}
		}, {
			"streams":	[{
					"socket":	5,
					"start":	14.000964,
					"end":	15.000678,
					"seconds":	0.99971401691436768,
					"bytes":	655360,
					"bits_per_second":	5244379.8039185526,
					"omitted":	false,
					"sender":	false
				}],
			"sum":	{
				"start":	14.000964,
				"end":	15.000678,
				"seconds":	0.99971401691436768,
				"bytes":	655360,
				"bits_per_second":	5244379.8039185526,
				"omitted":	false,
				"sender":	false
			}
		}, {
			"streams":	[{
					"socket":	5,
					"start":	15.000678,
					"end":	16.001418,
					"seconds":	1.0007400512695312,
					"bytes":	524288,
					"bits_per_second":	4191202.295420412,
					"omitted":	false,
					"sender":	false
				}],
			"sum":	{
				"start":	15.000678,
				"end":	16.001418,
				"seconds":	1.0007400512695312,
				"bytes":	524288,
				"bits_per_second":	4191202.295420412,
				"omitted":	false,