{
	"start":	{
		"connected":	[{
				"socket":	5,
				"local_host":	"10.0.0.1",
				"local_port":	40990,
				"remote_host":	"10.0.0.2",
				"remote_port":	5201
			}],
		"version":	"iperf 3.16",
		"system_info":	"Linux mininet 6.8.0-88-generic #89-Ubuntu SMP PREEMPT_DYNAMIC Sat Oct 11 01:02:46 UTC 2025 x86_64",
		"timestamp":	{
			"time":	"Tue, 02 Dec 2025 17:03:56 GMT",
			"timesecs":	1764695036
		},
		"connecting_to":	{
			"host":	"10.0.0.2",
			"port":	5201
		},
		"cookie":	"27lfugucww6uwp7w3jolivkxhxqcr5xf63l3",
		"tcp_mss_default":	1448,
		"target_bitrate":	0,
		"fq_rate":	0,
		"sock_bufsize":	0,
		"sndbuf_actual":	87380,
		"rcvbuf_actual":	87380,
		"test_start":	{
			"protocol":	"TCP",
			"num_streams":	1,
			"blksize":	131072,
			"omit":	0,
			"duration":	20,
			"bytes":	0,
			"blocks":	0,
			"reverse":	0,
			"tos":	0,
			"target_bitrate":	0,
			"bidir":	0,
			"fqrate":	0
		}
	},
	"intervals":	[{
			"streams":	[{
					"socket":	5,
					"start":	0,
					"end":	1.000773,
					"seconds":	1.0007729530334473,
					"bytes":	1441792,
					"bits_per_second":	11525427.385940261,
					"retransmits":	2,
					"snd_cwnd":	69504,
					"snd_wnd":	1932800,
					"rtt":	56682,
					"rttvar":	460,
					"pmtu":	1500,
					"omitted":	false,
					"sender":	true
				}],
			"sum":	{
				"start":	0,
				"end":	1.000773,
				"seconds":	1.0007729530334473,
				"bytes":	1441792,
				"bits_per_second":	11525427.385940261,
				"retransmits":	2,
				"omitted":	false,
				"sender":	true
			}
		}, {
			"streams":	[{
					"socket":	5,
					"start":	1.000773,
					"end":	2.000938,
					"seconds":	1.0001649856567383,
					"bytes":	1179648,
					"bits_per_second":	9435627.25684029,
					"retransmits":	2,
					"snd_cwnd":	53576,
					"snd_wnd":	2636800,
					"rtt":	45856,
					"rttvar":	766,
					"pmtu":	1500,
					"omitted":	false,
					"sender":	true
				}],
			"sum":	{
				"start":	1.000773,
				"end":	2.000938,
				"seconds":	1.0001649856567383,
				"bytes":	1179648,
				"bits_per_second":	9435627.25684029,
				"retransmits":	2,
				"omitted":	false,
				"sender":	true
			}
		}, {
			"streams":	[{
					"socket":	5,
					"start":	2.000938,
					"end":	3.00086,
					"seconds":	0.999921977519989,
					"bytes":	1048576,
					"bits_per_second":	8389262.5510697,
					"retransmits":	0,
					"snd_cwnd":	79640,
					"snd_wnd":	2636800,
					"rtt":	64065,
					"rttvar":	221,
					"pmtu":	1500,
					"omitted":	false,
					"sender":	true
				}],
			"sum":	{
				"start":	2.000938,
				"end":	3.00086,
				"seconds":	0.999921977519989,
				"bytes":	1048576,
				"bits_per_second":	8389262.5510697,
				"retransmits":	0,
				"omitted":	false,
				"sender":	true
			}
		}, {
			"streams":	[{
					"socket":	5,
					"start":	3.00086,
					"end":	4.000867,
					"seconds":	1.0000070333480835,
					"bytes":	1310720,
					"bits_per_second":	10485686.250518706,
					"retransmits":	2,
					"snd_cwnd":	65160,
					"snd_wnd":	2636800,
					"rtt":	52274,
					"rttvar":	396,
					"pmtu":	1500,
					"omitted":	false,
					"sender":	true
				}],
			"sum":	{
				"start":	3.00086,
				"end":	4.000867,
				"seconds":	1.0000070333480835,
				"bytes":	1310720,
				"bits_per_second":	10485686.250518706,
				"retransmits":	2,
				"omitted":	false,
				"sender":	true
			}
		}, {
			"streams":	[{
					"socket":	5,
					"start":	4.000867,
					"end":	5.000996,
					"seconds":	1.0001289844512939,
					"bytes":	1048576,
					"bits_per_second":	8387526.1395431776,
					"retransmits":	0,
					"snd_cwnd":	88328,
					"snd_wnd":	2636800,
					"rtt":	71168,
					"rttvar":	553,
					"pmtu":	1500,
					"omitted":	false,
					"sender":	true
				}],
			"sum":	{
				"start":	4.000867,
				"end":	5.000996,
				"seconds":	1.0001289844512939,
				"bytes":	1048576,
				"bits_per_second":	8387526.1395431776,
				"retransmits":	0,
				"omitted":	false,
				"sender":	true
			}
		}, {
			"streams":	[{
					"socket":	5,
					"start":	5.000996,
					"end":	6.000781,
					"seconds":	0.999785006046295,
					"bytes":	1310720,
					"bits_per_second":	10488014.859781219,
					"retransmits":	0,
					"snd_cwnd":	105704,
					"snd_wnd":	2636800,
					"rtt":	86673,
					"rttvar":	1131,
					"pmtu":	1500,
					"omitted":	false,
					"sender":	true
				}],
			"sum":	{
				"start":	5.000996,
				"end":	6.000781,
				"seconds":	0.999785006046295,
				"bytes":	1310720,
				"bits_per_second":	10488014.859781219,
				"retransmits":	0,
				"omitted":	false,
				"sender":	true
			}
		}, {
			"streams":	[{
					"socket":	5,
					"start":	6.000781,
					"end":	7.000774,
					"seconds":	0.99999302625656128,
					"bytes":	1310720,
					"bits_per_second":	10485833.125509959,
					"retransmits":	0,
					"snd_cwnd":	121632,
					"snd_wnd":	2636800,
					"rtt":	99269,
					"rttvar":	273,
					"pmtu":	1500,
					"omitted":	false,
					"sender":	true
				}],
			"sum":	{
				"start":	6.000781,
				"end":	7.000774,
				"seconds":	0.99999302625656128,
				"bytes":	1310720,
				"bits_per_second":	10485833.125509959,
				"retransmits":	0,
				"omitted":	false,
				"sender":	true
			}
		}, {
			"streams":	[{
					"socket":	5,
					"start":	7.000774,
					"end":	8.000777,
					"seconds":	1.0000029802322388,
					"bytes":	1048576,
					"bits_per_second":	8388583.0000745058,
					"retransmits":	4,
					"snd_cwnd":	68056,
					"snd_wnd":	2636800,
					"rtt":	60742,
					"rttvar":	487,
					"pmtu":	1500,
					"omitted":	false,
					"sender":	true
				}],
			"sum":	{
				"start":	7.000774,
				"end":	8.000777,
				"seconds":	1.0000029802322388,
				"bytes":	1048576,
				"bits_per_second":	8388583.0000745058,
				"retransmits":	4,
				"omitted":	false,
				"sender":	true
			}
		}, {
			"streams":	[{
					"socket":	5,
					"start":	8.000777,
					"end":	9.000773,
					"seconds":	0.9999960064888,
					"bytes":	1048576,
					"bits_per_second":	8388641.50013378,
					"retransmits":	2,
					"snd_cwnd":	34752,
					"snd_wnd":	2636800,
					"rtt":	45241,
					"rttvar":	959,
					"pmtu":	1500,
					"omitted":	false,
					"sender":	true
				}],
			"sum":	{
				"start":	8.000777,
				"end":	9.000773,
				"seconds":	0.9999960064888,
				"bytes":	1048576,
				"bits_per_second":	8388641.50013378,
				"retransmits":	2,
				"omitted":	false,
				"sender":	true
			}
		}, {
			"streams":	[{
					"socket":	5,
					"start":	9.000773,
					"end":	10.000776,
					"seconds":	1.0000029802322388,
					"bytes":	1048576,
					"bits_per_second":	8388583.0000745058,
					"retransmits":	0,
					"snd_cwnd":	65160,
					"snd_wnd":	2636800,
					"rtt":	52042,
					"rttvar":	242,
					"pmtu":	1500,
					"omitted":	false,
					"sender":	true
				}],
			"sum":	{
				"start":	9.000773,
				"end":	10.000776,
				"seconds":	1.0000029802322388,
				"bytes":	1048576,
				"bits_per_second":	8388583.0000745058,
				"retransmits":	0,
				"omitted":	false,
				"sender":	true
			}
		}, {
			"streams":	[{
					"socket":	5,
					"start":	10.000776,
					"end":	11.001062,
					"seconds":	1.0002859830856323,
					"bytes":	1310720,
					"bits_per_second":	10482762.107346591,
					"retransmits":	0,
					"snd_cwnd":	88328,
					"snd_wnd":	2634240,
					"rtt":	71267,
					"rttvar":	316,
					"pmtu":	1500,
					"omitted":	false,
					"sender":	true
				}],
			"sum":	{
				"start":	10.000776,
				"end":	11.001062,
				"seconds":	1.0002859830856323,
				"bytes":	1310720,
				"bits_per_second":	10482762.107346591,
				"retransmits":	0,
				"omitted":	false,
				"sender":	true
			}
		}, {
			"streams":	[{
					"socket":	5,
					"start":	11.001062,
					"end":	12.000986,
					"seconds":	0.99992400407791138,
					"bytes":	1048576,
					"bits_per_second":	8389245.54845108,
					"retransmits":	0,
					"snd_cwnd":	105704,
					"snd_wnd":	2636800,
					"rtt":	86745,
					"rttvar":	767,
					"pmtu":	1500,
					"omitted":	false,
					"sender":	true
				}],
			"sum":	{
				"start":	11.001062,
				"end":	12.000986,
				"seconds":	0.99992400407791138,
				"bytes":	1048576,
				"bits_per_second":	8389245.54845108,
				"retransmits":	0,