{
	"start":	{
		"connected":	[{
				"socket":	5,
				"local_host":	"10.0.0.2",
				"local_port":	5201,
				"remote_host":	"10.0.0.1",
				"remote_port":	40990
			}],
		"version":	"iperf 3.16",
		"system_info":	"Linux mininet 6.8.0-88-generic #89-Ubuntu SMP PREEMPT_DYNAMIC Sat Oct 11 01:02:46 UTC 2025 x86_64",
		"sock_bufsize":	0,
		"sndbuf_actual":	87380,
		"rcvbuf_actual":	87380,
		"timestamp":	{
			"time":	"Tue, 02 Dec 2025 17:03:56 GMT",
			"timesecs":	1764695036
		},
		"accepted_connection":	{
			"host":	"10.0.0.1",
			"port":	40984
		},
		"cookie":	"27lfugucww6uwp7w3jolivkxhxqcr5xf63l3",
		"tcp_mss_default":	0,
		"target_bitrate":	0,
		"fq_rate":	0,
		"test_start":	{
			"protocol":	"TCP",
			"num_streams":	1,
			"blksize":	131072,
			"omit":	0,
			"duration":	20,
			"bytes":	0,
			"blocks":	0,
			"reverse":	0,
			"tos":	0,
			"target_bitrate":	0,
			"bidir":	0,
			"fqrate":	0
		}
	},
	"intervals":	[{
			"streams":	[{
					"socket":	5,
					"start":	0,
					"end":	1.001029,
					"seconds":	1.0010290145874023,
					"bytes":	1048576,
					"bits_per_second":	8379984.87332314,
					"omitted":	false,
					"sender":	false
				}],
			"sum":	{
				"start":	0,
				"end":	1.001029,
				"seconds":	1.0010290145874023,
				"bytes":	1048576,
				"bits_per_second":	8379984.87332314,
				"omitted":	false,
				"sender":	false
			}
		}, {
			"streams":	[{
					"socket":	5,
					"start":	1.001029,
					"end":	2.00107,
					"seconds":	1.0000410079956055,
					"bytes":	1048576,
					"bits_per_second":	8388264.0141061721,
					"omitted":	false,
					"sender":	false
				}],
			"sum":	{
				"start":	1.001029,
				"end":	2.00107,
				"seconds":	1.0000410079956055,
				"bytes":	1048576,
				"bits_per_second":	8388264.0141061721,
				"omitted":	false,
				"sender":	false
			}
		}, {
			"streams":	[{
					"socket":	5,
					"start":	2.00107,
					"end":	3.001035,
					"seconds":	0.999965012073517,
					"bytes":	1179648,
					"bits_per_second":	9437514.19905298,
					"omitted":	false,
					"sender":	false
				}],
			"sum":	{
				"start":	2.00107,
				"end":	3.001035,
				"seconds":	0.999965012073517,
				"bytes":	1179648,
				"bits_per_second":	9437514.19905298,
				"omitted":	false,
				"sender":	false
			}
		}, {
			"streams":	[{
					"socket":	5,
					"start":	3.001035,
					"end":	4.001032,
					"seconds":	0.99999701976776123,
					"bytes":	1179648,
					"bits_per_second":	9437212.12508382,
					"omitted":	false,
					"sender":	false
				}],
			"sum":	{
				"start":	3.001035,
				"end":	4.001032,
				"seconds":	0.99999701976776123,
				"bytes":	1179648,
				"bits_per_second":	9437212.12508382,
				"omitted":	false,
				"sender":	false
			}
		}, {
			"streams":	[{
					"socket":	5,
					"start":	4.001032,
					"end":	5.001049,
					"seconds":	1.0000170469284058,
					"bytes":	1179648,
					"bits_per_second":	9437023.12774238,
					"omitted":	false,
					"sender":	false
				}],
			"sum":	{
				"start":	4.001032,
				"end":	5.001049,
				"seconds":	1.0000170469284058,
				"bytes":	1179648,
				"bits_per_second":	9437023.12774238,
				"omitted":	false,
				"sender":	false
			}
		}, {
			"streams":	[{
					"socket":	5,
					"start":	5.001049,
					"end":	6.001033,
					"seconds":	0.9999840259552002,
					"bytes":	1179648,
					"bits_per_second":	9437334.7524081264,
					"omitted":	false,
					"sender":	false
				}],
			"sum":	{
				"start":	5.001049,
				"end":	6.001033,
				"seconds":	0.9999840259552002,
				"bytes":	1179648,
				"bits_per_second":	9437334.7524081264,
				"omitted":	false,
				"sender":	false
			}
		}, {
			"streams":	[{
					"socket":	5,
					"start":	6.001033,
					"end":	7.001036,
					"seconds":	1.0000029802322388,
					"bytes":	1179648,
					"bits_per_second":	9437155.87508382,
					"omitted":	false,
					"sender":	false
				}],
			"sum":	{
				"start":	6.001033,
				"end":	7.001036,
				"seconds":	1.0000029802322388,
				"bytes":	1179648,
				"bits_per_second":	9437155.87508382,
				"omitted":	false,
				"sender":	false
			}
		}, {
			"streams":	[{
					"socket":	5,
					"start":	7.001036,
					"end":	8.001031,
					"seconds":	0.999994993209839,
					"bytes":	1179648,
					"bits_per_second":	9437231.25023657,
					"omitted":	false,
					"sender":	false
				}],
			"sum":	{
				"start":	7.001036,
				"end":	8.001031,
				"seconds":	0.999994993209839,
				"bytes":	1179648,
				"bits_per_second":	9437231.25023657,
				"omitted":	false,
				"sender":	false
			}
		}, {
			"streams":	[{
					"socket":	5,
					"start":	8.001031,
					"end":	9.001062,
					"seconds":	1.0000309944152832,
					"bytes":	917504,
					"bits_per_second":	7339804.50705101,
					"omitted":	false,
					"sender":	false
				}],
			"sum":	{
				"start":	8.001031,
				"end":	9.001062,
				"seconds":	1.0000309944152832,
				"bytes":	917504,
				"bits_per_second":	7339804.50705101,
				"omitted":	false,
				"sender":	false
			}
		}, {
			"streams":	[{
					"socket":	5,
					"start":	9.001062,
					"end":	10.000989,
					"seconds":	0.99992698431015,
					"bytes":	1048576,
					"bits_per_second":	8389220.5447253752,
					"omitted":	false,
					"sender":	false
				}],
			"sum":	{
				"start":	9.001062,
				"end":	10.000989,
				"seconds":	0.99992698431015,
				"bytes":	1048576,
				"bits_per_second":	8389220.5447253752,
				"omitted":	false,
				"sender":	false
			}
		}, {
			"streams":	[{
					"socket":	5,
					"start":	10.000989,
					"end":	11.001006,
					"seconds":	1.0000170469284058,
					"bytes":	1310720,
					"bits_per_second":	10485581.253047086,
					"omitted":	false,
					"sender":	false
				}],
			"sum":	{
				"start":	10.000989,
				"end":	11.001006,
				"seconds":	1.0000170469284058,
				"bytes":	1310720,
				"bits_per_second":	10485581.253047086,
				"omitted":	false,
				"sender":	false
			}
		}, {
			"streams":	[{
					"socket":	5,
					"start":	11.001006,
					"end":	12.001022,
					"seconds":	1.0000159740448,
					"bytes":	1179648,
					"bits_per_second":	9437033.25240805,
					"omitted":	false,
					"sender":	false
				}],
			"sum":	{
				"start":	11.001006,
				"end":	12.001022,
				"seconds":	1.0000159740448,
				"bytes":	1179648,
				"bits_per_second":	9437033.25240805,
				"omitted":	false,
				"sender":	false
			}
		}, {
			"streams":	[{
					"socket":	5,
					"start":	12.001022,
					"end":	13.001034,
					"seconds":	1.0000120401382446,
					"bytes":	1179648,
					"bits_per_second":	9437070.3763680439,
					"omitted":	false,
					"sender":	false
				}],
			"sum":	{
				"start":	12.001022,
				"end":	13.001034,
				"seconds":	1.0000120401382446,
				"bytes":	1179648,
				"bits_per_second":	9437070.3763680439,
				"omitted":	false,
				"sender":	false
			}
		}, {
			"streams":	[{
					"socket":	5,
					"start":	13.001034,
					"end":	14.001013,
					"seconds":	0.999979019165039,
					"bytes":	1179648,
					"bits_per_second":	9437382.0041542929,
					"omitted":	false,
					"sender":	false
				}],
			"sum":	{
				"start":	13.001034,
				"end":	14.001013,
				"seconds":	0.999979019165039,
				"bytes":	1179648,
				"bits_per_second":	9437382.0041542929,
				"omitted":	false,
				"sender":	false
			}
		}, {
			"streams":	[{
					"socket":	5,
					"start":	14.001013,
					"end":	15.001031,
					"seconds":	1.0000180006027222,
					"bytes":	1179648,
					"bits_per_second":	9437014.1280577965,
					"omitted":	false,
					"sender":	false
				}],
			"sum":	{
				"start":	14.001013,
				"end":	15.001031,
				"seconds":	1.0000180006027222,
				"bytes":	1179648,
				"bits_per_second":	9437014.1280577965,
				"omitted":	false,
				"sender":	false
			}
		}, {
			"streams":	[{
					"socket":	5,
					"start":	15.001031,
					"end":	16.001033,
					"seconds":	1.0000020265579224,
					"bytes":	1179648,
					"bits_per_second":	9437164.87503876,
					"omitted":	false,
					"sender":	false
				}],
			"sum":	{
				"start":	15.001031,
				"end":	16.001033,
				"seconds":	1.0000020265579224,
				"bytes":	1179648,
				"bits_per_second":	9437164.87503876,
				"omitted":	false,