{
	"start":	{
		"connected":	[{
				"socket":	5,
				"local_host":	"10.0.0.1",
				"local_port":	56702,
				"remote_host":	"10.0.0.2",
				"remote_port":	5201
			}],
		"version":	"iperf 3.16",
		"system_info":	"Linux mininet 6.8.0-88-generic #89-Ubuntu SMP PREEMPT_DYNAMIC Sat Oct 11 01:02:46 UTC 2025 x86_64",
		"timestamp":	{
			"time":	"Tue, 02 Dec 2025 17:36:17 GMT",
			"timesecs":	1764696977
		},
		"connecting_to":	{
			"host":	"10.0.0.2",
			"port":	5201
		},
		"cookie":	"iwlbvgohxjgx55m2nimvlqdfywteeeph3bd2",
		"tcp_mss_default":	1448,
		"target_bitrate":	0,
		"fq_rate":	0,
		"sock_bufsize":	0,
		"sndbuf_actual":	87380,
		"rcvbuf_actual":	87380,
		"test_start":	{
			"protocol":	"TCP",
			"num_streams":	1,
			"blksize":	131072,
			"omit":	0,
			"duration":	20,
			"bytes":	0,
			"blocks":	0,
			"reverse":	0,
			"tos":	0,
			"target_bitrate":	0,
			"bidir":	0,
			"fqrate":	0
		}
	},
	"intervals":	[{
			"streams":	[{
					"socket":	5,
					"start":	0,
					"end":	1.00103,
					"seconds":	1.0010299682617188,
					"bytes":	15597568,
					"bits_per_second":	124652156.2353228,
					"retransmits":	0,
					"snd_cwnd":	2529656,
					"snd_wnd":	4186624,
					"rtt":	201553,
					"rttvar":	10831,
					"pmtu":	1500,
					"omitted":	false,
					"sender":	true
				}],
			"sum":	{
				"start":	0,
				"end":	1.00103,
				"seconds":	1.0010299682617188,
				"bytes":	15597568,
				"bits_per_second":	124652156.2353228,
				"retransmits":	0,
				"omitted":	false,
				"sender":	true
			}
		}, {
			"streams":	[{
					"socket":	5,
					"start":	1.00103,
					"end":	2.001055,
					"seconds":	1.0000250339508057,
					"bytes":	5505024,
					"bits_per_second":	44039089.527599238,
					"retransmits":	0,
					"snd_cwnd":	8488176,
					"snd_wnd":	12249088,
					"rtt":	697905,
					"rttvar":	14444,
					"pmtu":	1500,
					"omitted":	false,
					"sender":	true
				}],
			"sum":	{
				"start":	1.00103,
				"end":	2.001055,
				"seconds":	1.0000250339508057,
				"bytes":	5505024,
				"bits_per_second":	44039089.527599238,
				"retransmits":	0,
				"omitted":	false,
				"sender":	true
			}
		}, {
			"streams":	[{
					"socket":	5,
					"start":	2.001055,
					"end":	3.001037,
					"seconds":	0.99998199939727783,
					"bytes":	0,
					"bits_per_second":	0,
					"retransmits":	3275,
					"snd_cwnd":	3150848,
					"snd_wnd":	12460032,
					"rtt":	734292,
					"rttvar":	1264,
					"pmtu":	1500,
					"omitted":	false,
					"sender":	true
				}],
			"sum":	{
				"start":	2.001055,
				"end":	3.001037,
				"seconds":	0.99998199939727783,
				"bytes":	0,
				"bits_per_second":	0,
				"retransmits":	3275,
				"omitted":	false,
				"sender":	true
			}
		}, {
			"streams":	[{
					"socket":	5,
					"start":	3.001037,
					"end":	4.000841,
					"seconds":	0.99980401992797852,
					"bytes":	13107200,
					"bits_per_second":	104878154.02817993,
					"retransmits":	1640,
					"snd_cwnd":	1584112,
					"snd_wnd":	12581376,
					"rtt":	233451,
					"rttvar":	684,
					"pmtu":	1500,
					"omitted":	false,
					"sender":	true
				}],
			"sum":	{
				"start":	3.001037,
				"end":	4.000841,
				"seconds":	0.99980401992797852,
				"bytes":	13107200,
				"bits_per_second":	104878154.02817993,
				"retransmits":	1640,
				"omitted":	false,
				"sender":	true
			}
		}, {
			"streams":	[{
					"socket":	5,
					"start":	4.000841,
					"end":	5.000855,
					"seconds":	1.0000139474868774,
					"bytes":	5636096,
					"bits_per_second":	45088139.1337711,
					"retransmits":	437,
					"snd_cwnd":	1065728,
					"snd_wnd":	12582912,
					"rtt":	177933,
					"rttvar":	338,
					"pmtu":	1500,
					"omitted":	false,
					"sender":	true
				}],
			"sum":	{
				"start":	4.000841,
				"end":	5.000855,
				"seconds":	1.0000139474868774,
				"bytes":	5636096,
				"bits_per_second":	45088139.1337711,
				"retransmits":	437,
				"omitted":	false,
				"sender":	true
			}
		}, {
			"streams":	[{
					"socket":	5,
					"start":	5.000855,
					"end":	6.00079,
					"seconds":	0.99993497133255,
					"bytes":	5636096,
					"bits_per_second":	45091700.253180519,
					"retransmits":	0,
					"snd_cwnd":	1074416,
					"snd_wnd":	12582912,
					"rtt":	180378,
					"rttvar":	229,
					"pmtu":	1500,
					"omitted":	false,
					"sender":	true
				}],
			"sum":	{
				"start":	5.000855,
				"end":	6.00079,
				"seconds":	0.99993497133255,
				"bytes":	5636096,
				"bits_per_second":	45091700.253180519,
				"retransmits":	0,
				"omitted":	false,
				"sender":	true
			}
		}, {
			"streams":	[{
					"socket":	5,
					"start":	6.00079,
					"end":	7.000765,
					"seconds":	0.999975025653839,
					"bytes":	5505024,
					"bits_per_second":	44041291.902469344,
					"retransmits":	0,
					"snd_cwnd":	1081656,
					"snd_wnd":	12578304,
					"rtt":	181583,
					"rttvar":	146,
					"pmtu":	1500,
					"omitted":	false,
					"sender":	true
				}],
			"sum":	{
				"start":	6.00079,
				"end":	7.000765,
				"seconds":	0.999975025653839,
				"bytes":	5505024,
				"bits_per_second":	44041291.902469344,
				"retransmits":	0,
				"omitted":	false,
				"sender":	true
			}
		}, {
			"streams":	[{
					"socket":	5,
					"start":	7.000765,
					"end":	8.000941,
					"seconds":	1.000175952911377,
					"bytes":	5505024,
					"bits_per_second":	44032444.363219246,
					"retransmits":	0,
					"snd_cwnd":	1090344,
					"snd_wnd":	12578304,
					"rtt":	182151,
					"rttvar":	519,
					"pmtu":	1500,
					"omitted":	false,
					"sender":	true
				}],
			"sum":	{
				"start":	7.000765,
				"end":	8.000941,
				"seconds":	1.000175952911377,
				"bytes":	5505024,
				"bits_per_second":	44032444.363219246,
				"retransmits":	0,
				"omitted":	false,
				"sender":	true
			}
		}, {
			"streams":	[{
					"socket":	5,
					"start":	8.000941,
					"end":	9.000892,
					"seconds":	0.99995100498199463,
					"bytes":	5505024,
					"bits_per_second":	44042349.855724178,
					"retransmits":	0,
					"snd_cwnd":	1097584,
					"snd_wnd":	12578304,
					"rtt":	184273,
					"rttvar":	399,
					"pmtu":	1500,
					"omitted":	false,
					"sender":	true
				}],
			"sum":	{
				"start":	8.000941,
				"end":	9.000892,
				"seconds":	0.99995100498199463,
				"bytes":	5505024,
				"bits_per_second":	44042349.855724178,
				"retransmits":	0,
				"omitted":	false,
				"sender":	true
			}
		}, {
			"streams":	[{
					"socket":	5,
					"start":	9.000892,
					"end":	10.000766,
					"seconds":	0.99987399578094482,
					"bytes":	5636096,
					"bits_per_second":	45094450.090967432,
					"retransmits":	0,
					"snd_cwnd":	1104824,
					"snd_wnd":	12582912,
					"rtt":	184836,
					"rttvar":	138,
					"pmtu":	1500,
					"omitted":	false,
					"sender":	true
				}],
			"sum":	{
				"start":	9.000892,
				"end":	10.000766,
				"seconds":	0.99987399578094482,
				"bytes":	5636096,
				"bits_per_second":	45094450.090967432,
				"retransmits":	0,
				"omitted":	false,
				"sender":	true
			}
		}, {
			"streams":	[{
					"socket":	5,
					"start":	10.000766,
					"end":	11.000873,
					"seconds":	1.0001070499420166,
					"bytes":	5505024,
					"bits_per_second":	44035478.004632927,
					"retransmits":	0,
					"snd_cwnd":	1113512,
					"snd_wnd":	12578304,
					"rtt":	185983,
					"rttvar":	233,
					"pmtu":	1500,
					"omitted":	false,
					"sender":	true
				}],
			"sum":	{
				"start":	10.000766,
				"end":	11.000873,
				"seconds":	1.0001070499420166,
				"bytes":	5505024,
				"bits_per_second":	44035478.004632927,
				"retransmits":	0,
				"omitted":	false,
				"sender":	true
			}
		}, {
			"streams":	[{
					"socket":	5,
					"start":	11.000873,
					"end":	12.001864,
					"seconds":	1.0009909868240356,
					"bytes":	11010048,
					"bits_per_second":	87993183.914136142,
					"retransmits":	0,
					"snd_cwnd":	1120752,
					"snd_wnd":	12578304,
					"rtt":	188042,
					"rttvar":	375,
					"pmtu":	1500,
					"omitted":	false,
					"sender":	true
				}],
			"sum":	{
				"start":	11.000873,
				"end":	12.001864,
				"seconds":	1.0009909868240356,
				"bytes":	11010048,