{
	"start":	{
		"connected":	[{
				"socket":	5,
				"local_host":	"10.0.0.1",
				"local_port":	33778,
				"remote_host":	"10.0.0.2",
				"remote_port":	5201
			}],
		"version":	"iperf 3.16",
		"system_info":	"Linux mininet 6.8.0-88-generic #89-Ubuntu SMP PREEMPT_DYNAMIC Sat Oct 11 01:02:46 UTC 2025 x86_64",
		"timestamp":	{
			"time":	"Tue, 02 Dec 2025 18:22:55 GMT",
			"timesecs":	1764699775
		},
		"connecting_to":	{
			"host":	"10.0.0.2",
			"port":	5201
		},
		"cookie":	"px6welejndr5i6j6uhj5poyji45oiz5uw3sp",
		"tcp_mss_default":	1448,
		"target_bitrate":	0,
		"fq_rate":	0,
		"sock_bufsize":	0,
		"sndbuf_actual":	87380,
		"rcvbuf_actual":	87380,
		"test_start":	{
			"protocol":	"TCP",
			"num_streams":	1,
			"blksize":	131072,
			"omit":	0,
			"duration":	20,
			"bytes":	0,
			"blocks":	0,
			"reverse":	0,
			"tos":	0,
			"target_bitrate":	0,
			"bidir":	0,
			"fqrate":	0
		}
	},
	"intervals":	[{
			"streams":	[{
					"socket":	5,
					"start":	0,
					"end":	1.001155,
					"seconds":	1.0011550188064575,
					"bytes":	5898240,
					"bits_per_second":	47131482.251623154,
					"retransmits":	0,
					"snd_cwnd":	867352,
					"snd_wnd":	3337728,
					"rtt":	137781,
					"rttvar":	352,
					"pmtu":	1500,
					"omitted":	false,
					"sender":	true
				}],
			"sum":	{
				"start":	0,
				"end":	1.001155,
				"seconds":	1.0011550188064575,
				"bytes":	5898240,
				"bits_per_second":	47131482.251623154,
				"retransmits":	0,
				"omitted":	false,
				"sender":	true
			}
		}, {
			"streams":	[{
					"socket":	5,
					"start":	1.001155,
					"end":	2.000521,
					"seconds":	0.99936598539352417,
					"bytes":	7864320,
					"bits_per_second":	62954474.056094564,
					"retransmits":	0,
					"snd_cwnd":	1164192,
					"snd_wnd":	3333120,
					"rtt":	185562,
					"rttvar":	703,
					"pmtu":	1500,
					"omitted":	false,
					"sender":	true
				}],
			"sum":	{
				"start":	1.001155,
				"end":	2.000521,
				"seconds":	0.99936598539352417,
				"bytes":	7864320,
				"bits_per_second":	62954474.056094564,
				"retransmits":	0,
				"omitted":	false,
				"sender":	true
			}
		}, {
			"streams":	[{
					"socket":	5,
					"start":	2.000521,
					"end":	3.000164,
					"seconds":	0.99964302778244019,
					"bytes":	7864320,
					"bits_per_second":	62937026.770012714,
					"retransmits":	0,
					"snd_cwnd":	1462480,
					"snd_wnd":	3333120,
					"rtt":	233208,
					"rttvar":	492,
					"pmtu":	1500,
					"omitted":	false,
					"sender":	true
				}],
			"sum":	{
				"start":	2.000521,
				"end":	3.000164,
				"seconds":	0.99964302778244019,
				"bytes":	7864320,
				"bits_per_second":	62937026.770012714,
				"retransmits":	0,
				"omitted":	false,
				"sender":	true
			}
		}, {
			"streams":	[{
					"socket":	5,
					"start":	3.000164,
					"end":	4.000764,
					"seconds":	1.0005999803543091,
					"bytes":	6422528,
					"bits_per_second":	51349415.359579,
					"retransmits":	0,
					"snd_cwnd":	1760768,
					"snd_wnd":	3655680,
					"rtt":	281302,
					"rttvar":	335,
					"pmtu":	1500,
					"omitted":	false,
					"sender":	true
				}],
			"sum":	{
				"start":	3.000164,
				"end":	4.000764,
				"seconds":	1.0005999803543091,
				"bytes":	6422528,
				"bits_per_second":	51349415.359579,
				"retransmits":	0,
				"omitted":	false,
				"sender":	true
			}
		}, {
			"streams":	[{
					"socket":	5,
					"start":	4.000764,
					"end":	5.000893,
					"seconds":	1.0001289844512939,
					"bytes":	7471104,
					"bits_per_second":	59761123.744245142,
					"retransmits":	82,
					"snd_cwnd":	903552,
					"snd_wnd":	3820544,
					"rtt":	216118,
					"rttvar":	439,
					"pmtu":	1500,
					"omitted":	false,
					"sender":	true
				}],
			"sum":	{
				"start":	4.000764,
				"end":	5.000893,
				"seconds":	1.0001289844512939,
				"bytes":	7471104,
				"bits_per_second":	59761123.744245142,
				"retransmits":	82,
				"omitted":	false,
				"sender":	true
			}
		}, {
			"streams":	[{
					"socket":	5,
					"start":	5.000893,
					"end":	6.001057,
					"seconds":	1.0001640319824219,
					"bytes":	3670016,
					"bits_per_second":	29355312.789848465,
					"retransmits":	50,
					"snd_cwnd":	680560,
					"snd_wnd":	12581376,
					"rtt":	112608,
					"rttvar":	306,
					"pmtu":	1500,
					"omitted":	false,
					"sender":	true
				}],
			"sum":	{
				"start":	5.000893,
				"end":	6.001057,
				"seconds":	1.0001640319824219,
				"bytes":	3670016,
				"bits_per_second":	29355312.789848465,
				"retransmits":	50,
				"omitted":	false,
				"sender":	true
			}
		}, {
			"streams":	[{
					"socket":	5,
					"start":	6.001057,
					"end":	7.00088,
					"seconds":	0.999822974205017,
					"bytes":	7340032,
					"bits_per_second":	58730652.840508953,
					"retransmits":	0,
					"snd_cwnd":	725448,
					"snd_wnd":	12578304,
					"rtt":	120419,
					"rttvar":	494,
					"pmtu":	1500,
					"omitted":	false,
					"sender":	true
				}],
			"sum":	{
				"start":	6.001057,
				"end":	7.00088,
				"seconds":	0.999822974205017,
				"bytes":	7340032,
				"bits_per_second":	58730652.840508953,
				"retransmits":	0,
				"omitted":	false,
				"sender":	true
			}
		}, {
			"streams":	[{
					"socket":	5,
					"start":	7.00088,
					"end":	8.001043,
					"seconds":	1.0001629590988159,
					"bytes":	7340032,
					"bits_per_second":	58710688.559101544,
					"retransmits":	0,
					"snd_cwnd":	754408,
					"snd_wnd":	12578304,
					"rtt":	126202,
					"rttvar":	152,
					"pmtu":	1500,
					"omitted":	false,
					"sender":	true
				}],
			"sum":	{
				"start":	7.00088,
				"end":	8.001043,
				"seconds":	1.0001629590988159,
				"bytes":	7340032,
				"bits_per_second":	58710688.559101544,
				"retransmits":	0,
				"omitted":	false,
				"sender":	true
			}
		}, {
			"streams":	[{
					"socket":	5,
					"start":	8.001043,
					"end":	9.000672,
					"seconds":	0.999629020690918,
					"bytes":	3670016,
					"bits_per_second":	29371024.042206209,
					"retransmits":	0,
					"snd_cwnd":	770336,
					"snd_wnd":	12578304,
					"rtt":	129159,
					"rttvar":	338,
					"pmtu":	1500,
					"omitted":	false,
					"sender":	true
				}],
			"sum":	{
				"start":	8.001043,
				"end":	9.000672,
				"seconds":	0.999629020690918,
				"bytes":	3670016,
				"bits_per_second":	29371024.042206209,
				"retransmits":	0,
				"omitted":	false,
				"sender":	true
			}
		}, {
			"streams":	[{
					"socket":	5,
					"start":	9.000672,
					"end":	10.001065,
					"seconds":	1.0003930330276489,
					"bytes":	7471104,
					"bits_per_second":	59745350.104160614,
					"retransmits":	0,
					"snd_cwnd":	777576,
					"snd_wnd":	12578304,
					"rtt":	129889,
					"rttvar":	129,
					"pmtu":	1500,
					"omitted":	false,
					"sender":	true
				}],
			"sum":	{
				"start":	9.000672,
				"end":	10.001065,
				"seconds":	1.0003930330276489,
				"bytes":	7471104,
				"bits_per_second":	59745350.104160614,
				"retransmits":	0,
				"omitted":	false,
				"sender":	true
			}
		}, {
			"streams":	[{
					"socket":	5,
					"start":	10.001065,
					"end":	11.00101,
					"seconds":	0.99994498491287231,
					"bytes":	3670016,
					"bits_per_second":	29361743.338868007,
					"retransmits":	0,
					"snd_cwnd":	779024,
					"snd_wnd":	12581376,
					"rtt":	130221,
					"rttvar":	373,
					"pmtu":	1500,
					"omitted":	false,
					"sender":	true
				}],
			"sum":	{
				"start":	10.001065,
				"end":	11.00101,
				"seconds":	0.99994498491287231,
				"bytes":	3670016,
				"bits_per_second":	29361743.338868007,
				"retransmits":	0,
				"omitted":	false,
				"sender":	true
			}
		}, {
			"streams":	[{
					"socket":	5,
					"start":	11.00101,
					"end":	12.000985,
					"seconds":	0.999975025653839,
					"bytes":	7471104,
					"bits_per_second":	59770324.724779822,
					"retransmits":	0,
					"snd_cwnd":	779024,
					"snd_wnd":	12578304,
					"rtt":	130257,
					"rttvar":	159,
					"pmtu":	1500,
					"omitted":	false,
					"sender":	true
				}],
			"sum":	{
				"start":	11.00101,
				"end":	12.000985,
				"seconds":	0.999975025653839,
				"bytes":	7471104,