{
	"start":	{
		"connected":	[{
				"socket":	5,
				"local_host":	"10.0.0.1",
				"local_port":	33382,
				"remote_host":	"10.0.0.2",
				"remote_port":	5201
			}],
		"version":	"iperf 3.16",
		"system_info":	"Linux mininet 6.8.0-88-generic #89-Ubuntu SMP PREEMPT_DYNAMIC Sat Oct 11 01:02:46 UTC 2025 x86_64",
		"timestamp":	{
			"time":	"Tue, 02 Dec 2025 17:18:11 GMT",
			"timesecs":	1764695891
		},
		"connecting_to":	{
			"host":	"10.0.0.2",
			"port":	5201
		},
		"cookie":	"nvwh2itlzrjouryzlaordg552wget4p5yw4d",
		"tcp_mss_default":	1448,
		"target_bitrate":	0,
		"fq_rate":	0,
		"sock_bufsize":	0,
		"sndbuf_actual":	87380,
		"rcvbuf_actual":	87380,
		"test_start":	{
			"protocol":	"TCP",
			"num_streams":	1,
			"blksize":	131072,
			"omit":	0,
			"duration":	20,
			"bytes":	0,
			"blocks":	0,
			"reverse":	0,
			"tos":	0,
			"target_bitrate":	0,
			"bidir":	0,
			"fqrate":	0
		}
	},
	"intervals":	[{
			"streams":	[{
					"socket":	5,
					"start":	0,
					"end":	1.000644,
					"seconds":	1.0006439685821533,
					"bytes":	16515072,
					"bits_per_second":	132035549.25455271,
					"retransmits":	108,
					"snd_cwnd":	4105080,
					"snd_wnd":	7233536,
					"rtt":	379411,
					"rttvar":	5562,
					"pmtu":	1500,
					"omitted":	false,
					"sender":	true
				}],
			"sum":	{
				"start":	0,
				"end":	1.000644,
				"seconds":	1.0006439685821533,
				"bytes":	16515072,
				"bits_per_second":	132035549.25455271,
				"retransmits":	108,
				"omitted":	false,
				"sender":	true
			}
		}, {
			"streams":	[{
					"socket":	5,
					"start":	1.000644,
					"end":	2.000969,
					"seconds":	1.0003249645233154,
					"bytes":	5898240,
					"bits_per_second":	47170591.231306,
					"retransmits":	2660,
					"snd_cwnd":	1133784,
					"snd_wnd":	9289216,
					"rtt":	98101,
					"rttvar":	1316,
					"pmtu":	1500,
					"omitted":	false,
					"sender":	true
				}],
			"sum":	{
				"start":	1.000644,
				"end":	2.000969,
				"seconds":	1.0003249645233154,
				"bytes":	5898240,
				"bits_per_second":	47170591.231306,
				"retransmits":	2660,
				"omitted":	false,
				"sender":	true
			}
		}, {
			"streams":	[{
					"socket":	5,
					"start":	2.000969,
					"end":	3.001039,
					"seconds":	1.0000699758529663,
					"bytes":	5505024,
					"bits_per_second":	44037110.465633,
					"retransmits":	344,
					"snd_cwnd":	576304,
					"snd_wnd":	12170752,
					"rtt":	96874,
					"rttvar":	258,
					"pmtu":	1500,
					"omitted":	false,
					"sender":	true
				}],
			"sum":	{
				"start":	2.000969,
				"end":	3.001039,
				"seconds":	1.0000699758529663,
				"bytes":	5505024,
				"bits_per_second":	44037110.465633,
				"retransmits":	344,
				"omitted":	false,
				"sender":	true
			}
		}, {
			"streams":	[{
					"socket":	5,
					"start":	3.001039,
					"end":	4.000883,
					"seconds":	0.9998440146446228,
					"bytes":	11141120,
					"bits_per_second":	89142864.981473476,
					"retransmits":	0,
					"snd_cwnd":	590784,
					"snd_wnd":	12170752,
					"rtt":	98829,
					"rttvar":	312,
					"pmtu":	1500,
					"omitted":	false,
					"sender":	true
				}],
			"sum":	{
				"start":	3.001039,
				"end":	4.000883,
				"seconds":	0.9998440146446228,
				"bytes":	11141120,
				"bits_per_second":	89142864.981473476,
				"retransmits":	0,
				"omitted":	false,
				"sender":	true
			}
		}, {
			"streams":	[{
					"socket":	5,
					"start":	4.000883,
					"end":	5.00107,
					"seconds":	1.0001870393753052,
					"bytes":	5505024,
					"bits_per_second":	44031956.29040198,
					"retransmits":	0,
					"snd_cwnd":	605264,
					"snd_wnd":	12170752,
					"rtt":	100926,
					"rttvar":	133,
					"pmtu":	1500,
					"omitted":	false,
					"sender":	true
				}],
			"sum":	{
				"start":	4.000883,
				"end":	5.00107,
				"seconds":	1.0001870393753052,
				"bytes":	5505024,
				"bits_per_second":	44031956.29040198,
				"retransmits":	0,
				"omitted":	false,
				"sender":	true
			}
		}, {
			"streams":	[{
					"socket":	5,
					"start":	5.00107,
					"end":	6.000732,
					"seconds":	0.99966198205947876,
					"bytes":	5505024,
					"bits_per_second":	44055083.408563256,
					"retransmits":	0,
					"snd_cwnd":	619744,
					"snd_wnd":	12170752,
					"rtt":	103369,
					"rttvar":	283,
					"pmtu":	1500,
					"omitted":	false,
					"sender":	true
				}],
			"sum":	{
				"start":	5.00107,
				"end":	6.000732,
				"seconds":	0.99966198205947876,
				"bytes":	5505024,
				"bits_per_second":	44055083.408563256,
				"retransmits":	0,
				"omitted":	false,
				"sender":	true
			}
		}, {
			"streams":	[{
					"socket":	5,
					"start":	6.000732,
					"end":	7.000941,
					"seconds":	1.0002089738845825,
					"bytes":	5636096,
					"bits_per_second":	45079347.593618914,
					"retransmits":	0,
					"snd_cwnd":	632776,
					"snd_wnd":	12170752,
					"rtt":	105240,
					"rttvar":	141,
					"pmtu":	1500,
					"omitted":	false,
					"sender":	true
				}],
			"sum":	{
				"start":	6.000732,
				"end":	7.000941,
				"seconds":	1.0002089738845825,
				"bytes":	5636096,
				"bits_per_second":	45079347.593618914,
				"retransmits":	0,
				"omitted":	false,
				"sender":	true
			}
		}, {
			"streams":	[{
					"socket":	5,
					"start":	7.000941,
					"end":	8.001028,
					"seconds":	1.0000870227813721,
					"bytes":	5505024,
					"bits_per_second":	44036359.8334858,
					"retransmits":	0,
					"snd_cwnd":	645808,
					"snd_wnd":	12170752,
					"rtt":	107627,
					"rttvar":	150,
					"pmtu":	1500,
					"omitted":	false,
					"sender":	true
				}],
			"sum":	{
				"start":	7.000941,
				"end":	8.001028,
				"seconds":	1.0000870227813721,
				"bytes":	5505024,
				"bits_per_second":	44036359.8334858,
				"retransmits":	0,
				"omitted":	false,
				"sender":	true
			}
		}, {
			"streams":	[{
					"socket":	5,
					"start":	8.001028,
					"end":	9.000892,
					"seconds":	0.99986398220062256,
					"bytes":	5505024,
					"bits_per_second":	44046183.064891465,
					"retransmits":	0,
					"snd_cwnd":	658840,
					"snd_wnd":	12173824,
					"rtt":	110134,
					"rttvar":	140,
					"pmtu":	1500,
					"omitted":	false,
					"sender":	true
				}],
			"sum":	{
				"start":	8.001028,
				"end":	9.000892,
				"seconds":	0.99986398220062256,
				"bytes":	5505024,
				"bits_per_second":	44046183.064891465,
				"retransmits":	0,
				"omitted":	false,
				"sender":	true
			}
		}, {
			"streams":	[{
					"socket":	5,
					"start":	9.000892,
					"end":	10.001033,
					"seconds":	1.0001410245895386,
					"bytes":	5636096,
					"bits_per_second":	45082410.271596037,
					"retransmits":	0,
					"snd_cwnd":	671872,
					"snd_wnd":	12170752,
					"rtt":	112368,
					"rttvar":	282,
					"pmtu":	1500,
					"omitted":	false,
					"sender":	true
				}],
			"sum":	{
				"start":	9.000892,
				"end":	10.001033,
				"seconds":	1.0001410245895386,
				"bytes":	5636096,
				"bits_per_second":	45082410.271596037,
				"retransmits":	0,
				"omitted":	false,
				"sender":	true
			}
		}, {
			"streams":	[{
					"socket":	5,
					"start":	10.001033,
					"end":	11.000884,
					"seconds":	0.99985098838806152,
					"bytes":	5505024,
					"bits_per_second":	44046755.478034444,
					"retransmits":	0,
					"snd_cwnd":	684904,
					"snd_wnd":	12170752,
					"rtt":	114411,
					"rttvar":	427,
					"pmtu":	1500,
					"omitted":	false,
					"sender":	true
				}],
			"sum":	{
				"start":	10.001033,
				"end":	11.000884,
				"seconds":	0.99985098838806152,
				"bytes":	5505024,
				"bits_per_second":	44046755.478034444,
				"retransmits":	0,
				"omitted":	false,
				"sender":	true
			}
		}, {
			"streams":	[{
					"socket":	5,
					"start":	11.000884,
					"end":	12.000927,
					"seconds":	1.0000430345535278,
					"bytes":	5505024,
					"bits_per_second":	44038296.831557728,
					"retransmits":	4,
					"snd_cwnd":	362000,
					"snd_wnd":	12170752,
					"rtt":	60356,
					"rttvar":	382,
					"pmtu":	1500,
					"omitted":	false,
					"sender":	true
				}],
			"sum":	{
				"start":	11.000884,
				"end":	12.000927,
				"seconds":	1.0000430345535278,
				"bytes":	5505024,