{
	"start":	{
		"connected":	[{
				"socket":	5,
				"local_host":	"10.0.0.2",
				"local_port":	5201,
				"remote_host":	"10.0.0.1",
				"remote_port":	33382
			}],
		"version":	"iperf 3.16",
		"system_info":	"Linux mininet 6.8.0-88-generic #89-Ubuntu SMP PREEMPT_DYNAMIC Sat Oct 11 01:02:46 UTC 2025 x86_64",
		"sock_bufsize":	0,
		"sndbuf_actual":	87380,
		"rcvbuf_actual":	87380,
		"timestamp":	{
			"time":	"Tue, 02 Dec 2025 17:18:11 GMT",
			"timesecs":	1764695891
		},
		"accepted_connection":	{
			"host":	"10.0.0.1",
			"port":	33374
		},
		"cookie":	"nvwh2itlzrjouryzlaordg552wget4p5yw4d",
		"tcp_mss_default":	0,
		"target_bitrate":	0,
		"fq_rate":	0,
		"test_start":	{
			"protocol":	"TCP",
			"num_streams":	1,
			"blksize":	131072,
			"omit":	0,
			"duration":	20,
			"bytes":	0,
			"blocks":	0,
			"reverse":	0,
			"tos":	0,
			"target_bitrate":	0,
			"bidir":	0,
			"fqrate":	0
		}
	},
	"intervals":	[{
			"streams":	[{
					"socket":	5,
					"start":	0,
					"end":	1.000873,
					"seconds":	1.0008729696273804,
					"bytes":	4456448,
					"bits_per_second":	35620488.395518258,
					"omitted":	false,
					"sender":	false
				}],
			"sum":	{
				"start":	0,
				"end":	1.000873,
				"seconds":	1.0008729696273804,
				"bytes":	4456448,
				"bits_per_second":	35620488.395518258,
				"omitted":	false,
				"sender":	false
			}
		}, {
			"streams":	[{
					"socket":	5,
					"start":	1.000873,
					"end":	2.001072,
					"seconds":	1.00019896030426,
					"bytes":	6291456,
					"bits_per_second":	50321635.991992161,
					"omitted":	false,
					"sender":	false
				}],
			"sum":	{
				"start":	1.000873,
				"end":	2.001072,
				"seconds":	1.00019896030426,
				"bytes":	6291456,
				"bits_per_second":	50321635.991992161,
				"omitted":	false,
				"sender":	false
			}
		}, {
			"streams":	[{
					"socket":	5,
					"start":	2.001072,
					"end":	3.001156,
					"seconds":	1.0000840425491333,
					"bytes":	5898240,
					"bits_per_second":	47181954.708253227,
					"omitted":	false,
					"sender":	false
				}],
			"sum":	{
				"start":	2.001072,
				"end":	3.001156,
				"seconds":	1.0000840425491333,
				"bytes":	5898240,
				"bits_per_second":	47181954.708253227,
				"omitted":	false,
				"sender":	false
			}
		}, {
			"streams":	[{
					"socket":	5,
					"start":	3.001156,
					"end":	4.001035,
					"seconds":	0.999879002571106,
					"bytes":	5898240,
					"bits_per_second":	47191630.0659033,
					"omitted":	false,
					"sender":	false
				}],
			"sum":	{
				"start":	3.001156,
				"end":	4.001035,
				"seconds":	0.999879002571106,
				"bytes":	5898240,
				"bits_per_second":	47191630.0659033,
				"omitted":	false,
				"sender":	false
			}
		}, {
			"streams":	[{
					"socket":	5,
					"start":	4.001035,
					"end":	5.001046,
					"seconds":	1.0000109672546387,
					"bytes":	6029312,
					"bits_per_second":	48233967.0058016,
					"omitted":	false,
					"sender":	false
				}],
			"sum":	{
				"start":	4.001035,
				"end":	5.001046,
				"seconds":	1.0000109672546387,
				"bytes":	6029312,
				"bits_per_second":	48233967.0058016,
				"omitted":	false,
				"sender":	false
			}
		}, {
			"streams":	[{
					"socket":	5,
					"start":	5.001046,
					"end":	6.001045,
					"seconds":	0.99999898672103882,
					"bytes":	5898240,
					"bits_per_second":	47185967.812548451,
					"omitted":	false,
					"sender":	false
				}],
			"sum":	{
				"start":	5.001046,
				"end":	6.001045,
				"seconds":	0.99999898672103882,
				"bytes":	5898240,
				"bits_per_second":	47185967.812548451,
				"omitted":	false,
				"sender":	false
			}
		}, {
			"streams":	[{
					"socket":	5,
					"start":	6.001045,
					"end":	7.001247,
					"seconds":	1.000201940536499,
					"bytes":	5898240,
					"bits_per_second":	47176393.173852384,
					"omitted":	false,
					"sender":	false
				}],
			"sum":	{
				"start":	6.001045,
				"end":	7.001247,
				"seconds":	1.000201940536499,
				"bytes":	5898240,
				"bits_per_second":	47176393.173852384,
				"omitted":	false,
				"sender":	false
			}
		}, {
			"streams":	[{
					"socket":	5,
					"start":	7.001247,
					"end":	8.000963,
					"seconds":	0.99971598386764526,
					"bytes":	6029312,
					"bits_per_second":	48248199.266948879,
					"omitted":	false,
					"sender":	false
				}],
			"sum":	{
				"start":	7.001247,
				"end":	8.000963,
				"seconds":	0.99971598386764526,
				"bytes":	6029312,
				"bits_per_second":	48248199.266948879,
				"omitted":	false,
				"sender":	false
			}
		}, {
			"streams":	[{
					"socket":	5,
					"start":	8.000963,
					"end":	9.000852,
					"seconds":	0.99988901615142822,
					"bytes":	5898240,
					"bits_per_second":	47191157.456273057,
					"omitted":	false,
					"sender":	false
				}],
			"sum":	{
				"start":	8.000963,
				"end":	9.000852,
				"seconds":	0.99988901615142822,
				"bytes":	5898240,
				"bits_per_second":	47191157.456273057,
				"omitted":	false,
				"sender":	false
			}
		}, {
			"streams":	[{
					"socket":	5,
					"start":	9.000852,
					"end":	10.001084,
					"seconds":	1.0002319812774658,
					"bytes":	5898240,
					"bits_per_second":	47174976.28873612,
					"omitted":	false,
					"sender":	false
				}],
			"sum":	{
				"start":	9.000852,
				"end":	10.001084,
				"seconds":	1.0002319812774658,
				"bytes":	5898240,
				"bits_per_second":	47174976.28873612,
				"omitted":	false,
				"sender":	false
			}
		}, {
			"streams":	[{
					"socket":	5,
					"start":	10.001084,
					"end":	11.000846,
					"seconds":	0.999761998653412,
					"bytes":	6029312,
					"bits_per_second":	48245978.607876137,
					"omitted":	false,
					"sender":	false
				}],
			"sum":	{
				"start":	10.001084,
				"end":	11.000846,
				"seconds":	0.999761998653412,
				"bytes":	6029312,
				"bits_per_second":	48245978.607876137,
				"omitted":	false,
				"sender":	false
			}
		}, {
			"streams":	[{
					"socket":	5,
					"start":	11.000846,
					"end":	12.00086,
					"seconds":	1.0000139474868774,
					"bytes":	5898240,
					"bits_per_second":	47185261.884179063,
					"omitted":	false,
					"sender":	false
				}],
			"sum":	{
				"start":	11.000846,
				"end":	12.00086,
				"seconds":	1.0000139474868774,
				"bytes":	5898240,
				"bits_per_second":	47185261.884179063,
				"omitted":	false,
				"sender":	false
			}
		}, {
			"streams":	[{
					"socket":	5,
					"start":	12.00086,
					"end":	13.001037,
					"seconds":	1.0001770257949829,
					"bytes":	5898240,
					"bits_per_second":	47177568.35345687,
					"omitted":	false,
					"sender":	false
				}],
			"sum":	{
				"start":	12.00086,
				"end":	13.001037,
				"seconds":	1.0001770257949829,
				"bytes":	5898240,
				"bits_per_second":	47177568.35345687,
				"omitted":	false,
				"sender":	false
			}
		}, {
			"streams":	[{
					"socket":	5,
					"start":	13.001037,
					"end":	14.001029,
					"seconds":	0.9999920129776,
					"bytes":	6029312,
					"bits_per_second":	48234881.253077023,
					"omitted":	false,
					"sender":	false
				}],
			"sum":	{
				"start":	13.001037,
				"end":	14.001029,
				"seconds":	0.9999920129776,
				"bytes":	6029312,
				"bits_per_second":	48234881.253077023,
				"omitted":	false,
				"sender":	false
			}
		}, {
			"streams":	[{
					"socket":	5,
					"start":	14.001029,
					"end":	15.001054,
					"seconds":	1.0000250339508057,
					"bytes":	5898240,
					"bits_per_second":	47184738.779570617,
					"omitted":	false,
					"sender":	false
				}],
			"sum":	{
				"start":	14.001029,
				"end":	15.001054,
				"seconds":	1.0000250339508057,
				"bytes":	5898240,
				"bits_per_second":	47184738.779570617,
				"omitted":	false,
				"sender":	false
			}
		}, {
			"streams":	[{
					"socket":	5,
					"start":	15.001054,
					"end":	16.000878,
					"seconds":	0.99982398748397827,
					"bytes":	5898240,
					"bits_per_second":	47194226.7745963,
					"omitted":	false,
					"sender":	false
				}],
			"sum":	{
				"start":	15.001054,
				"end":	16.000878,
				"seconds":	0.99982398748397827,
				"bytes":	5898240,
				"bits_per_second":	47194226.7745963,