{
	"start":	{
		"connected":	[{
				"socket":	5,
				"local_host":	"10.0.0.2",
				"local_port":	5201,
				"remote_host":	"10.0.0.1",
				"remote_port":	42178
			}],
		"version":	"iperf 3.16",
		"system_info":	"Linux mininet 6.8.0-88-generic #89-Ubuntu SMP PREEMPT_DYNAMIC Sat Oct 11 01:02:46 UTC 2025 x86_64",
		"sock_bufsize":	0,
		"sndbuf_actual":	87380,
		"rcvbuf_actual":	87380,
		"timestamp":	{
			"time":	"Tue, 02 Dec 2025 17:53:08 GMT",
			"timesecs":	1764697988
		},
		"accepted_connection":	{
			"host":	"10.0.0.1",
			"port":	42170
		},
		"cookie":	"zayo2yiqdbulincgog37d6gc3dqwma2gcglm",
		"tcp_mss_default":	0,
		"target_bitrate":	0,
		"fq_rate":	0,
		"test_start":	{
			"protocol":	"TCP",
			"num_streams":	1,
			"blksize":	131072,
			"omit":	0,
			"duration":	20,
			"bytes":	0,
			"blocks":	0,
			"reverse":	0,
			"tos":	0,
			"target_bitrate":	0,
			"bidir":	0,
			"fqrate":	0
		}
	},
	"intervals":	[{
			"streams":	[{
					"socket":	5,
					"start":	0,
					"end":	1.001008,
					"seconds":	1.0010080337524414,
					"bytes":	1048576,
					"bits_per_second":	8380160.51534965,
					"omitted":	false,
					"sender":	false
				}],
			"sum":	{
				"start":	0,
				"end":	1.001008,
				"seconds":	1.0010080337524414,
				"bytes":	1048576,
				"bits_per_second":	8380160.51534965,
				"omitted":	false,
				"sender":	false
			}
		}, {
			"streams":	[{
					"socket":	5,
					"start":	1.001008,
					"end":	2.000886,
					"seconds":	0.99987798929214478,
					"bytes":	1179648,
					"bits_per_second":	9438335.57800485,
					"omitted":	false,
					"sender":	false
				}],
			"sum":	{
				"start":	1.001008,
				"end":	2.000886,
				"seconds":	0.99987798929214478,
				"bytes":	1179648,
				"bits_per_second":	9438335.57800485,
				"omitted":	false,
				"sender":	false
			}
		}, {
			"streams":	[{
					"socket":	5,
					"start":	2.000886,
					"end":	3.001086,
					"seconds":	1.0002000331878662,
					"bytes":	1179648,
					"bits_per_second":	9435296.62753713,
					"omitted":	false,
					"sender":	false
				}],
			"sum":	{
				"start":	2.000886,
				"end":	3.001086,
				"seconds":	1.0002000331878662,
				"bytes":	1179648,
				"bits_per_second":	9435296.62753713,
				"omitted":	false,
				"sender":	false
			}
		}, {
			"streams":	[{
					"socket":	5,
					"start":	3.001086,
					"end":	4.000897,
					"seconds":	0.99981099367141724,
					"bytes":	1048576,
					"bits_per_second":	8390193.7997261845,
					"omitted":	false,
					"sender":	false
				}],
			"sum":	{
				"start":	3.001086,
				"end":	4.000897,
				"seconds":	0.99981099367141724,
				"bytes":	1048576,
				"bits_per_second":	8390193.7997261845,
				"omitted":	false,
				"sender":	false
			}
		}, {
			"streams":	[{
					"socket":	5,
					"start":	4.000897,
					"end":	5.000891,
					"seconds":	0.99999397993087769,
					"bytes":	1048576,
					"bits_per_second":	8388658.5003040154,
					"omitted":	false,
					"sender":	false
				}],
			"sum":	{
				"start":	4.000897,
				"end":	5.000891,
				"seconds":	0.99999397993087769,
				"bytes":	1048576,
				"bits_per_second":	8388658.5003040154,
				"omitted":	false,
				"sender":	false
			}
		}, {
			"streams":	[{
					"socket":	5,
					"start":	5.000891,
					"end":	6.00103,
					"seconds":	1.0001389980316162,
					"bytes":	524288,
					"bits_per_second":	4193721.08102459,
					"omitted":	false,
					"sender":	false
				}],
			"sum":	{
				"start":	5.000891,
				"end":	6.00103,
				"seconds":	1.0001389980316162,
				"bytes":	524288,
				"bits_per_second":	4193721.08102459,
				"omitted":	false,
				"sender":	false
			}
		}, {
			"streams":	[{
					"socket":	5,
					"start":	6.00103,
					"end":	7.000907,
					"seconds":	0.99987697601318359,
					"bytes":	393216,
					"bits_per_second":	3146115.0476161409,
					"omitted":	false,
					"sender":	false
				}],
			"sum":	{
				"start":	6.00103,
				"end":	7.000907,
				"seconds":	0.99987697601318359,
				"bytes":	393216,
				"bits_per_second":	3146115.0476161409,
				"omitted":	false,
				"sender":	false
			}
		}, {
			"streams":	[{
					"socket":	5,
					"start":	7.000907,
					"end":	8.000904,
					"seconds":	0.99999701976776123,
					"bytes":	655360,
					"bits_per_second":	5242895.6250465661,
					"omitted":	false,
					"sender":	false
				}],
			"sum":	{
				"start":	7.000907,
				"end":	8.000904,
				"seconds":	0.99999701976776123,
				"bytes":	655360,
				"bits_per_second":	5242895.6250465661,
				"omitted":	false,
				"sender":	false
			}
		}, {
			"streams":	[{
					"socket":	5,
					"start":	8.000904,
					"end":	9.00092,
					"seconds":	1.0000159740448,
					"bytes":	655360,
					"bits_per_second":	5242796.2513378048,
					"omitted":	false,
					"sender":	false
				}],
			"sum":	{
				"start":	8.000904,
				"end":	9.00092,
				"seconds":	1.0000159740448,
				"bytes":	655360,
				"bits_per_second":	5242796.2513378048,
				"omitted":	false,
				"sender":	false
			}
		}, {
			"streams":	[{
					"socket":	5,
					"start":	9.00092,
					"end":	10.001011,
					"seconds":	1.0000909566879272,
					"bytes":	393216,
					"bits_per_second":	3145441.9010226154,
					"omitted":	false,
					"sender":	false
				}],
			"sum":	{
				"start":	9.00092,
				"end":	10.001011,
				"seconds":	1.0000909566879272,
				"bytes":	393216,
				"bits_per_second":	3145441.9010226154,
				"omitted":	false,
				"sender":	false
			}
		}, {
			"streams":	[{
					"socket":	5,
					"start":	10.001011,
					"end":	11.00108,
					"seconds":	1.00006902217865,
					"bytes":	262144,
					"bits_per_second":	2097007.2599902707,
					"omitted":	false,
					"sender":	false
				}],
			"sum":	{
				"start":	10.001011,
				"end":	11.00108,
				"seconds":	1.00006902217865,
				"bytes":	262144,
				"bits_per_second":	2097007.2599902707,
				"omitted":	false,
				"sender":	false
			}
		}, {
			"streams":	[{
					"socket":	5,
					"start":	11.00108,
					"end":	12.000923,
					"seconds":	0.99984300136566162,
					"bytes":	524288,
					"bits_per_second":	4194962.6033998346,
					"omitted":	false,
					"sender":	false
				}],
			"sum":	{
				"start":	11.00108,
				"end":	12.000923,
				"seconds":	0.99984300136566162,
				"bytes":	524288,
				"bits_per_second":	4194962.6033998346,
				"omitted":	false,
				"sender":	false
			}
		}, {
			"streams":	[{
					"socket":	5,
					"start":	12.000923,
					"end":	13.001071,
					"seconds":	1.0001480579376221,
					"bytes":	262144,
					"bits_per_second":	2096841.5459651842,
					"omitted":	false,
					"sender":	false
				}],
			"sum":	{
				"start":	12.000923,
				"end":	13.001071,
				"seconds":	1.0001480579376221,
				"bytes":	262144,
				"bits_per_second":	2096841.5459651842,
				"omitted":	false,
				"sender":	false
			}
		}, {
			"streams":	[{
					"socket":	5,
					"start":	13.001071,
					"end":	14.000872,
					"seconds":	0.999800980091095,
					"bytes":	393216,
					"bits_per_second":	3146354.1871237042,
					"omitted":	false,
					"sender":	false
				}],
			"sum":	{
				"start":	13.001071,
				"end":	14.000872,
				"seconds":	0.999800980091095,
				"bytes":	393216,
				"bits_per_second":	3146354.1871237042,
				"omitted":	false,
				"sender":	false
			}
		}, {
			"streams":	[{
					"socket":	5,
					"start":	14.000872,
					"end":	15.000971,
					"seconds":	1.0000989437103271,
					"bytes":	524288,
					"bits_per_second":	4193889.0410575774,
					"omitted":	false,
					"sender":	false
				}],
			"sum":	{
				"start":	14.000872,
				"end":	15.000971,
				"seconds":	1.0000989437103271,
				"bytes":	524288,
				"bits_per_second":	4193889.0410575774,
				"omitted":	false,
				"sender":	false
			}
		}, {
			"streams":	[{
					"socket":	5,
					"start":	15.000971,
					"end":	16.001118,
					"seconds":	1.0001469850540161,
					"bytes":	262144,
					"bits_per_second":	2096843.7953014842,
					"omitted":	false,
					"sender":	false
				}],
			"sum":	{
				"start":	15.000971,
				"end":	16.001118,
				"seconds":	1.0001469850540161,
				"bytes":	262144,
				"bits_per_second":	2096843.7953014842,
				"omitted":	false,