{
	"start":	{
		"connected":	[{
				"socket":	5,
				"local_host":	"10.0.0.1",
				"local_port":	40738,
				"remote_host":	"10.0.0.2",
				"remote_port":	5201
			}],
		"version":	"iperf 3.16",
		"system_info":	"Linux mininet 6.8.0-88-generic #89-Ubuntu SMP PREEMPT_DYNAMIC Sat Oct 11 01:02:46 UTC 2025 x86_64",
		"timestamp":	{
			"time":	"Tue, 02 Dec 2025 18:02:38 GMT",
			"timesecs":	1764698558
		},
		"connecting_to":	{
			"host":	"10.0.0.2",
			"port":	5201
		},
		"cookie":	"6rq5jb74pa6jqeivwpaurqpblepz6rk2ork2",
		"tcp_mss_default":	1448,
		"target_bitrate":	0,
		"fq_rate":	0,
		"sock_bufsize":	0,
		"sndbuf_actual":	87380,
		"rcvbuf_actual":	87380,
		"test_start":	{
			"protocol":	"TCP",
			"num_streams":	1,
			"blksize":	131072,
			"omit":	0,
			"duration":	20,
			"bytes":	0,
			"blocks":	0,
			"reverse":	0,
			"tos":	0,
			"target_bitrate":	0,
			"bidir":	0,
			"fqrate":	0
		}
	},
	"intervals":	[{
			"streams":	[{
					"socket":	5,
					"start":	0,
					"end":	1.001023,
					"seconds":	1.0010230541229248,
					"bytes":	2883584,
					"bits_per_second":	23045095.619912852,
					"retransmits":	0,
					"snd_cwnd":	501008,
					"snd_wnd":	1290240,
					"rtt":	324027,
					"rttvar":	14537,
					"pmtu":	1500,
					"omitted":	false,
					"sender":	true
				}],
			"sum":	{
				"start":	0,
				"end":	1.001023,
				"seconds":	1.0010230541229248,
				"bytes":	2883584,
				"bits_per_second":	23045095.619912852,
				"retransmits":	0,
				"omitted":	false,
				"sender":	true
			}
		}, {
			"streams":	[{
					"socket":	5,
					"start":	1.001023,
					"end":	2.000559,
					"seconds":	0.99953597784042358,
					"bytes":	1048576,
					"bits_per_second":	8392502.307044765,
					"retransmits":	2,
					"snd_cwnd":	499560,
					"snd_wnd":	2864640,
					"rtt":	443742,
					"rttvar":	1170,
					"pmtu":	1500,
					"omitted":	false,
					"sender":	true
				}],
			"sum":	{
				"start":	1.001023,
				"end":	2.000559,
				"seconds":	0.99953597784042358,
				"bytes":	1048576,
				"bits_per_second":	8392502.307044765,
				"retransmits":	2,
				"omitted":	false,
				"sender":	true
			}
		}, {
			"streams":	[{
					"socket":	5,
					"start":	2.000559,
					"end":	3.000918,
					"seconds":	1.000359058380127,
					"bytes":	1441792,
					"bits_per_second":	11530195.986506538,
					"retransmits":	1,
					"snd_cwnd":	276568,
					"snd_wnd":	3201024,
					"rtt":	271667,
					"rttvar":	5064,
					"pmtu":	1500,
					"omitted":	false,
					"sender":	true
				}],
			"sum":	{
				"start":	2.000559,
				"end":	3.000918,
				"seconds":	1.000359058380127,
				"bytes":	1441792,
				"bits_per_second":	11530195.986506538,
				"retransmits":	1,
				"omitted":	false,
				"sender":	true
			}
		}, {
			"streams":	[{
					"socket":	5,
					"start":	3.000918,
					"end":	4.001075,
					"seconds":	1.0001569986343384,
					"bytes":	1179648,
					"bits_per_second":	9435702.60757659,
					"retransmits":	0,
					"snd_cwnd":	304080,
					"snd_wnd":	3431424,
					"rtt":	249189,
					"rttvar":	885,
					"pmtu":	1500,
					"omitted":	false,
					"sender":	true
				}],
			"sum":	{
				"start":	3.000918,
				"end":	4.001075,
				"seconds":	1.0001569986343384,
				"bytes":	1179648,
				"bits_per_second":	9435702.60757659,
				"retransmits":	0,
				"omitted":	false,
				"sender":	true
			}
		}, {
			"streams":	[{
					"socket":	5,
					"start":	4.001075,
					"end":	5.000837,
					"seconds":	0.999761998653412,
					"bytes":	1048576,
					"bits_per_second":	8390604.9752828069,
					"retransmits":	3,
					"snd_cwnd":	157832,
					"snd_wnd":	3433984,
					"rtt":	154160,
					"rttvar":	5533,
					"pmtu":	1500,
					"omitted":	false,
					"sender":	true
				}],
			"sum":	{
				"start":	4.001075,
				"end":	5.000837,
				"seconds":	0.999761998653412,
				"bytes":	1048576,
				"bits_per_second":	8390604.9752828069,
				"retransmits":	3,
				"omitted":	false,
				"sender":	true
			}
		}, {
			"streams":	[{
					"socket":	5,
					"start":	5.000837,
					"end":	6.001051,
					"seconds":	1.0002139806747437,
					"bytes":	2228224,
					"bits_per_second":	17821978.441027921,
					"retransmits":	0,
					"snd_cwnd":	176656,
					"snd_wnd":	3431424,
					"rtt":	145537,
					"rttvar":	1445,
					"pmtu":	1500,
					"omitted":	false,
					"sender":	true
				}],
			"sum":	{
				"start":	5.000837,
				"end":	6.001051,
				"seconds":	1.0002139806747437,
				"bytes":	2228224,
				"bits_per_second":	17821978.441027921,
				"retransmits":	0,
				"omitted":	false,
				"sender":	true
			}
		}, {
			"streams":	[{
					"socket":	5,
					"start":	6.001051,
					"end":	7.001014,
					"seconds":	0.99996298551559448,
					"bytes":	1179648,
					"bits_per_second":	9437533.3254301,
					"retransmits":	2,
					"snd_cwnd":	136112,
					"snd_wnd":	3431424,
					"rtt":	111332,
					"rttvar":	477,
					"pmtu":	1500,
					"omitted":	false,
					"sender":	true
				}],
			"sum":	{
				"start":	6.001051,
				"end":	7.001014,
				"seconds":	0.99996298551559448,
				"bytes":	1179648,
				"bits_per_second":	9437533.3254301,
				"retransmits":	2,
				"omitted":	false,
				"sender":	true
			}
		}, {
			"streams":	[{
					"socket":	5,
					"start":	7.001014,
					"end":	8.00039,
					"seconds":	0.99937599897384644,
					"bytes":	1048576,
					"bits_per_second":	8393845.76837284,
					"retransmits":	0,
					"snd_cwnd":	147696,
					"snd_wnd":	3431424,
					"rtt":	121773,
					"rttvar":	505,
					"pmtu":	1500,
					"omitted":	false,
					"sender":	true
				}],
			"sum":	{
				"start":	7.001014,
				"end":	8.00039,
				"seconds":	0.99937599897384644,
				"bytes":	1048576,
				"bits_per_second":	8393845.76837284,
				"retransmits":	0,
				"omitted":	false,
				"sender":	true
			}
		}, {
			"streams":	[{
					"socket":	5,
					"start":	8.00039,
					"end":	9.000686,
					"seconds":	1.0002959966659546,
					"bytes":	1048576,
					"bits_per_second":	8386125.73474224,
					"retransmits":	0,
					"snd_cwnd":	152040,
					"snd_wnd":	3431424,
					"rtt":	126204,
					"rttvar":	260,
					"pmtu":	1500,
					"omitted":	false,
					"sender":	true
				}],
			"sum":	{
				"start":	8.00039,
				"end":	9.000686,
				"seconds":	1.0002959966659546,
				"bytes":	1048576,
				"bits_per_second":	8386125.73474224,
				"retransmits":	0,
				"omitted":	false,
				"sender":	true
			}
		}, {
			"streams":	[{
					"socket":	5,
					"start":	9.000686,
					"end":	10.001043,
					"seconds":	1.0003570318222046,
					"bytes":	1179648,
					"bits_per_second":	9433815.82754475,
					"retransmits":	0,
					"snd_cwnd":	152040,
					"snd_wnd":	3431424,
					"rtt":	126703,
					"rttvar":	911,
					"pmtu":	1500,
					"omitted":	false,
					"sender":	true
				}],
			"sum":	{
				"start":	9.000686,
				"end":	10.001043,
				"seconds":	1.0003570318222046,
				"bytes":	1179648,
				"bits_per_second":	9433815.82754475,
				"retransmits":	0,
				"omitted":	false,
				"sender":	true
			}
		}, {
			"streams":	[{
					"socket":	5,
					"start":	10.001043,
					"end":	11.000417,
					"seconds":	0.999373972415924,
					"bytes":	1048576,
					"bits_per_second":	8393862.7896432653,
					"retransmits":	0,
					"snd_cwnd":	152040,
					"snd_wnd":	3431424,
					"rtt":	126487,
					"rttvar":	575,
					"pmtu":	1500,
					"omitted":	false,
					"sender":	true
				}],
			"sum":	{
				"start":	10.001043,
				"end":	11.000417,
				"seconds":	0.999373972415924,
				"bytes":	1048576,
				"bits_per_second":	8393862.7896432653,
				"retransmits":	0,
				"omitted":	false,
				"sender":	true
			}
		}, {
			"streams":	[{
					"socket":	5,
					"start":	11.000417,
					"end":	12.000822,
					"seconds":	1.000404953956604,
					"bytes":	1179648,
					"bits_per_second":	9433363.92195572,
					"retransmits":	0,
					"snd_cwnd":	157832,
					"snd_wnd":	3431424,
					"rtt":	131039,
					"rttvar":	344,
					"pmtu":	1500,
					"omitted":	false,
					"sender":	true
				}],
			"sum":	{
				"start":	11.000417,
				"end":	12.000822,
				"seconds":	1.000404953956604,
				"bytes":	1179648,
				"bits_per_second":	9433363.92195572,