{
	"start":	{
		"connected":	[{
				"socket":	5,
				"local_host":	"10.0.0.1",
				"local_port":	59090,
				"remote_host":	"10.0.0.2",
				"remote_port":	5201
			}],
		"version":	"iperf 3.16",
		"system_info":	"Linux mininet 6.8.0-88-generic #89-Ubuntu SMP PREEMPT_DYNAMIC Sat Oct 11 01:02:46 UTC 2025 x86_64",
		"timestamp":	{
			"time":	"Tue, 02 Dec 2025 17:16:12 GMT",
			"timesecs":	1764695772
		},
		"connecting_to":	{
			"host":	"10.0.0.2",
			"port":	5201
		},
		"cookie":	"hbzxkxb2f43kmrtqbpec7z7uvwshu4a3pbk4",
		"tcp_mss_default":	1448,
		"target_bitrate":	0,
		"fq_rate":	0,
		"sock_bufsize":	0,
		"sndbuf_actual":	87380,
		"rcvbuf_actual":	87380,
		"test_start":	{
			"protocol":	"TCP",
			"num_streams":	1,
			"blksize":	131072,
			"omit":	0,
			"duration":	20,
			"bytes":	0,
			"blocks":	0,
			"reverse":	0,
			"tos":	0,
			"target_bitrate":	0,
			"bidir":	0,
			"fqrate":	0
		}
	},
	"intervals":	[{
			"streams":	[{
					"socket":	5,
					"start":	0,
					"end":	1.000921,
					"seconds":	1.0009210109710693,
					"bytes":	2883584,
					"bits_per_second":	23047445.0502536,
					"retransmits":	2,
					"snd_cwnd":	370688,
					"snd_wnd":	1120768,
					"rtt":	322291,
					"rttvar":	13322,
					"pmtu":	1500,
					"omitted":	false,
					"sender":	true
				}],
			"sum":	{
				"start":	0,
				"end":	1.000921,
				"seconds":	1.0009210109710693,
				"bytes":	2883584,
				"bits_per_second":	23047445.0502536,
				"retransmits":	2,
				"omitted":	false,
				"sender":	true
			}
		}, {
			"streams":	[{
					"socket":	5,
					"start":	1.000921,
					"end":	2.000943,
					"seconds":	1.0000220537185669,
					"bytes":	1048576,
					"bits_per_second":	8388423.0040798476,
					"retransmits":	6,
					"snd_cwnd":	65160,
					"snd_wnd":	2389504,
					"rtt":	104652,
					"rttvar":	224,
					"pmtu":	1500,
					"omitted":	false,
					"sender":	true
				}],
			"sum":	{
				"start":	1.000921,
				"end":	2.000943,
				"seconds":	1.0000220537185669,
				"bytes":	1048576,
				"bits_per_second":	8388423.0040798476,
				"retransmits":	6,
				"omitted":	false,
				"sender":	true
			}
		}, {
			"streams":	[{
					"socket":	5,
					"start":	2.000943,
					"end":	3.000963,
					"seconds":	1.0000200271606445,
					"bytes":	1048576,
					"bits_per_second":	8388440.0033644959,
					"retransmits":	5,
					"snd_cwnd":	15928,
					"snd_wnd":	2887680,
					"rtt":	104834,
					"rttvar":	303,
					"pmtu":	1500,
					"omitted":	false,
					"sender":	true
				}],
			"sum":	{
				"start":	2.000943,
				"end":	3.000963,
				"seconds":	1.0000200271606445,
				"bytes":	1048576,
				"bits_per_second":	8388440.0033644959,
				"retransmits":	5,
				"omitted":	false,
				"sender":	true
			}
		}, {
			"streams":	[{
					"socket":	5,
					"start":	3.000963,
					"end":	4.000925,
					"seconds":	0.9999619722366333,
					"bytes":	0,
					"bits_per_second":	0,
					"retransmits":	0,
					"snd_cwnd":	21720,
					"snd_wnd":	3171328,
					"rtt":	104769,
					"rttvar":	166,
					"pmtu":	1500,
					"omitted":	false,
					"sender":	true
				}],
			"sum":	{
				"start":	3.000963,
				"end":	4.000925,
				"seconds":	0.9999619722366333,
				"bytes":	0,
				"bits_per_second":	0,
				"retransmits":	0,
				"omitted":	false,
				"sender":	true
			}
		}, {
			"streams":	[{
					"socket":	5,
					"start":	4.000925,
					"end":	5.001131,
					"seconds":	1.0002059936523438,
					"bytes":	0,
					"bits_per_second":	0,
					"retransmits":	2,
					"snd_cwnd":	17376,
					"snd_wnd":	3548160,
					"rtt":	104742,
					"rttvar":	219,
					"pmtu":	1500,
					"omitted":	false,
					"sender":	true
				}],
			"sum":	{
				"start":	4.000925,
				"end":	5.001131,
				"seconds":	1.0002059936523438,
				"bytes":	0,
				"bits_per_second":	0,
				"retransmits":	2,
				"omitted":	false,
				"sender":	true
			}
		}, {
			"streams":	[{
					"socket":	5,
					"start":	5.001131,
					"end":	6.00098,
					"seconds":	0.999849021434784,
					"bytes":	0,
					"bits_per_second":	0,
					"retransmits":	4,
					"snd_cwnd":	7240,
					"snd_wnd":	3727360,
					"rtt":	105213,
					"rttvar":	869,
					"pmtu":	1500,
					"omitted":	false,
					"sender":	true
				}],
			"sum":	{
				"start":	5.001131,
				"end":	6.00098,
				"seconds":	0.999849021434784,
				"bytes":	0,
				"bits_per_second":	0,
				"retransmits":	4,
				"omitted":	false,
				"sender":	true
			}
		}, {
			"streams":	[{
					"socket":	5,
					"start":	6.00098,
					"end":	7.000928,
					"seconds":	0.999948024749756,
					"bytes":	0,
					"bits_per_second":	0,
					"retransmits":	0,
					"snd_cwnd":	20272,
					"snd_wnd":	3962368,
					"rtt":	104877,
					"rttvar":	475,
					"pmtu":	1500,
					"omitted":	false,
					"sender":	true
				}],
			"sum":	{
				"start":	6.00098,
				"end":	7.000928,
				"seconds":	0.999948024749756,
				"bytes":	0,
				"bits_per_second":	0,
				"retransmits":	0,
				"omitted":	false,
				"sender":	true
			}
		}, {
			"streams":	[{
					"socket":	5,
					"start":	7.000928,
					"end":	8.000958,
					"seconds":	1.0000300407409668,
					"bytes":	0,
					"bits_per_second":	0,
					"retransmits":	0,
					"snd_cwnd":	33304,
					"snd_wnd":	4448768,
					"rtt":	104898,
					"rttvar":	588,
					"pmtu":	1500,
					"omitted":	false,
					"sender":	true
				}],
			"sum":	{
				"start":	7.000928,
				"end":	8.000958,
				"seconds":	1.0000300407409668,
				"bytes":	0,
				"bits_per_second":	0,
				"retransmits":	0,
				"omitted":	false,
				"sender":	true
			}
		}, {
			"streams":	[{
					"socket":	5,
					"start":	8.000958,
					"end":	9.001674,
					"seconds":	1.000715970993042,
					"bytes":	1048576,
					"bits_per_second":	8382606.2970452243,
					"retransmits":	5,
					"snd_cwnd":	5792,
					"snd_wnd":	4862976,
					"rtt":	104694,
					"rttvar":	347,
					"pmtu":	1500,
					"omitted":	false,
					"sender":	true
				}],
			"sum":	{
				"start":	8.000958,
				"end":	9.001674,
				"seconds":	1.000715970993042,
				"bytes":	1048576,
				"bits_per_second":	8382606.2970452243,
				"retransmits":	5,
				"omitted":	false,
				"sender":	true
			}
		}, {
			"streams":	[{
					"socket":	5,
					"start":	9.001674,
					"end":	10.001195,
					"seconds":	0.999521017074585,
					"bytes":	0,
					"bits_per_second":	0,
					"retransmits":	2,
					"snd_cwnd":	11584,
					"snd_wnd":	4981760,
					"rtt":	105020,
					"rttvar":	421,
					"pmtu":	1500,
					"omitted":	false,
					"sender":	true
				}],
			"sum":	{
				"start":	9.001674,
				"end":	10.001195,
				"seconds":	0.999521017074585,
				"bytes":	0,
				"bits_per_second":	0,
				"retransmits":	2,
				"omitted":	false,
				"sender":	true
			}
		}, {
			"streams":	[{
					"socket":	5,
					"start":	10.001195,
					"end":	11.001002,
					"seconds":	0.99980700016021729,
					"bytes":	0,
					"bits_per_second":	0,
					"retransmits":	2,
					"snd_cwnd":	14480,
					"snd_wnd":	5193216,
					"rtt":	104872,
					"rttvar":	558,
					"pmtu":	1500,
					"omitted":	false,
					"sender":	true
				}],
			"sum":	{
				"start":	10.001195,
				"end":	11.001002,
				"seconds":	0.99980700016021729,
				"bytes":	0,
				"bits_per_second":	0,
				"retransmits":	2,
				"omitted":	false,
				"sender":	true
			}
		}, {
			"streams":	[{
					"socket":	5,
					"start":	11.001002,
					"end":	12.000947,
					"seconds":	0.99994498491287231,
					"bytes":	0,
					"bits_per_second":	0,
					"retransmits":	2,
					"snd_cwnd":	13032,
					"snd_wnd":	5557760,
					"rtt":	104798,
					"rttvar":	161,
					"pmtu":	1500,
					"omitted":	false,
					"sender":	true
				}],
			"sum":	{
				"start":	11.001002,
				"end":	12.000947,
				"seconds":	0.99994498491287231,
				"bytes":	0,
				"bits_per_second":	0,
				"retransmits":	2,
				"omitted":	false,
				"sender":	true
			}
		}, {
			"streams":	[{
					"socket":	5,
					"start":	12.000947,
					"end":	13.000955,
					"seconds":	1.0000079870224,
					"bytes":	0,
					"bits_per_second":	0,
					"retransmits":	2,
					"snd_cwnd":	11584,
					"snd_wnd":	5809664,
					"rtt":	113635,
					"rttvar":	17767,
					"pmtu":	1500,