{
	"start":	{
		"connected":	[{
				"socket":	5,
				"local_host":	"10.0.0.2",
				"local_port":	5201,
				"remote_host":	"10.0.0.1",
				"remote_port":	38080
			}],
		"version":	"iperf 3.16",
		"system_info":	"Linux mininet 6.8.0-88-generic #89-Ubuntu SMP PREEMPT_DYNAMIC Sat Oct 11 01:02:46 UTC 2025 x86_64",
		"sock_bufsize":	0,
		"sndbuf_actual":	87380,
		"rcvbuf_actual":	87380,
		"timestamp":	{
			"time":	"Tue, 02 Dec 2025 17:19:21 GMT",
			"timesecs":	1764695961
		},
		"accepted_connection":	{
			"host":	"10.0.0.1",
			"port":	38072
		},
		"cookie":	"6epacfhmhb3cihyh6snjzpxahrrfiyuffmp4",
		"tcp_mss_default":	0,
		"target_bitrate":	0,
		"fq_rate":	0,
		"test_start":	{
			"protocol":	"TCP",
			"num_streams":	1,
			"blksize":	131072,
			"omit":	0,
			"duration":	20,
			"bytes":	0,
			"blocks":	0,
			"reverse":	0,
			"tos":	0,
			"target_bitrate":	0,
			"bidir":	0,
			"fqrate":	0
		}
	},
	"intervals":	[{
			"streams":	[{
					"socket":	5,
					"start":	0,
					"end":	1.001037,
					"seconds":	1.0010370016098022,
					"bytes":	4456448,
					"bits_per_second":	35614651.549011126,
					"omitted":	false,
					"sender":	false
				}],
			"sum":	{
				"start":	0,
				"end":	1.001037,
				"seconds":	1.0010370016098022,
				"bytes":	4456448,
				"bits_per_second":	35614651.549011126,
				"omitted":	false,
				"sender":	false
			}
		}, {
			"streams":	[{
					"socket":	5,
					"start":	1.001037,
					"end":	2.001119,
					"seconds":	1.0000820159912109,
					"bytes":	6291456,
					"bits_per_second":	50327520.338534243,
					"omitted":	false,
					"sender":	false
				}],
			"sum":	{
				"start":	1.001037,
				"end":	2.001119,
				"seconds":	1.0000820159912109,
				"bytes":	6291456,
				"bits_per_second":	50327520.338534243,
				"omitted":	false,
				"sender":	false
			}
		}, {
			"streams":	[{
					"socket":	5,
					"start":	2.001119,
					"end":	3.001021,
					"seconds":	0.99990200996398926,
					"bytes":	5898240,
					"bits_per_second":	47190544.203125834,
					"omitted":	false,
					"sender":	false
				}],
			"sum":	{
				"start":	2.001119,
				"end":	3.001021,
				"seconds":	0.99990200996398926,
				"bytes":	5898240,
				"bits_per_second":	47190544.203125834,
				"omitted":	false,
				"sender":	false
			}
		}, {
			"streams":	[{
					"socket":	5,
					"start":	3.001021,
					"end":	4.001016,
					"seconds":	0.999994993209839,
					"bytes":	5898240,
					"bits_per_second":	47186156.251182862,
					"omitted":	false,
					"sender":	false
				}],
			"sum":	{
				"start":	3.001021,
				"end":	4.001016,
				"seconds":	0.999994993209839,
				"bytes":	5898240,
				"bits_per_second":	47186156.251182862,
				"omitted":	false,
				"sender":	false
			}
		}, {
			"streams":	[{
					"socket":	5,
					"start":	4.001016,
					"end":	5.001005,
					"seconds":	0.99998897314071655,
					"bytes":	5898240,
					"bits_per_second":	47186440.318237476,
					"omitted":	false,
					"sender":	false
				}],
			"sum":	{
				"start":	4.001016,
				"end":	5.001005,
				"seconds":	0.99998897314071655,
				"bytes":	5898240,
				"bits_per_second":	47186440.318237476,
				"omitted":	false,
				"sender":	false
			}
		}, {
			"streams":	[{
					"socket":	5,
					"start":	5.001005,
					"end":	6.001071,
					"seconds":	1.0000660419464111,
					"bytes":	6029312,
					"bits_per_second":	48231310.710362725,
					"omitted":	false,
					"sender":	false
				}],
			"sum":	{
				"start":	5.001005,
				"end":	6.001071,
				"seconds":	1.0000660419464111,
				"bytes":	6029312,
				"bits_per_second":	48231310.710362725,
				"omitted":	false,
				"sender":	false
			}
		}, {
			"streams":	[{
					"socket":	5,
					"start":	6.001071,
					"end":	7.001023,
					"seconds":	0.99995201826095581,
					"bytes":	5898240,
					"bits_per_second":	47188184.171138868,
					"omitted":	false,
					"sender":	false
				}],
			"sum":	{
				"start":	6.001071,
				"end":	7.001023,
				"seconds":	0.99995201826095581,
				"bytes":	5898240,
				"bits_per_second":	47188184.171138868,
				"omitted":	false,
				"sender":	false
			}
		}, {
			"streams":	[{
					"socket":	5,
					"start":	7.001023,
					"end":	8.000974,
					"seconds":	0.99995100498199463,
					"bytes":	6029312,
					"bits_per_second":	48236859.365793146,
					"omitted":	false,
					"sender":	false
				}],
			"sum":	{
				"start":	7.001023,
				"end":	8.000974,
				"seconds":	0.99995100498199463,
				"bytes":	6029312,
				"bits_per_second":	48236859.365793146,
				"omitted":	false,
				"sender":	false
			}
		}, {
			"streams":	[{
					"socket":	5,
					"start":	8.000974,
					"end":	9.000998,
					"seconds":	1.0000239610672,
					"bytes":	5898240,
					"bits_per_second":	47184789.402090333,
					"omitted":	false,
					"sender":	false
				}],
			"sum":	{
				"start":	8.000974,
				"end":	9.000998,
				"seconds":	1.0000239610672,
				"bytes":	5898240,
				"bits_per_second":	47184789.402090333,
				"omitted":	false,
				"sender":	false
			}
		}, {
			"streams":	[{
					"socket":	5,
					"start":	9.000998,
					"end":	10.001082,
					"seconds":	1.0000840425491333,
					"bytes":	5898240,
					"bits_per_second":	47181954.708253227,
					"omitted":	false,
					"sender":	false
				}],
			"sum":	{
				"start":	9.000998,
				"end":	10.001082,
				"seconds":	1.0000840425491333,
				"bytes":	5898240,
				"bits_per_second":	47181954.708253227,
				"omitted":	false,
				"sender":	false
			}
		}, {
			"streams":	[{
					"socket":	5,
					"start":	10.001082,
					"end":	11.001068,
					"seconds":	0.99998599290847778,
					"bytes":	6029312,
					"bits_per_second":	48235171.634463675,
					"omitted":	false,
					"sender":	false
				}],
			"sum":	{
				"start":	10.001082,
				"end":	11.001068,
				"seconds":	0.99998599290847778,
				"bytes":	6029312,
				"bits_per_second":	48235171.634463675,
				"omitted":	false,
				"sender":	false
			}
		}, {
			"streams":	[{
					"socket":	5,
					"start":	11.001068,
					"end":	12.001016,
					"seconds":	0.999948024749756,
					"bytes":	5898240,
					"bits_per_second":	47188372.627475925,
					"omitted":	false,
					"sender":	false
				}],
			"sum":	{
				"start":	11.001068,
				"end":	12.001016,
				"seconds":	0.999948024749756,
				"bytes":	5898240,
				"bits_per_second":	47188372.627475925,
				"omitted":	false,
				"sender":	false
			}
		}, {
			"streams":	[{
					"socket":	5,
					"start":	12.001016,
					"end":	13.000999,
					"seconds":	0.999983012676239,
					"bytes":	5898240,
					"bits_per_second":	47186721.576116636,
					"omitted":	false,
					"sender":	false
				}],
			"sum":	{
				"start":	12.001016,
				"end":	13.000999,
				"seconds":	0.999983012676239,
				"bytes":	5898240,
				"bits_per_second":	47186721.576116636,
				"omitted":	false,
				"sender":	false
			}
		}, {
			"streams":	[{
					"socket":	5,
					"start":	13.000999,
					"end":	14.001065,
					"seconds":	1.0000660419464111,
					"bytes":	6029312,
					"bits_per_second":	48231310.710362725,
					"omitted":	false,
					"sender":	false
				}],
			"sum":	{
				"start":	13.000999,
				"end":	14.001065,
				"seconds":	1.0000660419464111,
				"bytes":	6029312,
				"bits_per_second":	48231310.710362725,
				"omitted":	false,
				"sender":	false
			}
		}, {
			"streams":	[{
					"socket":	5,
					"start":	14.001065,
					"end":	15.001033,
					"seconds":	0.99996799230575562,
					"bytes":	5898240,
					"bits_per_second":	47187430.360843167,
					"omitted":	false,
					"sender":	false
				}],
			"sum":	{
				"start":	14.001065,
				"end":	15.001033,
				"seconds":	0.99996799230575562,
				"bytes":	5898240,
				"bits_per_second":	47187430.360843167,
				"omitted":	false,
				"sender":	false
			}
		}, {
			"streams":	[{
					"socket":	5,
					"start":	15.001033,
					"end":	16.001029,
					"seconds":	0.9999960064888,
					"bytes":	5898240,
					"bits_per_second":	47186108.438252531,
					"omitted":	false,
					"sender":	false
				}],
			"sum":	{
				"start":	15.001033,
				"end":	16.001029,
				"seconds":	0.9999960064888,
				"bytes":	5898240,