{
	"start":	{
		"connected":	[{
				"socket":	5,
				"local_host":	"10.0.0.2",
				"local_port":	5201,
				"remote_host":	"10.0.0.1",
				"remote_port":	53830
			}],
		"version":	"iperf 3.16",
		"system_info":	"Linux mininet 6.8.0-88-generic #89-Ubuntu SMP PREEMPT_DYNAMIC Sat Oct 11 01:02:46 UTC 2025 x86_64",
		"sock_bufsize":	0,
		"sndbuf_actual":	87380,
		"rcvbuf_actual":	87380,
		"timestamp":	{
			"time":	"Tue, 02 Dec 2025 16:55:44 GMT",
			"timesecs":	1764694544
		},
		"accepted_connection":	{
			"host":	"10.0.0.1",
			"port":	53828
		},
		"cookie":	"qufbfdmuqwoo7myf2sid7bc5zemgc5vszcg4",
		"tcp_mss_default":	0,
		"target_bitrate":	0,
		"fq_rate":	0,
		"test_start":	{
			"protocol":	"TCP",
			"num_streams":	1,
			"blksize":	131072,
			"omit":	0,
			"duration":	20,
			"bytes":	0,
			"blocks":	0,
			"reverse":	0,
			"tos":	0,
			"target_bitrate":	0,
			"bidir":	0,
			"fqrate":	0
		}
	},
	"intervals":	[{
			"streams":	[{
					"socket":	5,
					"start":	0,
					"end":	1.00055,
					"seconds":	1.0005500316619873,
					"bytes":	786432,
					"bits_per_second":	6287997.40233822,
					"omitted":	false,
					"sender":	false
				}],
			"sum":	{
				"start":	0,
				"end":	1.00055,
				"seconds":	1.0005500316619873,
				"bytes":	786432,
				"bits_per_second":	6287997.40233822,
				"omitted":	false,
				"sender":	false
			}
		}, {
			"streams":	[{
					"socket":	5,
					"start":	1.00055,
					"end":	2.001084,
					"seconds":	1.0005340576171875,
					"bytes":	786432,
					"bits_per_second":	6288097.7934757741,
					"omitted":	false,
					"sender":	false
				}],
			"sum":	{
				"start":	1.00055,
				"end":	2.001084,
				"seconds":	1.0005340576171875,
				"bytes":	786432,
				"bits_per_second":	6288097.7934757741,
				"omitted":	false,
				"sender":	false
			}
		}, {
			"streams":	[{
					"socket":	5,
					"start":	2.001084,
					"end":	3.001017,
					"seconds":	0.99993300437927246,
					"bytes":	1835008,
					"bits_per_second":	14681047.565894607,
					"omitted":	false,
					"sender":	false
				}],
			"sum":	{
				"start":	2.001084,
				"end":	3.001017,
				"seconds":	0.99993300437927246,
				"bytes":	1835008,
				"bits_per_second":	14681047.565894607,
				"omitted":	false,
				"sender":	false
			}
		}, {
			"streams":	[{
					"socket":	5,
					"start":	3.001017,
					"end":	4.0005,
					"seconds":	0.99948298931121826,
					"bytes":	1179648,
					"bits_per_second":	9442065.64886464,
					"omitted":	false,
					"sender":	false
				}],
			"sum":	{
				"start":	3.001017,
				"end":	4.0005,
				"seconds":	0.99948298931121826,
				"bytes":	1179648,
				"bits_per_second":	9442065.64886464,
				"omitted":	false,
				"sender":	false
			}
		}, {
			"streams":	[{
					"socket":	5,
					"start":	4.0005,
					"end":	5.000897,
					"seconds":	1.0003969669342041,
					"bytes":	1179648,
					"bits_per_second":	9433439.2365472671,
					"omitted":	false,
					"sender":	false
				}],
			"sum":	{
				"start":	4.0005,
				"end":	5.000897,
				"seconds":	1.0003969669342041,
				"bytes":	1179648,
				"bits_per_second":	9433439.2365472671,
				"omitted":	false,
				"sender":	false
			}
		}, {
			"streams":	[{
					"socket":	5,
					"start":	5.000897,
					"end":	6.000741,
					"seconds":	0.9998440146446228,
					"bytes":	1179648,
					"bits_per_second":	9438656.2921560146,
					"omitted":	false,
					"sender":	false
				}],
			"sum":	{
				"start":	5.000897,
				"end":	6.000741,
				"seconds":	0.9998440146446228,
				"bytes":	1179648,
				"bits_per_second":	9438656.2921560146,
				"omitted":	false,
				"sender":	false
			}
		}, {
			"streams":	[{
					"socket":	5,
					"start":	6.000741,
					"end":	7.001067,
					"seconds":	1.0003260374069214,
					"bytes":	1179648,
					"bits_per_second":	9434108.12784938,
					"omitted":	false,
					"sender":	false
				}],
			"sum":	{
				"start":	6.000741,
				"end":	7.001067,
				"seconds":	1.0003260374069214,
				"bytes":	1179648,
				"bits_per_second":	9434108.12784938,
				"omitted":	false,
				"sender":	false
			}
		}, {
			"streams":	[{
					"socket":	5,
					"start":	7.001067,
					"end":	8.000447,
					"seconds":	0.99937999248504639,
					"bytes":	1310720,
					"bits_per_second":	10492265.283324549,
					"omitted":	false,
					"sender":	false
				}],
			"sum":	{
				"start":	7.001067,
				"end":	8.000447,
				"seconds":	0.99937999248504639,
				"bytes":	1310720,
				"bits_per_second":	10492265.283324549,
				"omitted":	false,
				"sender":	false
			}
		}, {
			"streams":	[{
					"socket":	5,
					"start":	8.000447,
					"end":	9.000888,
					"seconds":	1.0004409551620483,
					"bytes":	1179648,
					"bits_per_second":	9433024.459171,
					"omitted":	false,
					"sender":	false
				}],
			"sum":	{
				"start":	8.000447,
				"end":	9.000888,
				"seconds":	1.0004409551620483,
				"bytes":	1179648,
				"bits_per_second":	9433024.459171,
				"omitted":	false,
				"sender":	false
			}
		}, {
			"streams":	[{
					"socket":	5,
					"start":	9.000888,
					"end":	10.000784,
					"seconds":	0.999895989894867,
					"bytes":	1179648,
					"bits_per_second":	9438165.66460304,
					"omitted":	false,
					"sender":	false
				}],
			"sum":	{
				"start":	9.000888,
				"end":	10.000784,
				"seconds":	0.999895989894867,
				"bytes":	1179648,
				"bits_per_second":	9438165.66460304,
				"omitted":	false,
				"sender":	false
			}
		}, {
			"streams":	[{
					"socket":	5,
					"start":	10.000784,
					"end":	11.000604,
					"seconds":	0.99981999397277832,
					"bytes":	1179648,
					"bits_per_second":	9438883.05584029,
					"omitted":	false,
					"sender":	false
				}],
			"sum":	{
				"start":	10.000784,
				"end":	11.000604,
				"seconds":	0.99981999397277832,
				"bytes":	1179648,
				"bits_per_second":	9438883.05584029,
				"omitted":	false,
				"sender":	false
			}
		}, {
			"streams":	[{
					"socket":	5,
					"start":	11.000604,
					"end":	12.001012,
					"seconds":	1.0004080533981323,
					"bytes":	1179648,
					"bits_per_second":	9433334.69572169,
					"omitted":	false,
					"sender":	false
				}],
			"sum":	{
				"start":	11.000604,
				"end":	12.001012,
				"seconds":	1.0004080533981323,
				"bytes":	1179648,
				"bits_per_second":	9433334.69572169,
				"omitted":	false,
				"sender":	false
			}
		}, {
			"streams":	[{
					"socket":	5,
					"start":	12.001012,
					"end":	13.001002,
					"seconds":	0.99998998641967773,
					"bytes":	1179648,
					"bits_per_second":	9437278.50094629,
					"omitted":	false,
					"sender":	false
				}],
			"sum":	{
				"start":	12.001012,
				"end":	13.001002,
				"seconds":	0.99998998641967773,
				"bytes":	1179648,
				"bits_per_second":	9437278.50094629,
				"omitted":	false,
				"sender":	false
			}
		}, {
			"streams":	[{
					"socket":	5,
					"start":	13.001002,
					"end":	14.00086,
					"seconds":	0.999858021736145,
					"bytes":	1179648,
					"bits_per_second":	9438524.06526014,
					"omitted":	false,
					"sender":	false
				}],
			"sum":	{
				"start":	13.001002,
				"end":	14.00086,
				"seconds":	0.999858021736145,
				"bytes":	1179648,
				"bits_per_second":	9438524.06526014,
				"omitted":	false,
				"sender":	false
			}
		}, {
			"streams":	[{
					"socket":	5,
					"start":	14.00086,
					"end":	15.000825,
					"seconds":	0.999965012073517,
					"bytes":	1179648,
					"bits_per_second":	9437514.19905298,
					"omitted":	false,
					"sender":	false
				}],
			"sum":	{
				"start":	14.00086,
				"end":	15.000825,
				"seconds":	0.999965012073517,
				"bytes":	1179648,
				"bits_per_second":	9437514.19905298,
				"omitted":	false,
				"sender":	false
			}
		}, {
			"streams":	[{
					"socket":	5,
					"start":	15.000825,
					"end":	16.000558,
					"seconds":	0.99973297119140625,
					"bytes":	1310720,
					"bits_per_second":	10488560.747880369,
					"omitted":	false,
					"sender":	false
				}],
			"sum":	{
				"start":	15.000825,
				"end":	16.000558,
				"seconds":	0.99973297119140625,
				"bytes":	1310720,
				"bits_per_second":	10488560.747880369,
				"omitted":	false,