{
	"start":	{
		"connected":	[{
				"socket":	5,
				"local_host":	"10.0.0.1",
				"local_port":	49304,
				"remote_host":	"10.0.0.2",
				"remote_port":	5201
			}],
		"version":	"iperf 3.16",
		"system_info":	"Linux mininet 6.8.0-88-generic #89-Ubuntu SMP PREEMPT_DYNAMIC Sat Oct 11 01:02:46 UTC 2025 x86_64",
		"timestamp":	{
			"time":	"Tue, 02 Dec 2025 17:00:48 GMT",
			"timesecs":	1764694848
		},
		"connecting_to":	{
			"host":	"10.0.0.2",
			"port":	5201
		},
		"cookie":	"b5hzzm2lzaxloehloadgxbs2cgtvgwrva64f",
		"tcp_mss_default":	1448,
		"target_bitrate":	0,
		"fq_rate":	0,
		"sock_bufsize":	0,
		"sndbuf_actual":	87380,
		"rcvbuf_actual":	87380,
		"test_start":	{
			"protocol":	"TCP",
			"num_streams":	1,
			"blksize":	131072,
			"omit":	0,
			"duration":	20,
			"bytes":	0,
			"blocks":	0,
			"reverse":	0,
			"tos":	0,
			"target_bitrate":	0,
			"bidir":	0,
			"fqrate":	0
		}
	},
	"intervals":	[{
			"streams":	[{
					"socket":	5,
					"start":	0,
					"end":	1.001012,
					"seconds":	1.0010119676589966,
					"bytes":	6029312,
					"bits_per_second":	48185733.595975846,
					"retransmits":	0,
					"snd_cwnd":	1097584,
					"snd_wnd":	1855488,
					"rtt":	444362,
					"rttvar":	14829,
					"pmtu":	1500,
					"omitted":	false,
					"sender":	true
				}],
			"sum":	{
				"start":	0,
				"end":	1.001012,
				"seconds":	1.0010119676589966,
				"bytes":	6029312,
				"bits_per_second":	48185733.595975846,
				"retransmits":	0,
				"omitted":	false,
				"sender":	true
			}
		}, {
			"streams":	[{
					"socket":	5,
					"start":	1.001012,
					"end":	2.001024,
					"seconds":	1.0000120401382446,
					"bytes":	2621440,
					"bits_per_second":	20971267.5030401,
					"retransmits":	183,
					"snd_cwnd":	981744,
					"snd_wnd":	3629056,
					"rtt":	741352,
					"rttvar":	116,
					"pmtu":	1500,
					"omitted":	false,
					"sender":	true
				}],
			"sum":	{
				"start":	1.001012,
				"end":	2.001024,
				"seconds":	1.0000120401382446,
				"bytes":	2621440,
				"bits_per_second":	20971267.5030401,
				"retransmits":	183,
				"omitted":	false,
				"sender":	true
			}
		}, {
			"streams":	[{
					"socket":	5,
					"start":	2.001024,
					"end":	3.000832,
					"seconds":	0.99980801343917847,
					"bytes":	3538944,
					"bits_per_second":	28316988.481231336,
					"retransmits":	742,
					"snd_cwnd":	496664,
					"snd_wnd":	3578368,
					"rtt":	355906,
					"rttvar":	549,
					"pmtu":	1500,
					"omitted":	false,
					"sender":	true
				}],
			"sum":	{
				"start":	2.001024,
				"end":	3.000832,
				"seconds":	0.99980801343917847,
				"bytes":	3538944,
				"bits_per_second":	28316988.481231336,
				"retransmits":	742,
				"omitted":	false,
				"sender":	true
			}
		}, {
			"streams":	[{
					"socket":	5,
					"start":	3.000832,
					"end":	4.001008,
					"seconds":	1.000175952911377,
					"bytes":	0,
					"bits_per_second":	0,
					"retransmits":	54,
					"snd_cwnd":	440192,
					"snd_wnd":	3864064,
					"rtt":	388961,
					"rttvar":	2318,
					"pmtu":	1500,
					"omitted":	false,
					"sender":	true
				}],
			"sum":	{
				"start":	3.000832,
				"end":	4.001008,
				"seconds":	1.000175952911377,
				"bytes":	0,
				"bits_per_second":	0,
				"retransmits":	54,
				"omitted":	false,
				"sender":	true
			}
		}, {
			"streams":	[{
					"socket":	5,
					"start":	4.001008,
					"end":	5.000778,
					"seconds":	0.99976998567581177,
					"bytes":	3538944,
					"bits_per_second":	28318065.560712267,
					"retransmits":	0,
					"snd_cwnd":	443088,
					"snd_wnd":	5843968,
					"rtt":	370142,
					"rttvar":	714,
					"pmtu":	1500,
					"omitted":	false,
					"sender":	true
				}],
			"sum":	{
				"start":	4.001008,
				"end":	5.000778,
				"seconds":	0.99976998567581177,
				"bytes":	3538944,
				"bits_per_second":	28318065.560712267,
				"retransmits":	0,
				"omitted":	false,
				"sender":	true
			}
		}, {
			"streams":	[{
					"socket":	5,
					"start":	5.000778,
					"end":	6.001002,
					"seconds":	1.0002239942550659,
					"bytes":	0,
					"bits_per_second":	0,
					"retransmits":	0,
					"snd_cwnd":	447432,
					"snd_wnd":	5842944,
					"rtt":	372519,
					"rttvar":	925,
					"pmtu":	1500,
					"omitted":	false,
					"sender":	true
				}],
			"sum":	{
				"start":	5.000778,
				"end":	6.001002,
				"seconds":	1.0002239942550659,
				"bytes":	0,
				"bits_per_second":	0,
				"retransmits":	0,
				"omitted":	false,
				"sender":	true
			}
		}, {
			"streams":	[{
					"socket":	5,
					"start":	6.001002,
					"end":	7.001076,
					"seconds":	1.000074028968811,
					"bytes":	0,
					"bits_per_second":	0,
					"retransmits":	0,
					"snd_cwnd":	451776,
					"snd_wnd":	5842944,
					"rtt":	376180,
					"rttvar":	821,
					"pmtu":	1500,
					"omitted":	false,
					"sender":	true
				}],
			"sum":	{
				"start":	6.001002,
				"end":	7.001076,
				"seconds":	1.000074028968811,
				"bytes":	0,
				"bits_per_second":	0,
				"retransmits":	0,
				"omitted":	false,
				"sender":	true
			}
		}, {
			"streams":	[{
					"socket":	5,
					"start":	7.001076,
					"end":	8.000759,
					"seconds":	0.99968302249908447,
					"bytes":	3538944,
					"bits_per_second":	28320528.970497675,
					"retransmits":	0,
					"snd_cwnd":	454672,
					"snd_wnd":	5842944,
					"rtt":	379143,
					"rttvar":	159,
					"pmtu":	1500,
					"omitted":	false,
					"sender":	true
				}],
			"sum":	{
				"start":	7.001076,
				"end":	8.000759,
				"seconds":	0.99968302249908447,
				"bytes":	3538944,
				"bits_per_second":	28320528.970497675,
				"retransmits":	0,
				"omitted":	false,
				"sender":	true
			}
		}, {
			"streams":	[{
					"socket":	5,
					"start":	8.000759,
					"end":	9.000782,
					"seconds":	1.0000230073928833,
					"bytes":	0,
					"bits_per_second":	0,
					"retransmits":	0,
					"snd_cwnd":	459016,
					"snd_wnd":	5842944,
					"rtt":	381825,
					"rttvar":	597,
					"pmtu":	1500,
					"omitted":	false,
					"sender":	true
				}],
			"sum":	{
				"start":	8.000759,
				"end":	9.000782,
				"seconds":	1.0000230073928833,
				"bytes":	0,
				"bits_per_second":	0,
				"retransmits":	0,
				"omitted":	false,
				"sender":	true
			}
		}, {
			"streams":	[{
					"socket":	5,
					"start":	9.000782,
					"end":	10.000931,
					"seconds":	1.0001490116119385,
					"bytes":	0,
					"bits_per_second":	0,
					"retransmits":	0,
					"snd_cwnd":	461912,
					"snd_wnd":	5842944,
					"rtt":	383977,
					"rttvar":	433,
					"pmtu":	1500,
					"omitted":	false,
					"sender":	true
				}],
			"sum":	{
				"start":	9.000782,
				"end":	10.000931,
				"seconds":	1.0001490116119385,
				"bytes":	0,
				"bits_per_second":	0,
				"retransmits":	0,
				"omitted":	false,
				"sender":	true
			}
		}, {
			"streams":	[{
					"socket":	5,
					"start":	10.000931,
					"end":	11.000785,
					"seconds":	0.999854028224945,
					"bytes":	3538944,
					"bits_per_second":	28315685.2908438,
					"retransmits":	0,
					"snd_cwnd":	466256,
					"snd_wnd":	5842944,
					"rtt":	388636,
					"rttvar":	127,
					"pmtu":	1500,
					"omitted":	false,
					"sender":	true
				}],
			"sum":	{
				"start":	10.000931,
				"end":	11.000785,
				"seconds":	0.999854028224945,
				"bytes":	3538944,
				"bits_per_second":	28315685.2908438,
				"retransmits":	0,
				"omitted":	false,
				"sender":	true
			}
		}, {
			"streams":	[{
					"socket":	5,
					"start":	11.000785,
					"end":	12.000909,
					"seconds":	1.0001239776611328,
					"bytes":	0,
					"bits_per_second":	0,
					"retransmits":	0,
					"snd_cwnd":	470600,
					"snd_wnd":	5842944,
					"rtt":	391796,
					"rttvar":	774,
					"pmtu":	1500,
					"omitted":	false,
					"sender":	true
				}],
			"sum":	{
				"start":	11.000785,
				"end":	12.000909,
				"seconds":	1.0001239776611328,
				"bytes":	0,
				"bits_per_second":	0,
				"retransmits":	0,
				"omitted":	false,
				"sender":	true
			}
		}, {
			"streams":	[{
					"socket":	5,
					"start":	12.000909,
					"end":	13.001038,
					"seconds":	1.0001289844512939,
					"bytes":	0,
					"bits_per_second":	0,