{
	"start":	{
		"connected":	[{
				"socket":	5,
				"local_host":	"10.0.0.2",
				"local_port":	5201,
				"remote_host":	"10.0.0.1",
				"remote_port":	49304
			}],
		"version":	"iperf 3.16",
		"system_info":	"Linux mininet 6.8.0-88-generic #89-Ubuntu SMP PREEMPT_DYNAMIC Sat Oct 11 01:02:46 UTC 2025 x86_64",
		"sock_bufsize":	0,
		"sndbuf_actual":	87380,
		"rcvbuf_actual":	87380,
		"timestamp":	{
			"time":	"Tue, 02 Dec 2025 17:00:48 GMT",
			"timesecs":	1764694848
		},
		"accepted_connection":	{
			"host":	"10.0.0.1",
			"port":	49302
		},
		"cookie":	"b5hzzm2lzaxloehloadgxbs2cgtvgwrva64f",
		"tcp_mss_default":	0,
		"target_bitrate":	0,
		"fq_rate":	0,
		"test_start":	{
			"protocol":	"TCP",
			"num_streams":	1,
			"blksize":	131072,
			"omit":	0,
			"duration":	20,
			"bytes":	0,
			"blocks":	0,
			"reverse":	0,
			"tos":	0,
			"target_bitrate":	0,
			"bidir":	0,
			"fqrate":	0
		}
	},
	"intervals":	[{
			"streams":	[{
					"socket":	5,
					"start":	0,
					"end":	1.001006,
					"seconds":	1.001006007194519,
					"bytes":	1048576,
					"bits_per_second":	8380177.4811626039,
					"omitted":	false,
					"sender":	false
				}],
			"sum":	{
				"start":	0,
				"end":	1.001006,
				"seconds":	1.001006007194519,
				"bytes":	1048576,
				"bits_per_second":	8380177.4811626039,
				"omitted":	false,
				"sender":	false
			}
		}, {
			"streams":	[{
					"socket":	5,
					"start":	1.001006,
					"end":	2.001049,
					"seconds":	1.0000430345535278,
					"bytes":	655360,
					"bits_per_second":	5242654.384709253,
					"omitted":	false,
					"sender":	false
				}],
			"sum":	{
				"start":	1.001006,
				"end":	2.001049,
				"seconds":	1.0000430345535278,
				"bytes":	655360,
				"bits_per_second":	5242654.384709253,
				"omitted":	false,
				"sender":	false
			}
		}, {
			"streams":	[{
					"socket":	5,
					"start":	2.001049,
					"end":	3.001022,
					"seconds":	0.99997299909591675,
					"bytes":	786432,
					"bits_per_second":	6291625.8795869024,
					"omitted":	false,
					"sender":	false
				}],
			"sum":	{
				"start":	2.001049,
				"end":	3.001022,
				"seconds":	0.99997299909591675,
				"bytes":	786432,
				"bits_per_second":	6291625.8795869024,
				"omitted":	false,
				"sender":	false
			}
		}, {
			"streams":	[{
					"socket":	5,
					"start":	3.001022,
					"end":	4.001,
					"seconds":	0.999978005886078,
					"bytes":	2097152,
					"bits_per_second":	16777585.008116007,
					"omitted":	false,
					"sender":	false
				}],
			"sum":	{
				"start":	3.001022,
				"end":	4.001,
				"seconds":	0.999978005886078,
				"bytes":	2097152,
				"bits_per_second":	16777585.008116007,
				"omitted":	false,
				"sender":	false
			}
		}, {
			"streams":	[{
					"socket":	5,
					"start":	4.001,
					"end":	5.000993,
					"seconds":	0.99999302625656128,
					"bytes":	1179648,
					"bits_per_second":	9437249.8129589632,
					"omitted":	false,
					"sender":	false
				}],
			"sum":	{
				"start":	4.001,
				"end":	5.000993,
				"seconds":	0.99999302625656128,
				"bytes":	1179648,
				"bits_per_second":	9437249.8129589632,
				"omitted":	false,
				"sender":	false
			}
		}, {
			"streams":	[{
					"socket":	5,
					"start":	5.000993,
					"end":	6.001085,
					"seconds":	1.0000920295715332,
					"bytes":	1179648,
					"bits_per_second":	9436315.57992033,
					"omitted":	false,
					"sender":	false
				}],
			"sum":	{
				"start":	5.000993,
				"end":	6.001085,
				"seconds":	1.0000920295715332,
				"bytes":	1179648,
				"bits_per_second":	9436315.57992033,
				"omitted":	false,
				"sender":	false
			}
		}, {
			"streams":	[{
					"socket":	5,
					"start":	6.001085,
					"end":	7.001014,
					"seconds":	0.99992901086807251,
					"bytes":	1179648,
					"bits_per_second":	9437853.98506166,
					"omitted":	false,
					"sender":	false
				}],
			"sum":	{
				"start":	6.001085,
				"end":	7.001014,
				"seconds":	0.99992901086807251,
				"bytes":	1179648,
				"bits_per_second":	9437853.98506166,
				"omitted":	false,
				"sender":	false
			}
		}, {
			"streams":	[{
					"socket":	5,
					"start":	7.001014,
					"end":	8.001016,
					"seconds":	1.0000020265579224,
					"bytes":	1310720,
					"bits_per_second":	10485738.750043064,
					"omitted":	false,
					"sender":	false
				}],
			"sum":	{
				"start":	7.001014,
				"end":	8.001016,
				"seconds":	1.0000020265579224,
				"bytes":	1310720,
				"bits_per_second":	10485738.750043064,
				"omitted":	false,
				"sender":	false
			}
		}, {
			"streams":	[{
					"socket":	5,
					"start":	8.001016,
					"end":	9.001159,
					"seconds":	1.0001430511474609,
					"bytes":	1179648,
					"bits_per_second":	9435834.19309143,
					"omitted":	false,
					"sender":	false
				}],
			"sum":	{
				"start":	8.001016,
				"end":	9.001159,
				"seconds":	1.0001430511474609,
				"bytes":	1179648,
				"bits_per_second":	9435834.19309143,
				"omitted":	false,
				"sender":	false
			}
		}, {
			"streams":	[{
					"socket":	5,
					"start":	9.001159,
					"end":	10.001018,
					"seconds":	0.99985897541046143,
					"bytes":	1179648,
					"bits_per_second":	9438515.06271257,
					"omitted":	false,
					"sender":	false
				}],
			"sum":	{
				"start":	9.001159,
				"end":	10.001018,
				"seconds":	0.99985897541046143,
				"bytes":	1179648,
				"bits_per_second":	9438515.06271257,
				"omitted":	false,
				"sender":	false
			}
		}, {
			"streams":	[{
					"socket":	5,
					"start":	10.001018,
					"end":	11.00101,
					"seconds":	0.9999920129776,
					"bytes":	1179648,
					"bits_per_second":	9437259.37560203,
					"omitted":	false,
					"sender":	false
				}],
			"sum":	{
				"start":	10.001018,
				"end":	11.00101,
				"seconds":	0.9999920129776,
				"bytes":	1179648,
				"bits_per_second":	9437259.37560203,
				"omitted":	false,
				"sender":	false
			}
		}, {
			"streams":	[{
					"socket":	5,
					"start":	11.00101,
					"end":	12.001014,
					"seconds":	1.0000040531158447,
					"bytes":	1179648,
					"bits_per_second":	9437145.75015503,
					"omitted":	false,
					"sender":	false
				}],
			"sum":	{
				"start":	11.00101,
				"end":	12.001014,
				"seconds":	1.0000040531158447,
				"bytes":	1179648,
				"bits_per_second":	9437145.75015503,
				"omitted":	false,
				"sender":	false
			}
		}, {
			"streams":	[{
					"socket":	5,
					"start":	12.001014,
					"end":	13.001009,
					"seconds":	0.999994993209839,
					"bytes":	1179648,
					"bits_per_second":	9437231.25023657,
					"omitted":	false,
					"sender":	false
				}],
			"sum":	{
				"start":	12.001014,
				"end":	13.001009,
				"seconds":	0.999994993209839,
				"bytes":	1179648,
				"bits_per_second":	9437231.25023657,
				"omitted":	false,
				"sender":	false
			}
		}, {
			"streams":	[{
					"socket":	5,
					"start":	13.001009,
					"end":	14.000968,
					"seconds":	0.99995899200439453,
					"bytes":	1179648,
					"bits_per_second":	9437571.0158707444,
					"omitted":	false,
					"sender":	false
				}],
			"sum":	{
				"start":	13.001009,
				"end":	14.000968,
				"seconds":	0.99995899200439453,
				"bytes":	1179648,
				"bits_per_second":	9437571.0158707444,
				"omitted":	false,
				"sender":	false
			}
		}, {
			"streams":	[{
					"socket":	5,
					"start":	14.000968,
					"end":	15.001007,
					"seconds":	1.0000389814376831,
					"bytes":	1179648,
					"bits_per_second":	9436816.13933974,
					"omitted":	false,
					"sender":	false
				}],
			"sum":	{
				"start":	14.000968,
				"end":	15.001007,
				"seconds":	1.0000389814376831,
				"bytes":	1179648,
				"bits_per_second":	9436816.13933974,
				"omitted":	false,
				"sender":	false
			}
		}, {
			"streams":	[{
					"socket":	5,
					"start":	15.001007,
					"end":	16.001017,
					"seconds":	1.0000100135803223,
					"bytes":	1310720,
					"bits_per_second":	10485655.001051415,
					"omitted":	false,
					"sender":	false
				}],
			"sum":	{
				"start":	15.001007,
				"end":	16.001017,
				"seconds":	1.0000100135803223,
				"bytes":	1310720,
				"bits_per_second":	10485655.001051415,
				"omitted":	false,