{
	"start":	{
		"connected":	[{
				"socket":	5,
				"local_host":	"10.0.0.1",
				"local_port":	58044,
				"remote_host":	"10.0.0.2",
				"remote_port":	5201
			}],
		"version":	"iperf 3.16",
		"system_info":	"Linux mininet 6.8.0-88-generic #89-Ubuntu SMP PREEMPT_DYNAMIC Sat Oct 11 01:02:46 UTC 2025 x86_64",
		"timestamp":	{
			"time":	"Tue, 02 Dec 2025 18:47:33 GMT",
			"timesecs":	1764701253
		},
		"connecting_to":	{
			"host":	"10.0.0.2",
			"port":	5201
		},
		"cookie":	"yeogpfvtaekg2k6ugvyjh4juvhy4vyuqgdgt",
		"tcp_mss_default":	1448,
		"target_bitrate":	0,
		"fq_rate":	0,
		"sock_bufsize":	0,
		"sndbuf_actual":	87380,
		"rcvbuf_actual":	87380,
		"test_start":	{
			"protocol":	"TCP",
			"num_streams":	1,
			"blksize":	131072,
			"omit":	0,
			"duration":	20,
			"bytes":	0,
			"blocks":	0,
			"reverse":	0,
			"tos":	0,
			"target_bitrate":	0,
			"bidir":	0,
			"fqrate":	0
		}
	},
	"intervals":	[{
			"streams":	[{
					"socket":	5,
					"start":	0,
					"end":	1.000605,
					"seconds":	1.00060498714447,
					"bytes":	3670016,
					"bits_per_second":	29342376.239586841,
					"retransmits":	0,
					"snd_cwnd":	373584,
					"snd_wnd":	914432,
					"rtt":	310926,
					"rttvar":	3311,
					"pmtu":	1500,
					"omitted":	false,
					"sender":	true
				}],
			"sum":	{
				"start":	0,
				"end":	1.000605,
				"seconds":	1.00060498714447,
				"bytes":	3670016,
				"bits_per_second":	29342376.239586841,
				"retransmits":	0,
				"omitted":	false,
				"sender":	true
			}
		}, {
			"streams":	[{
					"socket":	5,
					"start":	1.000605,
					"end":	2.000981,
					"seconds":	1.0003759860992432,
					"bytes":	1179648,
					"bits_per_second":	9433637.0835912656,
					"retransmits":	0,
					"snd_cwnd":	272224,
					"snd_wnd":	2340864,
					"rtt":	114522,
					"rttvar":	529,
					"pmtu":	1500,
					"omitted":	false,
					"sender":	true
				}],
			"sum":	{
				"start":	1.000605,
				"end":	2.000981,
				"seconds":	1.0003759860992432,
				"bytes":	1179648,
				"bits_per_second":	9433637.0835912656,
				"retransmits":	0,
				"omitted":	false,
				"sender":	true
			}
		}, {
			"streams":	[{
					"socket":	5,
					"start":	2.000981,
					"end":	3.000612,
					"seconds":	0.99963098764419556,
					"bytes":	1179648,
					"bits_per_second":	9440667.7230368443,
					"retransmits":	0,
					"snd_cwnd":	269328,
					"snd_wnd":	2339328,
					"rtt":	112306,
					"rttvar":	220,
					"pmtu":	1500,
					"omitted":	false,
					"sender":	true
				}],
			"sum":	{
				"start":	2.000981,
				"end":	3.000612,
				"seconds":	0.99963098764419556,
				"bytes":	1179648,
				"bits_per_second":	9440667.7230368443,
				"retransmits":	0,
				"omitted":	false,
				"sender":	true
			}
		}, {
			"streams":	[{
					"socket":	5,
					"start":	3.000612,
					"end":	4.001019,
					"seconds":	1.0004069805145264,
					"bytes":	1179648,
					"bits_per_second":	9433344.8124745153,
					"retransmits":	0,
					"snd_cwnd":	266432,
					"snd_wnd":	2339328,
					"rtt":	135970,
					"rttvar":	2360,
					"pmtu":	1500,
					"omitted":	false,
					"sender":	true
				}],
			"sum":	{
				"start":	3.000612,
				"end":	4.001019,
				"seconds":	1.0004069805145264,
				"bytes":	1179648,
				"bits_per_second":	9433344.8124745153,
				"retransmits":	0,
				"omitted":	false,
				"sender":	true
			}
		}, {
			"streams":	[{
					"socket":	5,
					"start":	4.001019,
					"end":	5.000874,
					"seconds":	0.99985498189926147,
					"bytes":	1179648,
					"bits_per_second":	9438552.76099512,
					"retransmits":	0,
					"snd_cwnd":	266432,
					"snd_wnd":	2339328,
					"rtt":	113766,
					"rttvar":	517,
					"pmtu":	1500,
					"omitted":	false,
					"sender":	true
				}],
			"sum":	{
				"start":	4.001019,
				"end":	5.000874,
				"seconds":	0.99985498189926147,
				"bytes":	1179648,
				"bits_per_second":	9438552.76099512,
				"retransmits":	0,
				"omitted":	false,
				"sender":	true
			}
		}, {
			"streams":	[{
					"socket":	5,
					"start":	5.000874,
					"end":	6.000892,
					"seconds":	1.0000180006027222,
					"bytes":	1179648,
					"bits_per_second":	9437014.1280577965,
					"retransmits":	0,
					"snd_cwnd":	266432,
					"snd_wnd":	2339328,
					"rtt":	112466,
					"rttvar":	163,
					"pmtu":	1500,
					"omitted":	false,
					"sender":	true
				}],
			"sum":	{
				"start":	5.000874,
				"end":	6.000892,
				"seconds":	1.0000180006027222,
				"bytes":	1179648,
				"bits_per_second":	9437014.1280577965,
				"retransmits":	0,
				"omitted":	false,
				"sender":	true
			}
		}, {
			"streams":	[{
					"socket":	5,
					"start":	6.000892,
					"end":	7.000833,
					"seconds":	0.99994099140167236,
					"bytes":	1179648,
					"bits_per_second":	9437740.90786235,
					"retransmits":	0,
					"snd_cwnd":	266432,
					"snd_wnd":	2339328,
					"rtt":	112611,
					"rttvar":	146,
					"pmtu":	1500,
					"omitted":	false,
					"sender":	true
				}],
			"sum":	{
				"start":	6.000892,
				"end":	7.000833,
				"seconds":	0.99994099140167236,
				"bytes":	1179648,
				"bits_per_second":	9437740.90786235,
				"retransmits":	0,
				"omitted":	false,
				"sender":	true
			}
		}, {
			"streams":	[{
					"socket":	5,
					"start":	7.000833,
					"end":	8.001006,
					"seconds":	1.0001729726791382,
					"bytes":	1179648,
					"bits_per_second":	9435551.907307446,
					"retransmits":	0,
					"snd_cwnd":	266432,
					"snd_wnd":	2339328,
					"rtt":	111680,
					"rttvar":	318,
					"pmtu":	1500,
					"omitted":	false,
					"sender":	true
				}],
			"sum":	{
				"start":	7.000833,
				"end":	8.001006,
				"seconds":	1.0001729726791382,
				"bytes":	1179648,
				"bits_per_second":	9435551.907307446,
				"retransmits":	0,
				"omitted":	false,
				"sender":	true
			}
		}, {
			"streams":	[{
					"socket":	5,
					"start":	8.001006,
					"end":	9.000643,
					"seconds":	0.999637007713318,
					"bytes":	1179648,
					"bits_per_second":	9440610.8689269871,
					"retransmits":	0,
					"snd_cwnd":	266432,
					"snd_wnd":	2340864,
					"rtt":	113334,
					"rttvar":	255,
					"pmtu":	1500,
					"omitted":	false,
					"sender":	true
				}],
			"sum":	{
				"start":	8.001006,
				"end":	9.000643,
				"seconds":	0.999637007713318,
				"bytes":	1179648,
				"bits_per_second":	9440610.8689269871,
				"retransmits":	0,
				"omitted":	false,
				"sender":	true
			}
		}, {
			"streams":	[{
					"socket":	5,
					"start":	9.000643,
					"end":	10.001108,
					"seconds":	1.0004650354385376,
					"bytes":	1179648,
					"bits_per_second":	9432797.41491752,
					"retransmits":	0,
					"snd_cwnd":	266432,
					"snd_wnd":	2339328,
					"rtt":	136560,
					"rttvar":	1784,
					"pmtu":	1500,
					"omitted":	false,
					"sender":	true
				}],
			"sum":	{
				"start":	9.000643,
				"end":	10.001108,
				"seconds":	1.0004650354385376,
				"bytes":	1179648,
				"bits_per_second":	9432797.41491752,
				"retransmits":	0,
				"omitted":	false,
				"sender":	true
			}
		}, {
			"streams":	[{
					"socket":	5,
					"start":	10.001108,
					"end":	11.001268,
					"seconds":	1.0001599788665771,
					"bytes":	1179648,
					"bits_per_second":	9435674.49148946,
					"retransmits":	0,
					"snd_cwnd":	266432,
					"snd_wnd":	2339328,
					"rtt":	104567,
					"rttvar":	287,
					"pmtu":	1500,
					"omitted":	false,
					"sender":	true
				}],
			"sum":	{
				"start":	10.001108,
				"end":	11.001268,
				"seconds":	1.0001599788665771,
				"bytes":	1179648,
				"bits_per_second":	9435674.49148946,
				"retransmits":	0,
				"omitted":	false,
				"sender":	true
			}
		}, {
			"streams":	[{
					"socket":	5,
					"start":	11.001268,
					"end":	12.000685,
					"seconds":	0.999417006969452,
					"bytes":	1179648,
					"bits_per_second":	9442689.0218893941,
					"retransmits":	0,
					"snd_cwnd":	269328,
					"snd_wnd":	2339328,
					"rtt":	113523,
					"rttvar":	148,
					"pmtu":	1500,
					"omitted":	false,
					"sender":	true
				}],
			"sum":	{
				"start":	11.001268,
				"end":	12.000685,
				"seconds":	0.999417006969452,
				"bytes":	1179648,
				"bits_per_second":	9442689.0218893941,