{
	"start":	{
		"connected":	[{
				"socket":	5,
				"local_host":	"10.0.0.1",
				"local_port":	41398,
				"remote_host":	"10.0.0.2",
				"remote_port":	5201
			}],
		"version":	"iperf 3.16",
		"system_info":	"Linux mininet 6.8.0-88-generic #89-Ubuntu SMP PREEMPT_DYNAMIC Sat Oct 11 01:02:46 UTC 2025 x86_64",
		"timestamp":	{
			"time":	"Tue, 02 Dec 2025 18:33:52 GMT",
			"timesecs":	1764700432
		},
		"connecting_to":	{
			"host":	"10.0.0.2",
			"port":	5201
		},
		"cookie":	"mhhbqriopdi6c3ntnkd6xtcjpsip3kojx64o",
		"tcp_mss_default":	1448,
		"target_bitrate":	0,
		"fq_rate":	0,
		"sock_bufsize":	0,
		"sndbuf_actual":	87380,
		"rcvbuf_actual":	87380,
		"test_start":	{
			"protocol":	"TCP",
			"num_streams":	1,
			"blksize":	131072,
			"omit":	0,
			"duration":	20,
			"bytes":	0,
			"blocks":	0,
			"reverse":	0,
			"tos":	0,
			"target_bitrate":	0,
			"bidir":	0,
			"fqrate":	0
		}
	},
	"intervals":	[{
			"streams":	[{
					"socket":	5,
					"start":	0,
					"end":	1.001049,
					"seconds":	1.0010490417480469,
					"bytes":	2359296,
					"bits_per_second":	18854588.74925977,
					"retransmits":	4,
					"snd_cwnd":	127424,
					"snd_wnd":	1199616,
					"rtt":	55428,
					"rttvar":	198,
					"pmtu":	1500,
					"omitted":	false,
					"sender":	true
				}],
			"sum":	{
				"start":	0,
				"end":	1.001049,
				"seconds":	1.0010490417480469,
				"bytes":	2359296,
				"bits_per_second":	18854588.74925977,
				"retransmits":	4,
				"omitted":	false,
				"sender":	true
			}
		}, {
			"streams":	[{
					"socket":	5,
					"start":	1.001049,
					"end":	2.001053,
					"seconds":	1.0000040531158447,
					"bytes":	1179648,
					"bits_per_second":	9437145.75015503,
					"retransmits":	4,
					"snd_cwnd":	124528,
					"snd_wnd":	1199616,
					"rtt":	62141,
					"rttvar":	963,
					"pmtu":	1500,
					"omitted":	false,
					"sender":	true
				}],
			"sum":	{
				"start":	1.001049,
				"end":	2.001053,
				"seconds":	1.0000040531158447,
				"bytes":	1179648,
				"bits_per_second":	9437145.75015503,
				"retransmits":	4,
				"omitted":	false,
				"sender":	true
			}
		}, {
			"streams":	[{
					"socket":	5,
					"start":	2.001053,
					"end":	3.001047,
					"seconds":	0.99999397993087769,
					"bytes":	1179648,
					"bits_per_second":	9437240.812842017,
					"retransmits":	4,
					"snd_cwnd":	124528,
					"snd_wnd":	1202688,
					"rtt":	64895,
					"rttvar":	3057,
					"pmtu":	1500,
					"omitted":	false,
					"sender":	true
				}],
			"sum":	{
				"start":	2.001053,
				"end":	3.001047,
				"seconds":	0.99999397993087769,
				"bytes":	1179648,
				"bits_per_second":	9437240.812842017,
				"retransmits":	4,
				"omitted":	false,
				"sender":	true
			}
		}, {
			"streams":	[{
					"socket":	5,
					"start":	3.001047,
					"end":	4.001056,
					"seconds":	1.0000089406967163,
					"bytes":	1179648,
					"bits_per_second":	9437099.6257543638,
					"retransmits":	6,
					"snd_cwnd":	127424,
					"snd_wnd":	1199616,
					"rtt":	59644,
					"rttvar":	116,
					"pmtu":	1500,
					"omitted":	false,
					"sender":	true
				}],
			"sum":	{
				"start":	3.001047,
				"end":	4.001056,
				"seconds":	1.0000089406967163,
				"bytes":	1179648,
				"bits_per_second":	9437099.6257543638,
				"retransmits":	6,
				"omitted":	false,
				"sender":	true
			}
		}, {
			"streams":	[{
					"socket":	5,
					"start":	4.001056,
					"end":	5.001077,
					"seconds":	1.0000209808349609,
					"bytes":	1179648,
					"bits_per_second":	9436986.00415412,
					"retransmits":	6,
					"snd_cwnd":	124528,
					"snd_wnd":	1199616,
					"rtt":	61761,
					"rttvar":	221,
					"pmtu":	1500,
					"omitted":	false,
					"sender":	true
				}],
			"sum":	{
				"start":	4.001056,
				"end":	5.001077,
				"seconds":	1.0000209808349609,
				"bytes":	1179648,
				"bits_per_second":	9436986.00415412,
				"retransmits":	6,
				"omitted":	false,
				"sender":	true
			}
		}, {
			"streams":	[{
					"socket":	5,
					"start":	5.001077,
					"end":	6.00105,
					"seconds":	0.99997299909591675,
					"bytes":	1179648,
					"bits_per_second":	9437438.8193803541,
					"retransmits":	8,
					"snd_cwnd":	121632,
					"snd_wnd":	1199616,
					"rtt":	54347,
					"rttvar":	522,
					"pmtu":	1500,
					"omitted":	false,
					"sender":	true
				}],
			"sum":	{
				"start":	5.001077,
				"end":	6.00105,
				"seconds":	0.99997299909591675,
				"bytes":	1179648,
				"bits_per_second":	9437438.8193803541,
				"retransmits":	8,
				"omitted":	false,
				"sender":	true
			}
		}, {
			"streams":	[{
					"socket":	5,
					"start":	6.00105,
					"end":	7.001087,
					"seconds":	1.0000369548797607,
					"bytes":	1179648,
					"bits_per_second":	9436835.26288754,
					"retransmits":	8,
					"snd_cwnd":	127424,
					"snd_wnd":	1199616,
					"rtt":	57315,
					"rttvar":	591,
					"pmtu":	1500,
					"omitted":	false,
					"sender":	true
				}],
			"sum":	{
				"start":	6.00105,
				"end":	7.001087,
				"seconds":	1.0000369548797607,
				"bytes":	1179648,
				"bits_per_second":	9436835.26288754,
				"retransmits":	8,
				"omitted":	false,
				"sender":	true
			}
		}, {
			"streams":	[{
					"socket":	5,
					"start":	7.001087,
					"end":	8.001053,
					"seconds":	0.999966025352478,
					"bytes":	1179648,
					"bits_per_second":	9437504.63589349,
					"retransmits":	12,
					"snd_cwnd":	124528,
					"snd_wnd":	1199616,
					"rtt":	55364,
					"rttvar":	133,
					"pmtu":	1500,
					"omitted":	false,
					"sender":	true
				}],
			"sum":	{
				"start":	7.001087,
				"end":	8.001053,
				"seconds":	0.999966025352478,
				"bytes":	1179648,
				"bits_per_second":	9437504.63589349,
				"retransmits":	12,
				"omitted":	false,
				"sender":	true
			}
		}, {
			"streams":	[{
					"socket":	5,
					"start":	8.001053,
					"end":	9.001044,
					"seconds":	0.999990999698639,
					"bytes":	1179648,
					"bits_per_second":	9437268.93826447,
					"retransmits":	4,
					"snd_cwnd":	124528,
					"snd_wnd":	1202688,
					"rtt":	63086,
					"rttvar":	865,
					"pmtu":	1500,
					"omitted":	false,
					"sender":	true
				}],
			"sum":	{
				"start":	8.001053,
				"end":	9.001044,
				"seconds":	0.999990999698639,
				"bytes":	1179648,
				"bits_per_second":	9437268.93826447,
				"retransmits":	4,
				"omitted":	false,
				"sender":	true
			}
		}, {
			"streams":	[{
					"socket":	5,
					"start":	9.001044,
					"end":	10.001031,
					"seconds":	0.999987006187439,
					"bytes":	1179648,
					"bits_per_second":	9437306.6265933868,
					"retransmits":	4,
					"snd_cwnd":	124528,
					"snd_wnd":	1202688,
					"rtt":	67839,
					"rttvar":	121,
					"pmtu":	1500,
					"omitted":	false,
					"sender":	true
				}],
			"sum":	{
				"start":	9.001044,
				"end":	10.001031,
				"seconds":	0.999987006187439,
				"bytes":	1179648,
				"bits_per_second":	9437306.6265933868,
				"retransmits":	4,
				"omitted":	false,
				"sender":	true
			}
		}, {
			"streams":	[{
					"socket":	5,
					"start":	10.001031,
					"end":	11.00105,
					"seconds":	1.0000189542770386,
					"bytes":	1179648,
					"bits_per_second":	9437005.12839038,
					"retransmits":	14,
					"snd_cwnd":	127424,
					"snd_wnd":	1199616,
					"rtt":	57372,
					"rttvar":	592,
					"pmtu":	1500,
					"omitted":	false,
					"sender":	true
				}],
			"sum":	{
				"start":	10.001031,
				"end":	11.00105,
				"seconds":	1.0000189542770386,
				"bytes":	1179648,
				"bits_per_second":	9437005.12839038,
				"retransmits":	14,
				"omitted":	false,
				"sender":	true
			}
		}, {
			"streams":	[{
					"socket":	5,
					"start":	11.00105,
					"end":	12.001146,
					"seconds":	1.0000959634780884,
					"bytes":	1179648,
					"bits_per_second":	9436278.4618985858,
					"retransmits":	8,
					"snd_cwnd":	124528,
					"snd_wnd":	1202688,
					"rtt":	54857,
					"rttvar":	455,
					"pmtu":	1500,
					"omitted":	false,
					"sender":	true
				}],
			"sum":	{
				"start":	11.00105,
				"end":	12.001146,
				"seconds":	1.0000959634780884,
				"bytes":	1179648,
				"bits_per_second":	9436278.4618985858,
				"retransmits":	8,