{
	"start":	{
		"connected":	[{
				"socket":	5,
				"local_host":	"10.0.0.1",
				"local_port":	35610,
				"remote_host":	"10.0.0.2",
				"remote_port":	5201
			}],
		"version":	"iperf 3.16",
		"system_info":	"Linux CSCE952FinalProject 6.14.0-36-generic #36~24.04.1-Ubuntu SMP PREEMPT_DYNAMIC Wed Oct 15 15:45:17 UTC 2 x86_64",
		"timestamp":	{
			"time":	"Sun, 30 Nov 2025 04:22:06 GMT",
			"timesecs":	1764476526
		},
		"connecting_to":	{
			"host":	"10.0.0.2",
			"port":	5201
		},
		"cookie":	"7435yfildmniufmq6xqdngka2dmzvl67cfqe",
		"tcp_mss_default":	1448,
		"target_bitrate":	0,
		"fq_rate":	0,
		"sock_bufsize":	0,
		"sndbuf_actual":	87380,
		"rcvbuf_actual":	87380,
		"test_start":	{
			"protocol":	"TCP",
			"num_streams":	1,
			"blksize":	131072,
			"omit":	0,
			"duration":	20,
			"bytes":	0,
			"blocks":	0,
			"reverse":	0,
			"tos":	0,
			"target_bitrate":	0,
			"bidir":	0,
			"fqrate":	0
		}
	},
	"intervals":	[{
			"streams":	[{
					"socket":	5,
					"start":	0,
					"end":	1.002121,
					"seconds":	1.0021209716796875,
					"bytes":	1310720,
					"bits_per_second":	10463567.0705748,
					"retransmits":	0,
					"snd_cwnd":	225888,
					"snd_wnd":	328704,
					"rtt":	396608,
					"rttvar":	38401,
					"pmtu":	1500,
					"omitted":	false,
					"sender":	true
				}],
			"sum":	{
				"start":	0,
				"end":	1.002121,
				"seconds":	1.0021209716796875,
				"bytes":	1310720,
				"bits_per_second":	10463567.0705748,
				"retransmits":	0,
				"omitted":	false,
				"sender":	true
			}
		}, {
			"streams":	[{
					"socket":	5,
					"start":	1.002121,
					"end":	2.005115,
					"seconds":	1.0029939413070679,
					"bytes":	1703936,
					"bits_per_second":	13590797.948625596,
					"retransmits":	0,
					"snd_cwnd":	518384,
					"snd_wnd":	762880,
					"rtt":	859143,
					"rttvar":	40367,
					"pmtu":	1500,
					"omitted":	false,
					"sender":	true
				}],
			"sum":	{
				"start":	1.002121,
				"end":	2.005115,
				"seconds":	1.0029939413070679,
				"bytes":	1703936,
				"bits_per_second":	13590797.948625596,
				"retransmits":	0,
				"omitted":	false,
				"sender":	true
			}
		}, {
			"streams":	[{
					"socket":	5,
					"start":	2.005115,
					"end":	3.001978,
					"seconds":	0.99686300754547119,
					"bytes":	0,
					"bits_per_second":	0,
					"retransmits":	118,
					"snd_cwnd":	309872,
					"snd_wnd":	1267712,
					"rtt":	803468,
					"rttvar":	38136,
					"pmtu":	1500,
					"omitted":	false,
					"sender":	true
				}],
			"sum":	{
				"start":	2.005115,
				"end":	3.001978,
				"seconds":	0.99686300754547119,
				"bytes":	0,
				"bits_per_second":	0,
				"retransmits":	118,
				"omitted":	false,
				"sender":	true
			}
		}, {
			"streams":	[{
					"socket":	5,
					"start":	3.001978,
					"end":	4.002709,
					"seconds":	1.0007309913635254,
					"bytes":	0,
					"bits_per_second":	0,
					"retransmits":	127,
					"snd_cwnd":	264984,
					"snd_wnd":	1267712,
					"rtt":	715310,
					"rttvar":	11123,
					"pmtu":	1500,
					"omitted":	false,
					"sender":	true
				}],
			"sum":	{
				"start":	3.001978,
				"end":	4.002709,
				"seconds":	1.0007309913635254,
				"bytes":	0,
				"bits_per_second":	0,
				"retransmits":	127,
				"omitted":	false,
				"sender":	true
			}
		}, {
			"streams":	[{
					"socket":	5,
					"start":	4.002709,
					"end":	5.002005,
					"seconds":	0.999296009540558,
					"bytes":	1310720,
					"bits_per_second":	10493147.075430626,
					"retransmits":	2,
					"snd_cwnd":	272224,
					"snd_wnd":	1117696,
					"rtt":	1303199,
					"rttvar":	45699,
					"pmtu":	1500,
					"omitted":	false,
					"sender":	true
				}],
			"sum":	{
				"start":	4.002709,
				"end":	5.002005,
				"seconds":	0.999296009540558,
				"bytes":	1310720,
				"bits_per_second":	10493147.075430626,
				"retransmits":	2,
				"omitted":	false,
				"sender":	true
			}
		}, {
			"streams":	[{
					"socket":	5,
					"start":	5.002005,
					"end":	6.001887,
					"seconds":	0.99988198280334473,
					"bytes":	0,
					"bits_per_second":	0,
					"retransmits":	0,
					"snd_cwnd":	199824,
					"snd_wnd":	1442816,
					"rtt":	1330004,
					"rttvar":	54897,
					"pmtu":	1500,
					"omitted":	false,
					"sender":	true
				}],
			"sum":	{
				"start":	5.002005,
				"end":	6.001887,
				"seconds":	0.99988198280334473,
				"bytes":	0,
				"bits_per_second":	0,
				"retransmits":	0,
				"omitted":	false,
				"sender":	true
			}
		}, {
			"streams":	[{
					"socket":	5,
					"start":	6.001887,
					"end":	7.001846,
					"seconds":	0.99995899200439453,
					"bytes":	0,
					"bits_per_second":	0,
					"retransmits":	8,
					"snd_cwnd":	154936,
					"snd_wnd":	1825280,
					"rtt":	882955,
					"rttvar":	25718,
					"pmtu":	1500,
					"omitted":	false,
					"sender":	true
				}],
			"sum":	{
				"start":	6.001887,
				"end":	7.001846,
				"seconds":	0.99995899200439453,
				"bytes":	0,
				"bits_per_second":	0,
				"retransmits":	8,
				"omitted":	false,
				"sender":	true
			}
		}, {
			"streams":	[{
					"socket":	5,
					"start":	7.001846,
					"end":	8.003889,
					"seconds":	1.0020430088043213,
					"bytes":	0,
					"bits_per_second":	0,
					"retransmits":	0,
					"snd_cwnd":	76744,
					"snd_wnd":	1979392,
					"rtt":	822739,
					"rttvar":	24743,
					"pmtu":	1500,
					"omitted":	false,
					"sender":	true
				}],
			"sum":	{
				"start":	7.001846,
				"end":	8.003889,
				"seconds":	1.0020430088043213,
				"bytes":	0,
				"bits_per_second":	0,
				"retransmits":	0,
				"omitted":	false,
				"sender":	true
			}
		}, {
			"streams":	[{
					"socket":	5,
					"start":	8.003889,
					"end":	9.002101,
					"seconds":	0.99821197986602783,
					"bytes":	1179648,
					"bits_per_second":	9454088.0998709165,
					"retransmits":	0,
					"snd_cwnd":	81088,
					"snd_wnd":	1978368,
					"rtt":	314458,
					"rttvar":	47162,
					"pmtu":	1500,
					"omitted":	false,
					"sender":	true
				}],
			"sum":	{
				"start":	8.003889,
				"end":	9.002101,
				"seconds":	0.99821197986602783,
				"bytes":	1179648,
				"bits_per_second":	9454088.0998709165,
				"retransmits":	0,
				"omitted":	false,
				"sender":	true
			}
		}, {
			"streams":	[{
					"socket":	5,
					"start":	9.002101,
					"end":	10.020113,
					"seconds":	1.0180120468139648,
					"bytes":	0,
					"bits_per_second":	0,
					"retransmits":	0,
					"snd_cwnd":	85432,
					"snd_wnd":	1978368,
					"rtt":	414685,
					"rttvar":	47499,
					"pmtu":	1500,
					"omitted":	false,
					"sender":	true
				}],
			"sum":	{
				"start":	9.002101,
				"end":	10.020113,
				"seconds":	1.0180120468139648,
				"bytes":	0,
				"bits_per_second":	0,
				"retransmits":	0,
				"omitted":	false,
				"sender":	true
			}
		}, {
			"streams":	[{
					"socket":	5,
					"start":	10.020113,
					"end":	11.001544,
					"seconds":	0.981431007385254,
					"bytes":	0,
					"bits_per_second":	0,
					"retransmits":	0,
					"snd_cwnd":	86880,
					"snd_wnd":	1978368,
					"rtt":	483400,
					"rttvar":	21259,
					"pmtu":	1500,
					"omitted":	false,
					"sender":	true
				}],
			"sum":	{
				"start":	10.020113,
				"end":	11.001544,
				"seconds":	0.981431007385254,
				"bytes":	0,
				"bits_per_second":	0,
				"retransmits":	0,
				"omitted":	false,
				"sender":	true
			}
		}, {
			"streams":	[{
					"socket":	5,
					"start":	11.001544,
					"end":	12.007543,
					"seconds":	1.005998969078064,
					"bytes":	0,
					"bits_per_second":	0,
					"retransmits":	0,
					"snd_cwnd":	91224,
					"snd_wnd":	1978368,
					"rtt":	516397,
					"rttvar":	41133,
					"pmtu":	1500,
					"omitted":	false,
					"sender":	true
				}],
			"sum":	{
				"start":	11.001544,
				"end":	12.007543,
				"seconds":	1.005998969078064,
				"bytes":	0,
				"bits_per_second":	0,
				"retransmits":	0,
				"omitted":	false,
				"sender":	true
			}
		}, {
			"streams":	[{
					"socket":	5,
					"start":	12.007543,
					"end":	13.005122,
					"seconds":	0.99757897853851318,
					"bytes":	0,
					"bits_per_second":	0,
					"retransmits":	0,
					"snd_cwnd":	94120,
					"snd_wnd":	1978368,