{
	"start":	{
		"connected":	[{
				"socket":	5,
				"local_host":	"10.0.0.2",
				"local_port":	5201,
				"remote_host":	"10.0.0.1",
				"remote_port":	39252
			}],
		"version":	"iperf 3.16",
		"system_info":	"Linux mininet 6.8.0-88-generic #89-Ubuntu SMP PREEMPT_DYNAMIC Sat Oct 11 01:02:46 UTC 2025 x86_64",
		"sock_bufsize":	0,
		"sndbuf_actual":	87380,
		"rcvbuf_actual":	87380,
		"timestamp":	{
			"time":	"Tue, 02 Dec 2025 18:06:57 GMT",
			"timesecs":	1764698817
		},
		"accepted_connection":	{
			"host":	"10.0.0.1",
			"port":	39238
		},
		"cookie":	"tfwwrnogljszrhyw4bmhh46m63qpbn5zwvns",
		"tcp_mss_default":	0,
		"target_bitrate":	0,
		"fq_rate":	0,
		"test_start":	{
			"protocol":	"TCP",
			"num_streams":	1,
			"blksize":	131072,
			"omit":	0,
			"duration":	20,
			"bytes":	0,
			"blocks":	0,
			"reverse":	0,
			"tos":	0,
			"target_bitrate":	0,
			"bidir":	0,
			"fqrate":	0
		}
	},
	"intervals":	[{
			"streams":	[{
					"socket":	5,
					"start":	0,
					"end":	1.001828,
					"seconds":	1.0018279552459717,
					"bytes":	4718592,
					"bits_per_second":	37679858.9042485,
					"omitted":	false,
					"sender":	false
				}],
			"sum":	{
				"start":	0,
				"end":	1.001828,
				"seconds":	1.0018279552459717,
				"bytes":	4718592,
				"bits_per_second":	37679858.9042485,
				"omitted":	false,
				"sender":	false
			}
		}, {
			"streams":	[{
					"socket":	5,
					"start":	1.001828,
					"end":	2.000767,
					"seconds":	0.99893897771835327,
					"bytes":	6029312,
					"bits_per_second":	48285728.233541325,
					"omitted":	false,
					"sender":	false
				}],
			"sum":	{
				"start":	1.001828,
				"end":	2.000767,
				"seconds":	0.99893897771835327,
				"bytes":	6029312,
				"bits_per_second":	48285728.233541325,
				"omitted":	false,
				"sender":	false
			}
		}, {
			"streams":	[{
					"socket":	5,
					"start":	2.000767,
					"end":	3.000962,
					"seconds":	1.0001950263977051,
					"bytes":	5898240,
					"bits_per_second":	47176719.294380471,
					"omitted":	false,
					"sender":	false
				}],
			"sum":	{
				"start":	2.000767,
				"end":	3.000962,
				"seconds":	1.0001950263977051,
				"bytes":	5898240,
				"bits_per_second":	47176719.294380471,
				"omitted":	false,
				"sender":	false
			}
		}, {
			"streams":	[{
					"socket":	5,
					"start":	3.000962,
					"end":	4.000867,
					"seconds":	0.999904990196228,
					"bytes":	5898240,
					"bits_per_second":	47190403.5509813,
					"omitted":	false,
					"sender":	false
				}],
			"sum":	{
				"start":	3.000962,
				"end":	4.000867,
				"seconds":	0.999904990196228,
				"bytes":	5898240,
				"bits_per_second":	47190403.5509813,
				"omitted":	false,
				"sender":	false
			}
		}, {
			"streams":	[{
					"socket":	5,
					"start":	4.000867,
					"end":	5.001061,
					"seconds":	1.0001939535140991,
					"bytes":	6029312,
					"bits_per_second":	48225142.564131759,
					"omitted":	false,
					"sender":	false
				}],
			"sum":	{
				"start":	4.000867,
				"end":	5.001061,
				"seconds":	1.0001939535140991,
				"bytes":	6029312,
				"bits_per_second":	48225142.564131759,
				"omitted":	false,
				"sender":	false
			}
		}, {
			"streams":	[{
					"socket":	5,
					"start":	5.001061,
					"end":	6.00099,
					"seconds":	0.99992901086807251,
					"bytes":	5898240,
					"bits_per_second":	47189269.925308287,
					"omitted":	false,
					"sender":	false
				}],
			"sum":	{
				"start":	5.001061,
				"end":	6.00099,
				"seconds":	0.99992901086807251,
				"bytes":	5898240,
				"bits_per_second":	47189269.925308287,
				"omitted":	false,
				"sender":	false
			}
		}, {
			"streams":	[{
					"socket":	5,
					"start":	6.00099,
					"end":	7.000994,
					"seconds":	1.0000040531158447,
					"bytes":	6029312,
					"bits_per_second":	48234300.500792384,
					"omitted":	false,
					"sender":	false
				}],
			"sum":	{
				"start":	6.00099,
				"end":	7.000994,
				"seconds":	1.0000040531158447,
				"bytes":	6029312,
				"bits_per_second":	48234300.500792384,
				"omitted":	false,
				"sender":	false
			}
		}, {
			"streams":	[{
					"socket":	5,
					"start":	7.000994,
					"end":	8.000999,
					"seconds":	1.0000050067901611,
					"bytes":	5898240,
					"bits_per_second":	47185683.751182847,
					"omitted":	false,
					"sender":	false
				}],
			"sum":	{
				"start":	7.000994,
				"end":	8.000999,
				"seconds":	1.0000050067901611,
				"bytes":	5898240,
				"bits_per_second":	47185683.751182847,
				"omitted":	false,
				"sender":	false
			}
		}, {
			"streams":	[{
					"socket":	5,
					"start":	8.000999,
					"end":	9.000867,
					"seconds":	0.99986797571182251,
					"bytes":	5898240,
					"bits_per_second":	47192150.510078661,
					"omitted":	false,
					"sender":	false
				}],
			"sum":	{
				"start":	8.000999,
				"end":	9.000867,
				"seconds":	0.99986797571182251,
				"bytes":	5898240,
				"bits_per_second":	47192150.510078661,
				"omitted":	false,
				"sender":	false
			}
		}, {
			"streams":	[{
					"socket":	5,
					"start":	9.000867,
					"end":	10.000808,
					"seconds":	0.99994099140167236,
					"bytes":	6029312,
					"bits_per_second":	48237342.417963132,
					"omitted":	false,
					"sender":	false
				}],
			"sum":	{
				"start":	9.000867,
				"end":	10.000808,
				"seconds":	0.99994099140167236,
				"bytes":	6029312,
				"bits_per_second":	48237342.417963132,
				"omitted":	false,
				"sender":	false
			}
		}, {
			"streams":	[{
					"socket":	5,
					"start":	10.000808,
					"end":	11.001009,
					"seconds":	1.0002009868621826,
					"bytes":	5898240,
					"bits_per_second":	47176438.155726127,
					"omitted":	false,
					"sender":	false
				}],
			"sum":	{
				"start":	10.000808,
				"end":	11.001009,
				"seconds":	1.0002009868621826,
				"bytes":	5898240,
				"bits_per_second":	47176438.155726127,
				"omitted":	false,
				"sender":	false
			}
		}, {
			"streams":	[{
					"socket":	5,
					"start":	11.001009,
					"end":	12.001192,
					"seconds":	1.0001829862594604,
					"bytes":	6029312,
					"bits_per_second":	48225671.364787,
					"omitted":	false,
					"sender":	false
				}],
			"sum":	{
				"start":	11.001009,
				"end":	12.001192,
				"seconds":	1.0001829862594604,
				"bytes":	6029312,
				"bits_per_second":	48225671.364787,
				"omitted":	false,
				"sender":	false
			}
		}, {
			"streams":	[{
					"socket":	5,
					"start":	12.001192,
					"end":	13.001055,
					"seconds":	0.999863028526306,
					"bytes":	5898240,
					"bits_per_second":	47192384.010385029,
					"omitted":	false,
					"sender":	false
				}],
			"sum":	{
				"start":	12.001192,
				"end":	13.001055,
				"seconds":	0.999863028526306,
				"bytes":	5898240,
				"bits_per_second":	47192384.010385029,
				"omitted":	false,
				"sender":	false
			}
		}, {
			"streams":	[{
					"socket":	5,
					"start":	13.001055,
					"end":	14.001105,
					"seconds":	1.0000499486923218,
					"bytes":	6029312,
					"bits_per_second":	48232086.870332874,
					"omitted":	false,
					"sender":	false
				}],
			"sum":	{
				"start":	13.001055,
				"end":	14.001105,
				"seconds":	1.0000499486923218,
				"bytes":	6029312,
				"bits_per_second":	48232086.870332874,
				"omitted":	false,
				"sender":	false
			}
		}, {
			"streams":	[{
					"socket":	5,
					"start":	14.001105,
					"end":	15.000679,
					"seconds":	0.99957400560379028,
					"bytes":	5898240,
					"bits_per_second":	47206029.504036032,
					"omitted":	false,
					"sender":	false
				}],
			"sum":	{
				"start":	14.001105,
				"end":	15.000679,
				"seconds":	0.99957400560379028,
				"bytes":	5898240,
				"bits_per_second":	47206029.504036032,
				"omitted":	false,
				"sender":	false
			}
		}, {
			"streams":	[{
					"socket":	5,
					"start":	15.000679,
					"end":	16.00101,
					"seconds":	1.0003310441970825,
					"bytes":	5898240,
					"bits_per_second":	47170304.54440596,
					"omitted":	false,
					"sender":	false
				}],
			"sum":	{
				"start":	15.000679,
				"end":	16.00101,
				"seconds":	1.0003310441970825,
				"bytes":	5898240,
				"bits_per_second":	47170304.54440596,