{
	"start":	{
		"connected":	[{
				"socket":	5,
				"local_host":	"10.0.0.1",
				"local_port":	42842,
				"remote_host":	"10.0.0.2",
				"remote_port":	5201
			}],
		"version":	"iperf 3.16",
		"system_info":	"Linux mininet 6.8.0-88-generic #89-Ubuntu SMP PREEMPT_DYNAMIC Sat Oct 11 01:02:46 UTC 2025 x86_64",
		"timestamp":	{
			"time":	"Tue, 02 Dec 2025 18:02:14 GMT",
			"timesecs":	1764698534
		},
		"connecting_to":	{
			"host":	"10.0.0.2",
			"port":	5201
		},
		"cookie":	"rtkoarumzowhpjmnx3g65hmcvpsotp5boqud",
		"tcp_mss_default":	1448,
		"target_bitrate":	0,
		"fq_rate":	0,
		"sock_bufsize":	0,
		"sndbuf_actual":	87380,
		"rcvbuf_actual":	87380,
		"test_start":	{
			"protocol":	"TCP",
			"num_streams":	1,
			"blksize":	131072,
			"omit":	0,
			"duration":	20,
			"bytes":	0,
			"blocks":	0,
			"reverse":	0,
			"tos":	0,
			"target_bitrate":	0,
			"bidir":	0,
			"fqrate":	0
		}
	},
	"intervals":	[{
			"streams":	[{
					"socket":	5,
					"start":	0,
					"end":	1.000902,
					"seconds":	1.0009020566940308,
					"bytes":	2621440,
					"bits_per_second":	20952619.5492781,
					"retransmits":	0,
					"snd_cwnd":	501008,
					"snd_wnd":	1234944,
					"rtt":	321318,
					"rttvar":	14639,
					"pmtu":	1500,
					"omitted":	false,
					"sender":	true
				}],
			"sum":	{
				"start":	0,
				"end":	1.000902,
				"seconds":	1.0009020566940308,
				"bytes":	2621440,
				"bits_per_second":	20952619.5492781,
				"retransmits":	0,
				"omitted":	false,
				"sender":	true
			}
		}, {
			"streams":	[{
					"socket":	5,
					"start":	1.000902,
					"end":	2.000767,
					"seconds":	0.99986499547958374,
					"bytes":	2097152,
					"bits_per_second":	16779481.305826526,
					"retransmits":	0,
					"snd_cwnd":	561824,
					"snd_wnd":	2910208,
					"rtt":	446166,
					"rttvar":	1191,
					"pmtu":	1500,
					"omitted":	false,
					"sender":	true
				}],
			"sum":	{
				"start":	1.000902,
				"end":	2.000767,
				"seconds":	0.99986499547958374,
				"bytes":	2097152,
				"bits_per_second":	16779481.305826526,
				"retransmits":	0,
				"omitted":	false,
				"sender":	true
			}
		}, {
			"streams":	[{
					"socket":	5,
					"start":	2.000767,
					"end":	3.001063,
					"seconds":	1.0002959966659546,
					"bytes":	1310720,
					"bits_per_second":	10482657.1684278,
					"retransmits":	0,
					"snd_cwnd":	621192,
					"snd_wnd":	2910208,
					"rtt":	493442,
					"rttvar":	1293,
					"pmtu":	1500,
					"omitted":	false,
					"sender":	true
				}],
			"sum":	{
				"start":	2.000767,
				"end":	3.001063,
				"seconds":	1.0002959966659546,
				"bytes":	1310720,
				"bits_per_second":	10482657.1684278,
				"retransmits":	0,
				"omitted":	false,
				"sender":	true
			}
		}, {
			"streams":	[{
					"socket":	5,
					"start":	3.001063,
					"end":	4.00111,
					"seconds":	1.000046968460083,
					"bytes":	1310720,
					"bits_per_second":	10485267.523130881,
					"retransmits":	14,
					"snd_cwnd":	528520,
					"snd_wnd":	2910208,
					"rtt":	526810,
					"rttvar":	239,
					"pmtu":	1500,
					"omitted":	false,
					"sender":	true
				}],
			"sum":	{
				"start":	3.001063,
				"end":	4.00111,
				"seconds":	1.000046968460083,
				"bytes":	1310720,
				"bits_per_second":	10485267.523130881,
				"retransmits":	14,
				"omitted":	false,
				"sender":	true
			}
		}, {
			"streams":	[{
					"socket":	5,
					"start":	4.00111,
					"end":	5.00078,
					"seconds":	0.99967002868652344,
					"bytes":	1310720,
					"bits_per_second":	10489221.142077597,
					"retransmits":	14,
					"snd_cwnd":	322904,
					"snd_wnd":	2912256,
					"rtt":	361150,
					"rttvar":	3644,
					"pmtu":	1500,
					"omitted":	false,
					"sender":	true
				}],
			"sum":	{
				"start":	4.00111,
				"end":	5.00078,
				"seconds":	0.99967002868652344,
				"bytes":	1310720,
				"bits_per_second":	10489221.142077597,
				"retransmits":	14,
				"omitted":	false,
				"sender":	true
			}
		}, {
			"streams":	[{
					"socket":	5,
					"start":	5.00078,
					"end":	6.001073,
					"seconds":	1.0002930164337158,
					"bytes":	1441792,
					"bits_per_second":	11530957.240032196,
					"retransmits":	1,
					"snd_cwnd":	240368,
					"snd_wnd":	2913280,
					"rtt":	195275,
					"rttvar":	470,
					"pmtu":	1500,
					"omitted":	false,
					"sender":	true
				}],
			"sum":	{
				"start":	5.00078,
				"end":	6.001073,
				"seconds":	1.0002930164337158,
				"bytes":	1441792,
				"bits_per_second":	11530957.240032196,
				"retransmits":	1,
				"omitted":	false,
				"sender":	true
			}
		}, {
			"streams":	[{
					"socket":	5,
					"start":	6.001073,
					"end":	7.000804,
					"seconds":	0.99973100423812866,
					"bytes":	1310720,
					"bits_per_second":	10488581.383940322,
					"retransmits":	2,
					"snd_cwnd":	253400,
					"snd_wnd":	2912256,
					"rtt":	212961,
					"rttvar":	1227,
					"pmtu":	1500,
					"omitted":	false,
					"sender":	true
				}],
			"sum":	{
				"start":	6.001073,
				"end":	7.000804,
				"seconds":	0.99973100423812866,
				"bytes":	1310720,
				"bits_per_second":	10488581.383940322,
				"retransmits":	2,
				"omitted":	false,
				"sender":	true
			}
		}, {
			"streams":	[{
					"socket":	5,
					"start":	7.000804,
					"end":	8.000763,
					"seconds":	0.99995899200439453,
					"bytes":	1310720,
					"bits_per_second":	10486190.017634161,
					"retransmits":	0,
					"snd_cwnd":	199824,
					"snd_wnd":	2913280,
					"rtt":	163384,
					"rttvar":	330,
					"pmtu":	1500,
					"omitted":	false,
					"sender":	true
				}],
			"sum":	{
				"start":	7.000804,
				"end":	8.000763,
				"seconds":	0.99995899200439453,
				"bytes":	1310720,
				"bits_per_second":	10486190.017634161,
				"retransmits":	0,
				"omitted":	false,
				"sender":	true
			}
		}, {
			"streams":	[{
					"socket":	5,
					"start":	8.000763,
					"end":	9.000997,
					"seconds":	1.0002340078353882,
					"bytes":	1441792,
					"bits_per_second":	11531637.506468629,
					"retransmits":	2,
					"snd_cwnd":	147696,
					"snd_wnd":	2913280,
					"rtt":	171751,
					"rttvar":	1220,
					"pmtu":	1500,
					"omitted":	false,
					"sender":	true
				}],
			"sum":	{
				"start":	8.000763,
				"end":	9.000997,
				"seconds":	1.0002340078353882,
				"bytes":	1441792,
				"bits_per_second":	11531637.506468629,
				"retransmits":	2,
				"omitted":	false,
				"sender":	true
			}
		}, {
			"streams":	[{
					"socket":	5,
					"start":	9.000997,
					"end":	10.000777,
					"seconds":	0.999779999256134,
					"bytes":	0,
					"bits_per_second":	0,
					"retransmits":	0,
					"snd_cwnd":	167968,
					"snd_wnd":	2913280,
					"rtt":	137452,
					"rttvar":	744,
					"pmtu":	1500,
					"omitted":	false,
					"sender":	true
				}],
			"sum":	{
				"start":	9.000997,
				"end":	10.000777,
				"seconds":	0.999779999256134,
				"bytes":	0,
				"bits_per_second":	0,
				"retransmits":	0,
				"omitted":	false,
				"sender":	true
			}
		}, {
			"streams":	[{
					"socket":	5,
					"start":	10.000777,
					"end":	11.001428,
					"seconds":	1.0006510019302368,
					"bytes":	1310720,
					"bits_per_second":	10478938.19101082,
					"retransmits":	0,
					"snd_cwnd":	178104,
					"snd_wnd":	2910208,
					"rtt":	146698,
					"rttvar":	381,
					"pmtu":	1500,
					"omitted":	false,
					"sender":	true
				}],
			"sum":	{
				"start":	10.000777,
				"end":	11.001428,
				"seconds":	1.0006510019302368,
				"bytes":	1310720,
				"bits_per_second":	10478938.19101082,
				"retransmits":	0,
				"omitted":	false,
				"sender":	true
			}
		}, {
			"streams":	[{
					"socket":	5,
					"start":	11.001428,
					"end":	12.000764,
					"seconds":	0.999336004257202,
					"bytes":	1441792,
					"bits_per_second":	11541999.838756308,
					"retransmits":	2,
					"snd_cwnd":	136112,
					"snd_wnd":	2913280,
					"rtt":	111428,
					"rttvar":	151,
					"pmtu":	1500,
					"omitted":	false,
					"sender":	true
				}],
			"sum":	{
				"start":	11.001428,
				"end":	12.000764,
				"seconds":	0.999336004257202,
				"bytes":	1441792,
				"bits_per_second":	11541999.838756308,
				"retransmits":	2,