{
	"start":	{
		"connected":	[{
				"socket":	5,
				"local_host":	"10.0.0.1",
				"local_port":	50696,
				"remote_host":	"10.0.0.2",
				"remote_port":	5201
			}],
		"version":	"iperf 3.16",
		"system_info":	"Linux mininet 6.8.0-88-generic #89-Ubuntu SMP PREEMPT_DYNAMIC Sat Oct 11 01:02:46 UTC 2025 x86_64",
		"timestamp":	{
			"time":	"Tue, 02 Dec 2025 19:14:56 GMT",
			"timesecs":	1764702896
		},
		"connecting_to":	{
			"host":	"10.0.0.2",
			"port":	5201
		},
		"cookie":	"czu6npw2cjpsww5shwrfpciqlpz6ewsndfuz",
		"tcp_mss_default":	1448,
		"target_bitrate":	0,
		"fq_rate":	0,
		"sock_bufsize":	0,
		"sndbuf_actual":	87380,
		"rcvbuf_actual":	87380,
		"test_start":	{
			"protocol":	"TCP",
			"num_streams":	1,
			"blksize":	131072,
			"omit":	0,
			"duration":	20,
			"bytes":	0,
			"blocks":	0,
			"reverse":	0,
			"tos":	0,
			"target_bitrate":	0,
			"bidir":	0,
			"fqrate":	0
		}
	},
	"intervals":	[{
			"streams":	[{
					"socket":	5,
					"start":	0,
					"end":	1.000924,
					"seconds":	1.0009239912033081,
					"bytes":	7733248,
					"bits_per_second":	61808873.1449277,
					"retransmits":	26,
					"snd_cwnd":	770336,
					"snd_wnd":	2812928,
					"rtt":	123185,
					"rttvar":	2549,
					"pmtu":	1500,
					"omitted":	false,
					"sender":	true
				}],
			"sum":	{
				"start":	0,
				"end":	1.000924,
				"seconds":	1.0009239912033081,
				"bytes":	7733248,
				"bits_per_second":	61808873.1449277,
				"retransmits":	26,
				"omitted":	false,
				"sender":	true
			}
		}, {
			"streams":	[{
					"socket":	5,
					"start":	1.000924,
					"end":	2.000885,
					"seconds":	0.999961018562317,
					"bytes":	12845056,
					"bits_per_second":	102764453.906156,
					"retransmits":	31,
					"snd_cwnd":	2012720,
					"snd_wnd":	9911808,
					"rtt":	308367,
					"rttvar":	636,
					"pmtu":	1500,
					"omitted":	false,
					"sender":	true
				}],
			"sum":	{
				"start":	1.000924,
				"end":	2.000885,
				"seconds":	0.999961018562317,
				"bytes":	12845056,
				"bits_per_second":	102764453.906156,
				"retransmits":	31,
				"omitted":	false,
				"sender":	true
			}
		}, {
			"streams":	[{
					"socket":	5,
					"start":	2.000885,
					"end":	3.00102,
					"seconds":	1.0001349449157715,
					"bytes":	5636096,
					"bits_per_second":	45082684.320961557,
					"retransmits":	39,
					"snd_cwnd":	640016,
					"snd_wnd":	12436480,
					"rtt":	105185,
					"rttvar":	268,
					"pmtu":	1500,
					"omitted":	false,
					"sender":	true
				}],
			"sum":	{
				"start":	2.000885,
				"end":	3.00102,
				"seconds":	1.0001349449157715,
				"bytes":	5636096,
				"bits_per_second":	45082684.320961557,
				"retransmits":	39,
				"omitted":	false,
				"sender":	true
			}
		}, {
			"streams":	[{
					"socket":	5,
					"start":	3.00102,
					"end":	4.000762,
					"seconds":	0.99974197149276733,
					"bytes":	6029312,
					"bits_per_second":	48246945.0872194,
					"retransmits":	69,
					"snd_cwnd":	1306096,
					"snd_wnd":	12582912,
					"rtt":	107349,
					"rttvar":	1524,
					"pmtu":	1500,
					"omitted":	false,
					"sender":	true
				}],
			"sum":	{
				"start":	3.00102,
				"end":	4.000762,
				"seconds":	0.99974197149276733,
				"bytes":	6029312,
				"bits_per_second":	48246945.0872194,
				"retransmits":	69,
				"omitted":	false,
				"sender":	true
			}
		}, {
			"streams":	[{
					"socket":	5,
					"start":	4.000762,
					"end":	5.00098,
					"seconds":	1.0002180337905884,
					"bytes":	5767168,
					"bits_per_second":	46127286.6928328,
					"retransmits":	35,
					"snd_cwnd":	722552,
					"snd_wnd":	12579328,
					"rtt":	112365,
					"rttvar":	2713,
					"pmtu":	1500,
					"omitted":	false,
					"sender":	true
				}],
			"sum":	{
				"start":	4.000762,
				"end":	5.00098,
				"seconds":	1.0002180337905884,
				"bytes":	5767168,
				"bits_per_second":	46127286.6928328,
				"retransmits":	35,
				"omitted":	false,
				"sender":	true
			}
		}, {
			"streams":	[{
					"socket":	5,
					"start":	5.00098,
					"end":	6.000645,
					"seconds":	0.9996650218963623,
					"bytes":	5636096,
					"bits_per_second":	45103876.8111209,
					"retransmits":	27,
					"snd_cwnd":	1045456,
					"snd_wnd":	12493312,
					"rtt":	106228,
					"rttvar":	323,
					"pmtu":	1500,
					"omitted":	false,
					"sender":	true
				}],
			"sum":	{
				"start":	5.00098,
				"end":	6.000645,
				"seconds":	0.9996650218963623,
				"bytes":	5636096,
				"bits_per_second":	45103876.8111209,
				"retransmits":	27,
				"omitted":	false,
				"sender":	true
			}
		}, {
			"streams":	[{
					"socket":	5,
					"start":	6.000645,
					"end":	7.000733,
					"seconds":	1.0000879764556885,
					"bytes":	5636096,
					"bits_per_second":	45084801.5989499,
					"retransmits":	34,
					"snd_cwnd":	1285824,
					"snd_wnd":	12478464,
					"rtt":	111244,
					"rttvar":	2025,
					"pmtu":	1500,
					"omitted":	false,
					"sender":	true
				}],
			"sum":	{
				"start":	6.000645,
				"end":	7.000733,
				"seconds":	1.0000879764556885,
				"bytes":	5636096,
				"bits_per_second":	45084801.5989499,
				"retransmits":	34,
				"omitted":	false,
				"sender":	true
			}
		}, {
			"streams":	[{
					"socket":	5,
					"start":	7.000733,
					"end":	8.001037,
					"seconds":	1.0003039836883545,
					"bytes":	6291456,
					"bits_per_second":	50316352.649537049,
					"retransmits":	33,
					"snd_cwnd":	626984,
					"snd_wnd":	12580352,
					"rtt":	111776,
					"rttvar":	1888,
					"pmtu":	1500,
					"omitted":	false,
					"sender":	true
				}],
			"sum":	{
				"start":	7.000733,
				"end":	8.001037,
				"seconds":	1.0003039836883545,
				"bytes":	6291456,
				"bits_per_second":	50316352.649537049,
				"retransmits":	33,
				"omitted":	false,
				"sender":	true
			}
		}, {
			"streams":	[{
					"socket":	5,
					"start":	8.001037,
					"end":	9.000964,
					"seconds":	0.99992698431015,
					"bytes":	5898240,
					"bits_per_second":	47189365.564080238,
					"retransmits":	48,
					"snd_cwnd":	1288720,
					"snd_wnd":	12363264,
					"rtt":	105718,
					"rttvar":	186,
					"pmtu":	1500,
					"omitted":	false,
					"sender":	true
				}],
			"sum":	{
				"start":	8.001037,
				"end":	9.000964,
				"seconds":	0.99992698431015,
				"bytes":	5898240,
				"bits_per_second":	47189365.564080238,
				"retransmits":	48,
				"omitted":	false,
				"sender":	true
			}
		}, {
			"streams":	[{
					"socket":	5,
					"start":	9.000964,
					"end":	10.000955,
					"seconds":	0.999990999698639,
					"bytes":	5767168,
					"bits_per_second":	46137759.253737412,
					"retransmits":	49,
					"snd_cwnd":	676216,
					"snd_wnd":	12460032,
					"rtt":	105839,
					"rttvar":	261,
					"pmtu":	1500,
					"omitted":	false,
					"sender":	true
				}],
			"sum":	{
				"start":	9.000964,
				"end":	10.000955,
				"seconds":	0.999990999698639,
				"bytes":	5767168,
				"bits_per_second":	46137759.253737412,
				"retransmits":	49,
				"omitted":	false,
				"sender":	true
			}
		}, {
			"streams":	[{
					"socket":	5,
					"start":	10.000955,
					"end":	11.000881,
					"seconds":	0.999925971031189,
					"bytes":	5505024,
					"bits_per_second":	44043452.491370812,
					"retransmits":	22,
					"snd_cwnd":	615400,
					"snd_wnd":	12578304,
					"rtt":	106017,
					"rttvar":	91,
					"pmtu":	1500,
					"omitted":	false,
					"sender":	true
				}],
			"sum":	{
				"start":	10.000955,
				"end":	11.000881,
				"seconds":	0.999925971031189,
				"bytes":	5505024,
				"bits_per_second":	44043452.491370812,
				"retransmits":	22,
				"omitted":	false,
				"sender":	true
			}
		}, {
			"streams":	[{
					"socket":	5,
					"start":	11.000881,
					"end":	12.001034,
					"seconds":	1.0001529455184937,
					"bytes":	5505024,
					"bits_per_second":	44033457.280045234,
					"retransmits":	54,
					"snd_cwnd":	1297408,
					"snd_wnd":	12128256,
					"rtt":	105461,
					"rttvar":	310,
					"pmtu":	1500,
					"omitted":	false,
					"sender":	true
				}],
			"sum":	{
				"start":	11.000881,
				"end":	12.001034,
				"seconds":	1.0001529455184937,
				"bytes":	5505024,