{
	"start":	{
		"connected":	[{
				"socket":	5,
				"local_host":	"10.0.0.2",
				"local_port":	5201,
				"remote_host":	"10.0.0.1",
				"remote_port":	41148
			}],
		"version":	"iperf 3.16",
		"system_info":	"Linux mininet 6.8.0-88-generic #89-Ubuntu SMP PREEMPT_DYNAMIC Sat Oct 11 01:02:46 UTC 2025 x86_64",
		"sock_bufsize":	0,
		"sndbuf_actual":	87380,
		"rcvbuf_actual":	87380,
		"timestamp":	{
			"time":	"Tue, 02 Dec 2025 17:47:37 GMT",
			"timesecs":	1764697657
		},
		"accepted_connection":	{
			"host":	"10.0.0.1",
			"port":	41146
		},
		"cookie":	"uqoosuofkswftuh2ryrq45okx3cp2ggq64zw",
		"tcp_mss_default":	0,
		"target_bitrate":	0,
		"fq_rate":	0,
		"test_start":	{
			"protocol":	"TCP",
			"num_streams":	1,
			"blksize":	131072,
			"omit":	0,
			"duration":	20,
			"bytes":	0,
			"blocks":	0,
			"reverse":	0,
			"tos":	0,
			"target_bitrate":	0,
			"bidir":	0,
			"fqrate":	0
		}
	},
	"intervals":	[{
			"streams":	[{
					"socket":	5,
					"start":	0,
					"end":	1.00107,
					"seconds":	1.0010700225830078,
					"bytes":	1048576,
					"bits_per_second":	8379641.5942566339,
					"omitted":	false,
					"sender":	false
				}],
			"sum":	{
				"start":	0,
				"end":	1.00107,
				"seconds":	1.0010700225830078,
				"bytes":	1048576,
				"bits_per_second":	8379641.5942566339,
				"omitted":	false,
				"sender":	false
			}
		}, {
			"streams":	[{
					"socket":	5,
					"start":	1.00107,
					"end":	2.001066,
					"seconds":	0.9999960064888,
					"bytes":	1179648,
					"bits_per_second":	9437221.6876505055,
					"omitted":	false,
					"sender":	false
				}],
			"sum":	{
				"start":	1.00107,
				"end":	2.001066,
				"seconds":	0.9999960064888,
				"bytes":	1179648,
				"bits_per_second":	9437221.6876505055,
				"omitted":	false,
				"sender":	false
			}
		}, {
			"streams":	[{
					"socket":	5,
					"start":	2.001066,
					"end":	3.00106,
					"seconds":	0.99999397993087769,
					"bytes":	1179648,
					"bits_per_second":	9437240.812842017,
					"omitted":	false,
					"sender":	false
				}],
			"sum":	{
				"start":	2.001066,
				"end":	3.00106,
				"seconds":	0.99999397993087769,
				"bytes":	1179648,
				"bits_per_second":	9437240.812842017,
				"omitted":	false,
				"sender":	false
			}
		}, {
			"streams":	[{
					"socket":	5,
					"start":	3.00106,
					"end":	4.001064,
					"seconds":	1.0000040531158447,
					"bytes":	1179648,
					"bits_per_second":	9437145.75015503,
					"omitted":	false,
					"sender":	false
				}],
			"sum":	{
				"start":	3.00106,
				"end":	4.001064,
				"seconds":	1.0000040531158447,
				"bytes":	1179648,
				"bits_per_second":	9437145.75015503,
				"omitted":	false,
				"sender":	false
			}
		}, {
			"streams":	[{
					"socket":	5,
					"start":	4.001064,
					"end":	5.001063,
					"seconds":	0.99999898672103882,
					"bytes":	1179648,
					"bits_per_second":	9437193.56250969,
					"omitted":	false,
					"sender":	false
				}],
			"sum":	{
				"start":	4.001064,
				"end":	5.001063,
				"seconds":	0.99999898672103882,
				"bytes":	1179648,
				"bits_per_second":	9437193.56250969,
				"omitted":	false,
				"sender":	false
			}
		}, {
			"streams":	[{
					"socket":	5,
					"start":	5.001063,
					"end":	6.001063,
					"seconds":	1,
					"bytes":	1179648,
					"bits_per_second":	9437184,
					"omitted":	false,
					"sender":	false
				}],
			"sum":	{
				"start":	5.001063,
				"end":	6.001063,
				"seconds":	1,
				"bytes":	1179648,
				"bits_per_second":	9437184,
				"omitted":	false,
				"sender":	false
			}
		}, {
			"streams":	[{
					"socket":	5,
					"start":	6.001063,
					"end":	7.001048,
					"seconds":	0.9999849796295166,
					"bytes":	655360,
					"bits_per_second":	5242958.7511828719,
					"omitted":	false,
					"sender":	false
				}],
			"sum":	{
				"start":	6.001063,
				"end":	7.001048,
				"seconds":	0.9999849796295166,
				"bytes":	655360,
				"bits_per_second":	5242958.7511828719,
				"omitted":	false,
				"sender":	false
			}
		}, {
			"streams":	[{
					"socket":	5,
					"start":	7.001048,
					"end":	8.001042,
					"seconds":	0.99999397993087769,
					"bytes":	1835008,
					"bits_per_second":	14680152.375532027,
					"omitted":	false,
					"sender":	false
				}],
			"sum":	{
				"start":	7.001048,
				"end":	8.001042,
				"seconds":	0.99999397993087769,
				"bytes":	1835008,
				"bits_per_second":	14680152.375532027,
				"omitted":	false,
				"sender":	false
			}
		}, {
			"streams":	[{
					"socket":	5,
					"start":	8.001042,
					"end":	9.001032,
					"seconds":	0.99998998641967773,
					"bytes":	1179648,
					"bits_per_second":	9437278.50094629,
					"omitted":	false,
					"sender":	false
				}],
			"sum":	{
				"start":	8.001042,
				"end":	9.001032,
				"seconds":	0.99998998641967773,
				"bytes":	1179648,
				"bits_per_second":	9437278.50094629,
				"omitted":	false,
				"sender":	false
			}
		}, {
			"streams":	[{
					"socket":	5,
					"start":	9.001032,
					"end":	10.001104,
					"seconds":	1.0000720024108887,
					"bytes":	1179648,
					"bits_per_second":	9436504.5489221159,
					"omitted":	false,
					"sender":	false
				}],
			"sum":	{
				"start":	9.001032,
				"end":	10.001104,
				"seconds":	1.0000720024108887,
				"bytes":	1179648,
				"bits_per_second":	9436504.5489221159,
				"omitted":	false,
				"sender":	false
			}
		}, {
			"streams":	[{
					"socket":	5,
					"start":	10.001104,
					"end":	11.001073,
					"seconds":	0.9999690055847168,
					"bytes":	1179648,
					"bits_per_second":	9437476.50906615,
					"omitted":	false,
					"sender":	false
				}],
			"sum":	{
				"start":	10.001104,
				"end":	11.001073,
				"seconds":	0.9999690055847168,
				"bytes":	1179648,
				"bits_per_second":	9437476.50906615,
				"omitted":	false,
				"sender":	false
			}
		}, {
			"streams":	[{
					"socket":	5,
					"start":	11.001073,
					"end":	12.001047,
					"seconds":	0.999974012374878,
					"bytes":	1179648,
					"bits_per_second":	9437429.25637363,
					"omitted":	false,
					"sender":	false
				}],
			"sum":	{
				"start":	11.001073,
				"end":	12.001047,
				"seconds":	0.999974012374878,
				"bytes":	1179648,
				"bits_per_second":	9437429.25637363,
				"omitted":	false,
				"sender":	false
			}
		}, {
			"streams":	[{
					"socket":	5,
					"start":	12.001047,
					"end":	13.00107,
					"seconds":	1.0000230073928833,
					"bytes":	1179648,
					"bits_per_second":	9436966.8799953647,
					"omitted":	false,
					"sender":	false
				}],
			"sum":	{
				"start":	12.001047,
				"end":	13.00107,
				"seconds":	1.0000230073928833,
				"bytes":	1179648,
				"bits_per_second":	9436966.8799953647,
				"omitted":	false,
				"sender":	false
			}
		}, {
			"streams":	[{
					"socket":	5,
					"start":	13.00107,
					"end":	14.001061,
					"seconds":	0.999990999698639,
					"bytes":	1179648,
					"bits_per_second":	9437268.93826447,
					"omitted":	false,
					"sender":	false
				}],
			"sum":	{
				"start":	13.00107,
				"end":	14.001061,
				"seconds":	0.999990999698639,
				"bytes":	1179648,
				"bits_per_second":	9437268.93826447,
				"omitted":	false,
				"sender":	false
			}
		}, {
			"streams":	[{
					"socket":	5,
					"start":	14.001061,
					"end":	15.001064,
					"seconds":	1.0000029802322388,
					"bytes":	1179648,
					"bits_per_second":	9437155.87508382,
					"omitted":	false,
					"sender":	false
				}],
			"sum":	{
				"start":	14.001061,
				"end":	15.001064,
				"seconds":	1.0000029802322388,
				"bytes":	1179648,
				"bits_per_second":	9437155.87508382,
				"omitted":	false,
				"sender":	false
			}
		}, {
			"streams":	[{
					"socket":	5,
					"start":	15.001064,
					"end":	16.001061,
					"seconds":	0.99999701976776123,
					"bytes":	1310720,
					"bits_per_second":	10485791.250093132,
					"omitted":	false,
					"sender":	false
				}],
			"sum":	{
				"start":	15.001064,
				"end":	16.001061,
				"seconds":	0.99999701976776123,
				"bytes":	1310720,
				"bits_per_second":	10485791.250093132,
				"omitted":	false,