{
	"start":	{
		"connected":	[{
				"socket":	5,
				"local_host":	"10.0.0.1",
				"local_port":	57476,
				"remote_host":	"10.0.0.2",
				"remote_port":	5201
			}],
		"version":	"iperf 3.16",
		"system_info":	"Linux mininet 6.8.0-88-generic #89-Ubuntu SMP PREEMPT_DYNAMIC Sat Oct 11 01:02:46 UTC 2025 x86_64",
		"timestamp":	{
			"time":	"Tue, 02 Dec 2025 17:00:01 GMT",
			"timesecs":	1764694801
		},
		"connecting_to":	{
			"host":	"10.0.0.2",
			"port":	5201
		},
		"cookie":	"fdrdnsxgyhqjb6ae3mrej4tbp6lbudeyhb7m",
		"tcp_mss_default":	1448,
		"target_bitrate":	0,
		"fq_rate":	0,
		"sock_bufsize":	0,
		"sndbuf_actual":	87380,
		"rcvbuf_actual":	87380,
		"test_start":	{
			"protocol":	"TCP",
			"num_streams":	1,
			"blksize":	131072,
			"omit":	0,
			"duration":	20,
			"bytes":	0,
			"blocks":	0,
			"reverse":	0,
			"tos":	0,
			"target_bitrate":	0,
			"bidir":	0,
			"fqrate":	0
		}
	},
	"intervals":	[{
			"streams":	[{
					"socket":	5,
					"start":	0,
					"end":	1.00098,
					"seconds":	1.000980019569397,
					"bytes":	2883584,
					"bits_per_second":	23046086.38434533,
					"retransmits":	9,
					"snd_cwnd":	231680,
					"snd_wnd":	1129472,
					"rtt":	236862,
					"rttvar":	13869,
					"pmtu":	1500,
					"omitted":	false,
					"sender":	true
				}],
			"sum":	{
				"start":	0,
				"end":	1.00098,
				"seconds":	1.000980019569397,
				"bytes":	2883584,
				"bits_per_second":	23046086.38434533,
				"retransmits":	9,
				"omitted":	false,
				"sender":	true
			}
		}, {
			"streams":	[{
					"socket":	5,
					"start":	1.00098,
					"end":	2.000914,
					"seconds":	0.99993401765823364,
					"bytes":	1179648,
					"bits_per_second":	9437806.72858909,
					"retransmits":	5,
					"snd_cwnd":	62264,
					"snd_wnd":	3426816,
					"rtt":	50812,
					"rttvar":	113,
					"pmtu":	1500,
					"omitted":	false,
					"sender":	true
				}],
			"sum":	{
				"start":	1.00098,
				"end":	2.000914,
				"seconds":	0.99993401765823364,
				"bytes":	1179648,
				"bits_per_second":	9437806.72858909,
				"retransmits":	5,
				"omitted":	false,
				"sender":	true
			}
		}, {
			"streams":	[{
					"socket":	5,
					"start":	2.000914,
					"end":	3.000517,
					"seconds":	0.999602973461151,
					"bytes":	917504,
					"bits_per_second":	7342947.3449693229,
					"retransmits":	7,
					"snd_cwnd":	26064,
					"snd_wnd":	4463616,
					"rtt":	44733,
					"rttvar":	267,
					"pmtu":	1500,
					"omitted":	false,
					"sender":	true
				}],
			"sum":	{
				"start":	2.000914,
				"end":	3.000517,
				"seconds":	0.999602973461151,
				"bytes":	917504,
				"bits_per_second":	7342947.3449693229,
				"retransmits":	7,
				"omitted":	false,
				"sender":	true
			}
		}, {
			"streams":	[{
					"socket":	5,
					"start":	3.000517,
					"end":	4.000505,
					"seconds":	0.9999880194664,
					"bytes":	1048576,
					"bits_per_second":	8388708.50120406,
					"retransmits":	5,
					"snd_cwnd":	8688,
					"snd_wnd":	5537792,
					"rtt":	44641,
					"rttvar":	277,
					"pmtu":	1500,
					"omitted":	false,
					"sender":	true
				}],
			"sum":	{
				"start":	3.000517,
				"end":	4.000505,
				"seconds":	0.9999880194664,
				"bytes":	1048576,
				"bits_per_second":	8388708.50120406,
				"retransmits":	5,
				"omitted":	false,
				"sender":	true
			}
		}, {
			"streams":	[{
					"socket":	5,
					"start":	4.000505,
					"end":	5.000522,
					"seconds":	1.0000170469284058,
					"bytes":	0,
					"bits_per_second":	0,
					"retransmits":	3,
					"snd_cwnd":	13032,
					"snd_wnd":	6218752,
					"rtt":	44966,
					"rttvar":	454,
					"pmtu":	1500,
					"omitted":	false,
					"sender":	true
				}],
			"sum":	{
				"start":	4.000505,
				"end":	5.000522,
				"seconds":	1.0000170469284058,
				"bytes":	0,
				"bits_per_second":	0,
				"retransmits":	3,
				"omitted":	false,
				"sender":	true
			}
		}, {
			"streams":	[{
					"socket":	5,
					"start":	5.000522,
					"end":	6.000509,
					"seconds":	0.999987006187439,
					"bytes":	0,
					"bits_per_second":	0,
					"retransmits":	2,
					"snd_cwnd":	30408,
					"snd_wnd":	6965760,
					"rtt":	44901,
					"rttvar":	563,
					"pmtu":	1500,
					"omitted":	false,
					"sender":	true
				}],
			"sum":	{
				"start":	5.000522,
				"end":	6.000509,
				"seconds":	0.999987006187439,
				"bytes":	0,
				"bits_per_second":	0,
				"retransmits":	2,
				"omitted":	false,
				"sender":	true
			}
		}, {
			"streams":	[{
					"socket":	5,
					"start":	6.000509,
					"end":	7.001506,
					"seconds":	1.0009969472885132,
					"bytes":	917504,
					"bits_per_second":	7332721.66302063,
					"retransmits":	1,
					"snd_cwnd":	39096,
					"snd_wnd":	8326656,
					"rtt":	44855,
					"rttvar":	451,
					"pmtu":	1500,
					"omitted":	false,
					"sender":	true
				}],
			"sum":	{
				"start":	6.000509,
				"end":	7.001506,
				"seconds":	1.0009969472885132,
				"bytes":	917504,
				"bits_per_second":	7332721.66302063,
				"retransmits":	1,
				"omitted":	false,
				"sender":	true
			}
		}, {
			"streams":	[{
					"socket":	5,
					"start":	7.001506,
					"end":	8.000479,
					"seconds":	0.99897301197052,
					"bytes":	0,
					"bits_per_second":	0,
					"retransmits":	7,
					"snd_cwnd":	21720,
					"snd_wnd":	8740864,
					"rtt":	47762,
					"rttvar":	5616,
					"pmtu":	1500,
					"omitted":	false,
					"sender":	true
				}],
			"sum":	{
				"start":	7.001506,
				"end":	8.000479,
				"seconds":	0.99897301197052,
				"bytes":	0,
				"bits_per_second":	0,
				"retransmits":	7,
				"omitted":	false,
				"sender":	true
			}
		}, {
			"streams":	[{
					"socket":	5,
					"start":	8.000479,
					"end":	9.000488,
					"seconds":	1.0000089406967163,
					"bytes":	1048576,
					"bits_per_second":	8388533.0006705467,
					"retransmits":	3,
					"snd_cwnd":	14480,
					"snd_wnd":	8743936,
					"rtt":	46403,
					"rttvar":	1646,
					"pmtu":	1500,
					"omitted":	false,
					"sender":	true
				}],
			"sum":	{
				"start":	8.000479,
				"end":	9.000488,
				"seconds":	1.0000089406967163,
				"bytes":	1048576,
				"bits_per_second":	8388533.0006705467,
				"retransmits":	3,
				"omitted":	false,
				"sender":	true
			}
		}, {
			"streams":	[{
					"socket":	5,
					"start":	9.000488,
					"end":	10.000745,
					"seconds":	1.0002570152282715,
					"bytes":	0,
					"bits_per_second":	0,
					"retransmits":	2,
					"snd_cwnd":	18824,
					"snd_wnd":	8740864,
					"rtt":	49763,
					"rttvar":	8298,
					"pmtu":	1500,
					"omitted":	false,
					"sender":	true
				}],
			"sum":	{
				"start":	9.000488,
				"end":	10.000745,
				"seconds":	1.0002570152282715,
				"bytes":	0,
				"bits_per_second":	0,
				"retransmits":	2,
				"omitted":	false,
				"sender":	true
			}
		}, {
			"streams":	[{
					"socket":	5,
					"start":	10.000745,
					"end":	11.000799,
					"seconds":	1.0000540018081665,
					"bytes":	917504,
					"bits_per_second":	7339635.64640381,
					"retransmits":	2,
					"snd_cwnd":	31856,
					"snd_wnd":	8740864,
					"rtt":	46658,
					"rttvar":	716,
					"pmtu":	1500,
					"omitted":	false,
					"sender":	true
				}],
			"sum":	{
				"start":	10.000745,
				"end":	11.000799,
				"seconds":	1.0000540018081665,
				"bytes":	917504,
				"bits_per_second":	7339635.64640381,
				"retransmits":	2,
				"omitted":	false,
				"sender":	true
			}
		}, {
			"streams":	[{
					"socket":	5,
					"start":	11.000799,
					"end":	12.001091,
					"seconds":	1.00029194355011,
					"bytes":	0,
					"bits_per_second":	0,
					"retransmits":	6,
					"snd_cwnd":	14480,
					"snd_wnd":	8740864,
					"rtt":	47262,
					"rttvar":	4230,
					"pmtu":	1500,
					"omitted":	false,
					"sender":	true
				}],
			"sum":	{
				"start":	11.000799,
				"end":	12.001091,
				"seconds":	1.00029194355011,
				"bytes":	0,
				"bits_per_second":	0,
				"retransmits":	6,
				"omitted":	false,
				"sender":	true
			}
		}, {
			"streams":	[{
					"socket":	5,
					"start":	12.001091,
					"end":	13.001192,
					"seconds":	1.0001009702682495,
					"bytes":	0,
					"bits_per_second":	0,
					"retransmits":	3,