{
	"start":	{
		"connected":	[{
				"socket":	5,
				"local_host":	"10.0.0.2",
				"local_port":	5201,
				"remote_host":	"10.0.0.1",
				"remote_port":	57476
			}],
		"version":	"iperf 3.16",
		"system_info":	"Linux mininet 6.8.0-88-generic #89-Ubuntu SMP PREEMPT_DYNAMIC Sat Oct 11 01:02:46 UTC 2025 x86_64",
		"sock_bufsize":	0,
		"sndbuf_actual":	87380,
		"rcvbuf_actual":	87380,
		"timestamp":	{
			"time":	"Tue, 02 Dec 2025 17:00:01 GMT",
			"timesecs":	1764694801
		},
		"accepted_connection":	{
			"host":	"10.0.0.1",
			"port":	57474
		},
		"cookie":	"fdrdnsxgyhqjb6ae3mrej4tbp6lbudeyhb7m",
		"tcp_mss_default":	0,
		"target_bitrate":	0,
		"fq_rate":	0,
		"test_start":	{
			"protocol":	"TCP",
			"num_streams":	1,
			"blksize":	131072,
			"omit":	0,
			"duration":	20,
			"bytes":	0,
			"blocks":	0,
			"reverse":	0,
			"tos":	0,
			"target_bitrate":	0,
			"bidir":	0,
			"fqrate":	0
		}
	},
	"intervals":	[{
			"streams":	[{
					"socket":	5,
					"start":	0,
					"end":	1.000865,
					"seconds":	1.0008649826049805,
					"bytes":	786432,
					"bits_per_second":	6286018.70316718,
					"omitted":	false,
					"sender":	false
				}],
			"sum":	{
				"start":	0,
				"end":	1.000865,
				"seconds":	1.0008649826049805,
				"bytes":	786432,
				"bits_per_second":	6286018.70316718,
				"omitted":	false,
				"sender":	false
			}
		}, {
			"streams":	[{
					"socket":	5,
					"start":	1.000865,
					"end":	2.000974,
					"seconds":	1.0001089572906494,
					"bytes":	1441792,
					"bits_per_second":	11533079.386917157,
					"omitted":	false,
					"sender":	false
				}],
			"sum":	{
				"start":	1.000865,
				"end":	2.000974,
				"seconds":	1.0001089572906494,
				"bytes":	1441792,
				"bits_per_second":	11533079.386917157,
				"omitted":	false,
				"sender":	false
			}
		}, {
			"streams":	[{
					"socket":	5,
					"start":	2.000974,
					"end":	3.001247,
					"seconds":	1.0002729892730713,
					"bytes":	524288,
					"bits_per_second":	4193159.3124874118,
					"omitted":	false,
					"sender":	false
				}],
			"sum":	{
				"start":	2.000974,
				"end":	3.001247,
				"seconds":	1.0002729892730713,
				"bytes":	524288,
				"bits_per_second":	4193159.3124874118,
				"omitted":	false,
				"sender":	false
			}
		}, {
			"streams":	[{
					"socket":	5,
					"start":	3.001247,
					"end":	4.001062,
					"seconds":	0.99981498718261719,
					"bytes":	524288,
					"bits_per_second":	4195080.1435965132,
					"omitted":	false,
					"sender":	false
				}],
			"sum":	{
				"start":	3.001247,
				"end":	4.001062,
				"seconds":	0.99981498718261719,
				"bytes":	524288,
				"bits_per_second":	4195080.1435965132,
				"omitted":	false,
				"sender":	false
			}
		}, {
			"streams":	[{
					"socket":	5,
					"start":	4.001062,
					"end":	5.001191,
					"seconds":	1.0001289844512939,
					"bytes":	262144,
					"bits_per_second":	2096881.5348857944,
					"omitted":	false,
					"sender":	false
				}],
			"sum":	{
				"start":	4.001062,
				"end":	5.001191,
				"seconds":	1.0001289844512939,
				"bytes":	262144,
				"bits_per_second":	2096881.5348857944,
				"omitted":	false,
				"sender":	false
			}
		}, {
			"streams":	[{
					"socket":	5,
					"start":	5.001191,
					"end":	6.001284,
					"seconds":	1.0000929832458496,
					"bytes":	393216,
					"bits_per_second":	3145435.5271950709,
					"omitted":	false,
					"sender":	false
				}],
			"sum":	{
				"start":	5.001191,
				"end":	6.001284,
				"seconds":	1.0000929832458496,
				"bytes":	393216,
				"bits_per_second":	3145435.5271950709,
				"omitted":	false,
				"sender":	false
			}
		}, {
			"streams":	[{
					"socket":	5,
					"start":	6.001284,
					"end":	7.000746,
					"seconds":	0.99946200847625732,
					"bytes":	786432,
					"bits_per_second":	6294842.5719470019,
					"omitted":	false,
					"sender":	false
				}],
			"sum":	{
				"start":	6.001284,
				"end":	7.000746,
				"seconds":	0.99946200847625732,
				"bytes":	786432,
				"bits_per_second":	6294842.5719470019,
				"omitted":	false,
				"sender":	false
			}
		}, {
			"streams":	[{
					"socket":	5,
					"start":	7.000746,
					"end":	8.000914,
					"seconds":	1.0001679658889771,
					"bytes":	262144,
					"bits_per_second":	2096799.8091560481,
					"omitted":	false,
					"sender":	false
				}],
			"sum":	{
				"start":	7.000746,
				"end":	8.000914,
				"seconds":	1.0001679658889771,
				"bytes":	262144,
				"bits_per_second":	2096799.8091560481,
				"omitted":	false,
				"sender":	false
			}
		}, {
			"streams":	[{
					"socket":	5,
					"start":	8.000914,
					"end":	9.000791,
					"seconds":	0.99987697601318359,
					"bytes":	655360,
					"bits_per_second":	5243525.0793602346,
					"omitted":	false,
					"sender":	false
				}],
			"sum":	{
				"start":	8.000914,
				"end":	9.000791,
				"seconds":	0.99987697601318359,
				"bytes":	655360,
				"bits_per_second":	5243525.0793602346,
				"omitted":	false,
				"sender":	false
			}
		}, {
			"streams":	[{
					"socket":	5,
					"start":	9.000791,
					"end":	10.001039,
					"seconds":	1.0002479553222656,
					"bytes":	262144,
					"bits_per_second":	2096632.1289048051,
					"omitted":	false,
					"sender":	false
				}],
			"sum":	{
				"start":	9.000791,
				"end":	10.001039,
				"seconds":	1.0002479553222656,
				"bytes":	262144,
				"bits_per_second":	2096632.1289048051,
				"omitted":	false,
				"sender":	false
			}
		}, {
			"streams":	[{
					"socket":	5,
					"start":	10.001039,
					"end":	11.000803,
					"seconds":	0.99976402521133423,
					"bytes":	393216,
					"bits_per_second":	3146470.48770838,
					"omitted":	false,
					"sender":	false
				}],
			"sum":	{
				"start":	10.001039,
				"end":	11.000803,
				"seconds":	0.99976402521133423,
				"bytes":	393216,
				"bits_per_second":	3146470.48770838,
				"omitted":	false,
				"sender":	false
			}
		}, {
			"streams":	[{
					"socket":	5,
					"start":	11.000803,
					"end":	12.000824,
					"seconds":	1.0000209808349609,
					"bytes":	393216,
					"bits_per_second":	3145662.0013847062,
					"omitted":	false,
					"sender":	false
				}],
			"sum":	{
				"start":	11.000803,
				"end":	12.000824,
				"seconds":	1.0000209808349609,
				"bytes":	393216,
				"bits_per_second":	3145662.0013847062,
				"omitted":	false,
				"sender":	false
			}
		}, {
			"streams":	[{
					"socket":	5,
					"start":	12.000824,
					"end":	13.00079,
					"seconds":	0.999966025352478,
					"bytes":	393216,
					"bits_per_second":	3145834.8786311639,
					"omitted":	false,
					"sender":	false
				}],
			"sum":	{
				"start":	12.000824,
				"end":	13.00079,
				"seconds":	0.999966025352478,
				"bytes":	393216,
				"bits_per_second":	3145834.8786311639,
				"omitted":	false,
				"sender":	false
			}
		}, {
			"streams":	[{
					"socket":	5,
					"start":	13.00079,
					"end":	14.000799,
					"seconds":	1.0000089406967163,
					"bytes":	262144,
					"bits_per_second":	2097133.2501676367,
					"omitted":	false,
					"sender":	false
				}],
			"sum":	{
				"start":	13.00079,
				"end":	14.000799,
				"seconds":	1.0000089406967163,
				"bytes":	262144,
				"bits_per_second":	2097133.2501676367,
				"omitted":	false,
				"sender":	false
			}
		}, {
			"streams":	[{
					"socket":	5,
					"start":	14.000799,
					"end":	15.000825,
					"seconds":	1.0000259876251221,
					"bytes":	393216,
					"bits_per_second":	3145646.2521244329,
					"omitted":	false,
					"sender":	false
				}],
			"sum":	{
				"start":	14.000799,
				"end":	15.000825,
				"seconds":	1.0000259876251221,
				"bytes":	393216,
				"bits_per_second":	3145646.2521244329,
				"omitted":	false,
				"sender":	false
			}
		}, {
			"streams":	[{
					"socket":	5,
					"start":	15.000825,
					"end":	16.000762,
					"seconds":	0.99993699789047241,
					"bytes":	524288,
					"bits_per_second":	4194568.2666493561,
					"omitted":	false,
					"sender":	false
				}],
			"sum":	{
				"start":	15.000825,
				"end":	16.000762,
				"seconds":	0.99993699789047241,
				"bytes":	524288,
				"bits_per_second":	4194568.2666493561,
				"omitted":	false,