{
	"start":	{
		"connected":	[{
				"socket":	5,
				"local_host":	"10.0.0.1",
				"local_port":	49698,
				"remote_host":	"10.0.0.2",
				"remote_port":	5201
			}],
		"version":	"iperf 3.16",
		"system_info":	"Linux mininet 6.8.0-88-generic #89-Ubuntu SMP PREEMPT_DYNAMIC Sat Oct 11 01:02:46 UTC 2025 x86_64",
		"timestamp":	{
			"time":	"Tue, 02 Dec 2025 19:01:55 GMT",
			"timesecs":	1764702115
		},
		"connecting_to":	{
			"host":	"10.0.0.2",
			"port":	5201
		},
		"cookie":	"ukiuv3tdvflga5yf7ouv3erw4tkjp3ju4urm",
		"tcp_mss_default":	1448,
		"target_bitrate":	0,
		"fq_rate":	0,
		"sock_bufsize":	0,
		"sndbuf_actual":	87380,
		"rcvbuf_actual":	87380,
		"test_start":	{
			"protocol":	"TCP",
			"num_streams":	1,
			"blksize":	131072,
			"omit":	0,
			"duration":	20,
			"bytes":	0,
			"blocks":	0,
			"reverse":	0,
			"tos":	0,
			"target_bitrate":	0,
			"bidir":	0,
			"fqrate":	0
		}
	},
	"intervals":	[{
			"streams":	[{
					"socket":	5,
					"start":	0,
					"end":	1.001056,
					"seconds":	1.0010559558868408,
					"bytes":	10485760,
					"bits_per_second":	83797593.437906146,
					"retransmits":	8,
					"snd_cwnd":	279464,
					"snd_wnd":	3479040,
					"rtt":	51743,
					"rttvar":	7046,
					"pmtu":	1500,
					"omitted":	false,
					"sender":	true
				}],
			"sum":	{
				"start":	0,
				"end":	1.001056,
				"seconds":	1.0010559558868408,
				"bytes":	10485760,
				"bits_per_second":	83797593.437906146,
				"retransmits":	8,
				"omitted":	false,
				"sender":	true
			}
		}, {
			"streams":	[{
					"socket":	5,
					"start":	1.001056,
					"end":	2.001057,
					"seconds":	1.0000009536743164,
					"bytes":	5242880,
					"bits_per_second":	41943000.000038147,
					"retransmits":	53,
					"snd_cwnd":	275120,
					"snd_wnd":	3481600,
					"rtt":	48910,
					"rttvar":	1746,
					"pmtu":	1500,
					"omitted":	false,
					"sender":	true
				}],
			"sum":	{
				"start":	1.001056,
				"end":	2.001057,
				"seconds":	1.0000009536743164,
				"bytes":	5242880,
				"bits_per_second":	41943000.000038147,
				"retransmits":	53,
				"omitted":	false,
				"sender":	true
			}
		}, {
			"streams":	[{
					"socket":	5,
					"start":	2.001057,
					"end":	3.001125,
					"seconds":	1.0000679492950439,
					"bytes":	7733248,
					"bits_per_second":	61861780.53562244,
					"retransmits":	35,
					"snd_cwnd":	576304,
					"snd_wnd":	3481600,
					"rtt":	44769,
					"rttvar":	173,
					"pmtu":	1500,
					"omitted":	false,
					"sender":	true
				}],
			"sum":	{
				"start":	2.001057,
				"end":	3.001125,
				"seconds":	1.0000679492950439,
				"bytes":	7733248,
				"bits_per_second":	61861780.53562244,
				"retransmits":	35,
				"omitted":	false,
				"sender":	true
			}
		}, {
			"streams":	[{
					"socket":	5,
					"start":	3.001125,
					"end":	4.001091,
					"seconds":	0.999966025352478,
					"bytes":	5242880,
					"bits_per_second":	41944465.048415519,
					"retransmits":	38,
					"snd_cwnd":	573408,
					"snd_wnd":	3476480,
					"rtt":	49372,
					"rttvar":	158,
					"pmtu":	1500,
					"omitted":	false,
					"sender":	true
				}],
			"sum":	{
				"start":	3.001125,
				"end":	4.001091,
				"seconds":	0.999966025352478,
				"bytes":	5242880,
				"bits_per_second":	41944465.048415519,
				"retransmits":	38,
				"omitted":	false,
				"sender":	true
			}
		}, {
			"streams":	[{
					"socket":	5,
					"start":	4.001091,
					"end":	5.001131,
					"seconds":	1.0000400543212891,
					"bytes":	5111808,
					"bits_per_second":	40892826.065606348,
					"retransmits":	51,
					"snd_cwnd":	295392,
					"snd_wnd":	3381760,
					"rtt":	46468,
					"rttvar":	298,
					"pmtu":	1500,
					"omitted":	false,
					"sender":	true
				}],
			"sum":	{
				"start":	4.001091,
				"end":	5.001131,
				"seconds":	1.0000400543212891,
				"bytes":	5111808,
				"bits_per_second":	40892826.065606348,
				"retransmits":	51,
				"omitted":	false,
				"sender":	true
			}
		}, {
			"streams":	[{
					"socket":	5,
					"start":	5.001131,
					"end":	6.001018,
					"seconds":	0.999886989593506,
					"bytes":	5111808,
					"bits_per_second":	40899086.022336625,
					"retransmits":	39,
					"snd_cwnd":	415576,
					"snd_wnd":	3345408,
					"rtt":	55973,
					"rttvar":	664,
					"pmtu":	1500,
					"omitted":	false,
					"sender":	true
				}],
			"sum":	{
				"start":	5.001131,
				"end":	6.001018,
				"seconds":	0.999886989593506,
				"bytes":	5111808,
				"bits_per_second":	40899086.022336625,
				"retransmits":	39,
				"omitted":	false,
				"sender":	true
			}
		}, {
			"streams":	[{
					"socket":	5,
					"start":	6.001018,
					"end":	7.001207,
					"seconds":	1.000188946723938,
					"bytes":	7995392,
					"bits_per_second":	63951052.658107862,
					"retransmits":	41,
					"snd_cwnd":	573408,
					"snd_wnd":	3481600,
					"rtt":	44840,
					"rttvar":	356,
					"pmtu":	1500,
					"omitted":	false,
					"sender":	true
				}],
			"sum":	{
				"start":	6.001018,
				"end":	7.001207,
				"seconds":	1.000188946723938,
				"bytes":	7995392,
				"bits_per_second":	63951052.658107862,
				"retransmits":	41,
				"omitted":	false,
				"sender":	true
			}
		}, {
			"streams":	[{
					"socket":	5,
					"start":	7.001207,
					"end":	8.00107,
					"seconds":	0.999863028526306,
					"bytes":	5242880,
					"bits_per_second":	41948785.787008911,
					"retransmits":	48,
					"snd_cwnd":	576304,
					"snd_wnd":	3476480,
					"rtt":	48705,
					"rttvar":	409,
					"pmtu":	1500,
					"omitted":	false,
					"sender":	true
				}],
			"sum":	{
				"start":	7.001207,
				"end":	8.00107,
				"seconds":	0.999863028526306,
				"bytes":	5242880,
				"bits_per_second":	41948785.787008911,
				"retransmits":	48,
				"omitted":	false,
				"sender":	true
			}
		}, {
			"streams":	[{
					"socket":	5,
					"start":	8.00107,
					"end":	9.001053,
					"seconds":	0.999983012676239,
					"bytes":	5242880,
					"bits_per_second":	41943752.512103677,
					"retransmits":	40,
					"snd_cwnd":	570512,
					"snd_wnd":	3481600,
					"rtt":	48052,
					"rttvar":	1353,
					"pmtu":	1500,
					"omitted":	false,
					"sender":	true
				}],
			"sum":	{
				"start":	8.00107,
				"end":	9.001053,
				"seconds":	0.999983012676239,
				"bytes":	5242880,
				"bits_per_second":	41943752.512103677,
				"retransmits":	40,
				"omitted":	false,
				"sender":	true
			}
		}, {
			"streams":	[{
					"socket":	5,
					"start":	9.001053,
					"end":	10.001034,
					"seconds":	0.99998098611831665,
					"bytes":	7733248,
					"bits_per_second":	61867160.3348667,
					"retransmits":	64,
					"snd_cwnd":	579200,
					"snd_wnd":	3476480,
					"rtt":	45053,
					"rttvar":	219,
					"pmtu":	1500,
					"omitted":	false,
					"sender":	true
				}],
			"sum":	{
				"start":	9.001053,
				"end":	10.001034,
				"seconds":	0.99998098611831665,
				"bytes":	7733248,
				"bits_per_second":	61867160.3348667,
				"retransmits":	64,
				"omitted":	false,
				"sender":	true
			}
		}, {
			"streams":	[{
					"socket":	5,
					"start":	10.001034,
					"end":	11.001053,
					"seconds":	1.0000189542770386,
					"bytes":	5111808,
					"bits_per_second":	40893688.889691658,
					"retransmits":	39,
					"snd_cwnd":	272224,
					"snd_wnd":	3476480,
					"rtt":	46255,
					"rttvar":	135,
					"pmtu":	1500,
					"omitted":	false,
					"sender":	true
				}],
			"sum":	{
				"start":	10.001034,
				"end":	11.001053,
				"seconds":	1.0000189542770386,
				"bytes":	5111808,
				"bits_per_second":	40893688.889691658,
				"retransmits":	39,
				"omitted":	false,
				"sender":	true
			}
		}, {
			"streams":	[{
					"socket":	5,
					"start":	11.001053,
					"end":	12.001169,
					"seconds":	1.0001159906387329,
					"bytes":	5242880,
					"bits_per_second":	41938175.564229012,
					"retransmits":	33,
					"snd_cwnd":	576304,
					"snd_wnd":	3476480,
					"rtt":	50416,
					"rttvar":	325,
					"pmtu":	1500,
					"omitted":	false,
					"sender":	true
				}],
			"sum":	{
				"start":	11.001053,
				"end":	12.001169,
				"seconds":	1.0001159906387329,
				"bytes":	5242880,