{
	"start":	{
		"connected":	[{
				"socket":	5,
				"local_host":	"10.0.0.2",
				"local_port":	5201,
				"remote_host":	"10.0.0.1",
				"remote_port":	49698
			}],
		"version":	"iperf 3.16",
		"system_info":	"Linux mininet 6.8.0-88-generic #89-Ubuntu SMP PREEMPT_DYNAMIC Sat Oct 11 01:02:46 UTC 2025 x86_64",
		"sock_bufsize":	0,
		"sndbuf_actual":	87380,
		"rcvbuf_actual":	87380,
		"timestamp":	{
			"time":	"Tue, 02 Dec 2025 19:01:56 GMT",
			"timesecs":	1764702116
		},
		"accepted_connection":	{
			"host":	"10.0.0.1",
			"port":	49682
		},
		"cookie":	"ukiuv3tdvflga5yf7ouv3erw4tkjp3ju4urm",
		"tcp_mss_default":	0,
		"target_bitrate":	0,
		"fq_rate":	0,
		"test_start":	{
			"protocol":	"TCP",
			"num_streams":	1,
			"blksize":	131072,
			"omit":	0,
			"duration":	20,
			"bytes":	0,
			"blocks":	0,
			"reverse":	0,
			"tos":	0,
			"target_bitrate":	0,
			"bidir":	0,
			"fqrate":	0
		}
	},
	"intervals":	[{
			"streams":	[{
					"socket":	5,
					"start":	0,
					"end":	1.000945,
					"seconds":	1.000944972038269,
					"bytes":	4325376,
					"bits_per_second":	34570339.995350942,
					"omitted":	false,
					"sender":	false
				}],
			"sum":	{
				"start":	0,
				"end":	1.000945,
				"seconds":	1.000944972038269,
				"bytes":	4325376,
				"bits_per_second":	34570339.995350942,
				"omitted":	false,
				"sender":	false
			}
		}, {
			"streams":	[{
					"socket":	5,
					"start":	1.000945,
					"end":	2.001031,
					"seconds":	1.0000859498977661,
					"bytes":	6029312,
					"bits_per_second":	48230350.606296167,
					"omitted":	false,
					"sender":	false
				}],
			"sum":	{
				"start":	1.000945,
				"end":	2.001031,
				"seconds":	1.0000859498977661,
				"bytes":	6029312,
				"bits_per_second":	48230350.606296167,
				"omitted":	false,
				"sender":	false
			}
		}, {
			"streams":	[{
					"socket":	5,
					"start":	2.001031,
					"end":	3.000944,
					"seconds":	0.999912977218628,
					"bytes":	5898240,
					"bits_per_second":	47190026.6073684,
					"omitted":	false,
					"sender":	false
				}],
			"sum":	{
				"start":	2.001031,
				"end":	3.000944,
				"seconds":	0.999912977218628,
				"bytes":	5898240,
				"bits_per_second":	47190026.6073684,
				"omitted":	false,
				"sender":	false
			}
		}, {
			"streams":	[{
					"socket":	5,
					"start":	3.000944,
					"end":	4.000685,
					"seconds":	0.999741017818451,
					"bytes":	5898240,
					"bits_per_second":	47198143.478163041,
					"omitted":	false,
					"sender":	false
				}],
			"sum":	{
				"start":	3.000944,
				"end":	4.000685,
				"seconds":	0.999741017818451,
				"bytes":	5898240,
				"bits_per_second":	47198143.478163041,
				"omitted":	false,
				"sender":	false
			}
		}, {
			"streams":	[{
					"socket":	5,
					"start":	4.000685,
					"end":	5.000881,
					"seconds":	1.0001959800720215,
					"bytes":	5898240,
					"bits_per_second":	47176674.3119706,
					"omitted":	false,
					"sender":	false
				}],
			"sum":	{
				"start":	4.000685,
				"end":	5.000881,
				"seconds":	1.0001959800720215,
				"bytes":	5898240,
				"bits_per_second":	47176674.3119706,
				"omitted":	false,
				"sender":	false
			}
		}, {
			"streams":	[{
					"socket":	5,
					"start":	5.000881,
					"end":	6.001014,
					"seconds":	1.0001330375671387,
					"bytes":	5767168,
					"bits_per_second":	46131206.816475965,
					"omitted":	false,
					"sender":	false
				}],
			"sum":	{
				"start":	5.000881,
				"end":	6.001014,
				"seconds":	1.0001330375671387,
				"bytes":	5767168,
				"bits_per_second":	46131206.816475965,
				"omitted":	false,
				"sender":	false
			}
		}, {
			"streams":	[{
					"socket":	5,
					"start":	6.001014,
					"end":	7.000587,
					"seconds":	0.999572992324829,
					"bytes":	6160384,
					"bits_per_second":	49304125.239895023,
					"omitted":	false,
					"sender":	false
				}],
			"sum":	{
				"start":	6.001014,
				"end":	7.000587,
				"seconds":	0.999572992324829,
				"bytes":	6160384,
				"bits_per_second":	49304125.239895023,
				"omitted":	false,
				"sender":	false
			}
		}, {
			"streams":	[{
					"socket":	5,
					"start":	7.000587,
					"end":	8.001099,
					"seconds":	1.0005120038986206,
					"bytes":	5898240,
					"bits_per_second":	47161772.9883641,
					"omitted":	false,
					"sender":	false
				}],
			"sum":	{
				"start":	7.000587,
				"end":	8.001099,
				"seconds":	1.0005120038986206,
				"bytes":	5898240,
				"bits_per_second":	47161772.9883641,
				"omitted":	false,
				"sender":	false
			}
		}, {
			"streams":	[{
					"socket":	5,
					"start":	8.001099,
					"end":	9.000883,
					"seconds":	0.999783992767334,
					"bytes":	6029312,
					"bits_per_second":	48244917.2510656,
					"omitted":	false,
					"sender":	false
				}],
			"sum":	{
				"start":	8.001099,
				"end":	9.000883,
				"seconds":	0.999783992767334,
				"bytes":	6029312,
				"bits_per_second":	48244917.2510656,
				"omitted":	false,
				"sender":	false
			}
		}, {
			"streams":	[{
					"socket":	5,
					"start":	9.000883,
					"end":	10.001078,
					"seconds":	1.0001950263977051,
					"bytes":	5898240,
					"bits_per_second":	47176719.294380471,
					"omitted":	false,
					"sender":	false
				}],
			"sum":	{
				"start":	9.000883,
				"end":	10.001078,
				"seconds":	1.0001950263977051,
				"bytes":	5898240,
				"bits_per_second":	47176719.294380471,
				"omitted":	false,
				"sender":	false
			}
		}, {
			"streams":	[{
					"socket":	5,
					"start":	10.001078,
					"end":	11.001036,
					"seconds":	0.99995797872543335,
					"bytes":	5636096,
					"bits_per_second":	45090662.767120533,
					"omitted":	false,
					"sender":	false
				}],
			"sum":	{
				"start":	10.001078,
				"end":	11.001036,
				"seconds":	0.99995797872543335,
				"bytes":	5636096,
				"bits_per_second":	45090662.767120533,
				"omitted":	false,
				"sender":	false
			}
		}, {
			"streams":	[{
					"socket":	5,
					"start":	11.001036,
					"end":	12.000577,
					"seconds":	0.99954098463058472,
					"bytes":	4587520,
					"bits_per_second":	36717013.673595212,
					"omitted":	false,
					"sender":	false
				}],
			"sum":	{
				"start":	11.001036,
				"end":	12.000577,
				"seconds":	0.99954098463058472,
				"bytes":	4587520,
				"bits_per_second":	36717013.673595212,
				"omitted":	false,
				"sender":	false
			}
		}, {
			"streams":	[{
					"socket":	5,
					"start":	12.000577,
					"end":	13.000734,
					"seconds":	1.0001569986343384,
					"bytes":	5898240,
					"bits_per_second":	47178513.037882939,
					"omitted":	false,
					"sender":	false
				}],
			"sum":	{
				"start":	12.000577,
				"end":	13.000734,
				"seconds":	1.0001569986343384,
				"bytes":	5898240,
				"bits_per_second":	47178513.037882939,
				"omitted":	false,
				"sender":	false
			}
		}, {
			"streams":	[{
					"socket":	5,
					"start":	13.000734,
					"end":	14.001068,
					"seconds":	1.0003340244293213,
					"bytes":	5898240,
					"bits_per_second":	47170164.0128846,
					"omitted":	false,
					"sender":	false
				}],
			"sum":	{
				"start":	13.000734,
				"end":	14.001068,
				"seconds":	1.0003340244293213,
				"bytes":	5898240,
				"bits_per_second":	47170164.0128846,
				"omitted":	false,
				"sender":	false
			}
		}, {
			"streams":	[{
					"socket":	5,
					"start":	14.001068,
					"end":	15.001008,
					"seconds":	0.99993997812271118,
					"bytes":	5898240,
					"bits_per_second":	47188752.357503414,
					"omitted":	false,
					"sender":	false
				}],
			"sum":	{
				"start":	14.001068,
				"end":	15.001008,
				"seconds":	0.99993997812271118,
				"bytes":	5898240,
				"bits_per_second":	47188752.357503414,
				"omitted":	false,
				"sender":	false
			}
		}, {
			"streams":	[{
					"socket":	5,
					"start":	15.001008,
					"end":	16.000712,
					"seconds":	0.99970400333404541,
					"bytes":	6029312,
					"bits_per_second":	48248777.477269657,
					"omitted":	false,
					"sender":	false
				}],
			"sum":	{
				"start":	15.001008,
				"end":	16.000712,
				"seconds":	0.99970400333404541,
				"bytes":	6029312,
				"bits_per_second":	48248777.477269657,