{
	"start":	{
		"connected":	[{
				"socket":	5,
				"local_host":	"10.0.0.2",
				"local_port":	5201,
				"remote_host":	"10.0.0.1",
				"remote_port":	42182
			}],
		"version":	"iperf 3.16",
		"system_info":	"Linux mininet 6.8.0-88-generic #89-Ubuntu SMP PREEMPT_DYNAMIC Sat Oct 11 01:02:46 UTC 2025 x86_64",
		"sock_bufsize":	0,
		"sndbuf_actual":	87380,
		"rcvbuf_actual":	87380,
		"timestamp":	{
			"time":	"Tue, 02 Dec 2025 17:04:19 GMT",
			"timesecs":	1764695059
		},
		"accepted_connection":	{
			"host":	"10.0.0.1",
			"port":	42178
		},
		"cookie":	"ylcne5lmkpej4ljw6ighu3sgxu72ljhzlagl",
		"tcp_mss_default":	0,
		"target_bitrate":	0,
		"fq_rate":	0,
		"test_start":	{
			"protocol":	"TCP",
			"num_streams":	1,
			"blksize":	131072,
			"omit":	0,
			"duration":	20,
			"bytes":	0,
			"blocks":	0,
			"reverse":	0,
			"tos":	0,
			"target_bitrate":	0,
			"bidir":	0,
			"fqrate":	0
		}
	},
	"intervals":	[{
			"streams":	[{
					"socket":	5,
					"start":	0,
					"end":	1.000989,
					"seconds":	1.0009889602661133,
					"bytes":	1048576,
					"bits_per_second":	8380320.1963085439,
					"omitted":	false,
					"sender":	false
				}],
			"sum":	{
				"start":	0,
				"end":	1.000989,
				"seconds":	1.0009889602661133,
				"bytes":	1048576,
				"bits_per_second":	8380320.1963085439,
				"omitted":	false,
				"sender":	false
			}
		}, {
			"streams":	[{
					"socket":	5,
					"start":	1.000989,
					"end":	2.000262,
					"seconds":	0.99927300214767456,
					"bytes":	655360,
					"bits_per_second":	5246694.3355137268,
					"omitted":	false,
					"sender":	false
				}],
			"sum":	{
				"start":	1.000989,
				"end":	2.000262,
				"seconds":	0.99927300214767456,
				"bytes":	655360,
				"bits_per_second":	5246694.3355137268,
				"omitted":	false,
				"sender":	false
			}
		}, {
			"streams":	[{
					"socket":	5,
					"start":	2.000262,
					"end":	3.000203,
					"seconds":	0.99994099140167236,
					"bytes":	393216,
					"bits_per_second":	3145913.6359541174,
					"omitted":	false,
					"sender":	false
				}],
			"sum":	{
				"start":	2.000262,
				"end":	3.000203,
				"seconds":	0.99994099140167236,
				"bytes":	393216,
				"bits_per_second":	3145913.6359541174,
				"omitted":	false,
				"sender":	false
			}
		}, {
			"streams":	[{
					"socket":	5,
					"start":	3.000203,
					"end":	4.000698,
					"seconds":	1.0004949569702148,
					"bytes":	655360,
					"bits_per_second":	5240286.2837779233,
					"omitted":	false,
					"sender":	false
				}],
			"sum":	{
				"start":	3.000203,
				"end":	4.000698,
				"seconds":	1.0004949569702148,
				"bytes":	655360,
				"bits_per_second":	5240286.2837779233,
				"omitted":	false,
				"sender":	false
			}
		}, {
			"streams":	[{
					"socket":	5,
					"start":	4.000698,
					"end":	5.000341,
					"seconds":	0.99964302778244019,
					"bytes":	786432,
					"bits_per_second":	6293702.67700127,
					"omitted":	false,
					"sender":	false
				}],
			"sum":	{
				"start":	4.000698,
				"end":	5.000341,
				"seconds":	0.99964302778244019,
				"bytes":	786432,
				"bits_per_second":	6293702.67700127,
				"omitted":	false,
				"sender":	false
			}
		}, {
			"streams":	[{
					"socket":	5,
					"start":	5.000341,
					"end":	6.000953,
					"seconds":	1.0006120204925537,
					"bytes":	1179648,
					"bits_per_second":	9431411.7827152666,
					"omitted":	false,
					"sender":	false
				}],
			"sum":	{
				"start":	5.000341,
				"end":	6.000953,
				"seconds":	1.0006120204925537,
				"bytes":	1179648,
				"bits_per_second":	9431411.7827152666,
				"omitted":	false,
				"sender":	false
			}
		}, {
			"streams":	[{
					"socket":	5,
					"start":	6.000953,
					"end":	7.001096,
					"seconds":	1.0001430511474609,
					"bytes":	917504,
					"bits_per_second":	7338982.15018222,
					"omitted":	false,
					"sender":	false
				}],
			"sum":	{
				"start":	6.000953,
				"end":	7.001096,
				"seconds":	1.0001430511474609,
				"bytes":	917504,
				"bits_per_second":	7338982.15018222,
				"omitted":	false,
				"sender":	false
			}
		}, {
			"streams":	[{
					"socket":	5,
					"start":	7.001096,
					"end":	8.000455,
					"seconds":	0.99935901165008545,
					"bytes":	393216,
					"bits_per_second":	3147745.6683018757,
					"omitted":	false,
					"sender":	false
				}],
			"sum":	{
				"start":	7.001096,
				"end":	8.000455,
				"seconds":	0.99935901165008545,
				"bytes":	393216,
				"bits_per_second":	3147745.6683018757,
				"omitted":	false,
				"sender":	false
			}
		}, {
			"streams":	[{
					"socket":	5,
					"start":	8.000455,
					"end":	9.000202,
					"seconds":	0.99974697828292847,
					"bytes":	262144,
					"bits_per_second":	2097682.7592936279,
					"omitted":	false,
					"sender":	false
				}],
			"sum":	{
				"start":	8.000455,
				"end":	9.000202,
				"seconds":	0.99974697828292847,
				"bytes":	262144,
				"bits_per_second":	2097682.7592936279,
				"omitted":	false,
				"sender":	false
			}
		}, {
			"streams":	[{
					"socket":	5,
					"start":	9.000202,
					"end":	10.000815,
					"seconds":	1.00061297416687,
					"bytes":	655360,
					"bits_per_second":	5239668.2187389424,
					"omitted":	false,
					"sender":	false
				}],
			"sum":	{
				"start":	9.000202,
				"end":	10.000815,
				"seconds":	1.00061297416687,
				"bytes":	655360,
				"bits_per_second":	5239668.2187389424,
				"omitted":	false,
				"sender":	false
			}
		}, {
			"streams":	[{
					"socket":	5,
					"start":	10.000815,
					"end":	11.000273,
					"seconds":	0.99945801496505737,
					"bytes":	393216,
					"bits_per_second":	3147433.8620517035,
					"omitted":	false,
					"sender":	false
				}],
			"sum":	{
				"start":	10.000815,
				"end":	11.000273,
				"seconds":	0.99945801496505737,
				"bytes":	393216,
				"bits_per_second":	3147433.8620517035,
				"omitted":	false,
				"sender":	false
			}
		}, {
			"streams":	[{
					"socket":	5,
					"start":	11.000273,
					"end":	12.000311,
					"seconds":	1.0000380277633667,
					"bytes":	524288,
					"bits_per_second":	4194144.5060651978,
					"omitted":	false,
					"sender":	false
				}],
			"sum":	{
				"start":	11.000273,
				"end":	12.000311,
				"seconds":	1.0000380277633667,
				"bytes":	524288,
				"bits_per_second":	4194144.5060651978,
				"omitted":	false,
				"sender":	false
			}
		}, {
			"streams":	[{
					"socket":	5,
					"start":	12.000311,
					"end":	13.000114,
					"seconds":	0.99980300664901733,
					"bytes":	524288,
					"bits_per_second":	4195130.4127978263,
					"omitted":	false,
					"sender":	false
				}],
			"sum":	{
				"start":	12.000311,
				"end":	13.000114,
				"seconds":	0.99980300664901733,
				"bytes":	524288,
				"bits_per_second":	4195130.4127978263,
				"omitted":	false,
				"sender":	false
			}
		}, {
			"streams":	[{
					"socket":	5,
					"start":	13.000114,
					"end":	14.000429,
					"seconds":	1.0003149509429932,
					"bytes":	393216,
					"bits_per_second":	3144737.5619394011,
					"omitted":	false,
					"sender":	false
				}],
			"sum":	{
				"start":	13.000114,
				"end":	14.000429,
				"seconds":	1.0003149509429932,
				"bytes":	393216,
				"bits_per_second":	3144737.5619394011,
				"omitted":	false,
				"sender":	false
			}
		}, {
			"streams":	[{
					"socket":	5,
					"start":	14.000429,
					"end":	15.000387,
					"seconds":	0.99995797872543335,
					"bytes":	655360,
					"bits_per_second":	5243100.3217582,
					"omitted":	false,
					"sender":	false
				}],
			"sum":	{
				"start":	14.000429,
				"end":	15.000387,
				"seconds":	0.99995797872543335,
				"bytes":	655360,
				"bits_per_second":	5243100.3217582,
				"omitted":	false,
				"sender":	false
			}
		}, {
			"streams":	[{
					"socket":	5,
					"start":	15.000387,
					"end":	16.000183,
					"seconds":	0.999795973300934,
					"bytes":	524288,
					"bits_per_second":	4195159.9246314773,
					"omitted":	false,
					"sender":	false
				}],
			"sum":	{
				"start":	15.000387,
				"end":	16.000183,
				"seconds":	0.999795973300934,
				"bytes":	524288,
				"bits_per_second":	4195159.9246314773,