{
	"start":	{
		"connected":	[{
				"socket":	5,
				"local_host":	"10.0.0.2",
				"local_port":	5201,
				"remote_host":	"10.0.0.1",
				"remote_port":	43284
			}],
		"version":	"iperf 3.16",
		"system_info":	"Linux mininet 6.8.0-88-generic #89-Ubuntu SMP PREEMPT_DYNAMIC Sat Oct 11 01:02:46 UTC 2025 x86_64",
		"sock_bufsize":	0,
		"sndbuf_actual":	87380,
		"rcvbuf_actual":	87380,
		"timestamp":	{
			"time":	"Tue, 02 Dec 2025 18:38:08 GMT",
			"timesecs":	1764700688
		},
		"accepted_connection":	{
			"host":	"10.0.0.1",
			"port":	43272
		},
		"cookie":	"qazeslzvoabdwmtd2kdzs2ef26koj7bgrv3y",
		"tcp_mss_default":	0,
		"target_bitrate":	0,
		"fq_rate":	0,
		"test_start":	{
			"protocol":	"TCP",
			"num_streams":	1,
			"blksize":	131072,
			"omit":	0,
			"duration":	20,
			"bytes":	0,
			"blocks":	0,
			"reverse":	0,
			"tos":	0,
			"target_bitrate":	0,
			"bidir":	0,
			"fqrate":	0
		}
	},
	"intervals":	[{
			"streams":	[{
					"socket":	5,
					"start":	0,
					"end":	1.001036,
					"seconds":	1.0010360479354858,
					"bytes":	917504,
					"bits_per_second":	7332435.24560171,
					"omitted":	false,
					"sender":	false
				}],
			"sum":	{
				"start":	0,
				"end":	1.001036,
				"seconds":	1.0010360479354858,
				"bytes":	917504,
				"bits_per_second":	7332435.24560171,
				"omitted":	false,
				"sender":	false
			}
		}, {
			"streams":	[{
					"socket":	5,
					"start":	1.001036,
					"end":	2.001026,
					"seconds":	0.99998998641967773,
					"bytes":	1310720,
					"bits_per_second":	10485865.001051437,
					"omitted":	false,
					"sender":	false
				}],
			"sum":	{
				"start":	1.001036,
				"end":	2.001026,
				"seconds":	0.99998998641967773,
				"bytes":	1310720,
				"bits_per_second":	10485865.001051437,
				"omitted":	false,
				"sender":	false
			}
		}, {
			"streams":	[{
					"socket":	5,
					"start":	2.001026,
					"end":	3.00097,
					"seconds":	0.999943971633911,
					"bytes":	1179648,
					"bits_per_second":	9437712.77962666,
					"omitted":	false,
					"sender":	false
				}],
			"sum":	{
				"start":	2.001026,
				"end":	3.00097,
				"seconds":	0.999943971633911,
				"bytes":	1179648,
				"bits_per_second":	9437712.77962666,
				"omitted":	false,
				"sender":	false
			}
		}, {
			"streams":	[{
					"socket":	5,
					"start":	3.00097,
					"end":	4.000838,
					"seconds":	0.99986797571182251,
					"bytes":	1179648,
					"bits_per_second":	9438430.10201573,
					"omitted":	false,
					"sender":	false
				}],
			"sum":	{
				"start":	3.00097,
				"end":	4.000838,
				"seconds":	0.99986797571182251,
				"bytes":	1179648,
				"bits_per_second":	9438430.10201573,
				"omitted":	false,
				"sender":	false
			}
		}, {
			"streams":	[{
					"socket":	5,
					"start":	4.000838,
					"end":	5.000678,
					"seconds":	0.999840021133423,
					"bytes":	1179648,
					"bits_per_second":	9438693.99156674,
					"omitted":	false,
					"sender":	false
				}],
			"sum":	{
				"start":	4.000838,
				"end":	5.000678,
				"seconds":	0.999840021133423,
				"bytes":	1179648,
				"bits_per_second":	9438693.99156674,
				"omitted":	false,
				"sender":	false
			}
		}, {
			"streams":	[{
					"socket":	5,
					"start":	5.000678,
					"end":	6.000645,
					"seconds":	0.99996697902679443,
					"bytes":	1179648,
					"bits_per_second":	9437495.6352905,
					"omitted":	false,
					"sender":	false
				}],
			"sum":	{
				"start":	5.000678,
				"end":	6.000645,
				"seconds":	0.99996697902679443,
				"bytes":	1179648,
				"bits_per_second":	9437495.6352905,
				"omitted":	false,
				"sender":	false
			}
		}, {
			"streams":	[{
					"socket":	5,
					"start":	6.000645,
					"end":	7.000982,
					"seconds":	1.00033700466156,
					"bytes":	1179648,
					"bits_per_second":	9434004.69644012,
					"omitted":	false,
					"sender":	false
				}],
			"sum":	{
				"start":	6.000645,
				"end":	7.000982,
				"seconds":	1.00033700466156,
				"bytes":	1179648,
				"bits_per_second":	9434004.69644012,
				"omitted":	false,
				"sender":	false
			}
		}, {
			"streams":	[{
					"socket":	5,
					"start":	7.000982,
					"end":	8.000771,
					"seconds":	0.999788999557495,
					"bytes":	1310720,
					"bits_per_second":	10487972.966937004,
					"omitted":	false,
					"sender":	false
				}],
			"sum":	{
				"start":	7.000982,
				"end":	8.000771,
				"seconds":	0.999788999557495,
				"bytes":	1310720,
				"bits_per_second":	10487972.966937004,
				"omitted":	false,
				"sender":	false
			}
		}, {
			"streams":	[{
					"socket":	5,
					"start":	8.000771,
					"end":	9.000998,
					"seconds":	1.0002269744873047,
					"bytes":	1179648,
					"bits_per_second":	9435042.48606903,
					"omitted":	false,
					"sender":	false
				}],
			"sum":	{
				"start":	8.000771,
				"end":	9.000998,
				"seconds":	1.0002269744873047,
				"bytes":	1179648,
				"bits_per_second":	9435042.48606903,
				"omitted":	false,
				"sender":	false
			}
		}, {
			"streams":	[{
					"socket":	5,
					"start":	9.000998,
					"end":	10.000778,
					"seconds":	0.999779999256134,
					"bytes":	1179648,
					"bits_per_second":	9439260.6443633046,
					"omitted":	false,
					"sender":	false
				}],
			"sum":	{
				"start":	9.000998,
				"end":	10.000778,
				"seconds":	0.999779999256134,
				"bytes":	1179648,
				"bits_per_second":	9439260.6443633046,
				"omitted":	false,
				"sender":	false
			}
		}, {
			"streams":	[{
					"socket":	5,
					"start":	10.000778,
					"end":	11.00078,
					"seconds":	1.0000020265579224,
					"bytes":	917504,
					"bits_per_second":	7340017.125030145,
					"omitted":	false,
					"sender":	false
				}],
			"sum":	{
				"start":	10.000778,
				"end":	11.00078,
				"seconds":	1.0000020265579224,
				"bytes":	917504,
				"bits_per_second":	7340017.125030145,
				"omitted":	false,
				"sender":	false
			}
		}, {
			"streams":	[{
					"socket":	5,
					"start":	11.00078,
					"end":	12.000764,
					"seconds":	0.9999840259552002,
					"bytes":	1179648,
					"bits_per_second":	9437334.7524081264,
					"omitted":	false,
					"sender":	false
				}],
			"sum":	{
				"start":	11.00078,
				"end":	12.000764,
				"seconds":	0.9999840259552002,
				"bytes":	1179648,
				"bits_per_second":	9437334.7524081264,
				"omitted":	false,
				"sender":	false
			}
		}, {
			"streams":	[{
					"socket":	5,
					"start":	12.000764,
					"end":	13.00091,
					"seconds":	1.0001460313797,
					"bytes":	1179648,
					"bits_per_second":	9435806.07622011,
					"omitted":	false,
					"sender":	false
				}],
			"sum":	{
				"start":	12.000764,
				"end":	13.00091,
				"seconds":	1.0001460313797,
				"bytes":	1179648,
				"bits_per_second":	9435806.07622011,
				"omitted":	false,
				"sender":	false
			}
		}, {
			"streams":	[{
					"socket":	5,
					"start":	13.00091,
					"end":	14.000958,
					"seconds":	1.000048041343689,
					"bytes":	1179648,
					"bits_per_second":	9436730.6467797,
					"omitted":	false,
					"sender":	false
				}],
			"sum":	{
				"start":	13.00091,
				"end":	14.000958,
				"seconds":	1.000048041343689,
				"bytes":	1179648,
				"bits_per_second":	9436730.6467797,
				"omitted":	false,
				"sender":	false
			}
		}, {
			"streams":	[{
					"socket":	5,
					"start":	14.000958,
					"end":	15.000878,
					"seconds":	0.99992001056671143,
					"bytes":	1179648,
					"bits_per_second":	9437938.9353868533,
					"omitted":	false,
					"sender":	false
				}],
			"sum":	{
				"start":	14.000958,
				"end":	15.000878,
				"seconds":	0.99992001056671143,
				"bytes":	1179648,
				"bits_per_second":	9437938.9353868533,
				"omitted":	false,
				"sender":	false
			}
		}, {
			"streams":	[{
					"socket":	5,
					"start":	15.000878,
					"end":	16.000677,
					"seconds":	0.99979901313781738,
					"bytes":	1179648,
					"bits_per_second":	9439081.13129847,
					"omitted":	false,
					"sender":	false
				}],
			"sum":	{
				"start":	15.000878,
				"end":	16.000677,
				"seconds":	0.99979901313781738,
				"bytes":	1179648,
				"bits_per_second":	9439081.13129847,
				"omitted":	false,