{
	"start":	{
		"connected":	[{
				"socket":	5,
				"local_host":	"10.0.0.1",
				"local_port":	41974,
				"remote_host":	"10.0.0.2",
				"remote_port":	5201
			}],
		"version":	"iperf 3.16",
		"system_info":	"Linux mininet 6.8.0-88-generic #89-Ubuntu SMP PREEMPT_DYNAMIC Sat Oct 11 01:02:46 UTC 2025 x86_64",
		"timestamp":	{
			"time":	"Tue, 02 Dec 2025 18:33:06 GMT",
			"timesecs":	1764700386
		},
		"connecting_to":	{
			"host":	"10.0.0.2",
			"port":	5201
		},
		"cookie":	"gndmtwjptjtp3rjjndbh2f3dmplv4bpbzqau",
		"tcp_mss_default":	1448,
		"target_bitrate":	0,
		"fq_rate":	0,
		"sock_bufsize":	0,
		"sndbuf_actual":	87380,
		"rcvbuf_actual":	87380,
		"test_start":	{
			"protocol":	"TCP",
			"num_streams":	1,
			"blksize":	131072,
			"omit":	0,
			"duration":	20,
			"bytes":	0,
			"blocks":	0,
			"reverse":	0,
			"tos":	0,
			"target_bitrate":	0,
			"bidir":	0,
			"fqrate":	0
		}
	},
	"intervals":	[{
			"streams":	[{
					"socket":	5,
					"start":	0,
					"end":	1.001004,
					"seconds":	1.0010039806365967,
					"bytes":	2359296,
					"bits_per_second":	18855437.50584957,
					"retransmits":	12,
					"snd_cwnd":	133216,
					"snd_wnd":	1103360,
					"rtt":	51015,
					"rttvar":	288,
					"pmtu":	1500,
					"omitted":	false,
					"sender":	true
				}],
			"sum":	{
				"start":	0,
				"end":	1.001004,
				"seconds":	1.0010039806365967,
				"bytes":	2359296,
				"bits_per_second":	18855437.50584957,
				"retransmits":	12,
				"omitted":	false,
				"sender":	true
			}
		}, {
			"streams":	[{
					"socket":	5,
					"start":	1.001004,
					"end":	2.001056,
					"seconds":	1.0000519752502441,
					"bytes":	1179648,
					"bits_per_second":	9436693.5254925359,
					"retransmits":	5,
					"snd_cwnd":	124528,
					"snd_wnd":	1103360,
					"rtt":	56677,
					"rttvar":	694,
					"pmtu":	1500,
					"omitted":	false,
					"sender":	true
				}],
			"sum":	{
				"start":	1.001004,
				"end":	2.001056,
				"seconds":	1.0000519752502441,
				"bytes":	1179648,
				"bits_per_second":	9436693.5254925359,
				"retransmits":	5,
				"omitted":	false,
				"sender":	true
			}
		}, {
			"streams":	[{
					"socket":	5,
					"start":	2.001056,
					"end":	3.000844,
					"seconds":	0.999787986278534,
					"bytes":	1179648,
					"bits_per_second":	9439185.23678966,
					"retransmits":	12,
					"snd_cwnd":	127424,
					"snd_wnd":	1103360,
					"rtt":	49595,
					"rttvar":	398,
					"pmtu":	1500,
					"omitted":	false,
					"sender":	true
				}],
			"sum":	{
				"start":	2.001056,
				"end":	3.000844,
				"seconds":	0.999787986278534,
				"bytes":	1179648,
				"bits_per_second":	9439185.23678966,
				"retransmits":	12,
				"omitted":	false,
				"sender":	true
			}
		}, {
			"streams":	[{
					"socket":	5,
					"start":	3.000844,
					"end":	4.000726,
					"seconds":	0.99988198280334473,
					"bytes":	1179648,
					"bits_per_second":	9438297.8814571667,
					"retransmits":	16,
					"snd_cwnd":	127424,
					"snd_wnd":	1103360,
					"rtt":	48968,
					"rttvar":	372,
					"pmtu":	1500,
					"omitted":	false,
					"sender":	true
				}],
			"sum":	{
				"start":	3.000844,
				"end":	4.000726,
				"seconds":	0.99988198280334473,
				"bytes":	1179648,
				"bits_per_second":	9438297.8814571667,
				"retransmits":	16,
				"omitted":	false,
				"sender":	true
			}
		}, {
			"streams":	[{
					"socket":	5,
					"start":	4.000726,
					"end":	5.00071,
					"seconds":	0.9999840259552002,
					"bytes":	1179648,
					"bits_per_second":	9437334.7524081264,
					"retransmits":	7,
					"snd_cwnd":	76744,
					"snd_wnd":	1103360,
					"rtt":	65675,
					"rttvar":	1373,
					"pmtu":	1500,
					"omitted":	false,
					"sender":	true
				}],
			"sum":	{
				"start":	4.000726,
				"end":	5.00071,
				"seconds":	0.9999840259552002,
				"bytes":	1179648,
				"bits_per_second":	9437334.7524081264,
				"retransmits":	7,
				"omitted":	false,
				"sender":	true
			}
		}, {
			"streams":	[{
					"socket":	5,
					"start":	5.00071,
					"end":	6.001015,
					"seconds":	1.0003050565719604,
					"bytes":	1179648,
					"bits_per_second":	9434306.0029519144,
					"retransmits":	10,
					"snd_cwnd":	124528,
					"snd_wnd":	1106432,
					"rtt":	59072,
					"rttvar":	1073,
					"pmtu":	1500,
					"omitted":	false,
					"sender":	true
				}],
			"sum":	{
				"start":	5.00071,
				"end":	6.001015,
				"seconds":	1.0003050565719604,
				"bytes":	1179648,
				"bits_per_second":	9434306.0029519144,
				"retransmits":	10,
				"omitted":	false,
				"sender":	true
			}
		}, {
			"streams":	[{
					"socket":	5,
					"start":	6.001015,
					"end":	7.00081,
					"seconds":	0.99979501962661743,
					"bytes":	1179648,
					"bits_per_second":	9439118.8341030162,
					"retransmits":	2,
					"snd_cwnd":	127424,
					"snd_wnd":	1106432,
					"rtt":	64359,
					"rttvar":	90,
					"pmtu":	1500,
					"omitted":	false,
					"sender":	true
				}],
			"sum":	{
				"start":	6.001015,
				"end":	7.00081,
				"seconds":	0.99979501962661743,
				"bytes":	1179648,
				"bits_per_second":	9439118.8341030162,
				"retransmits":	2,
				"omitted":	false,
				"sender":	true
			}
		}, {
			"streams":	[{
					"socket":	5,
					"start":	7.00081,
					"end":	8.000892,
					"seconds":	1.0000820159912109,
					"bytes":	1179648,
					"bits_per_second":	9436410.06347517,
					"retransmits":	10,
					"snd_cwnd":	124528,
					"snd_wnd":	1103360,
					"rtt":	50127,
					"rttvar":	287,
					"pmtu":	1500,
					"omitted":	false,
					"sender":	true
				}],
			"sum":	{
				"start":	7.00081,
				"end":	8.000892,
				"seconds":	1.0000820159912109,
				"bytes":	1179648,
				"bits_per_second":	9436410.06347517,
				"retransmits":	10,
				"omitted":	false,
				"sender":	true
			}
		}, {
			"streams":	[{
					"socket":	5,
					"start":	8.000892,
					"end":	9.001085,
					"seconds":	1.0001929998397827,
					"bytes":	1179648,
					"bits_per_second":	9435362.97645725,
					"retransmits":	8,
					"snd_cwnd":	121632,
					"snd_wnd":	1103360,
					"rtt":	54161,
					"rttvar":	1246,
					"pmtu":	1500,
					"omitted":	false,
					"sender":	true
				}],
			"sum":	{
				"start":	8.000892,
				"end":	9.001085,
				"seconds":	1.0001929998397827,
				"bytes":	1179648,
				"bits_per_second":	9435362.97645725,
				"retransmits":	8,
				"omitted":	false,
				"sender":	true
			}
		}, {
			"streams":	[{
					"socket":	5,
					"start":	9.001085,
					"end":	10.000552,
					"seconds":	0.99946701526641846,
					"bytes":	1048576,
					"bits_per_second":	8393081.38424551,
					"retransmits":	12,
					"snd_cwnd":	127424,
					"snd_wnd":	1103360,
					"rtt":	52422,
					"rttvar":	368,
					"pmtu":	1500,
					"omitted":	false,
					"sender":	true
				}],
			"sum":	{
				"start":	9.001085,
				"end":	10.000552,
				"seconds":	0.99946701526641846,
				"bytes":	1048576,
				"bits_per_second":	8393081.38424551,
				"retransmits":	12,
				"omitted":	false,
				"sender":	true
			}
		}, {
			"streams":	[{
					"socket":	5,
					"start":	10.000552,
					"end":	11.000575,
					"seconds":	1.0000230073928833,
					"bytes":	1179648,
					"bits_per_second":	9436966.8799953647,
					"retransmits":	6,
					"snd_cwnd":	124528,
					"snd_wnd":	1106432,
					"rtt":	58759,
					"rttvar":	437,
					"pmtu":	1500,
					"omitted":	false,
					"sender":	true
				}],
			"sum":	{
				"start":	10.000552,
				"end":	11.000575,
				"seconds":	1.0000230073928833,
				"bytes":	1179648,
				"bits_per_second":	9436966.8799953647,
				"retransmits":	6,
				"omitted":	false,
				"sender":	true
			}
		}, {
			"streams":	[{
					"socket":	5,
					"start":	11.000575,
					"end":	12.000906,
					"seconds":	1.0003310441970825,
					"bytes":	1179648,
					"bits_per_second":	9434060.90888119,
					"retransmits":	20,
					"snd_cwnd":	127424,
					"snd_wnd":	1103360,
					"rtt":	54870,
					"rttvar":	1930,
					"pmtu":	1500,
					"omitted":	false,
					"sender":	true
				}],
			"sum":	{
				"start":	11.000575,
				"end":	12.000906,
				"seconds":	1.0003310441970825,
				"bytes":	1179648,
				"bits_per_second":	9434060.90888119,