{
	"start":	{
		"connected":	[{
				"socket":	5,
				"local_host":	"10.0.0.2",
				"local_port":	5201,
				"remote_host":	"10.0.0.1",
				"remote_port":	45724
			}],
		"version":	"iperf 3.16",
		"system_info":	"Linux mininet 6.8.0-88-generic #89-Ubuntu SMP PREEMPT_DYNAMIC Sat Oct 11 01:02:46 UTC 2025 x86_64",
		"sock_bufsize":	0,
		"sndbuf_actual":	87380,
		"rcvbuf_actual":	87380,
		"timestamp":	{
			"time":	"Tue, 02 Dec 2025 17:52:45 GMT",
			"timesecs":	1764697965
		},
		"accepted_connection":	{
			"host":	"10.0.0.1",
			"port":	45708
		},
		"cookie":	"y2f7fwisrz5qewb6oo4xoxcj44odsy4hogvp",
		"tcp_mss_default":	0,
		"target_bitrate":	0,
		"fq_rate":	0,
		"test_start":	{
			"protocol":	"TCP",
			"num_streams":	1,
			"blksize":	131072,
			"omit":	0,
			"duration":	20,
			"bytes":	0,
			"blocks":	0,
			"reverse":	0,
			"tos":	0,
			"target_bitrate":	0,
			"bidir":	0,
			"fqrate":	0
		}
	},
	"intervals":	[{
			"streams":	[{
					"socket":	5,
					"start":	0,
					"end":	1.001034,
					"seconds":	1.0010340213775635,
					"bytes":	917504,
					"bits_per_second":	7332450.08985717,
					"omitted":	false,
					"sender":	false
				}],
			"sum":	{
				"start":	0,
				"end":	1.001034,
				"seconds":	1.0010340213775635,
				"bytes":	917504,
				"bits_per_second":	7332450.08985717,
				"omitted":	false,
				"sender":	false
			}
		}, {
			"streams":	[{
					"socket":	5,
					"start":	1.001034,
					"end":	2.000824,
					"seconds":	0.9997900128364563,
					"bytes":	1179648,
					"bits_per_second":	9439166.10371634,
					"omitted":	false,
					"sender":	false
				}],
			"sum":	{
				"start":	1.001034,
				"end":	2.000824,
				"seconds":	0.9997900128364563,
				"bytes":	1179648,
				"bits_per_second":	9439166.10371634,
				"omitted":	false,
				"sender":	false
			}
		}, {
			"streams":	[{
					"socket":	5,
					"start":	2.000824,
					"end":	3.001004,
					"seconds":	1.0001800060272217,
					"bytes":	524288,
					"bits_per_second":	4193549.1358800912,
					"omitted":	false,
					"sender":	false
				}],
			"sum":	{
				"start":	2.000824,
				"end":	3.001004,
				"seconds":	1.0001800060272217,
				"bytes":	524288,
				"bits_per_second":	4193549.1358800912,
				"omitted":	false,
				"sender":	false
			}
		}, {
			"streams":	[{
					"socket":	5,
					"start":	3.001004,
					"end":	4.00105,
					"seconds":	1.0000460147857666,
					"bytes":	655360,
					"bits_per_second":	5242638.7611005567,
					"omitted":	false,
					"sender":	false
				}],
			"sum":	{
				"start":	3.001004,
				"end":	4.00105,
				"seconds":	1.0000460147857666,
				"bytes":	655360,
				"bits_per_second":	5242638.7611005567,
				"omitted":	false,
				"sender":	false
			}
		}, {
			"streams":	[{
					"socket":	5,
					"start":	4.00105,
					"end":	5.001134,
					"seconds":	1.0000840425491333,
					"bytes":	655360,
					"bits_per_second":	5242439.4120281367,
					"omitted":	false,
					"sender":	false
				}],
			"sum":	{
				"start":	4.00105,
				"end":	5.001134,
				"seconds":	1.0000840425491333,
				"bytes":	655360,
				"bits_per_second":	5242439.4120281367,
				"omitted":	false,
				"sender":	false
			}
		}, {
			"streams":	[{
					"socket":	5,
					"start":	5.001134,
					"end":	6.000624,
					"seconds":	0.99949002265930176,
					"bytes":	524288,
					"bits_per_second":	4196444.09139812,
					"omitted":	false,
					"sender":	false
				}],
			"sum":	{
				"start":	5.001134,
				"end":	6.000624,
				"seconds":	0.99949002265930176,
				"bytes":	524288,
				"bits_per_second":	4196444.09139812,
				"omitted":	false,
				"sender":	false
			}
		}, {
			"streams":	[{
					"socket":	5,
					"start":	6.000624,
					"end":	7.000631,
					"seconds":	1.0000070333480835,
					"bytes":	393216,
					"bits_per_second":	3145705.8751556119,
					"omitted":	false,
					"sender":	false
				}],
			"sum":	{
				"start":	6.000624,
				"end":	7.000631,
				"seconds":	1.0000070333480835,
				"bytes":	393216,
				"bits_per_second":	3145705.8751556119,
				"omitted":	false,
				"sender":	false
			}
		}, {
			"streams":	[{
					"socket":	5,
					"start":	7.000631,
					"end":	8.000547,
					"seconds":	0.99991601705551147,
					"bytes":	262144,
					"bits_per_second":	2097328.1397927385,
					"omitted":	false,
					"sender":	false
				}],
			"sum":	{
				"start":	7.000631,
				"end":	8.000547,
				"seconds":	0.99991601705551147,
				"bytes":	262144,
				"bits_per_second":	2097328.1397927385,
				"omitted":	false,
				"sender":	false
			}
		}, {
			"streams":	[{
					"socket":	5,
					"start":	8.000547,
					"end":	9.00091,
					"seconds":	1.0003629922866821,
					"bytes":	524288,
					"bits_per_second":	4192782.05245522,
					"omitted":	false,
					"sender":	false
				}],
			"sum":	{
				"start":	8.000547,
				"end":	9.00091,
				"seconds":	1.0003629922866821,
				"bytes":	524288,
				"bits_per_second":	4192782.05245522,
				"omitted":	false,
				"sender":	false
			}
		}, {
			"streams":	[{
					"socket":	5,
					"start":	9.00091,
					"end":	10.000743,
					"seconds":	0.99983298778533936,
					"bytes":	524288,
					"bits_per_second":	4195004.6170115983,
					"omitted":	false,
					"sender":	false
				}],
			"sum":	{
				"start":	9.00091,
				"end":	10.000743,
				"seconds":	0.99983298778533936,
				"bytes":	524288,
				"bits_per_second":	4195004.6170115983,
				"omitted":	false,
				"sender":	false
			}
		}, {
			"streams":	[{
					"socket":	5,
					"start":	10.000743,
					"end":	11.000547,
					"seconds":	0.99980401992797852,
					"bytes":	393216,
					"bits_per_second":	3146344.6208453975,
					"omitted":	false,
					"sender":	false
				}],
			"sum":	{
				"start":	10.000743,
				"end":	11.000547,
				"seconds":	0.99980401992797852,
				"bytes":	393216,
				"bits_per_second":	3146344.6208453975,
				"omitted":	false,
				"sender":	false
			}
		}, {
			"streams":	[{
					"socket":	5,
					"start":	11.000547,
					"end":	12.000548,
					"seconds":	1.0000009536743164,
					"bytes":	655360,
					"bits_per_second":	5242875.0000047684,
					"omitted":	false,
					"sender":	false
				}],
			"sum":	{
				"start":	11.000547,
				"end":	12.000548,
				"seconds":	1.0000009536743164,
				"bytes":	655360,
				"bits_per_second":	5242875.0000047684,
				"omitted":	false,
				"sender":	false
			}
		}, {
			"streams":	[{
					"socket":	5,
					"start":	12.000548,
					"end":	13.000537,
					"seconds":	0.99998897314071655,
					"bytes":	262144,
					"bits_per_second":	2097175.1252549989,
					"omitted":	false,
					"sender":	false
				}],
			"sum":	{
				"start":	12.000548,
				"end":	13.000537,
				"seconds":	0.99998897314071655,
				"bytes":	262144,
				"bits_per_second":	2097175.1252549989,
				"omitted":	false,
				"sender":	false
			}
		}, {
			"streams":	[{
					"socket":	5,
					"start":	13.000537,
					"end":	14.000621,
					"seconds":	1.0000840425491333,
					"bytes":	262144,
					"bits_per_second":	2096975.7648112546,
					"omitted":	false,
					"sender":	false
				}],
			"sum":	{
				"start":	13.000537,
				"end":	14.000621,
				"seconds":	1.0000840425491333,
				"bytes":	262144,
				"bits_per_second":	2096975.7648112546,
				"omitted":	false,
				"sender":	false
			}
		}, {
			"streams":	[{
					"socket":	5,
					"start":	14.000621,
					"end":	15.000635,
					"seconds":	1.0000139474868774,
					"bytes":	262144,
					"bits_per_second":	2097122.7504079584,
					"omitted":	false,
					"sender":	false
				}],
			"sum":	{
				"start":	14.000621,
				"end":	15.000635,
				"seconds":	1.0000139474868774,
				"bytes":	262144,
				"bits_per_second":	2097122.7504079584,
				"omitted":	false,
				"sender":	false
			}
		}, {
			"streams":	[{
					"socket":	5,
					"start":	15.000635,
					"end":	16.000591,
					"seconds":	0.99995601177215576,
					"bytes":	262144,
					"bits_per_second":	2097244.2540580924,
					"omitted":	false,
					"sender":	false
				}],
			"sum":	{
				"start":	15.000635,
				"end":	16.000591,
				"seconds":	0.99995601177215576,
				"bytes":	262144,
				"bits_per_second":	2097244.2540580924,
				"omitted":	false,