{
	"start":	{
		"connected":	[{
				"socket":	5,
				"local_host":	"10.0.0.1",
				"local_port":	39376,
				"remote_host":	"10.0.0.2",
				"remote_port":	5201
			}],
		"version":	"iperf 3.16",
		"system_info":	"Linux mininet 6.8.0-88-generic #89-Ubuntu SMP PREEMPT_DYNAMIC Sat Oct 11 01:02:46 UTC 2025 x86_64",
		"timestamp":	{
			"time":	"Tue, 02 Dec 2025 17:04:42 GMT",
			"timesecs":	1764695082
		},
		"connecting_to":	{
			"host":	"10.0.0.2",
			"port":	5201
		},
		"cookie":	"uanm3nbmk4x7ss347m45safttzmwwiha2cih",
		"tcp_mss_default":	1448,
		"target_bitrate":	0,
		"fq_rate":	0,
		"sock_bufsize":	0,
		"sndbuf_actual":	87380,
		"rcvbuf_actual":	87380,
		"test_start":	{
			"protocol":	"TCP",
			"num_streams":	1,
			"blksize":	131072,
			"omit":	0,
			"duration":	20,
			"bytes":	0,
			"blocks":	0,
			"reverse":	0,
			"tos":	0,
			"target_bitrate":	0,
			"bidir":	0,
			"fqrate":	0
		}
	},
	"intervals":	[{
			"streams":	[{
					"socket":	5,
					"start":	0,
					"end":	1.000998,
					"seconds":	1.0009980201721191,
					"bytes":	524288,
					"bits_per_second":	4190122.1735471562,
					"retransmits":	4,
					"snd_cwnd":	15928,
					"snd_wnd":	148992,
					"rtt":	47116,
					"rttvar":	1481,
					"pmtu":	1500,
					"omitted":	false,
					"sender":	true
				}],
			"sum":	{
				"start":	0,
				"end":	1.000998,
				"seconds":	1.0009980201721191,
				"bytes":	524288,
				"bits_per_second":	4190122.1735471562,
				"retransmits":	4,
				"omitted":	false,
				"sender":	true
			}
		}, {
			"streams":	[{
					"socket":	5,
					"start":	1.000998,
					"end":	2.000732,
					"seconds":	0.99973398447036743,
					"bytes":	655360,
					"bits_per_second":	5244275.0586072542,
					"retransmits":	1,
					"snd_cwnd":	44888,
					"snd_wnd":	552448,
					"rtt":	45276,
					"rttvar":	617,
					"pmtu":	1500,
					"omitted":	false,
					"sender":	true
				}],
			"sum":	{
				"start":	1.000998,
				"end":	2.000732,
				"seconds":	0.99973398447036743,
				"bytes":	655360,
				"bits_per_second":	5244275.0586072542,
				"retransmits":	1,
				"omitted":	false,
				"sender":	true
			}
		}, {
			"streams":	[{
					"socket":	5,
					"start":	2.000732,
					"end":	3.001027,
					"seconds":	1.0002950429916382,
					"bytes":	655360,
					"bits_per_second":	5241333.5812600115,
					"retransmits":	4,
					"snd_cwnd":	28960,
					"snd_wnd":	551424,
					"rtt":	44793,
					"rttvar":	326,
					"pmtu":	1500,
					"omitted":	false,
					"sender":	true
				}],
			"sum":	{
				"start":	2.000732,
				"end":	3.001027,
				"seconds":	1.0002950429916382,
				"bytes":	655360,
				"bits_per_second":	5241333.5812600115,
				"retransmits":	4,
				"omitted":	false,
				"sender":	true
			}
		}, {
			"streams":	[{
					"socket":	5,
					"start":	3.001027,
					"end":	4.000776,
					"seconds":	0.99974900484085083,
					"bytes":	524288,
					"bits_per_second":	4195357.0143014919,
					"retransmits":	4,
					"snd_cwnd":	20272,
					"snd_wnd":	553984,
					"rtt":	48639,
					"rttvar":	5754,
					"pmtu":	1500,
					"omitted":	false,
					"sender":	true
				}],
			"sum":	{
				"start":	3.001027,
				"end":	4.000776,
				"seconds":	0.99974900484085083,
				"bytes":	524288,
				"bits_per_second":	4195357.0143014919,
				"retransmits":	4,
				"omitted":	false,
				"sender":	true
			}
		}, {
			"streams":	[{
					"socket":	5,
					"start":	4.000776,
					"end":	5.000914,
					"seconds":	1.0001380443573,
					"bytes":	524288,
					"bits_per_second":	4193725.0799166509,
					"retransmits":	4,
					"snd_cwnd":	14480,
					"snd_wnd":	553984,
					"rtt":	45523,
					"rttvar":	1171,
					"pmtu":	1500,
					"omitted":	false,
					"sender":	true
				}],
			"sum":	{
				"start":	4.000776,
				"end":	5.000914,
				"seconds":	1.0001380443573,
				"bytes":	524288,
				"bits_per_second":	4193725.0799166509,
				"retransmits":	4,
				"omitted":	false,
				"sender":	true
			}
		}, {
			"streams":	[{
					"socket":	5,
					"start":	5.000914,
					"end":	6.000789,
					"seconds":	0.999875009059906,
					"bytes":	393216,
					"bits_per_second":	3146121.2366510187,
					"retransmits":	1,
					"snd_cwnd":	31856,
					"snd_wnd":	551424,
					"rtt":	45019,
					"rttvar":	500,
					"pmtu":	1500,
					"omitted":	false,
					"sender":	true
				}],
			"sum":	{
				"start":	5.000914,
				"end":	6.000789,
				"seconds":	0.999875009059906,
				"bytes":	393216,
				"bits_per_second":	3146121.2366510187,
				"retransmits":	1,
				"omitted":	false,
				"sender":	true
			}
		}, {
			"streams":	[{
					"socket":	5,
					"start":	6.000789,
					"end":	7.001363,
					"seconds":	1.000573992729187,
					"bytes":	524288,
					"bits_per_second":	4191897.881094757,
					"retransmits":	4,
					"snd_cwnd":	23168,
					"snd_wnd":	553984,
					"rtt":	44738,
					"rttvar":	271,
					"pmtu":	1500,
					"omitted":	false,
					"sender":	true
				}],
			"sum":	{
				"start":	6.000789,
				"end":	7.001363,
				"seconds":	1.000573992729187,
				"bytes":	524288,
				"bits_per_second":	4191897.881094757,
				"retransmits":	4,
				"omitted":	false,
				"sender":	true
			}
		}, {
			"streams":	[{
					"socket":	5,
					"start":	7.001363,
					"end":	8.000896,
					"seconds":	0.99953299760818481,
					"bytes":	655360,
					"bits_per_second":	5245329.5814604014,
					"retransmits":	1,
					"snd_cwnd":	34752,
					"snd_wnd":	551424,
					"rtt":	44938,
					"rttvar":	416,
					"pmtu":	1500,
					"omitted":	false,
					"sender":	true
				}],
			"sum":	{
				"start":	7.001363,
				"end":	8.000896,
				"seconds":	0.99953299760818481,
				"bytes":	655360,
				"bits_per_second":	5245329.5814604014,
				"retransmits":	1,
				"omitted":	false,
				"sender":	true
			}
		}, {
			"streams":	[{
					"socket":	5,
					"start":	8.000896,
					"end":	9.000767,
					"seconds":	0.999871015548706,
					"bytes":	1048576,
					"bits_per_second":	8389690.13957918,
					"retransmits":	2,
					"snd_cwnd":	33304,
					"snd_wnd":	553984,
					"rtt":	45242,
					"rttvar":	1133,
					"pmtu":	1500,
					"omitted":	false,
					"sender":	true
				}],
			"sum":	{
				"start":	8.000896,
				"end":	9.000767,
				"seconds":	0.999871015548706,
				"bytes":	1048576,
				"bits_per_second":	8389690.13957918,
				"retransmits":	2,
				"omitted":	false,
				"sender":	true
			}
		}, {
			"streams":	[{
					"socket":	5,
					"start":	9.000767,
					"end":	10.001277,
					"seconds":	1.0005099773406982,
					"bytes":	524288,
					"bits_per_second":	4192166.0902855108,
					"retransmits":	4,
					"snd_cwnd":	21720,
					"snd_wnd":	553984,
					"rtt":	44904,
					"rttvar":	503,
					"pmtu":	1500,
					"omitted":	false,
					"sender":	true
				}],
			"sum":	{
				"start":	9.000767,
				"end":	10.001277,
				"seconds":	1.0005099773406982,
				"bytes":	524288,
				"bits_per_second":	4192166.0902855108,
				"retransmits":	4,
				"omitted":	false,
				"sender":	true
			}
		}, {
			"streams":	[{
					"socket":	5,
					"start":	10.001277,
					"end":	11.00087,
					"seconds":	0.99959301948547363,
					"bytes":	393216,
					"bits_per_second":	3147008.7712489418,
					"retransmits":	4,
					"snd_cwnd":	18824,
					"snd_wnd":	551424,
					"rtt":	45564,
					"rttvar":	1207,
					"pmtu":	1500,
					"omitted":	false,
					"sender":	true
				}],
			"sum":	{
				"start":	10.001277,
				"end":	11.00087,
				"seconds":	0.99959301948547363,
				"bytes":	393216,
				"bits_per_second":	3147008.7712489418,
				"retransmits":	4,
				"omitted":	false,
				"sender":	true
			}
		}, {
			"streams":	[{
					"socket":	5,
					"start":	11.00087,
					"end":	12.001255,
					"seconds":	1.000385046005249,
					"bytes":	393216,
					"bits_per_second":	3144517.2162074624,
					"retransmits":	2,
					"snd_cwnd":	31856,
					"snd_wnd":	553984,
					"rtt":	45117,
					"rttvar":	570,
					"pmtu":	1500,
					"omitted":	false,
					"sender":	true
				}],
			"sum":	{
				"start":	11.00087,
				"end":	12.001255,
				"seconds":	1.000385046005249,
				"bytes":	393216,
				"bits_per_second":	3144517.2162074624,
				"retransmits":	2,
				"omitted":	false,