{
	"start":	{
		"connected":	[{
				"socket":	5,
				"local_host":	"10.0.0.2",
				"local_port":	5201,
				"remote_host":	"10.0.0.1",
				"remote_port":	39376
			}],
		"version":	"iperf 3.16",
		"system_info":	"Linux mininet 6.8.0-88-generic #89-Ubuntu SMP PREEMPT_DYNAMIC Sat Oct 11 01:02:46 UTC 2025 x86_64",
		"sock_bufsize":	0,
		"sndbuf_actual":	87380,
		"rcvbuf_actual":	87380,
		"timestamp":	{
			"time":	"Tue, 02 Dec 2025 17:04:42 GMT",
			"timesecs":	1764695082
		},
		"accepted_connection":	{
			"host":	"10.0.0.1",
			"port":	39364
		},
		"cookie":	"uanm3nbmk4x7ss347m45safttzmwwiha2cih",
		"tcp_mss_default":	0,
		"target_bitrate":	0,
		"fq_rate":	0,
		"test_start":	{
			"protocol":	"TCP",
			"num_streams":	1,
			"blksize":	131072,
			"omit":	0,
			"duration":	20,
			"bytes":	0,
			"blocks":	0,
			"reverse":	0,
			"tos":	0,
			"target_bitrate":	0,
			"bidir":	0,
			"fqrate":	0
		}
	},
	"intervals":	[{
			"streams":	[{
					"socket":	5,
					"start":	0,
					"end":	1.001018,
					"seconds":	1.0010180473327637,
					"bytes":	262144,
					"bits_per_second":	2095019.1713205483,
					"omitted":	false,
					"sender":	false
				}],
			"sum":	{
				"start":	0,
				"end":	1.001018,
				"seconds":	1.0010180473327637,
				"bytes":	262144,
				"bits_per_second":	2095019.1713205483,
				"omitted":	false,
				"sender":	false
			}
		}, {
			"streams":	[{
					"socket":	5,
					"start":	1.001018,
					"end":	2.001012,
					"seconds":	0.99999397993087769,
					"bytes":	655360,
					"bits_per_second":	5242911.56269001,
					"omitted":	false,
					"sender":	false
				}],
			"sum":	{
				"start":	1.001018,
				"end":	2.001012,
				"seconds":	0.99999397993087769,
				"bytes":	655360,
				"bits_per_second":	5242911.56269001,
				"omitted":	false,
				"sender":	false
			}
		}, {
			"streams":	[{
					"socket":	5,
					"start":	2.001012,
					"end":	3.001164,
					"seconds":	1.0001519918441772,
					"bytes":	655360,
					"bits_per_second":	5242083.2461000942,
					"omitted":	false,
					"sender":	false
				}],
			"sum":	{
				"start":	2.001012,
				"end":	3.001164,
				"seconds":	1.0001519918441772,
				"bytes":	655360,
				"bits_per_second":	5242083.2461000942,
				"omitted":	false,
				"sender":	false
			}
		}, {
			"streams":	[{
					"socket":	5,
					"start":	3.001164,
					"end":	4.000999,
					"seconds":	0.99983501434326172,
					"bytes":	524288,
					"bits_per_second":	4194996.1141889142,
					"omitted":	false,
					"sender":	false
				}],
			"sum":	{
				"start":	3.001164,
				"end":	4.000999,
				"seconds":	0.99983501434326172,
				"bytes":	524288,
				"bits_per_second":	4194996.1141889142,
				"omitted":	false,
				"sender":	false
			}
		}, {
			"streams":	[{
					"socket":	5,
					"start":	4.000999,
					"end":	5.001016,
					"seconds":	1.0000170469284058,
					"bytes":	524288,
					"bits_per_second":	4194232.5012188344,
					"omitted":	false,
					"sender":	false
				}],
			"sum":	{
				"start":	4.000999,
				"end":	5.001016,
				"seconds":	1.0000170469284058,
				"bytes":	524288,
				"bits_per_second":	4194232.5012188344,
				"omitted":	false,
				"sender":	false
			}
		}, {
			"streams":	[{
					"socket":	5,
					"start":	5.001016,
					"end":	6.001003,
					"seconds":	0.999987006187439,
					"bytes":	524288,
					"bits_per_second":	4194358.5007081721,
					"omitted":	false,
					"sender":	false
				}],
			"sum":	{
				"start":	5.001016,
				"end":	6.001003,
				"seconds":	0.999987006187439,
				"bytes":	524288,
				"bits_per_second":	4194358.5007081721,
				"omitted":	false,
				"sender":	false
			}
		}, {
			"streams":	[{
					"socket":	5,
					"start":	6.001003,
					"end":	7.00106,
					"seconds":	1.0000569820404053,
					"bytes":	393216,
					"bits_per_second":	3145548.7602134487,
					"omitted":	false,
					"sender":	false
				}],
			"sum":	{
				"start":	6.001003,
				"end":	7.00106,
				"seconds":	1.0000569820404053,
				"bytes":	393216,
				"bits_per_second":	3145548.7602134487,
				"omitted":	false,
				"sender":	false
			}
		}, {
			"streams":	[{
					"socket":	5,
					"start":	7.00106,
					"end":	8.001198,
					"seconds":	1.0001380443573,
					"bytes":	655360,
					"bits_per_second":	5242156.3498958135,
					"omitted":	false,
					"sender":	false
				}],
			"sum":	{
				"start":	7.00106,
				"end":	8.001198,
				"seconds":	1.0001380443573,
				"bytes":	655360,
				"bits_per_second":	5242156.3498958135,
				"omitted":	false,
				"sender":	false
			}
		}, {
			"streams":	[{
					"socket":	5,
					"start":	8.001198,
					"end":	9.00103,
					"seconds":	0.99983197450637817,
					"bytes":	917504,
					"bits_per_second":	7341265.5197627675,
					"omitted":	false,
					"sender":	false
				}],
			"sum":	{
				"start":	8.001198,
				"end":	9.00103,
				"seconds":	0.99983197450637817,
				"bytes":	917504,
				"bits_per_second":	7341265.5197627675,
				"omitted":	false,
				"sender":	false
			}
		}, {
			"streams":	[{
					"socket":	5,
					"start":	9.00103,
					"end":	10.001135,
					"seconds":	1.0001050233840942,
					"bytes":	524288,
					"bits_per_second":	4193863.5462579424,
					"omitted":	false,
					"sender":	false
				}],
			"sum":	{
				"start":	9.00103,
				"end":	10.001135,
				"seconds":	1.0001050233840942,
				"bytes":	524288,
				"bits_per_second":	4193863.5462579424,
				"omitted":	false,
				"sender":	false
			}
		}, {
			"streams":	[{
					"socket":	5,
					"start":	10.001135,
					"end":	11.000993,
					"seconds":	0.999858021736145,
					"bytes":	524288,
					"bits_per_second":	4194899.5845600618,
					"omitted":	false,
					"sender":	false
				}],
			"sum":	{
				"start":	10.001135,
				"end":	11.000993,
				"seconds":	0.999858021736145,
				"bytes":	524288,
				"bits_per_second":	4194899.5845600618,
				"omitted":	false,
				"sender":	false
			}
		}, {
			"streams":	[{
					"socket":	5,
					"start":	11.000993,
					"end":	12.001029,
					"seconds":	1.0000360012054443,
					"bytes":	393216,
					"bits_per_second":	3145614.75407699,
					"omitted":	false,
					"sender":	false
				}],
			"sum":	{
				"start":	11.000993,
				"end":	12.001029,
				"seconds":	1.0000360012054443,
				"bytes":	393216,
				"bits_per_second":	3145614.75407699,
				"omitted":	false,
				"sender":	false
			}
		}, {
			"streams":	[{
					"socket":	5,
					"start":	12.001029,
					"end":	13.000981,
					"seconds":	0.99995201826095581,
					"bytes":	655360,
					"bits_per_second":	5243131.5745709855,
					"omitted":	false,
					"sender":	false
				}],
			"sum":	{
				"start":	12.001029,
				"end":	13.000981,
				"seconds":	0.99995201826095581,
				"bytes":	655360,
				"bits_per_second":	5243131.5745709855,
				"omitted":	false,
				"sender":	false
			}
		}, {
			"streams":	[{
					"socket":	5,
					"start":	13.000981,
					"end":	14.001006,
					"seconds":	1.0000250339508057,
					"bytes":	393216,
					"bits_per_second":	3145649.2519713743,
					"omitted":	false,
					"sender":	false
				}],
			"sum":	{
				"start":	13.000981,
				"end":	14.001006,
				"seconds":	1.0000250339508057,
				"bytes":	393216,
				"bits_per_second":	3145649.2519713743,
				"omitted":	false,
				"sender":	false
			}
		}, {
			"streams":	[{
					"socket":	5,
					"start":	14.001006,
					"end":	15.000979,
					"seconds":	0.99997299909591675,
					"bytes":	262144,
					"bits_per_second":	2097208.6265289676,
					"omitted":	false,
					"sender":	false
				}],
			"sum":	{
				"start":	14.001006,
				"end":	15.000979,
				"seconds":	0.99997299909591675,
				"bytes":	262144,
				"bits_per_second":	2097208.6265289676,
				"omitted":	false,
				"sender":	false
			}
		}, {
			"streams":	[{
					"socket":	5,
					"start":	15.000979,
					"end":	16.00101,
					"seconds":	1.0000309944152832,
					"bytes":	655360,
					"bits_per_second":	5242717.505036436,
					"omitted":	false,
					"sender":	false
				}],
			"sum":	{
				"start":	15.000979,
				"end":	16.00101,
				"seconds":	1.0000309944152832,
				"bytes":	655360,
				"bits_per_second":	5242717.505036436,
				"omitted":	false,