{
	"start":	{
		"connected":	[{
				"socket":	5,
				"local_host":	"10.0.0.1",
				"local_port":	50562,
				"remote_host":	"10.0.0.2",
				"remote_port":	5201
			}],
		"version":	"iperf 3.16",
		"system_info":	"Linux mininet 6.8.0-88-generic #89-Ubuntu SMP PREEMPT_DYNAMIC Sat Oct 11 01:02:46 UTC 2025 x86_64",
		"timestamp":	{
			"time":	"Tue, 02 Dec 2025 18:25:42 GMT",
			"timesecs":	1764699942
		},
		"connecting_to":	{
			"host":	"10.0.0.2",
			"port":	5201
		},
		"cookie":	"wcbui7pigubssqoqnyuktdi5fmtuzt37mta3",
		"tcp_mss_default":	1448,
		"target_bitrate":	0,
		"fq_rate":	0,
		"sock_bufsize":	0,
		"sndbuf_actual":	87380,
		"rcvbuf_actual":	87380,
		"test_start":	{
			"protocol":	"TCP",
			"num_streams":	1,
			"blksize":	131072,
			"omit":	0,
			"duration":	20,
			"bytes":	0,
			"blocks":	0,
			"reverse":	0,
			"tos":	0,
			"target_bitrate":	0,
			"bidir":	0,
			"fqrate":	0
		}
	},
	"intervals":	[{
			"streams":	[{
					"socket":	5,
					"start":	0,
					"end":	1.000934,
					"seconds":	1.0009340047836304,
					"bytes":	5898240,
					"bits_per_second":	47141889.2499312,
					"retransmits":	5,
					"snd_cwnd":	612504,
					"snd_wnd":	3180544,
					"rtt":	137408,
					"rttvar":	736,
					"pmtu":	1500,
					"omitted":	false,
					"sender":	true
				}],
			"sum":	{
				"start":	0,
				"end":	1.000934,
				"seconds":	1.0009340047836304,
				"bytes":	5898240,
				"bits_per_second":	47141889.2499312,
				"retransmits":	5,
				"omitted":	false,
				"sender":	true
			}
		}, {
			"streams":	[{
					"socket":	5,
					"start":	1.000934,
					"end":	2.000909,
					"seconds":	0.999975025653839,
					"bytes":	5111808,
					"bits_per_second":	40895485.338007249,
					"retransmits":	8,
					"snd_cwnd":	309872,
					"snd_wnd":	3945472,
					"rtt":	104649,
					"rttvar":	195,
					"pmtu":	1500,
					"omitted":	false,
					"sender":	true
				}],
			"sum":	{
				"start":	1.000934,
				"end":	2.000909,
				"seconds":	0.999975025653839,
				"bytes":	5111808,
				"bits_per_second":	40895485.338007249,
				"retransmits":	8,
				"omitted":	false,
				"sender":	true
			}
		}, {
			"streams":	[{
					"socket":	5,
					"start":	2.000909,
					"end":	3.000951,
					"seconds":	1.0000419616699219,
					"bytes":	1703936,
					"bits_per_second":	13630916.024001068,
					"retransmits":	6,
					"snd_cwnd":	166520,
					"snd_wnd":	3945472,
					"rtt":	105228,
					"rttvar":	1083,
					"pmtu":	1500,
					"omitted":	false,
					"sender":	true
				}],
			"sum":	{
				"start":	2.000909,
				"end":	3.000951,
				"seconds":	1.0000419616699219,
				"bytes":	1703936,
				"bits_per_second":	13630916.024001068,
				"retransmits":	6,
				"omitted":	false,
				"sender":	true
			}
		}, {
			"streams":	[{
					"socket":	5,
					"start":	3.000951,
					"end":	4.000932,
					"seconds":	0.99998098611831665,
					"bytes":	1703936,
					"bits_per_second":	13631747.192428254,
					"retransmits":	0,
					"snd_cwnd":	186792,
					"snd_wnd":	3942912,
					"rtt":	104617,
					"rttvar":	104,
					"pmtu":	1500,
					"omitted":	false,
					"sender":	true
				}],
			"sum":	{
				"start":	3.000951,
				"end":	4.000932,
				"seconds":	0.99998098611831665,
				"bytes":	1703936,
				"bits_per_second":	13631747.192428254,
				"retransmits":	0,
				"omitted":	false,
				"sender":	true
			}
		}, {
			"streams":	[{
					"socket":	5,
					"start":	4.000932,
					"end":	5.001032,
					"seconds":	1.0001000165939331,
					"bytes":	1703936,
					"bits_per_second":	13630124.761346487,
					"retransmits":	4,
					"snd_cwnd":	144800,
					"snd_wnd":	3942912,
					"rtt":	104857,
					"rttvar":	408,
					"pmtu":	1500,
					"omitted":	false,
					"sender":	true
				}],
			"sum":	{
				"start":	4.000932,
				"end":	5.001032,
				"seconds":	1.0001000165939331,
				"bytes":	1703936,
				"bits_per_second":	13630124.761346487,
				"retransmits":	4,
				"omitted":	false,
				"sender":	true
			}
		}, {
			"streams":	[{
					"socket":	5,
					"start":	5.001032,
					"end":	6.001031,
					"seconds":	0.99999898672103882,
					"bytes":	1703936,
					"bits_per_second":	13631501.812513996,
					"retransmits":	0,
					"snd_cwnd":	156384,
					"snd_wnd":	3942912,
					"rtt":	104638,
					"rttvar":	170,
					"pmtu":	1500,
					"omitted":	false,
					"sender":	true
				}],
			"sum":	{
				"start":	5.001032,
				"end":	6.001031,
				"seconds":	0.99999898672103882,
				"bytes":	1703936,
				"bits_per_second":	13631501.812513996,
				"retransmits":	0,
				"omitted":	false,
				"sender":	true
			}
		}, {
			"streams":	[{
					"socket":	5,
					"start":	6.001031,
					"end":	7.0012,
					"seconds":	1.000169038772583,
					"bytes":	1572864,
					"bits_per_second":	12580785.3594847,
					"retransmits":	2,
					"snd_cwnd":	121632,
					"snd_wnd":	3942912,
					"rtt":	104850,
					"rttvar":	492,
					"pmtu":	1500,
					"omitted":	false,
					"sender":	true
				}],
			"sum":	{
				"start":	6.001031,
				"end":	7.0012,
				"seconds":	1.000169038772583,
				"bytes":	1572864,
				"bits_per_second":	12580785.3594847,
				"retransmits":	2,
				"omitted":	false,
				"sender":	true
			}
		}, {
			"streams":	[{
					"socket":	5,
					"start":	7.0012,
					"end":	8.000966,
					"seconds":	0.99976599216461182,
					"bytes":	0,
					"bits_per_second":	0,
					"retransmits":	2,
					"snd_cwnd":	92672,
					"snd_wnd":	3945472,
					"rtt":	105479,
					"rttvar":	1707,
					"pmtu":	1500,
					"omitted":	false,
					"sender":	true
				}],
			"sum":	{
				"start":	7.0012,
				"end":	8.000966,
				"seconds":	0.99976599216461182,
				"bytes":	0,
				"bits_per_second":	0,
				"retransmits":	2,
				"omitted":	false,
				"sender":	true
			}
		}, {
			"streams":	[{
					"socket":	5,
					"start":	8.000966,
					"end":	9.001348,
					"seconds":	1.0003819465637207,
					"bytes":	1703936,
					"bits_per_second":	13626283.487845533,
					"retransmits":	4,
					"snd_cwnd":	52128,
					"snd_wnd":	3942912,
					"rtt":	105521,
					"rttvar":	1536,
					"pmtu":	1500,
					"omitted":	false,
					"sender":	true
				}],
			"sum":	{
				"start":	8.000966,
				"end":	9.001348,
				"seconds":	1.0003819465637207,
				"bytes":	1703936,
				"bits_per_second":	13626283.487845533,
				"retransmits":	4,
				"omitted":	false,
				"sender":	true
			}
		}, {
			"streams":	[{
					"socket":	5,
					"start":	9.001348,
					"end":	10.001977,
					"seconds":	1.00062894821167,
					"bytes":	0,
					"bits_per_second":	0,
					"retransmits":	0,
					"snd_cwnd":	56472,
					"snd_wnd":	3942912,
					"rtt":	105771,
					"rttvar":	2077,
					"pmtu":	1500,
					"omitted":	false,
					"sender":	true
				}],
			"sum":	{
				"start":	9.001348,
				"end":	10.001977,
				"seconds":	1.00062894821167,
				"bytes":	0,
				"bits_per_second":	0,
				"retransmits":	0,
				"omitted":	false,
				"sender":	true
			}
		}, {
			"streams":	[{
					"socket":	5,
					"start":	10.001977,
					"end":	11.000964,
					"seconds":	0.99898701906204224,
					"bytes":	0,
					"bits_per_second":	0,
					"retransmits":	0,
					"snd_cwnd":	63712,
					"snd_wnd":	3945472,
					"rtt":	104587,
					"rttvar":	87,
					"pmtu":	1500,
					"omitted":	false,
					"sender":	true
				}],
			"sum":	{
				"start":	10.001977,
				"end":	11.000964,
				"seconds":	0.99898701906204224,
				"bytes":	0,
				"bits_per_second":	0,
				"retransmits":	0,
				"omitted":	false,
				"sender":	true
			}
		}, {
			"streams":	[{
					"socket":	5,
					"start":	11.000964,
					"end":	12.00098,
					"seconds":	1.0000159740448,
					"bytes":	1703936,
					"bits_per_second":	13631270.253478292,
					"retransmits":	0,
					"snd_cwnd":	70952,
					"snd_wnd":	3945472,
					"rtt":	104599,
					"rttvar":	129,
					"pmtu":	1500,
					"omitted":	false,
					"sender":	true
				}],
			"sum":	{
				"start":	11.000964,
				"end":	12.00098,
				"seconds":	1.0000159740448,
				"bytes":	1703936,
				"bits_per_second":	13631270.253478292,
				"retransmits":	0,
				"omitted":	false,
				"sender":	true
			}
		}, {
			"streams":	[{
					"socket":	5,
					"start":	12.00098,