{
	"start":	{
		"connected":	[{
				"socket":	5,
				"local_host":	"10.0.0.1",
				"local_port":	57760,
				"remote_host":	"10.0.0.2",
				"remote_port":	5201
			}],
		"version":	"iperf 3.16",
		"system_info":	"Linux CSCE952FinalProject 6.14.0-36-generic #36~24.04.1-Ubuntu SMP PREEMPT_DYNAMIC Wed Oct 15 15:45:17 UTC 2 x86_64",
		"timestamp":	{
			"time":	"Sun, 30 Nov 2025 04:33:18 GMT",
			"timesecs":	1764477198
		},
		"connecting_to":	{
			"host":	"10.0.0.2",
			"port":	5201
		},
		"cookie":	"yz2h5px5bqfepqubzzcwyqlngz7hkntihxpr",
		"tcp_mss_default":	1448,
		"target_bitrate":	0,
		"fq_rate":	0,
		"sock_bufsize":	0,
		"sndbuf_actual":	87380,
		"rcvbuf_actual":	87380,
		"test_start":	{
			"protocol":	"TCP",
			"num_streams":	1,
			"blksize":	131072,
			"omit":	0,
			"duration":	20,
			"bytes":	0,
			"blocks":	0,
			"reverse":	0,
			"tos":	0,
			"target_bitrate":	0,
			"bidir":	0,
			"fqrate":	0
		}
	},
	"intervals":	[{
			"streams":	[{
					"socket":	5,
					"start":	0,
					"end":	1.019382,
					"seconds":	1.0193819999694824,
					"bytes":	655360,
					"bits_per_second":	5143194.60237375,
					"retransmits":	0,
					"snd_cwnd":	92672,
					"snd_wnd":	426496,
					"rtt":	277580,
					"rttvar":	20545,
					"pmtu":	1500,
					"omitted":	false,
					"sender":	true
				}],
			"sum":	{
				"start":	0,
				"end":	1.019382,
				"seconds":	1.0193819999694824,
				"bytes":	655360,
				"bits_per_second":	5143194.60237375,
				"retransmits":	0,
				"omitted":	false,
				"sender":	true
			}
		}, {
			"streams":	[{
					"socket":	5,
					"start":	1.019382,
					"end":	2.000816,
					"seconds":	0.98143398761749268,
					"bytes":	524288,
					"bits_per_second":	4273648.61306872,
					"retransmits":	4,
					"snd_cwnd":	56472,
					"snd_wnd":	429568,
					"rtt":	114549,
					"rttvar":	2852,
					"pmtu":	1500,
					"omitted":	false,
					"sender":	true
				}],
			"sum":	{
				"start":	1.019382,
				"end":	2.000816,
				"seconds":	0.98143398761749268,
				"bytes":	524288,
				"bits_per_second":	4273648.61306872,
				"retransmits":	4,
				"omitted":	false,
				"sender":	true
			}
		}, {
			"streams":	[{
					"socket":	5,
					"start":	2.000816,
					"end":	3.018954,
					"seconds":	1.01813805103302,
					"bytes":	524288,
					"bits_per_second":	4119582.7969933827,
					"retransmits":	4,
					"snd_cwnd":	41992,
					"snd_wnd":	429568,
					"rtt":	177954,
					"rttvar":	28935,
					"pmtu":	1500,
					"omitted":	false,
					"sender":	true
				}],
			"sum":	{
				"start":	2.000816,
				"end":	3.018954,
				"seconds":	1.01813805103302,
				"bytes":	524288,
				"bits_per_second":	4119582.7969933827,
				"retransmits":	4,
				"omitted":	false,
				"sender":	true
			}
		}, {
			"streams":	[{
					"socket":	5,
					"start":	3.018954,
					"end":	4.000324,
					"seconds":	0.981369972229004,
					"bytes":	262144,
					"bits_per_second":	2136963.6929451791,
					"retransmits":	0,
					"snd_cwnd":	49232,
					"snd_wnd":	429568,
					"rtt":	337770,
					"rttvar":	25555,
					"pmtu":	1500,
					"omitted":	false,
					"sender":	true
				}],
			"sum":	{
				"start":	3.018954,
				"end":	4.000324,
				"seconds":	0.981369972229004,
				"bytes":	262144,
				"bits_per_second":	2136963.6929451791,
				"retransmits":	0,
				"omitted":	false,
				"sender":	true
			}
		}, {
			"streams":	[{
					"socket":	5,
					"start":	4.000324,
					"end":	5.00284,
					"seconds":	1.0025160312652588,
					"bytes":	262144,
					"bits_per_second":	2091888.7425203759,
					"retransmits":	0,
					"snd_cwnd":	49232,
					"snd_wnd":	426496,
					"rtt":	155629,
					"rttvar":	37793,
					"pmtu":	1500,
					"omitted":	false,
					"sender":	true
				}],
			"sum":	{
				"start":	4.000324,
				"end":	5.00284,
				"seconds":	1.0025160312652588,
				"bytes":	262144,
				"bits_per_second":	2091888.7425203759,
				"retransmits":	0,
				"omitted":	false,
				"sender":	true
			}
		}, {
			"streams":	[{
					"socket":	5,
					"start":	5.00284,
					"end":	6.027447,
					"seconds":	1.0246069431304932,
					"bytes":	262144,
					"bits_per_second":	2046786.8328049269,
					"retransmits":	0,
					"snd_cwnd":	52128,
					"snd_wnd":	429568,
					"rtt":	285190,
					"rttvar":	48972,
					"pmtu":	1500,
					"omitted":	false,
					"sender":	true
				}],
			"sum":	{
				"start":	5.00284,
				"end":	6.027447,
				"seconds":	1.0246069431304932,
				"bytes":	262144,
				"bits_per_second":	2046786.8328049269,
				"retransmits":	0,
				"omitted":	false,
				"sender":	true
			}
		}, {
			"streams":	[{
					"socket":	5,
					"start":	6.027447,
					"end":	7.003791,
					"seconds":	0.97634398937225342,
					"bytes":	0,
					"bits_per_second":	0,
					"retransmits":	4,
					"snd_cwnd":	41992,
					"snd_wnd":	429568,
					"rtt":	189453,
					"rttvar":	13263,
					"pmtu":	1500,
					"omitted":	false,
					"sender":	true
				}],
			"sum":	{
				"start":	6.027447,
				"end":	7.003791,
				"seconds":	0.97634398937225342,
				"bytes":	0,
				"bits_per_second":	0,
				"retransmits":	4,
				"omitted":	false,
				"sender":	true
			}
		}, {
			"streams":	[{
					"socket":	5,
					"start":	7.003791,
					"end":	8.002888,
					"seconds":	0.99909698963165283,
					"bytes":	262144,
					"bits_per_second":	2099047.4616214968,
					"retransmits":	2,
					"snd_cwnd":	36200,
					"snd_wnd":	429568,
					"rtt":	224130,
					"rttvar":	41194,
					"pmtu":	1500,
					"omitted":	false,
					"sender":	true
				}],
			"sum":	{
				"start":	7.003791,
				"end":	8.002888,
				"seconds":	0.99909698963165283,
				"bytes":	262144,
				"bits_per_second":	2099047.4616214968,
				"retransmits":	2,
				"omitted":	false,
				"sender":	true
			}
		}, {
			"streams":	[{
					"socket":	5,
					"start":	8.002888,
					"end":	9.006845,
					"seconds":	1.0039570331573486,
					"bytes":	262144,
					"bits_per_second":	2088886.2080129643,
					"retransmits":	2,
					"snd_cwnd":	26064,
					"snd_wnd":	429568,
					"rtt":	132049,
					"rttvar":	18977,
					"pmtu":	1500,
					"omitted":	false,
					"sender":	true
				}],
			"sum":	{
				"start":	8.002888,
				"end":	9.006845,
				"seconds":	1.0039570331573486,
				"bytes":	262144,
				"bits_per_second":	2088886.2080129643,
				"retransmits":	2,
				"omitted":	false,
				"sender":	true
			}
		}, {
			"streams":	[{
					"socket":	5,
					"start":	9.006845,
					"end":	10.006065,
					"seconds":	0.99922001361846924,
					"bytes":	262144,
					"bits_per_second":	2098789.0268586557,
					"retransmits":	2,
					"snd_cwnd":	21720,
					"snd_wnd":	429568,
					"rtt":	119952,
					"rttvar":	9815,
					"pmtu":	1500,
					"omitted":	false,
					"sender":	true
				}],
			"sum":	{
				"start":	9.006845,
				"end":	10.006065,
				"seconds":	0.99922001361846924,
				"bytes":	262144,
				"bits_per_second":	2098789.0268586557,
				"retransmits":	2,
				"omitted":	false,
				"sender":	true
			}
		}, {
			"streams":	[{
					"socket":	5,
					"start":	10.006065,
					"end":	11.018444,
					"seconds":	1.0123790502548218,
					"bytes":	0,
					"bits_per_second":	0,
					"retransmits":	0,
					"snd_cwnd":	26064,
					"snd_wnd":	429568,
					"rtt":	135623,
					"rttvar":	18990,
					"pmtu":	1500,
					"omitted":	false,
					"sender":	true
				}],
			"sum":	{
				"start":	10.006065,
				"end":	11.018444,
				"seconds":	1.0123790502548218,
				"bytes":	0,
				"bits_per_second":	0,
				"retransmits":	0,
				"omitted":	false,
				"sender":	true
			}
		}, {
			"streams":	[{
					"socket":	5,
					"start":	11.018444,
					"end":	12.001261,
					"seconds":	0.982816994190216,
					"bytes":	262144,
					"bits_per_second":	2133817.3967249426,
					"retransmits":	0,
					"snd_cwnd":	31856,
					"snd_wnd":	429568,
					"rtt":	130554,
					"rttvar":	11180,
					"pmtu":	1500,
					"omitted":	false,
					"sender":	true
				}],
			"sum":	{
				"start":	11.018444,
				"end":	12.001261,
				"seconds":	0.982816994190216,
				"bytes":	262144,
				"bits_per_second":	2133817.3967249426,
				"retransmits":	0,
				"omitted":	false,