{
	"start":	{
		"connected":	[{
				"socket":	5,
				"local_host":	"10.0.0.1",
				"local_port":	51602,
				"remote_host":	"10.0.0.2",
				"remote_port":	5201
			}],
		"version":	"iperf 3.16",
		"system_info":	"Linux mininet 6.8.0-88-generic #89-Ubuntu SMP PREEMPT_DYNAMIC Sat Oct 11 01:02:46 UTC 2025 x86_64",
		"timestamp":	{
			"time":	"Tue, 02 Dec 2025 17:48:26 GMT",
			"timesecs":	1764697706
		},
		"connecting_to":	{
			"host":	"10.0.0.2",
			"port":	5201
		},
		"cookie":	"s6zkl34xafgrbsfv2uuyf5zfiddq75jzjfxr",
		"tcp_mss_default":	1448,
		"target_bitrate":	0,
		"fq_rate":	0,
		"sock_bufsize":	0,
		"sndbuf_actual":	87380,
		"rcvbuf_actual":	87380,
		"test_start":	{
			"protocol":	"TCP",
			"num_streams":	1,
			"blksize":	131072,
			"omit":	0,
			"duration":	20,
			"bytes":	0,
			"blocks":	0,
			"reverse":	0,
			"tos":	0,
			"target_bitrate":	0,
			"bidir":	0,
			"fqrate":	0
		}
	},
	"intervals":	[{
			"streams":	[{
					"socket":	5,
					"start":	0,
					"end":	1.001009,
					"seconds":	1.0010089874267578,
					"bytes":	2490368,
					"bits_per_second":	19902862.262220927,
					"retransmits":	0,
					"snd_cwnd":	298288,
					"snd_wnd":	1163264,
					"rtt":	235985,
					"rttvar":	974,
					"pmtu":	1500,
					"omitted":	false,
					"sender":	true
				}],
			"sum":	{
				"start":	0,
				"end":	1.001009,
				"seconds":	1.0010089874267578,
				"bytes":	2490368,
				"bits_per_second":	19902862.262220927,
				"retransmits":	0,
				"omitted":	false,
				"sender":	true
			}
		}, {
			"streams":	[{
					"socket":	5,
					"start":	1.001009,
					"end":	2.00069,
					"seconds":	0.999680995941162,
					"bytes":	1441792,
					"bits_per_second":	11538016.674149994,
					"retransmits":	0,
					"snd_cwnd":	357656,
					"snd_wnd":	1163264,
					"rtt":	283864,
					"rttvar":	1158,
					"pmtu":	1500,
					"omitted":	false,
					"sender":	true
				}],
			"sum":	{
				"start":	1.001009,
				"end":	2.00069,
				"seconds":	0.999680995941162,
				"bytes":	1441792,
				"bits_per_second":	11538016.674149994,
				"retransmits":	0,
				"omitted":	false,
				"sender":	true
			}
		}, {
			"streams":	[{
					"socket":	5,
					"start":	2.00069,
					"end":	3.000815,
					"seconds":	1.0001250505447388,
					"bytes":	1572864,
					"bits_per_second":	12581338.69674243,
					"retransmits":	0,
					"snd_cwnd":	417024,
					"snd_wnd":	1163264,
					"rtt":	330923,
					"rttvar":	1598,
					"pmtu":	1500,
					"omitted":	false,
					"sender":	true
				}],
			"sum":	{
				"start":	2.00069,
				"end":	3.000815,
				"seconds":	1.0001250505447388,
				"bytes":	1572864,
				"bits_per_second":	12581338.69674243,
				"retransmits":	0,
				"omitted":	false,
				"sender":	true
			}
		}, {
			"streams":	[{
					"socket":	5,
					"start":	3.000815,
					"end":	4.00074,
					"seconds":	0.99992501735687256,
					"bytes":	917504,
					"bits_per_second":	7340582.416271667,
					"retransmits":	0,
					"snd_cwnd":	476392,
					"snd_wnd":	1163264,
					"rtt":	378914,
					"rttvar":	949,
					"pmtu":	1500,
					"omitted":	false,
					"sender":	true
				}],
			"sum":	{
				"start":	3.000815,
				"end":	4.00074,
				"seconds":	0.99992501735687256,
				"bytes":	917504,
				"bits_per_second":	7340582.416271667,
				"retransmits":	0,
				"omitted":	false,
				"sender":	true
			}
		}, {
			"streams":	[{
					"socket":	5,
					"start":	4.00074,
					"end":	5.001066,
					"seconds":	1.0003260374069214,
					"bytes":	2097152,
					"bits_per_second":	16771747.782843342,
					"retransmits":	0,
					"snd_cwnd":	537208,
					"snd_wnd":	1163264,
					"rtt":	426127,
					"rttvar":	379,
					"pmtu":	1500,
					"omitted":	false,
					"sender":	true
				}],
			"sum":	{
				"start":	4.00074,
				"end":	5.001066,
				"seconds":	1.0003260374069214,
				"bytes":	2097152,
				"bits_per_second":	16771747.782843342,
				"retransmits":	0,
				"omitted":	false,
				"sender":	true
			}
		}, {
			"streams":	[{
					"socket":	5,
					"start":	5.001066,
					"end":	6.001074,
					"seconds":	1.0000079870224,
					"bytes":	1179648,
					"bits_per_second":	9437108.6256020162,
					"retransmits":	0,
					"snd_cwnd":	596576,
					"snd_wnd":	1226752,
					"rtt":	473984,
					"rttvar":	1334,
					"pmtu":	1500,
					"omitted":	false,
					"sender":	true
				}],
			"sum":	{
				"start":	5.001066,
				"end":	6.001074,
				"seconds":	1.0000079870224,
				"bytes":	1179648,
				"bits_per_second":	9437108.6256020162,
				"retransmits":	0,
				"omitted":	false,
				"sender":	true
			}
		}, {
			"streams":	[{
					"socket":	5,
					"start":	6.001074,
					"end":	7.000973,
					"seconds":	0.99989902973175049,
					"bytes":	1179648,
					"bits_per_second":	9438136.97122176,
					"retransmits":	16,
					"snd_cwnd":	437296,
					"snd_wnd":	1212928,
					"rtt":	502806,
					"rttvar":	669,
					"pmtu":	1500,
					"omitted":	false,
					"sender":	true
				}],
			"sum":	{
				"start":	6.001074,
				"end":	7.000973,
				"seconds":	0.99989902973175049,
				"bytes":	1179648,
				"bits_per_second":	9438136.97122176,
				"retransmits":	16,
				"omitted":	false,
				"sender":	true
			}
		}, {
			"streams":	[{
					"socket":	5,
					"start":	7.000973,
					"end":	8.001068,
					"seconds":	1.000095009803772,
					"bytes":	1572864,
					"bits_per_second":	12581716.61357343,
					"retransmits":	5,
					"snd_cwnd":	311320,
					"snd_wnd":	2258944,
					"rtt":	257509,
					"rttvar":	2032,
					"pmtu":	1500,
					"omitted":	false,
					"sender":	true
				}],
			"sum":	{
				"start":	7.000973,
				"end":	8.001068,
				"seconds":	1.000095009803772,
				"bytes":	1572864,
				"bits_per_second":	12581716.61357343,
				"retransmits":	5,
				"omitted":	false,
				"sender":	true
			}
		}, {
			"streams":	[{
					"socket":	5,
					"start":	8.001068,
					"end":	9.000624,
					"seconds":	0.999556005001068,
					"bytes":	1310720,
					"bits_per_second":	10490417.692992395,
					"retransmits":	0,
					"snd_cwnd":	340280,
					"snd_wnd":	2257920,
					"rtt":	277694,
					"rttvar":	649,
					"pmtu":	1500,
					"omitted":	false,
					"sender":	true
				}],
			"sum":	{
				"start":	8.001068,
				"end":	9.000624,
				"seconds":	0.999556005001068,
				"bytes":	1310720,
				"bits_per_second":	10490417.692992395,
				"retransmits":	0,
				"omitted":	false,
				"sender":	true
			}
		}, {
			"streams":	[{
					"socket":	5,
					"start":	9.000624,
					"end":	10.00095,
					"seconds":	1.0003260374069214,
					"bytes":	1179648,
					"bits_per_second":	9434108.12784938,
					"retransmits":	0,
					"snd_cwnd":	359104,
					"snd_wnd":	2257920,
					"rtt":	295588,
					"rttvar":	840,
					"pmtu":	1500,
					"omitted":	false,
					"sender":	true
				}],
			"sum":	{
				"start":	9.000624,
				"end":	10.00095,
				"seconds":	1.0003260374069214,
				"bytes":	1179648,
				"bits_per_second":	9434108.12784938,
				"retransmits":	0,
				"omitted":	false,
				"sender":	true
			}
		}, {
			"streams":	[{
					"socket":	5,
					"start":	10.00095,
					"end":	11.000981,
					"seconds":	1.0000309944152832,
					"bytes":	1179648,
					"bits_per_second":	9436891.5090655852,
					"retransmits":	0,
					"snd_cwnd":	367792,
					"snd_wnd":	2257920,
					"rtt":	305676,
					"rttvar":	856,
					"pmtu":	1500,
					"omitted":	false,
					"sender":	true
				}],
			"sum":	{
				"start":	10.00095,
				"end":	11.000981,
				"seconds":	1.0000309944152832,
				"bytes":	1179648,
				"bits_per_second":	9436891.5090655852,
				"retransmits":	0,
				"omitted":	false,
				"sender":	true
			}
		}, {
			"streams":	[{
					"socket":	5,
					"start":	11.000981,
					"end":	12.000764,
					"seconds":	0.9997829794883728,
					"bytes":	1310720,
					"bits_per_second":	10488036.1189645,
					"retransmits":	0,
					"snd_cwnd":	370688,
					"snd_wnd":	2257920,
					"rtt":	309841,
					"rttvar":	651,
					"pmtu":	1500,
					"omitted":	false,
					"sender":	true
				}],
			"sum":	{
				"start":	11.000981,
				"end":	12.000764,
				"seconds":	0.9997829794883728,
				"bytes":	1310720,
				"bits_per_second":	10488036.1189645,
				"retransmits":	0,