{
	"start":	{
		"connected":	[{
				"socket":	5,
				"local_host":	"10.0.0.2",
				"local_port":	5201,
				"remote_host":	"10.0.0.1",
				"remote_port":	51602
			}],
		"version":	"iperf 3.16",
		"system_info":	"Linux mininet 6.8.0-88-generic #89-Ubuntu SMP PREEMPT_DYNAMIC Sat Oct 11 01:02:46 UTC 2025 x86_64",
		"sock_bufsize":	0,
		"sndbuf_actual":	87380,
		"rcvbuf_actual":	87380,
		"timestamp":	{
			"time":	"Tue, 02 Dec 2025 17:48:26 GMT",
			"timesecs":	1764697706
		},
		"accepted_connection":	{
			"host":	"10.0.0.1",
			"port":	51600
		},
		"cookie":	"s6zkl34xafgrbsfv2uuyf5zfiddq75jzjfxr",
		"tcp_mss_default":	0,
		"target_bitrate":	0,
		"fq_rate":	0,
		"test_start":	{
			"protocol":	"TCP",
			"num_streams":	1,
			"blksize":	131072,
			"omit":	0,
			"duration":	20,
			"bytes":	0,
			"blocks":	0,
			"reverse":	0,
			"tos":	0,
			"target_bitrate":	0,
			"bidir":	0,
			"fqrate":	0
		}
	},
	"intervals":	[{
			"streams":	[{
					"socket":	5,
					"start":	0,
					"end":	1.000815,
					"seconds":	1.0008150339126587,
					"bytes":	1048576,
					"bits_per_second":	8381776.5678488752,
					"omitted":	false,
					"sender":	false
				}],
			"sum":	{
				"start":	0,
				"end":	1.000815,
				"seconds":	1.0008150339126587,
				"bytes":	1048576,
				"bits_per_second":	8381776.5678488752,
				"omitted":	false,
				"sender":	false
			}
		}, {
			"streams":	[{
					"socket":	5,
					"start":	1.000815,
					"end":	2.000819,
					"seconds":	1.0000040531158447,
					"bytes":	1179648,
					"bits_per_second":	9437145.75015503,
					"omitted":	false,
					"sender":	false
				}],
			"sum":	{
				"start":	1.000815,
				"end":	2.000819,
				"seconds":	1.0000040531158447,
				"bytes":	1179648,
				"bits_per_second":	9437145.75015503,
				"omitted":	false,
				"sender":	false
			}
		}, {
			"streams":	[{
					"socket":	5,
					"start":	2.000819,
					"end":	3.000832,
					"seconds":	1.000012993812561,
					"bytes":	1179648,
					"bits_per_second":	9437061.3765933458,
					"omitted":	false,
					"sender":	false
				}],
			"sum":	{
				"start":	2.000819,
				"end":	3.000832,
				"seconds":	1.000012993812561,
				"bytes":	1179648,
				"bits_per_second":	9437061.3765933458,
				"omitted":	false,
				"sender":	false
			}
		}, {
			"streams":	[{
					"socket":	5,
					"start":	3.000832,
					"end":	4.000963,
					"seconds":	1.0001310110092163,
					"bytes":	1179648,
					"bits_per_second":	9435947.78695752,
					"omitted":	false,
					"sender":	false
				}],
			"sum":	{
				"start":	3.000832,
				"end":	4.000963,
				"seconds":	1.0001310110092163,
				"bytes":	1179648,
				"bits_per_second":	9435947.78695752,
				"omitted":	false,
				"sender":	false
			}
		}, {
			"streams":	[{
					"socket":	5,
					"start":	4.000963,
					"end":	5.001086,
					"seconds":	1.0001230239868164,
					"bytes":	1179648,
					"bits_per_second":	9436023.14281328,
					"omitted":	false,
					"sender":	false
				}],
			"sum":	{
				"start":	4.000963,
				"end":	5.001086,
				"seconds":	1.0001230239868164,
				"bytes":	1179648,
				"bits_per_second":	9436023.14281328,
				"omitted":	false,
				"sender":	false
			}
		}, {
			"streams":	[{
					"socket":	5,
					"start":	5.001086,
					"end":	6.000901,
					"seconds":	0.99981498718261719,
					"bytes":	1179648,
					"bits_per_second":	9438930.3230921552,
					"omitted":	false,
					"sender":	false
				}],
			"sum":	{
				"start":	5.001086,
				"end":	6.000901,
				"seconds":	0.99981498718261719,
				"bytes":	1179648,
				"bits_per_second":	9438930.3230921552,
				"omitted":	false,
				"sender":	false
			}
		}, {
			"streams":	[{
					"socket":	5,
					"start":	6.000901,
					"end":	7.001108,
					"seconds":	1.00020694732666,
					"bytes":	655360,
					"bits_per_second":	5241795.22449139,
					"omitted":	false,
					"sender":	false
				}],
			"sum":	{
				"start":	6.000901,
				"end":	7.001108,
				"seconds":	1.00020694732666,
				"bytes":	655360,
				"bits_per_second":	5241795.22449139,
				"omitted":	false,
				"sender":	false
			}
		}, {
			"streams":	[{
					"socket":	5,
					"start":	7.001108,
					"end":	8.000813,
					"seconds":	0.99970501661300659,
					"bytes":	1835008,
					"bits_per_second":	14684395.652765604,
					"omitted":	false,
					"sender":	false
				}],
			"sum":	{
				"start":	7.001108,
				"end":	8.000813,
				"seconds":	0.99970501661300659,
				"bytes":	1835008,
				"bits_per_second":	14684395.652765604,
				"omitted":	false,
				"sender":	false
			}
		}, {
			"streams":	[{
					"socket":	5,
					"start":	8.000813,
					"end":	9.001029,
					"seconds":	1.000216007232666,
					"bytes":	1179648,
					"bits_per_second":	9435145.94023565,
					"omitted":	false,
					"sender":	false
				}],
			"sum":	{
				"start":	8.000813,
				"end":	9.001029,
				"seconds":	1.000216007232666,
				"bytes":	1179648,
				"bits_per_second":	9435145.94023565,
				"omitted":	false,
				"sender":	false
			}
		}, {
			"streams":	[{
					"socket":	5,
					"start":	9.001029,
					"end":	10.000984,
					"seconds":	0.99995499849319458,
					"bytes":	1179648,
					"bits_per_second":	9437608.70661244,
					"omitted":	false,
					"sender":	false
				}],
			"sum":	{
				"start":	9.001029,
				"end":	10.000984,
				"seconds":	0.99995499849319458,
				"bytes":	1179648,
				"bits_per_second":	9437608.70661244,
				"omitted":	false,
				"sender":	false
			}
		}, {
			"streams":	[{
					"socket":	5,
					"start":	10.000984,
					"end":	11.000781,
					"seconds":	0.999796986579895,
					"bytes":	1179648,
					"bits_per_second":	9439100.2640273143,
					"omitted":	false,
					"sender":	false
				}],
			"sum":	{
				"start":	10.000984,
				"end":	11.000781,
				"seconds":	0.999796986579895,
				"bytes":	1179648,
				"bits_per_second":	9439100.2640273143,
				"omitted":	false,
				"sender":	false
			}
		}, {
			"streams":	[{
					"socket":	5,
					"start":	11.000781,
					"end":	12.000873,
					"seconds":	1.0000920295715332,
					"bytes":	1179648,
					"bits_per_second":	9436315.57992033,
					"omitted":	false,
					"sender":	false
				}],
			"sum":	{
				"start":	11.000781,
				"end":	12.000873,
				"seconds":	1.0000920295715332,
				"bytes":	1179648,
				"bits_per_second":	9436315.57992033,
				"omitted":	false,
				"sender":	false
			}
		}, {
			"streams":	[{
					"socket":	5,
					"start":	12.000873,
					"end":	13.000794,
					"seconds":	0.99992102384567261,
					"bytes":	1179648,
					"bits_per_second":	9437929.3713665642,
					"omitted":	false,
					"sender":	false
				}],
			"sum":	{
				"start":	12.000873,
				"end":	13.000794,
				"seconds":	0.99992102384567261,
				"bytes":	1179648,
				"bits_per_second":	9437929.3713665642,
				"omitted":	false,
				"sender":	false
			}
		}, {
			"streams":	[{
					"socket":	5,
					"start":	13.000794,
					"end":	14.001016,
					"seconds":	1.0002219676971436,
					"bytes":	1179648,
					"bits_per_second":	9435089.71486365,
					"omitted":	false,
					"sender":	false
				}],
			"sum":	{
				"start":	13.000794,
				"end":	14.001016,
				"seconds":	1.0002219676971436,
				"bytes":	1179648,
				"bits_per_second":	9435089.71486365,
				"omitted":	false,
				"sender":	false
			}
		}, {
			"streams":	[{
					"socket":	5,
					"start":	14.001016,
					"end":	15.00092,
					"seconds":	0.999903976917267,
					"bytes":	1179648,
					"bits_per_second":	9438090.2745232731,
					"omitted":	false,
					"sender":	false
				}],
			"sum":	{
				"start":	14.001016,
				"end":	15.00092,
				"seconds":	0.999903976917267,
				"bytes":	1179648,
				"bits_per_second":	9438090.2745232731,
				"omitted":	false,
				"sender":	false
			}
		}, {
			"streams":	[{
					"socket":	5,
					"start":	15.00092,
					"end":	16.000862,
					"seconds":	0.99994200468063354,
					"bytes":	1310720,
					"bits_per_second":	10486368.160270449,
					"omitted":	false,
					"sender":	false
				}],
			"sum":	{
				"start":	15.00092,
				"end":	16.000862,
				"seconds":	0.99994200468063354,
				"bytes":	1310720,
				"bits_per_second":	10486368.160270449,
				"omitted":	false,