{
	"start":	{
		"connected":	[{
				"socket":	5,
				"local_host":	"10.0.0.1",
				"local_port":	39532,
				"remote_host":	"10.0.0.2",
				"remote_port":	5201
			}],
		"version":	"iperf 3.16",
		"system_info":	"Linux mininet 6.8.0-88-generic #89-Ubuntu SMP PREEMPT_DYNAMIC Sat Oct 11 01:02:46 UTC 2025 x86_64",
		"timestamp":	{
			"time":	"Tue, 02 Dec 2025 18:01:27 GMT",
			"timesecs":	1764698487
		},
		"connecting_to":	{
			"host":	"10.0.0.2",
			"port":	5201
		},
		"cookie":	"7egdk6mwc6icr6inixexxkp6p2cyhyb7so6a",
		"tcp_mss_default":	1448,
		"target_bitrate":	0,
		"fq_rate":	0,
		"sock_bufsize":	0,
		"sndbuf_actual":	87380,
		"rcvbuf_actual":	87380,
		"test_start":	{
			"protocol":	"TCP",
			"num_streams":	1,
			"blksize":	131072,
			"omit":	0,
			"duration":	20,
			"bytes":	0,
			"blocks":	0,
			"reverse":	0,
			"tos":	0,
			"target_bitrate":	0,
			"bidir":	0,
			"fqrate":	0
		}
	},
	"intervals":	[{
			"streams":	[{
					"socket":	5,
					"start":	0,
					"end":	1.000799,
					"seconds":	1.0007989406585693,
					"bytes":	2621440,
					"bits_per_second":	20954778.375564452,
					"retransmits":	0,
					"snd_cwnd":	501008,
					"snd_wnd":	1234944,
					"rtt":	321576,
					"rttvar":	14706,
					"pmtu":	1500,
					"omitted":	false,
					"sender":	true
				}],
			"sum":	{
				"start":	0,
				"end":	1.000799,
				"seconds":	1.0007989406585693,
				"bytes":	2621440,
				"bits_per_second":	20954778.375564452,
				"retransmits":	0,
				"omitted":	false,
				"sender":	true
			}
		}, {
			"streams":	[{
					"socket":	5,
					"start":	1.000799,
					"end":	2.000813,
					"seconds":	1.0000139474868774,
					"bytes":	2097152,
					"bits_per_second":	16776982.003263667,
					"retransmits":	2,
					"snd_cwnd":	543000,
					"snd_wnd":	2910208,
					"rtt":	444934,
					"rttvar":	1074,
					"pmtu":	1500,
					"omitted":	false,
					"sender":	true
				}],
			"sum":	{
				"start":	1.000799,
				"end":	2.000813,
				"seconds":	1.0000139474868774,
				"bytes":	2097152,
				"bits_per_second":	16776982.003263667,
				"retransmits":	2,
				"omitted":	false,
				"sender":	true
			}
		}, {
			"streams":	[{
					"socket":	5,
					"start":	2.000813,
					"end":	3.000797,
					"seconds":	0.9999840259552002,
					"bytes":	1179648,
					"bits_per_second":	9437334.7524081264,
					"retransmits":	0,
					"snd_cwnd":	418472,
					"snd_wnd":	3495424,
					"rtt":	332763,
					"rttvar":	934,
					"pmtu":	1500,
					"omitted":	false,
					"sender":	true
				}],
			"sum":	{
				"start":	2.000813,
				"end":	3.000797,
				"seconds":	0.9999840259552002,
				"bytes":	1179648,
				"bits_per_second":	9437334.7524081264,
				"retransmits":	0,
				"omitted":	false,
				"sender":	true
			}
		}, {
			"streams":	[{
					"socket":	5,
					"start":	3.000797,
					"end":	4.001039,
					"seconds":	1.0002419948577881,
					"bytes":	1310720,
					"bits_per_second":	10483223.113913387,
					"retransmits":	2,
					"snd_cwnd":	314216,
					"snd_wnd":	5299712,
					"rtt":	260853,
					"rttvar":	5176,
					"pmtu":	1500,
					"omitted":	false,
					"sender":	true
				}],
			"sum":	{
				"start":	3.000797,
				"end":	4.001039,
				"seconds":	1.0002419948577881,
				"bytes":	1310720,
				"bits_per_second":	10483223.113913387,
				"retransmits":	2,
				"omitted":	false,
				"sender":	true
			}
		}, {
			"streams":	[{
					"socket":	5,
					"start":	4.001039,
					"end":	5.000798,
					"seconds":	0.999759018421173,
					"bytes":	1048576,
					"bits_per_second":	8390629.98726168,
					"retransmits":	2,
					"snd_cwnd":	234576,
					"snd_wnd":	5298176,
					"rtt":	278187,
					"rttvar":	518,
					"pmtu":	1500,
					"omitted":	false,
					"sender":	true
				}],
			"sum":	{
				"start":	4.001039,
				"end":	5.000798,
				"seconds":	0.999759018421173,
				"bytes":	1048576,
				"bits_per_second":	8390629.98726168,
				"retransmits":	2,
				"omitted":	false,
				"sender":	true
			}
		}, {
			"streams":	[{
					"socket":	5,
					"start":	5.000798,
					"end":	6.00087,
					"seconds":	1.0000720024108887,
					"bytes":	1179648,
					"bits_per_second":	9436504.5489221159,
					"retransmits":	2,
					"snd_cwnd":	178104,
					"snd_wnd":	5301248,
					"rtt":	157710,
					"rttvar":	7329,
					"pmtu":	1500,
					"omitted":	false,
					"sender":	true
				}],
			"sum":	{
				"start":	5.000798,
				"end":	6.00087,
				"seconds":	1.0000720024108887,
				"bytes":	1179648,
				"bits_per_second":	9436504.5489221159,
				"retransmits":	2,
				"omitted":	false,
				"sender":	true
			}
		}, {
			"streams":	[{
					"socket":	5,
					"start":	6.00087,
					"end":	7.000844,
					"seconds":	0.999974012374878,
					"bytes":	1048576,
					"bits_per_second":	8388826.00566545,
					"retransmits":	0,
					"snd_cwnd":	199824,
					"snd_wnd":	5301248,
					"rtt":	163360,
					"rttvar":	149,
					"pmtu":	1500,
					"omitted":	false,
					"sender":	true
				}],
			"sum":	{
				"start":	6.00087,
				"end":	7.000844,
				"seconds":	0.999974012374878,
				"bytes":	1048576,
				"bits_per_second":	8388826.00566545,
				"retransmits":	0,
				"omitted":	false,
				"sender":	true
			}
		}, {
			"streams":	[{
					"socket":	5,
					"start":	7.000844,
					"end":	8.000788,
					"seconds":	0.999943971633911,
					"bytes":	1179648,
					"bits_per_second":	9437712.77962666,
					"retransmits":	2,
					"snd_cwnd":	154936,
					"snd_wnd":	5301248,
					"rtt":	127887,
					"rttvar":	755,
					"pmtu":	1500,
					"omitted":	false,
					"sender":	true
				}],
			"sum":	{
				"start":	7.000844,
				"end":	8.000788,
				"seconds":	0.999943971633911,
				"bytes":	1179648,
				"bits_per_second":	9437712.77962666,
				"retransmits":	2,
				"omitted":	false,
				"sender":	true
			}
		}, {
			"streams":	[{
					"socket":	5,
					"start":	8.000788,
					"end":	9.001003,
					"seconds":	1.0002150535583496,
					"bytes":	1048576,
					"bits_per_second":	8386804.3878732054,
					"retransmits":	0,
					"snd_cwnd":	166520,
					"snd_wnd":	5301248,
					"rtt":	137393,
					"rttvar":	550,
					"pmtu":	1500,
					"omitted":	false,
					"sender":	true
				}],
			"sum":	{
				"start":	8.000788,
				"end":	9.001003,
				"seconds":	1.0002150535583496,
				"bytes":	1048576,
				"bits_per_second":	8386804.3878732054,
				"retransmits":	0,
				"omitted":	false,
				"sender":	true
			}
		}, {
			"streams":	[{
					"socket":	5,
					"start":	9.001003,
					"end":	10.000999,
					"seconds":	0.9999960064888,
					"bytes":	1048576,
					"bits_per_second":	8388641.50013378,
					"retransmits":	2,
					"snd_cwnd":	128872,
					"snd_wnd":	5301248,
					"rtt":	106119,
					"rttvar":	1029,
					"pmtu":	1500,
					"omitted":	false,
					"sender":	true
				}],
			"sum":	{
				"start":	9.001003,
				"end":	10.000999,
				"seconds":	0.9999960064888,
				"bytes":	1048576,
				"bits_per_second":	8388641.50013378,
				"retransmits":	2,
				"omitted":	false,
				"sender":	true
			}
		}, {
			"streams":	[{
					"socket":	5,
					"start":	10.000999,
					"end":	11.000803,
					"seconds":	0.99980401992797852,
					"bytes":	1179648,
					"bits_per_second":	9439033.8625361938,
					"retransmits":	0,
					"snd_cwnd":	139008,
					"snd_wnd":	5298176,
					"rtt":	115461,
					"rttvar":	1138,
					"pmtu":	1500,
					"omitted":	false,
					"sender":	true
				}],
			"sum":	{
				"start":	10.000999,
				"end":	11.000803,
				"seconds":	0.99980401992797852,
				"bytes":	1179648,
				"bits_per_second":	9439033.8625361938,
				"retransmits":	0,
				"omitted":	false,
				"sender":	true
			}
		}, {
			"streams":	[{
					"socket":	5,
					"start":	11.000803,
					"end":	12.000867,
					"seconds":	1.0000640153884888,
					"bytes":	1048576,
					"bits_per_second":	8388071.0343740629,
					"retransmits":	0,
					"snd_cwnd":	141904,
					"snd_wnd":	5301248,
					"rtt":	118468,
					"rttvar":	302,
					"pmtu":	1500,
					"omitted":	false,
					"sender":	true
				}],
			"sum":	{
				"start":	11.000803,
				"end":	12.000867,
				"seconds":	1.0000640153884888,
				"bytes":	1048576,
				"bits_per_second":	8388071.0343740629,