{
	"start":	{
		"connected":	[{
				"socket":	5,
				"local_host":	"10.0.0.1",
				"local_port":	59482,
				"remote_host":	"10.0.0.2",
				"remote_port":	5201
			}],
		"version":	"iperf 3.16",
		"system_info":	"Linux mininet 6.8.0-88-generic #89-Ubuntu SMP PREEMPT_DYNAMIC Sat Oct 11 01:02:46 UTC 2025 x86_64",
		"timestamp":	{
			"time":	"Tue, 02 Dec 2025 17:55:54 GMT",
			"timesecs":	1764698154
		},
		"connecting_to":	{
			"host":	"10.0.0.2",
			"port":	5201
		},
		"cookie":	"t7seuoavbx4mksj4oejr3maxpv3zno7enq3c",
		"tcp_mss_default":	1448,
		"target_bitrate":	0,
		"fq_rate":	0,
		"sock_bufsize":	0,
		"sndbuf_actual":	87380,
		"rcvbuf_actual":	87380,
		"test_start":	{
			"protocol":	"TCP",
			"num_streams":	1,
			"blksize":	131072,
			"omit":	0,
			"duration":	20,
			"bytes":	0,
			"blocks":	0,
			"reverse":	0,
			"tos":	0,
			"target_bitrate":	0,
			"bidir":	0,
			"fqrate":	0
		}
	},
	"intervals":	[{
			"streams":	[{
					"socket":	5,
					"start":	0,
					"end":	1.000459,
					"seconds":	1.0004589557647705,
					"bytes":	2883584,
					"bits_per_second":	23058089.356965028,
					"retransmits":	0,
					"snd_cwnd":	501008,
					"snd_wnd":	1250816,
					"rtt":	322325,
					"rttvar":	13854,
					"pmtu":	1500,
					"omitted":	false,
					"sender":	true
				}],
			"sum":	{
				"start":	0,
				"end":	1.000459,
				"seconds":	1.0004589557647705,
				"bytes":	2883584,
				"bits_per_second":	23058089.356965028,
				"retransmits":	0,
				"omitted":	false,
				"sender":	true
			}
		}, {
			"streams":	[{
					"socket":	5,
					"start":	1.000459,
					"end":	2.00063,
					"seconds":	1.0001709461212158,
					"bytes":	1048576,
					"bits_per_second":	8387174.24509484,
					"retransmits":	173,
					"snd_cwnd":	247608,
					"snd_wnd":	2110976,
					"rtt":	232203,
					"rttvar":	1386,
					"pmtu":	1500,
					"omitted":	false,
					"sender":	true
				}],
			"sum":	{
				"start":	1.000459,
				"end":	2.00063,
				"seconds":	1.0001709461212158,
				"bytes":	1048576,
				"bits_per_second":	8387174.24509484,
				"retransmits":	173,
				"omitted":	false,
				"sender":	true
			}
		}, {
			"streams":	[{
					"socket":	5,
					"start":	2.00063,
					"end":	3.001064,
					"seconds":	1.0004340410232544,
					"bytes":	1179648,
					"bits_per_second":	9433089.6521149464,
					"retransmits":	8,
					"snd_cwnd":	221544,
					"snd_wnd":	3855872,
					"rtt":	216398,
					"rttvar":	394,
					"pmtu":	1500,
					"omitted":	false,
					"sender":	true
				}],
			"sum":	{
				"start":	2.00063,
				"end":	3.001064,
				"seconds":	1.0004340410232544,
				"bytes":	1179648,
				"bits_per_second":	9433089.6521149464,
				"retransmits":	8,
				"omitted":	false,
				"sender":	true
			}
		}, {
			"streams":	[{
					"socket":	5,
					"start":	3.001064,
					"end":	4.000458,
					"seconds":	0.9993939995765686,
					"bytes":	2097152,
					"bits_per_second":	16787389.164942261,
					"retransmits":	1,
					"snd_cwnd":	143352,
					"snd_wnd":	5470208,
					"rtt":	115642,
					"rttvar":	765,
					"pmtu":	1500,
					"omitted":	false,
					"sender":	true
				}],
			"sum":	{
				"start":	3.001064,
				"end":	4.000458,
				"seconds":	0.9993939995765686,
				"bytes":	2097152,
				"bits_per_second":	16787389.164942261,
				"retransmits":	1,
				"omitted":	false,
				"sender":	true
			}
		}, {
			"streams":	[{
					"socket":	5,
					"start":	4.000458,
					"end":	5.001211,
					"seconds":	1.0007530450820923,
					"bytes":	1048576,
					"bits_per_second":	8382295.7534062546,
					"retransmits":	2,
					"snd_cwnd":	112944,
					"snd_wnd":	5470208,
					"rtt":	106448,
					"rttvar":	863,
					"pmtu":	1500,
					"omitted":	false,
					"sender":	true
				}],
			"sum":	{
				"start":	4.000458,
				"end":	5.001211,
				"seconds":	1.0007530450820923,
				"bytes":	1048576,
				"bits_per_second":	8382295.7534062546,
				"retransmits":	2,
				"omitted":	false,
				"sender":	true
			}
		}, {
			"streams":	[{
					"socket":	5,
					"start":	5.001211,
					"end":	6.000999,
					"seconds":	0.999787986278534,
					"bytes":	1048576,
					"bits_per_second":	8390386.8771463633,
					"retransmits":	0,
					"snd_cwnd":	124528,
					"snd_wnd":	5470208,
					"rtt":	105573,
					"rttvar":	876,
					"pmtu":	1500,
					"omitted":	false,
					"sender":	true
				}],
			"sum":	{
				"start":	5.001211,
				"end":	6.000999,
				"seconds":	0.999787986278534,
				"bytes":	1048576,
				"bits_per_second":	8390386.8771463633,
				"retransmits":	0,
				"omitted":	false,
				"sender":	true
			}
		}, {
			"streams":	[{
					"socket":	5,
					"start":	6.000999,
					"end":	7.000946,
					"seconds":	0.99994701147079468,
					"bytes":	1048576,
					"bits_per_second":	8389052.52355465,
					"retransmits":	0,
					"snd_cwnd":	127424,
					"snd_wnd":	5470208,
					"rtt":	106545,
					"rttvar":	152,
					"pmtu":	1500,
					"omitted":	false,
					"sender":	true
				}],
			"sum":	{
				"start":	6.000999,
				"end":	7.000946,
				"seconds":	0.99994701147079468,
				"bytes":	1048576,
				"bits_per_second":	8389052.52355465,
				"retransmits":	0,
				"omitted":	false,
				"sender":	true
			}
		}, {
			"streams":	[{
					"socket":	5,
					"start":	7.000946,
					"end":	8.000615,
					"seconds":	0.99966901540756226,
					"bytes":	1048576,
					"bits_per_second":	8391385.41928299,
					"retransmits":	0,
					"snd_cwnd":	128872,
					"snd_wnd":	5470208,
					"rtt":	106584,
					"rttvar":	142,
					"pmtu":	1500,
					"omitted":	false,
					"sender":	true
				}],
			"sum":	{
				"start":	7.000946,
				"end":	8.000615,
				"seconds":	0.99966901540756226,
				"bytes":	1048576,
				"bits_per_second":	8391385.41928299,
				"retransmits":	0,
				"omitted":	false,
				"sender":	true
			}
		}, {
			"streams":	[{
					"socket":	5,
					"start":	8.000615,
					"end":	9.000943,
					"seconds":	1.0003279447555542,
					"bytes":	1048576,
					"bits_per_second":	8385857.9018802559,
					"retransmits":	1,
					"snd_cwnd":	111496,
					"snd_wnd":	5470208,
					"rtt":	111505,
					"rttvar":	466,
					"pmtu":	1500,
					"omitted":	false,
					"sender":	true
				}],
			"sum":	{
				"start":	8.000615,
				"end":	9.000943,
				"seconds":	1.0003279447555542,
				"bytes":	1048576,
				"bits_per_second":	8385857.9018802559,
				"retransmits":	1,
				"omitted":	false,
				"sender":	true
			}
		}, {
			"streams":	[{
					"socket":	5,
					"start":	9.000943,
					"end":	10.000479,
					"seconds":	0.99953597784042358,
					"bytes":	1048576,
					"bits_per_second":	8392502.307044765,
					"retransmits":	0,
					"snd_cwnd":	117288,
					"snd_wnd":	5470208,
					"rtt":	104658,
					"rttvar":	319,
					"pmtu":	1500,
					"omitted":	false,
					"sender":	true
				}],
			"sum":	{
				"start":	9.000943,
				"end":	10.000479,
				"seconds":	0.99953597784042358,
				"bytes":	1048576,
				"bits_per_second":	8392502.307044765,
				"retransmits":	0,
				"omitted":	false,
				"sender":	true
			}
		}, {
			"streams":	[{
					"socket":	5,
					"start":	10.000479,
					"end":	11.000546,
					"seconds":	1.0000669956207275,
					"bytes":	1048576,
					"bits_per_second":	8388046.0376490168,
					"retransmits":	0,
					"snd_cwnd":	130320,
					"snd_wnd":	5470208,
					"rtt":	106658,
					"rttvar":	177,
					"pmtu":	1500,
					"omitted":	false,
					"sender":	true
				}],
			"sum":	{
				"start":	10.000479,
				"end":	11.000546,
				"seconds":	1.0000669956207275,
				"bytes":	1048576,
				"bits_per_second":	8388046.0376490168,
				"retransmits":	0,
				"omitted":	false,
				"sender":	true
			}
		}, {
			"streams":	[{
					"socket":	5,
					"start":	11.000546,
					"end":	12.000872,
					"seconds":	1.0003260374069214,
					"bytes":	1048576,
					"bits_per_second":	8385873.89142167,
					"retransmits":	1,
					"snd_cwnd":	98464,
					"snd_wnd":	5470208,
					"rtt":	105492,
					"rttvar":	1246,
					"pmtu":	1500,
					"omitted":	false,
					"sender":	true
				}],
			"sum":	{
				"start":	11.000546,
				"end":	12.000872,
				"seconds":	1.0003260374069214,
				"bytes":	1048576,
				"bits_per_second":	8385873.89142167,