{
	"start":	{
		"connected":	[{
				"socket":	5,
				"local_host":	"10.0.0.1",
				"local_port":	36680,
				"remote_host":	"10.0.0.2",
				"remote_port":	5201
			}],
		"version":	"iperf 3.16",
		"system_info":	"Linux mininet 6.8.0-88-generic #89-Ubuntu SMP PREEMPT_DYNAMIC Sat Oct 11 01:02:46 UTC 2025 x86_64",
		"timestamp":	{
			"time":	"Tue, 02 Dec 2025 18:43:37 GMT",
			"timesecs":	1764701017
		},
		"connecting_to":	{
			"host":	"10.0.0.2",
			"port":	5201
		},
		"cookie":	"aahenbmwoirkxabs62ihvvd7dloufog3764y",
		"tcp_mss_default":	1448,
		"target_bitrate":	0,
		"fq_rate":	0,
		"sock_bufsize":	0,
		"sndbuf_actual":	87380,
		"rcvbuf_actual":	87380,
		"test_start":	{
			"protocol":	"TCP",
			"num_streams":	1,
			"blksize":	131072,
			"omit":	0,
			"duration":	20,
			"bytes":	0,
			"blocks":	0,
			"reverse":	0,
			"tos":	0,
			"target_bitrate":	0,
			"bidir":	0,
			"fqrate":	0
		}
	},
	"intervals":	[{
			"streams":	[{
					"socket":	5,
					"start":	0,
					"end":	1.000777,
					"seconds":	1.000777006149292,
					"bytes":	3670016,
					"bits_per_second":	29337332.712078888,
					"retransmits":	17,
					"snd_cwnd":	348968,
					"snd_wnd":	845312,
					"rtt":	291861,
					"rttvar":	154,
					"pmtu":	1500,
					"omitted":	false,
					"sender":	true
				}],
			"sum":	{
				"start":	0,
				"end":	1.000777,
				"seconds":	1.000777006149292,
				"bytes":	3670016,
				"bits_per_second":	29337332.712078888,
				"retransmits":	17,
				"omitted":	false,
				"sender":	true
			}
		}, {
			"streams":	[{
					"socket":	5,
					"start":	1.000777,
					"end":	2.000726,
					"seconds":	0.99994897842407227,
					"bytes":	1441792,
					"bits_per_second":	11534924.53002773,
					"retransmits":	65,
					"snd_cwnd":	269328,
					"snd_wnd":	1260032,
					"rtt":	144153,
					"rttvar":	26947,
					"pmtu":	1500,
					"omitted":	false,
					"sender":	true
				}],
			"sum":	{
				"start":	1.000777,
				"end":	2.000726,
				"seconds":	0.99994897842407227,
				"bytes":	1441792,
				"bits_per_second":	11534924.53002773,
				"retransmits":	65,
				"omitted":	false,
				"sender":	true
			}
		}, {
			"streams":	[{
					"socket":	5,
					"start":	2.000726,
					"end":	3.001091,
					"seconds":	1.0003650188446045,
					"bytes":	1179648,
					"bits_per_second":	9433740.50693986,
					"retransmits":	2,
					"snd_cwnd":	266432,
					"snd_wnd":	3562496,
					"rtt":	114191,
					"rttvar":	509,
					"pmtu":	1500,
					"omitted":	false,
					"sender":	true
				}],
			"sum":	{
				"start":	2.000726,
				"end":	3.001091,
				"seconds":	1.0003650188446045,
				"bytes":	1179648,
				"bits_per_second":	9433740.50693986,
				"retransmits":	2,
				"omitted":	false,
				"sender":	true
			}
		}, {
			"streams":	[{
					"socket":	5,
					"start":	3.001091,
					"end":	4.001067,
					"seconds":	0.99997597932815552,
					"bytes":	1179648,
					"bits_per_second":	9437410.6929453164,
					"retransmits":	0,
					"snd_cwnd":	266432,
					"snd_wnd":	5954560,
					"rtt":	115346,
					"rttvar":	182,
					"pmtu":	1500,
					"omitted":	false,
					"sender":	true
				}],
			"sum":	{
				"start":	3.001091,
				"end":	4.001067,
				"seconds":	0.99997597932815552,
				"bytes":	1179648,
				"bits_per_second":	9437410.6929453164,
				"retransmits":	0,
				"omitted":	false,
				"sender":	true
			}
		}, {
			"streams":	[{
					"socket":	5,
					"start":	4.001067,
					"end":	5.000767,
					"seconds":	0.99970000982284546,
					"bytes":	1179648,
					"bits_per_second":	9440015.9120457955,
					"retransmits":	0,
					"snd_cwnd":	266432,
					"snd_wnd":	8343552,
					"rtt":	116532,
					"rttvar":	39,
					"pmtu":	1500,
					"omitted":	false,
					"sender":	true
				}],
			"sum":	{
				"start":	4.001067,
				"end":	5.000767,
				"seconds":	0.99970000982284546,
				"bytes":	1179648,
				"bits_per_second":	9440015.9120457955,
				"retransmits":	0,
				"omitted":	false,
				"sender":	true
			}
		}, {
			"streams":	[{
					"socket":	5,
					"start":	5.000767,
					"end":	6.000867,
					"seconds":	1.0001000165939331,
					"bytes":	1179648,
					"bits_per_second":	9436240.21939372,
					"retransmits":	2,
					"snd_cwnd":	139008,
					"snd_wnd":	10733056,
					"rtt":	114522,
					"rttvar":	160,
					"pmtu":	1500,
					"omitted":	false,
					"sender":	true
				}],
			"sum":	{
				"start":	5.000767,
				"end":	6.000867,
				"seconds":	1.0001000165939331,
				"bytes":	1179648,
				"bits_per_second":	9436240.21939372,
				"retransmits":	2,
				"omitted":	false,
				"sender":	true
			}
		}, {
			"streams":	[{
					"socket":	5,
					"start":	6.000867,
					"end":	7.000852,
					"seconds":	0.9999849796295166,
					"bytes":	1179648,
					"bits_per_second":	9437325.75212917,
					"retransmits":	2,
					"snd_cwnd":	272224,
					"snd_wnd":	12580352,
					"rtt":	120796,
					"rttvar":	272,
					"pmtu":	1500,
					"omitted":	false,
					"sender":	true
				}],
			"sum":	{
				"start":	6.000867,
				"end":	7.000852,
				"seconds":	0.9999849796295166,
				"bytes":	1179648,
				"bits_per_second":	9437325.75212917,
				"retransmits":	2,
				"omitted":	false,
				"sender":	true
			}
		}, {
			"streams":	[{
					"socket":	5,
					"start":	7.000852,
					"end":	8.000771,
					"seconds":	0.99991899728775024,
					"bytes":	1179648,
					"bits_per_second":	9437948.4994265269,
					"retransmits":	0,
					"snd_cwnd":	269328,
					"snd_wnd":	12580352,
					"rtt":	151468,
					"rttvar":	2363,
					"pmtu":	1500,
					"omitted":	false,
					"sender":	true
				}],
			"sum":	{
				"start":	7.000852,
				"end":	8.000771,
				"seconds":	0.99991899728775024,
				"bytes":	1179648,
				"bits_per_second":	9437948.4994265269,
				"retransmits":	0,
				"omitted":	false,
				"sender":	true
			}
		}, {
			"streams":	[{
					"socket":	5,
					"start":	8.000771,
					"end":	9.001009,
					"seconds":	1.0002379417419434,
					"bytes":	1179648,
					"bits_per_second":	9434939.03417108,
					"retransmits":	0,
					"snd_cwnd":	266432,
					"snd_wnd":	12580352,
					"rtt":	126179,
					"rttvar":	227,
					"pmtu":	1500,
					"omitted":	false,
					"sender":	true
				}],
			"sum":	{
				"start":	8.000771,
				"end":	9.001009,
				"seconds":	1.0002379417419434,
				"bytes":	1179648,
				"bits_per_second":	9434939.03417108,
				"retransmits":	0,
				"omitted":	false,
				"sender":	true
			}
		}, {
			"streams":	[{
					"socket":	5,
					"start":	9.001009,
					"end":	10.000764,
					"seconds":	0.999755024909973,
					"bytes":	1179648,
					"bits_per_second":	9439496.44149056,
					"retransmits":	0,
					"snd_cwnd":	266432,
					"snd_wnd":	12580352,
					"rtt":	124826,
					"rttvar":	130,
					"pmtu":	1500,
					"omitted":	false,
					"sender":	true
				}],
			"sum":	{
				"start":	9.001009,
				"end":	10.000764,
				"seconds":	0.999755024909973,
				"bytes":	1179648,
				"bits_per_second":	9439496.44149056,
				"retransmits":	0,
				"omitted":	false,
				"sender":	true
			}
		}, {
			"streams":	[{
					"socket":	5,
					"start":	10.000764,
					"end":	11.001032,
					"seconds":	1.00026798248291,
					"bytes":	1179648,
					"bits_per_second":	9434655.67754613,
					"retransmits":	2,
					"snd_cwnd":	266432,
					"snd_wnd":	12580352,
					"rtt":	113768,
					"rttvar":	228,
					"pmtu":	1500,
					"omitted":	false,
					"sender":	true
				}],
			"sum":	{
				"start":	10.000764,
				"end":	11.001032,
				"seconds":	1.00026798248291,
				"bytes":	1179648,
				"bits_per_second":	9434655.67754613,
				"retransmits":	2,
				"omitted":	false,
				"sender":	true
			}
		}, {
			"streams":	[{
					"socket":	5,
					"start":	11.001032,
					"end":	12.001023,
					"seconds":	0.999990999698639,
					"bytes":	1179648,
					"bits_per_second":	9437268.93826447,
					"retransmits":	0,
					"snd_cwnd":	5792,
					"snd_wnd":	12580352,
					"rtt":	112918,
					"rttvar":	99,
					"pmtu":	1500,
					"omitted":	false,
					"sender":	true
				}],
			"sum":	{
				"start":	11.001032,
				"end":	12.001023,
				"seconds":	0.999990999698639,
				"bytes":	1179648,
				"bits_per_second":	9437268.93826447,