{
	"start":	{
		"connected":	[{
				"socket":	5,
				"local_host":	"10.0.0.2",
				"local_port":	5201,
				"remote_host":	"10.0.0.1",
				"remote_port":	46482
			}],
		"version":	"iperf 3.16",
		"system_info":	"Linux mininet 6.8.0-88-generic #89-Ubuntu SMP PREEMPT_DYNAMIC Sat Oct 11 01:02:46 UTC 2025 x86_64",
		"sock_bufsize":	0,
		"sndbuf_actual":	87380,
		"rcvbuf_actual":	87380,
		"timestamp":	{
			"time":	"Tue, 02 Dec 2025 17:43:45 GMT",
			"timesecs":	1764697425
		},
		"accepted_connection":	{
			"host":	"10.0.0.1",
			"port":	46466
		},
		"cookie":	"muo6hfsgo23r3ntebmglyobur4c5bfltqxwa",
		"tcp_mss_default":	0,
		"target_bitrate":	0,
		"fq_rate":	0,
		"test_start":	{
			"protocol":	"TCP",
			"num_streams":	1,
			"blksize":	131072,
			"omit":	0,
			"duration":	20,
			"bytes":	0,
			"blocks":	0,
			"reverse":	0,
			"tos":	0,
			"target_bitrate":	0,
			"bidir":	0,
			"fqrate":	0
		}
	},
	"intervals":	[{
			"streams":	[{
					"socket":	5,
					"start":	0,
					"end":	1.000769,
					"seconds":	1.0007690191268921,
					"bytes":	1048576,
					"bits_per_second":	8382161.95713026,
					"omitted":	false,
					"sender":	false
				}],
			"sum":	{
				"start":	0,
				"end":	1.000769,
				"seconds":	1.0007690191268921,
				"bytes":	1048576,
				"bits_per_second":	8382161.95713026,
				"omitted":	false,
				"sender":	false
			}
		}, {
			"streams":	[{
					"socket":	5,
					"start":	1.000769,
					"end":	2.000791,
					"seconds":	1.0000220537185669,
					"bytes":	1179648,
					"bits_per_second":	9436975.87958983,
					"omitted":	false,
					"sender":	false
				}],
			"sum":	{
				"start":	1.000769,
				"end":	2.000791,
				"seconds":	1.0000220537185669,
				"bytes":	1179648,
				"bits_per_second":	9436975.87958983,
				"omitted":	false,
				"sender":	false
			}
		}, {
			"streams":	[{
					"socket":	5,
					"start":	2.000791,
					"end":	3.000991,
					"seconds":	1.0002000331878662,
					"bytes":	1179648,
					"bits_per_second":	9435296.62753713,
					"omitted":	false,
					"sender":	false
				}],
			"sum":	{
				"start":	2.000791,
				"end":	3.000991,
				"seconds":	1.0002000331878662,
				"bytes":	1179648,
				"bits_per_second":	9435296.62753713,
				"omitted":	false,
				"sender":	false
			}
		}, {
			"streams":	[{
					"socket":	5,
					"start":	3.000991,
					"end":	4.000793,
					"seconds":	0.999801993370056,
					"bytes":	1179648,
					"bits_per_second":	9439052.9950734153,
					"omitted":	false,
					"sender":	false
				}],
			"sum":	{
				"start":	3.000991,
				"end":	4.000793,
				"seconds":	0.999801993370056,
				"bytes":	1179648,
				"bits_per_second":	9439052.9950734153,
				"omitted":	false,
				"sender":	false
			}
		}, {
			"streams":	[{
					"socket":	5,
					"start":	4.000793,
					"end":	5.000925,
					"seconds":	1.0001319646835327,
					"bytes":	1179648,
					"bits_per_second":	9435938.7893238328,
					"omitted":	false,
					"sender":	false
				}],
			"sum":	{
				"start":	4.000793,
				"end":	5.000925,
				"seconds":	1.0001319646835327,
				"bytes":	1179648,
				"bits_per_second":	9435938.7893238328,
				"omitted":	false,
				"sender":	false
			}
		}, {
			"streams":	[{
					"socket":	5,
					"start":	5.000925,
					"end":	6.000787,
					"seconds":	0.999862015247345,
					"bytes":	1179648,
					"bits_per_second":	9438486.36720682,
					"omitted":	false,
					"sender":	false
				}],
			"sum":	{
				"start":	5.000925,
				"end":	6.000787,
				"seconds":	0.999862015247345,
				"bytes":	1179648,
				"bits_per_second":	9438486.36720682,
				"omitted":	false,
				"sender":	false
			}
		}, {
			"streams":	[{
					"socket":	5,
					"start":	6.000787,
					"end":	7.001045,
					"seconds":	1.0002579689025879,
					"bytes":	1179648,
					"bits_per_second":	9434750.1278633233,
					"omitted":	false,
					"sender":	false
				}],
			"sum":	{
				"start":	6.000787,
				"end":	7.001045,
				"seconds":	1.0002579689025879,
				"bytes":	1179648,
				"bits_per_second":	9434750.1278633233,
				"omitted":	false,
				"sender":	false
			}
		}, {
			"streams":	[{
					"socket":	5,
					"start":	7.001045,
					"end":	8.001084,
					"seconds":	1.0000389814376831,
					"bytes":	1310720,
					"bits_per_second":	10485351.265933042,
					"omitted":	false,
					"sender":	false
				}],
			"sum":	{
				"start":	7.001045,
				"end":	8.001084,
				"seconds":	1.0000389814376831,
				"bytes":	1310720,
				"bits_per_second":	10485351.265933042,
				"omitted":	false,
				"sender":	false
			}
		}, {
			"streams":	[{
					"socket":	5,
					"start":	8.001084,
					"end":	9.000781,
					"seconds":	0.99969702959060669,
					"bytes":	1179648,
					"bits_per_second":	9440044.0540117342,
					"omitted":	false,
					"sender":	false
				}],
			"sum":	{
				"start":	8.001084,
				"end":	9.000781,
				"seconds":	0.99969702959060669,
				"bytes":	1179648,
				"bits_per_second":	9440044.0540117342,
				"omitted":	false,
				"sender":	false
			}
		}, {
			"streams":	[{
					"socket":	5,
					"start":	9.000781,
					"end":	10.0009,
					"seconds":	1.0001189708709717,
					"bytes":	1179648,
					"bits_per_second":	9436061.3835586552,
					"omitted":	false,
					"sender":	false
				}],
			"sum":	{
				"start":	9.000781,
				"end":	10.0009,
				"seconds":	1.0001189708709717,
				"bytes":	1179648,
				"bits_per_second":	9436061.3835586552,
				"omitted":	false,
				"sender":	false
			}
		}, {
			"streams":	[{
					"socket":	5,
					"start":	10.0009,
					"end":	11.000784,
					"seconds":	0.999884009361267,
					"bytes":	1179648,
					"bits_per_second":	9438278.75198098,
					"omitted":	false,
					"sender":	false
				}],
			"sum":	{
				"start":	10.0009,
				"end":	11.000784,
				"seconds":	0.999884009361267,
				"bytes":	1179648,
				"bits_per_second":	9438278.75198098,
				"omitted":	false,
				"sender":	false
			}
		}, {
			"streams":	[{
					"socket":	5,
					"start":	11.000784,
					"end":	12.000758,
					"seconds":	0.999974012374878,
					"bytes":	1179648,
					"bits_per_second":	9437429.25637363,
					"omitted":	false,
					"sender":	false
				}],
			"sum":	{
				"start":	11.000784,
				"end":	12.000758,
				"seconds":	0.999974012374878,
				"bytes":	1179648,
				"bits_per_second":	9437429.25637363,
				"omitted":	false,
				"sender":	false
			}
		}, {
			"streams":	[{
					"socket":	5,
					"start":	12.000758,
					"end":	13.000985,
					"seconds":	1.0002269744873047,
					"bytes":	1179648,
					"bits_per_second":	9435042.48606903,
					"omitted":	false,
					"sender":	false
				}],
			"sum":	{
				"start":	12.000758,
				"end":	13.000985,
				"seconds":	1.0002269744873047,
				"bytes":	1179648,
				"bits_per_second":	9435042.48606903,
				"omitted":	false,
				"sender":	false
			}
		}, {
			"streams":	[{
					"socket":	5,
					"start":	13.000985,
					"end":	14.00078,
					"seconds":	0.99979501962661743,
					"bytes":	1179648,
					"bits_per_second":	9439118.8341030162,
					"omitted":	false,
					"sender":	false
				}],
			"sum":	{
				"start":	13.000985,
				"end":	14.00078,
				"seconds":	0.99979501962661743,
				"bytes":	1179648,
				"bits_per_second":	9439118.8341030162,
				"omitted":	false,
				"sender":	false
			}
		}, {
			"streams":	[{
					"socket":	5,
					"start":	14.00078,
					"end":	15.000756,
					"seconds":	0.99997597932815552,
					"bytes":	1179648,
					"bits_per_second":	9437410.6929453164,
					"omitted":	false,
					"sender":	false
				}],
			"sum":	{
				"start":	14.00078,
				"end":	15.000756,
				"seconds":	0.99997597932815552,
				"bytes":	1179648,
				"bits_per_second":	9437410.6929453164,
				"omitted":	false,
				"sender":	false
			}
		}, {
			"streams":	[{
					"socket":	5,
					"start":	15.000756,
					"end":	16.000939,
					"seconds":	1.0001829862594604,
					"bytes":	1310720,
					"bits_per_second":	10483841.60104065,
					"omitted":	false,
					"sender":	false
				}],
			"sum":	{
				"start":	15.000756,
				"end":	16.000939,
				"seconds":	1.0001829862594604,
				"bytes":	1310720,
				"bits_per_second":	10483841.60104065,
				"omitted":	false,