{
	"start":	{
		"connected":	[{
				"socket":	5,
				"local_host":	"10.0.0.1",
				"local_port":	41016,
				"remote_host":	"10.0.0.2",
				"remote_port":	5201
			}],
		"version":	"iperf 3.16",
		"system_info":	"Linux mininet 6.8.0-88-generic #89-Ubuntu SMP PREEMPT_DYNAMIC Sat Oct 11 01:02:46 UTC 2025 x86_64",
		"timestamp":	{
			"time":	"Tue, 02 Dec 2025 19:09:24 GMT",
			"timesecs":	1764702564
		},
		"connecting_to":	{
			"host":	"10.0.0.2",
			"port":	5201
		},
		"cookie":	"x3kvcgac6twaeoi2uvznmptobrzlkxsz2wxu",
		"tcp_mss_default":	1448,
		"target_bitrate":	0,
		"fq_rate":	0,
		"sock_bufsize":	0,
		"sndbuf_actual":	87380,
		"rcvbuf_actual":	87380,
		"test_start":	{
			"protocol":	"TCP",
			"num_streams":	1,
			"blksize":	131072,
			"omit":	0,
			"duration":	20,
			"bytes":	0,
			"blocks":	0,
			"reverse":	0,
			"tos":	0,
			"target_bitrate":	0,
			"bidir":	0,
			"fqrate":	0
		}
	},
	"intervals":	[{
			"streams":	[{
					"socket":	5,
					"start":	0,
					"end":	1.001075,
					"seconds":	1.0010750293731689,
					"bytes":	7340032,
					"bits_per_second":	58657197.789428584,
					"retransmits":	11,
					"snd_cwnd":	812328,
					"snd_wnd":	2483200,
					"rtt":	113074,
					"rttvar":	892,
					"pmtu":	1500,
					"omitted":	false,
					"sender":	true
				}],
			"sum":	{
				"start":	0,
				"end":	1.001075,
				"seconds":	1.0010750293731689,
				"bytes":	7340032,
				"bits_per_second":	58657197.789428584,
				"retransmits":	11,
				"omitted":	false,
				"sender":	true
			}
		}, {
			"streams":	[{
					"socket":	5,
					"start":	1.001075,
					"end":	2.001067,
					"seconds":	0.9999920129776,
					"bytes":	12451840,
					"bits_per_second":	99615515.6313547,
					"retransmits":	556,
					"snd_cwnd":	1931632,
					"snd_wnd":	11420160,
					"rtt":	236594,
					"rttvar":	2009,
					"pmtu":	1500,
					"omitted":	false,
					"sender":	true
				}],
			"sum":	{
				"start":	1.001075,
				"end":	2.001067,
				"seconds":	0.9999920129776,
				"bytes":	12451840,
				"bits_per_second":	99615515.6313547,
				"retransmits":	556,
				"omitted":	false,
				"sender":	true
			}
		}, {
			"streams":	[{
					"socket":	5,
					"start":	2.001067,
					"end":	3.00104,
					"seconds":	0.99997299909591675,
					"bytes":	5505024,
					"bits_per_second":	44041381.157108314,
					"retransmits":	268,
					"snd_cwnd":	1294512,
					"snd_wnd":	12582912,
					"rtt":	104629,
					"rttvar":	80,
					"pmtu":	1500,
					"omitted":	false,
					"sender":	true
				}],
			"sum":	{
				"start":	2.001067,
				"end":	3.00104,
				"seconds":	0.99997299909591675,
				"bytes":	5505024,
				"bits_per_second":	44041381.157108314,
				"retransmits":	268,
				"omitted":	false,
				"sender":	true
			}
		}, {
			"streams":	[{
					"socket":	5,
					"start":	3.00104,
					"end":	4.001045,
					"seconds":	1.0000050067901611,
					"bytes":	6029312,
					"bits_per_second":	48234254.501209132,
					"retransmits":	58,
					"snd_cwnd":	1206184,
					"snd_wnd":	12504064,
					"rtt":	105772,
					"rttvar":	327,
					"pmtu":	1500,
					"omitted":	false,
					"sender":	true
				}],
			"sum":	{
				"start":	3.00104,
				"end":	4.001045,
				"seconds":	1.0000050067901611,
				"bytes":	6029312,
				"bits_per_second":	48234254.501209132,
				"retransmits":	58,
				"omitted":	false,
				"sender":	true
			}
		}, {
			"streams":	[{
					"socket":	5,
					"start":	4.001045,
					"end":	5.001069,
					"seconds":	1.0000239610672,
					"bytes":	5636096,
					"bits_per_second":	45087687.65088632,
					"retransmits":	37,
					"snd_cwnd":	638568,
					"snd_wnd":	12515328,
					"rtt":	105498,
					"rttvar":	346,
					"pmtu":	1500,
					"omitted":	false,
					"sender":	true
				}],
			"sum":	{
				"start":	4.001045,
				"end":	5.001069,
				"seconds":	1.0000239610672,
				"bytes":	5636096,
				"bits_per_second":	45087687.65088632,
				"retransmits":	37,
				"omitted":	false,
				"sender":	true
			}
		}, {
			"streams":	[{
					"socket":	5,
					"start":	5.001069,
					"end":	6.001069,
					"seconds":	1,
					"bytes":	5505024,
					"bits_per_second":	44040192,
					"retransmits":	11,
					"snd_cwnd":	651600,
					"snd_wnd":	12576768,
					"rtt":	105891,
					"rttvar":	364,
					"pmtu":	1500,
					"omitted":	false,
					"sender":	true
				}],
			"sum":	{
				"start":	5.001069,
				"end":	6.001069,
				"seconds":	1,
				"bytes":	5505024,
				"bits_per_second":	44040192,
				"retransmits":	11,
				"omitted":	false,
				"sender":	true
			}
		}, {
			"streams":	[{
					"socket":	5,
					"start":	6.001069,
					"end":	7.001092,
					"seconds":	1.0000230073928833,
					"bytes":	5898240,
					"bits_per_second":	47184834.399976827,
					"retransmits":	35,
					"snd_cwnd":	1282928,
					"snd_wnd":	12272640,
					"rtt":	105612,
					"rttvar":	163,
					"pmtu":	1500,
					"omitted":	false,
					"sender":	true
				}],
			"sum":	{
				"start":	6.001069,
				"end":	7.001092,
				"seconds":	1.0000230073928833,
				"bytes":	5898240,
				"bits_per_second":	47184834.399976827,
				"retransmits":	35,
				"omitted":	false,
				"sender":	true
			}
		}, {
			"streams":	[{
					"socket":	5,
					"start":	7.001092,
					"end":	8.001094,
					"seconds":	1.0000020265579224,
					"bytes":	5636096,
					"bits_per_second":	45088676.625185177,
					"retransmits":	90,
					"snd_cwnd":	1285824,
					"snd_wnd":	12285440,
					"rtt":	105500,
					"rttvar":	111,
					"pmtu":	1500,
					"omitted":	false,
					"sender":	true
				}],
			"sum":	{
				"start":	7.001092,
				"end":	8.001094,
				"seconds":	1.0000020265579224,
				"bytes":	5636096,
				"bits_per_second":	45088676.625185177,
				"retransmits":	90,
				"omitted":	false,
				"sender":	true
			}
		}, {
			"streams":	[{
					"socket":	5,
					"start":	8.001094,
					"end":	9.001052,
					"seconds":	0.99995797872543335,
					"bytes":	5505024,
					"bits_per_second":	44042042.7027689,
					"retransmits":	30,
					"snd_cwnd":	1294512,
					"snd_wnd":	12578304,
					"rtt":	104686,
					"rttvar":	75,
					"pmtu":	1500,
					"omitted":	false,
					"sender":	true
				}],
			"sum":	{
				"start":	8.001094,
				"end":	9.001052,
				"seconds":	0.99995797872543335,
				"bytes":	5505024,
				"bits_per_second":	44042042.7027689,
				"retransmits":	30,
				"omitted":	false,
				"sender":	true
			}
		}, {
			"streams":	[{
					"socket":	5,
					"start":	9.001052,
					"end":	10.001065,
					"seconds":	1.000012993812561,
					"bytes":	5636096,
					"bits_per_second":	45088182.132612653,
					"retransmits":	38,
					"snd_cwnd":	1271344,
					"snd_wnd":	12531200,
					"rtt":	105677,
					"rttvar":	150,
					"pmtu":	1500,
					"omitted":	false,
					"sender":	true
				}],
			"sum":	{
				"start":	9.001052,
				"end":	10.001065,
				"seconds":	1.000012993812561,
				"bytes":	5636096,
				"bits_per_second":	45088182.132612653,
				"retransmits":	38,
				"omitted":	false,
				"sender":	true
			}
		}, {
			"streams":	[{
					"socket":	5,
					"start":	10.001065,
					"end":	11.00116,
					"seconds":	1.000095009803772,
					"bytes":	5505024,
					"bits_per_second":	44036008.147507,
					"retransmits":	55,
					"snd_cwnd":	1277136,
					"snd_wnd":	12347904,
					"rtt":	119738,
					"rttvar":	1718,
					"pmtu":	1500,
					"omitted":	false,
					"sender":	true
				}],
			"sum":	{
				"start":	10.001065,
				"end":	11.00116,
				"seconds":	1.000095009803772,
				"bytes":	5505024,
				"bits_per_second":	44036008.147507,
				"retransmits":	55,
				"omitted":	false,
				"sender":	true
			}
		}, {
			"streams":	[{
					"socket":	5,
					"start":	11.00116,
					"end":	12.001068,
					"seconds":	0.9999079704284668,
					"bytes":	5767168,
					"bits_per_second":	46141590.390793525,
					"retransmits":	62,
					"snd_cwnd":	628432,
					"snd_wnd":	12579328,
					"rtt":	106591,
					"rttvar":	574,
					"pmtu":	1500,
					"omitted":	false,
					"sender":	true
				}],
			"sum":	{
				"start":	11.00116,
				"end":	12.001068,
				"seconds":	0.9999079704284668,
				"bytes":	5767168,
				"bits_per_second":	46141590.390793525,
				"retransmits":	62,