{
	"start":	{
		"connected":	[{
				"socket":	5,
				"local_host":	"10.0.0.1",
				"local_port":	35690,
				"remote_host":	"10.0.0.2",
				"remote_port":	5201
			}],
		"version":	"iperf 3.16",
		"system_info":	"Linux mininet 6.8.0-88-generic #89-Ubuntu SMP PREEMPT_DYNAMIC Sat Oct 11 01:02:46 UTC 2025 x86_64",
		"timestamp":	{
			"time":	"Tue, 02 Dec 2025 17:05:29 GMT",
			"timesecs":	1764695129
		},
		"connecting_to":	{
			"host":	"10.0.0.2",
			"port":	5201
		},
		"cookie":	"zce4sins5pauto2wdnott6tkpavfrmvymbkr",
		"tcp_mss_default":	1448,
		"target_bitrate":	0,
		"fq_rate":	0,
		"sock_bufsize":	0,
		"sndbuf_actual":	87380,
		"rcvbuf_actual":	87380,
		"test_start":	{
			"protocol":	"TCP",
			"num_streams":	1,
			"blksize":	131072,
			"omit":	0,
			"duration":	20,
			"bytes":	0,
			"blocks":	0,
			"reverse":	0,
			"tos":	0,
			"target_bitrate":	0,
			"bidir":	0,
			"fqrate":	0
		}
	},
	"intervals":	[{
			"streams":	[{
					"socket":	5,
					"start":	0,
					"end":	1.000491,
					"seconds":	1.00049102306366,
					"bytes":	1310720,
					"bits_per_second":	10480613.776914226,
					"retransmits":	5,
					"snd_cwnd":	17376,
					"snd_wnd":	1058304,
					"rtt":	44781,
					"rttvar":	442,
					"pmtu":	1500,
					"omitted":	false,
					"sender":	true
				}],
			"sum":	{
				"start":	0,
				"end":	1.000491,
				"seconds":	1.00049102306366,
				"bytes":	1310720,
				"bits_per_second":	10480613.776914226,
				"retransmits":	5,
				"omitted":	false,
				"sender":	true
			}
		}, {
			"streams":	[{
					"socket":	5,
					"start":	1.000491,
					"end":	2.000524,
					"seconds":	1.0000330209732056,
					"bytes":	655360,
					"bits_per_second":	5242706.8807165669,
					"retransmits":	4,
					"snd_cwnd":	10136,
					"snd_wnd":	1618944,
					"rtt":	45714,
					"rttvar":	897,
					"pmtu":	1500,
					"omitted":	false,
					"sender":	true
				}],
			"sum":	{
				"start":	1.000491,
				"end":	2.000524,
				"seconds":	1.0000330209732056,
				"bytes":	655360,
				"bits_per_second":	5242706.8807165669,
				"retransmits":	4,
				"omitted":	false,
				"sender":	true
			}
		}, {
			"streams":	[{
					"socket":	5,
					"start":	2.000524,
					"end":	3.001067,
					"seconds":	1.0005429983139038,
					"bytes":	393216,
					"bits_per_second":	3144020.8020056323,
					"retransmits":	2,
					"snd_cwnd":	21720,
					"snd_wnd":	1620992,
					"rtt":	46718,
					"rttvar":	3887,
					"pmtu":	1500,
					"omitted":	false,
					"sender":	true
				}],
			"sum":	{
				"start":	2.000524,
				"end":	3.001067,
				"seconds":	1.0005429983139038,
				"bytes":	393216,
				"bits_per_second":	3144020.8020056323,
				"retransmits":	2,
				"omitted":	false,
				"sender":	true
			}
		}, {
			"streams":	[{
					"socket":	5,
					"start":	3.001067,
					"end":	4.000474,
					"seconds":	0.99940699338912964,
					"bytes":	524288,
					"bits_per_second":	4196792.72583087,
					"retransmits":	2,
					"snd_cwnd":	27512,
					"snd_wnd":	1620992,
					"rtt":	44879,
					"rttvar":	590,
					"pmtu":	1500,
					"omitted":	false,
					"sender":	true
				}],
			"sum":	{
				"start":	3.001067,
				"end":	4.000474,
				"seconds":	0.99940699338912964,
				"bytes":	524288,
				"bits_per_second":	4196792.72583087,
				"retransmits":	2,
				"omitted":	false,
				"sender":	true
			}
		}, {
			"streams":	[{
					"socket":	5,
					"start":	4.000474,
					"end":	5.000503,
					"seconds":	1.0000289678573608,
					"bytes":	655360,
					"bits_per_second":	5242728.1293993657,
					"retransmits":	3,
					"snd_cwnd":	26064,
					"snd_wnd":	1617920,
					"rtt":	46749,
					"rttvar":	936,
					"pmtu":	1500,
					"omitted":	false,
					"sender":	true
				}],
			"sum":	{
				"start":	4.000474,
				"end":	5.000503,
				"seconds":	1.0000289678573608,
				"bytes":	655360,
				"bits_per_second":	5242728.1293993657,
				"retransmits":	3,
				"omitted":	false,
				"sender":	true
			}
		}, {
			"streams":	[{
					"socket":	5,
					"start":	5.000503,
					"end":	6.000446,
					"seconds":	0.99994301795959473,
					"bytes":	393216,
					"bits_per_second":	3145907.2602146128,
					"retransmits":	4,
					"snd_cwnd":	36200,
					"snd_wnd":	1620992,
					"rtt":	48137,
					"rttvar":	4859,
					"pmtu":	1500,
					"omitted":	false,
					"sender":	true
				}],
			"sum":	{
				"start":	5.000503,
				"end":	6.000446,
				"seconds":	0.99994301795959473,
				"bytes":	393216,
				"bits_per_second":	3145907.2602146128,
				"retransmits":	4,
				"omitted":	false,
				"sender":	true
			}
		}, {
			"streams":	[{
					"socket":	5,
					"start":	6.000446,
					"end":	7.000481,
					"seconds":	1.0000350475311279,
					"bytes":	655360,
					"bits_per_second":	5242696.2564397585,
					"retransmits":	6,
					"snd_cwnd":	13032,
					"snd_wnd":	1620992,
					"rtt":	47711,
					"rttvar":	5215,
					"pmtu":	1500,
					"omitted":	false,
					"sender":	true
				}],
			"sum":	{
				"start":	6.000446,
				"end":	7.000481,
				"seconds":	1.0000350475311279,
				"bytes":	655360,
				"bits_per_second":	5242696.2564397585,
				"retransmits":	6,
				"omitted":	false,
				"sender":	true
			}
		}, {
			"streams":	[{
					"socket":	5,
					"start":	7.000481,
					"end":	8.000874,
					"seconds":	1.0003930330276489,
					"bytes":	655360,
					"bits_per_second":	5240820.1845754925,
					"retransmits":	0,
					"snd_cwnd":	41992,
					"snd_wnd":	1620992,
					"rtt":	45814,
					"rttvar":	881,
					"pmtu":	1500,
					"omitted":	false,
					"sender":	true
				}],
			"sum":	{
				"start":	7.000481,
				"end":	8.000874,
				"seconds":	1.0003930330276489,
				"bytes":	655360,
				"bits_per_second":	5240820.1845754925,
				"retransmits":	0,
				"omitted":	false,
				"sender":	true
			}
		}, {
			"streams":	[{
					"socket":	5,
					"start":	8.000874,
					"end":	9.000821,
					"seconds":	0.99994701147079468,
					"bytes":	262144,
					"bits_per_second":	2097263.1308886623,
					"retransmits":	6,
					"snd_cwnd":	27512,
					"snd_wnd":	1620992,
					"rtt":	46249,
					"rttvar":	2803,
					"pmtu":	1500,
					"omitted":	false,
					"sender":	true
				}],
			"sum":	{
				"start":	8.000874,
				"end":	9.000821,
				"seconds":	0.99994701147079468,
				"bytes":	262144,
				"bits_per_second":	2097263.1308886623,
				"retransmits":	6,
				"omitted":	false,
				"sender":	true
			}
		}, {
			"streams":	[{
					"socket":	5,
					"start":	9.000821,
					"end":	10.000512,
					"seconds":	0.99969100952148438,
					"bytes":	655360,
					"bits_per_second":	5244500.500719293,
					"retransmits":	4,
					"snd_cwnd":	17376,
					"snd_wnd":	1618944,
					"rtt":	46354,
					"rttvar":	629,
					"pmtu":	1500,
					"omitted":	false,
					"sender":	true
				}],
			"sum":	{
				"start":	9.000821,
				"end":	10.000512,
				"seconds":	0.99969100952148438,
				"bytes":	655360,
				"bits_per_second":	5244500.500719293,
				"retransmits":	4,
				"omitted":	false,
				"sender":	true
			}
		}, {
			"streams":	[{
					"socket":	5,
					"start":	10.000512,
					"end":	11.000468,
					"seconds":	0.99995601177215576,
					"bytes":	655360,
					"bits_per_second":	5243110.63514523,
					"retransmits":	2,
					"snd_cwnd":	28960,
					"snd_wnd":	1620992,
					"rtt":	44850,
					"rttvar":	602,
					"pmtu":	1500,
					"omitted":	false,
					"sender":	true
				}],
			"sum":	{
				"start":	10.000512,
				"end":	11.000468,
				"seconds":	0.99995601177215576,
				"bytes":	655360,
				"bits_per_second":	5243110.63514523,
				"retransmits":	2,
				"omitted":	false,
				"sender":	true
			}
		}, {
			"streams":	[{
					"socket":	5,
					"start":	11.000468,
					"end":	12.000686,
					"seconds":	1.0002180337905884,
					"bytes":	393216,
					"bits_per_second":	3145042.2745113275,
					"retransmits":	4,
					"snd_cwnd":	28960,
					"snd_wnd":	1620992,
					"rtt":	47234,
					"rttvar":	4859,
					"pmtu":	1500,
					"omitted":	false,
					"sender":	true
				}],
			"sum":	{
				"start":	11.000468,
				"end":	12.000686,
				"seconds":	1.0002180337905884,
				"bytes":	393216,
				"bits_per_second":	3145042.2745113275,
				"retransmits":	4,