{
	"start":	{
		"connected":	[{
				"socket":	5,
				"local_host":	"10.0.0.2",
				"local_port":	5201,
				"remote_host":	"10.0.0.1",
				"remote_port":	35690
			}],
		"version":	"iperf 3.16",
		"system_info":	"Linux mininet 6.8.0-88-generic #89-Ubuntu SMP PREEMPT_DYNAMIC Sat Oct 11 01:02:46 UTC 2025 x86_64",
		"sock_bufsize":	0,
		"sndbuf_actual":	87380,
		"rcvbuf_actual":	87380,
		"timestamp":	{
			"time":	"Tue, 02 Dec 2025 17:05:29 GMT",
			"timesecs":	1764695129
		},
		"accepted_connection":	{
			"host":	"10.0.0.1",
			"port":	35684
		},
		"cookie":	"zce4sins5pauto2wdnott6tkpavfrmvymbkr",
		"tcp_mss_default":	0,
		"target_bitrate":	0,
		"fq_rate":	0,
		"test_start":	{
			"protocol":	"TCP",
			"num_streams":	1,
			"blksize":	131072,
			"omit":	0,
			"duration":	20,
			"bytes":	0,
			"blocks":	0,
			"reverse":	0,
			"tos":	0,
			"target_bitrate":	0,
			"bidir":	0,
			"fqrate":	0
		}
	},
	"intervals":	[{
			"streams":	[{
					"socket":	5,
					"start":	0,
					"end":	1.001514,
					"seconds":	1.0015139579772949,
					"bytes":	655360,
					"bits_per_second":	5234954.4988756515,
					"omitted":	false,
					"sender":	false
				}],
			"sum":	{
				"start":	0,
				"end":	1.001514,
				"seconds":	1.0015139579772949,
				"bytes":	655360,
				"bits_per_second":	5234954.4988756515,
				"omitted":	false,
				"sender":	false
			}
		}, {
			"streams":	[{
					"socket":	5,
					"start":	1.001514,
					"end":	2.000674,
					"seconds":	0.99915999174118042,
					"bytes":	655360,
					"bits_per_second":	5247287.765059053,
					"omitted":	false,
					"sender":	false
				}],
			"sum":	{
				"start":	1.001514,
				"end":	2.000674,
				"seconds":	0.99915999174118042,
				"bytes":	655360,
				"bits_per_second":	5247287.765059053,
				"omitted":	false,
				"sender":	false
			}
		}, {
			"streams":	[{
					"socket":	5,
					"start":	2.000674,
					"end":	3.001159,
					"seconds":	1.0004849433898926,
					"bytes":	393216,
					"bits_per_second":	3144203.239422563,
					"omitted":	false,
					"sender":	false
				}],
			"sum":	{
				"start":	2.000674,
				"end":	3.001159,
				"seconds":	1.0004849433898926,
				"bytes":	393216,
				"bits_per_second":	3144203.239422563,
				"omitted":	false,
				"sender":	false
			}
		}, {
			"streams":	[{
					"socket":	5,
					"start":	3.001159,
					"end":	4.000996,
					"seconds":	0.99983698129653931,
					"bytes":	655360,
					"bits_per_second":	5243734.8268527649,
					"omitted":	false,
					"sender":	false
				}],
			"sum":	{
				"start":	3.001159,
				"end":	4.000996,
				"seconds":	0.99983698129653931,
				"bytes":	655360,
				"bits_per_second":	5243734.8268527649,
				"omitted":	false,
				"sender":	false
			}
		}, {
			"streams":	[{
					"socket":	5,
					"start":	4.000996,
					"end":	5.000685,
					"seconds":	0.999688982963562,
					"bytes":	393216,
					"bits_per_second":	3146706.6793859624,
					"omitted":	false,
					"sender":	false
				}],
			"sum":	{
				"start":	4.000996,
				"end":	5.000685,
				"seconds":	0.999688982963562,
				"bytes":	393216,
				"bits_per_second":	3146706.6793859624,
				"omitted":	false,
				"sender":	false
			}
		}, {
			"streams":	[{
					"socket":	5,
					"start":	5.000685,
					"end":	6.000702,
					"seconds":	1.0000170469284058,
					"bytes":	524288,
					"bits_per_second":	4194232.5012188344,
					"omitted":	false,
					"sender":	false
				}],
			"sum":	{
				"start":	5.000685,
				"end":	6.000702,
				"seconds":	1.0000170469284058,
				"bytes":	524288,
				"bits_per_second":	4194232.5012188344,
				"omitted":	false,
				"sender":	false
			}
		}, {
			"streams":	[{
					"socket":	5,
					"start":	6.000702,
					"end":	7.000797,
					"seconds":	1.000095009803772,
					"bytes":	524288,
					"bits_per_second":	4193905.53785781,
					"omitted":	false,
					"sender":	false
				}],
			"sum":	{
				"start":	6.000702,
				"end":	7.000797,
				"seconds":	1.000095009803772,
				"bytes":	524288,
				"bits_per_second":	4193905.53785781,
				"omitted":	false,
				"sender":	false
			}
		}, {
			"streams":	[{
					"socket":	5,
					"start":	7.000797,
					"end":	8.000854,
					"seconds":	1.0000569820404053,
					"bytes":	524288,
					"bits_per_second":	4194065.0136179319,
					"omitted":	false,
					"sender":	false
				}],
			"sum":	{
				"start":	7.000797,
				"end":	8.000854,
				"seconds":	1.0000569820404053,
				"bytes":	524288,
				"bits_per_second":	4194065.0136179319,
				"omitted":	false,
				"sender":	false
			}
		}, {
			"streams":	[{
					"socket":	5,
					"start":	8.000854,
					"end":	9.00089,
					"seconds":	1.0000360012054443,
					"bytes":	655360,
					"bits_per_second":	5242691.2567949826,
					"omitted":	false,
					"sender":	false
				}],
			"sum":	{
				"start":	8.000854,
				"end":	9.00089,
				"seconds":	1.0000360012054443,
				"bytes":	655360,
				"bits_per_second":	5242691.2567949826,
				"omitted":	false,
				"sender":	false
			}
		}, {
			"streams":	[{
					"socket":	5,
					"start":	9.00089,
					"end":	10.000663,
					"seconds":	0.99977302551269531,
					"bytes":	524288,
					"bits_per_second":	4195256.2161287675,
					"omitted":	false,
					"sender":	false
				}],
			"sum":	{
				"start":	9.00089,
				"end":	10.000663,
				"seconds":	0.99977302551269531,
				"bytes":	524288,
				"bits_per_second":	4195256.2161287675,
				"omitted":	false,
				"sender":	false
			}
		}, {
			"streams":	[{
					"socket":	5,
					"start":	10.000663,
					"end":	11.000679,
					"seconds":	1.0000159740448,
					"bytes":	524288,
					"bits_per_second":	4194237.0010702438,
					"omitted":	false,
					"sender":	false
				}],
			"sum":	{
				"start":	10.000663,
				"end":	11.000679,
				"seconds":	1.0000159740448,
				"bytes":	524288,
				"bits_per_second":	4194237.0010702438,
				"omitted":	false,
				"sender":	false
			}
		}, {
			"streams":	[{
					"socket":	5,
					"start":	11.000679,
					"end":	12.00066,
					"seconds":	0.99998098611831665,
					"bytes":	393216,
					"bits_per_second":	3145787.8136372892,
					"omitted":	false,
					"sender":	false
				}],
			"sum":	{
				"start":	11.000679,
				"end":	12.00066,
				"seconds":	0.99998098611831665,
				"bytes":	393216,
				"bits_per_second":	3145787.8136372892,
				"omitted":	false,
				"sender":	false
			}
		}, {
			"streams":	[{
					"socket":	5,
					"start":	12.00066,
					"end":	13.000692,
					"seconds":	1.0000319480895996,
					"bytes":	524288,
					"bits_per_second":	4194170.0042809071,
					"omitted":	false,
					"sender":	false
				}],
			"sum":	{
				"start":	12.00066,
				"end":	13.000692,
				"seconds":	1.0000319480895996,
				"bytes":	524288,
				"bits_per_second":	4194170.0042809071,
				"omitted":	false,
				"sender":	false
			}
		}, {
			"streams":	[{
					"socket":	5,
					"start":	13.000692,
					"end":	14.000693,
					"seconds":	1.0000009536743164,
					"bytes":	524288,
					"bits_per_second":	4194300.0000038147,
					"omitted":	false,
					"sender":	false
				}],
			"sum":	{
				"start":	13.000692,
				"end":	14.000693,
				"seconds":	1.0000009536743164,
				"bytes":	524288,
				"bits_per_second":	4194300.0000038147,
				"omitted":	false,
				"sender":	false
			}
		}, {
			"streams":	[{
					"socket":	5,
					"start":	14.000693,
					"end":	15.000784,
					"seconds":	1.0000909566879272,
					"bytes":	262144,
					"bits_per_second":	2096961.26734841,
					"omitted":	false,
					"sender":	false
				}],
			"sum":	{
				"start":	14.000693,
				"end":	15.000784,
				"seconds":	1.0000909566879272,
				"bytes":	262144,
				"bits_per_second":	2096961.26734841,
				"omitted":	false,
				"sender":	false
			}
		}, {
			"streams":	[{
					"socket":	5,
					"start":	15.000784,
					"end":	16.000676,
					"seconds":	0.999891996383667,
					"bytes":	393216,
					"bits_per_second":	3146067.7866981924,
					"omitted":	false,
					"sender":	false
				}],
			"sum":	{
				"start":	15.000784,
				"end":	16.000676,
				"seconds":	0.999891996383667,
				"bytes":	393216,
				"bits_per_second":	3146067.7866981924,
				"omitted":	false,