{
	"start":	{
		"connected":	[{
				"socket":	5,
				"local_host":	"10.0.0.1",
				"local_port":	51880,
				"remote_host":	"10.0.0.2",
				"remote_port":	5201
			}],
		"version":	"iperf 3.16",
		"system_info":	"Linux mininet 6.8.0-88-generic #89-Ubuntu SMP PREEMPT_DYNAMIC Sat Oct 11 01:02:46 UTC 2025 x86_64",
		"timestamp":	{
			"time":	"Tue, 02 Dec 2025 17:42:35 GMT",
			"timesecs":	1764697355
		},
		"connecting_to":	{
			"host":	"10.0.0.2",
			"port":	5201
		},
		"cookie":	"37gi3ookw3ixq2w5axp2wxouzcxp4oaa2hjm",
		"tcp_mss_default":	1448,
		"target_bitrate":	0,
		"fq_rate":	0,
		"sock_bufsize":	0,
		"sndbuf_actual":	87380,
		"rcvbuf_actual":	87380,
		"test_start":	{
			"protocol":	"TCP",
			"num_streams":	1,
			"blksize":	131072,
			"omit":	0,
			"duration":	20,
			"bytes":	0,
			"blocks":	0,
			"reverse":	0,
			"tos":	0,
			"target_bitrate":	0,
			"bidir":	0,
			"fqrate":	0
		}
	},
	"intervals":	[{
			"streams":	[{
					"socket":	5,
					"start":	0,
					"end":	1.001037,
					"seconds":	1.0010370016098022,
					"bytes":	2490368,
					"bits_per_second":	19902305.277388573,
					"retransmits":	0,
					"snd_cwnd":	296840,
					"snd_wnd":	1279488,
					"rtt":	234252,
					"rttvar":	883,
					"pmtu":	1500,
					"omitted":	false,
					"sender":	true
				}],
			"sum":	{
				"start":	0,
				"end":	1.001037,
				"seconds":	1.0010370016098022,
				"bytes":	2490368,
				"bits_per_second":	19902305.277388573,
				"retransmits":	0,
				"omitted":	false,
				"sender":	true
			}
		}, {
			"streams":	[{
					"socket":	5,
					"start":	1.001037,
					"end":	2.001053,
					"seconds":	1.0000159740448,
					"bytes":	1441792,
					"bits_per_second":	11534151.752943171,
					"retransmits":	12,
					"snd_cwnd":	218648,
					"snd_wnd":	1212416,
					"rtt":	191720,
					"rttvar":	2983,
					"pmtu":	1500,
					"omitted":	false,
					"sender":	true
				}],
			"sum":	{
				"start":	1.001037,
				"end":	2.001053,
				"seconds":	1.0000159740448,
				"bytes":	1441792,
				"bits_per_second":	11534151.752943171,
				"retransmits":	12,
				"omitted":	false,
				"sender":	true
			}
		}, {
			"streams":	[{
					"socket":	5,
					"start":	2.001053,
					"end":	3.000606,
					"seconds":	0.99955302476882935,
					"bytes":	1310720,
					"bits_per_second":	10490448.970853832,
					"retransmits":	0,
					"snd_cwnd":	176656,
					"snd_wnd":	1709568,
					"rtt":	144106,
					"rttvar":	149,
					"pmtu":	1500,
					"omitted":	false,
					"sender":	true
				}],
			"sum":	{
				"start":	2.001053,
				"end":	3.000606,
				"seconds":	0.99955302476882935,
				"bytes":	1310720,
				"bits_per_second":	10490448.970853832,
				"retransmits":	0,
				"omitted":	false,
				"sender":	true
			}
		}, {
			"streams":	[{
					"socket":	5,
					"start":	3.000606,
					"end":	4.001781,
					"seconds":	1.0011750459671021,
					"bytes":	786432,
					"bits_per_second":	6284071.92662564,
					"retransmits":	0,
					"snd_cwnd":	188240,
					"snd_wnd":	1709568,
					"rtt":	156111,
					"rttvar":	145,
					"pmtu":	1500,
					"omitted":	false,
					"sender":	true
				}],
			"sum":	{
				"start":	3.000606,
				"end":	4.001781,
				"seconds":	1.0011750459671021,
				"bytes":	786432,
				"bits_per_second":	6284071.92662564,
				"retransmits":	0,
				"omitted":	false,
				"sender":	true
			}
		}, {
			"streams":	[{
					"socket":	5,
					"start":	4.001781,
					"end":	5.000771,
					"seconds":	0.998989999294281,
					"bytes":	1310720,
					"bits_per_second":	10496361.332353158,
					"retransmits":	0,
					"snd_cwnd":	194032,
					"snd_wnd":	1709568,
					"rtt":	161078,
					"rttvar":	87,
					"pmtu":	1500,
					"omitted":	false,
					"sender":	true
				}],
			"sum":	{
				"start":	4.001781,
				"end":	5.000771,
				"seconds":	0.998989999294281,
				"bytes":	1310720,
				"bits_per_second":	10496361.332353158,
				"retransmits":	0,
				"omitted":	false,
				"sender":	true
			}
		}, {
			"streams":	[{
					"socket":	5,
					"start":	5.000771,
					"end":	6.000979,
					"seconds":	1.0002080202102661,
					"bytes":	1310720,
					"bits_per_second":	10483579.203649715,
					"retransmits":	0,
					"snd_cwnd":	194032,
					"snd_wnd":	1709568,
					"rtt":	161115,
					"rttvar":	446,
					"pmtu":	1500,
					"omitted":	false,
					"sender":	true
				}],
			"sum":	{
				"start":	5.000771,
				"end":	6.000979,
				"seconds":	1.0002080202102661,
				"bytes":	1310720,
				"bits_per_second":	10483579.203649715,
				"retransmits":	0,
				"omitted":	false,
				"sender":	true
			}
		}, {
			"streams":	[{
					"socket":	5,
					"start":	6.000979,
					"end":	7.00088,
					"seconds":	0.999900996685028,
					"bytes":	1310720,
					"bits_per_second":	10486798.227787992,
					"retransmits":	0,
					"snd_cwnd":	194032,
					"snd_wnd":	1709568,
					"rtt":	161023,
					"rttvar":	145,
					"pmtu":	1500,
					"omitted":	false,
					"sender":	true
				}],
			"sum":	{
				"start":	6.000979,
				"end":	7.00088,
				"seconds":	0.999900996685028,
				"bytes":	1310720,
				"bits_per_second":	10486798.227787992,
				"retransmits":	0,
				"omitted":	false,
				"sender":	true
			}
		}, {
			"streams":	[{
					"socket":	5,
					"start":	7.00088,
					"end":	8.000636,
					"seconds":	0.99975597858428955,
					"bytes":	1310720,
					"bits_per_second":	10488319.3745422,
					"retransmits":	0,
					"snd_cwnd":	196928,
					"snd_wnd":	1709568,
					"rtt":	163615,
					"rttvar":	109,
					"pmtu":	1500,
					"omitted":	false,
					"sender":	true
				}],
			"sum":	{
				"start":	7.00088,
				"end":	8.000636,
				"seconds":	0.99975597858428955,
				"bytes":	1310720,
				"bits_per_second":	10488319.3745422,
				"retransmits":	0,
				"omitted":	false,
				"sender":	true
			}
		}, {
			"streams":	[{
					"socket":	5,
					"start":	8.000636,
					"end":	9.000827,
					"seconds":	1.0001909732818604,
					"bytes":	655360,
					"bits_per_second":	5241878.94117549,
					"retransmits":	0,
					"snd_cwnd":	207064,
					"snd_wnd":	1711104,
					"rtt":	170463,
					"rttvar":	379,
					"pmtu":	1500,
					"omitted":	false,
					"sender":	true
				}],
			"sum":	{
				"start":	8.000636,
				"end":	9.000827,
				"seconds":	1.0001909732818604,
				"bytes":	655360,
				"bits_per_second":	5241878.94117549,
				"retransmits":	0,
				"omitted":	false,
				"sender":	true
			}
		}, {
			"streams":	[{
					"socket":	5,
					"start":	9.000827,
					"end":	10.001017,
					"seconds":	1.0001900196075439,
					"bytes":	1179648,
					"bits_per_second":	9435391.0906879231,
					"retransmits":	0,
					"snd_cwnd":	225888,
					"snd_wnd":	1709568,
					"rtt":	184587,
					"rttvar":	1035,
					"pmtu":	1500,
					"omitted":	false,
					"sender":	true
				}],
			"sum":	{
				"start":	9.000827,
				"end":	10.001017,
				"seconds":	1.0001900196075439,
				"bytes":	1179648,
				"bits_per_second":	9435391.0906879231,
				"retransmits":	0,
				"omitted":	false,
				"sender":	true
			}
		}, {
			"streams":	[{
					"socket":	5,
					"start":	10.001017,
					"end":	11.000812,
					"seconds":	0.99979501962661743,
					"bytes":	1310720,
					"bits_per_second":	10487909.815670019,
					"retransmits":	0,
					"snd_cwnd":	257744,
					"snd_wnd":	1709568,
					"rtt":	207316,
					"rttvar":	542,
					"pmtu":	1500,
					"omitted":	false,
					"sender":	true
				}],
			"sum":	{
				"start":	10.001017,
				"end":	11.000812,
				"seconds":	0.99979501962661743,
				"bytes":	1310720,
				"bits_per_second":	10487909.815670019,
				"retransmits":	0,
				"omitted":	false,
				"sender":	true
			}
		}, {
			"streams":	[{
					"socket":	5,
					"start":	11.000812,
					"end":	12.001084,
					"seconds":	1.0002720355987549,
					"bytes":	1310720,
					"bits_per_second":	10482908.275770508,
					"retransmits":	0,
					"snd_cwnd":	302632,
					"snd_wnd":	1709568,
					"rtt":	240966,
					"rttvar":	255,
					"pmtu":	1500,
					"omitted":	false,
					"sender":	true
				}],
			"sum":	{
				"start":	11.000812,
				"end":	12.001084,
				"seconds":	1.0002720355987549,
				"bytes":	1310720,
				"bits_per_second":	10482908.275770508,