{
	"start":	{
		"connected":	[{
				"socket":	5,
				"local_host":	"10.0.0.1",
				"local_port":	58298,
				"remote_host":	"10.0.0.2",
				"remote_port":	5201
			}],
		"version":	"iperf 3.16",
		"system_info":	"Linux mininet 6.8.0-88-generic #89-Ubuntu SMP PREEMPT_DYNAMIC Sat Oct 11 01:02:46 UTC 2025 x86_64",
		"timestamp":	{
			"time":	"Tue, 02 Dec 2025 17:51:58 GMT",
			"timesecs":	1764697918
		},
		"connecting_to":	{
			"host":	"10.0.0.2",
			"port":	5201
		},
		"cookie":	"pvtpq3ya6ewf3abcyb6l5lpuzyyzxkhppwdn",
		"tcp_mss_default":	1448,
		"target_bitrate":	0,
		"fq_rate":	0,
		"sock_bufsize":	0,
		"sndbuf_actual":	87380,
		"rcvbuf_actual":	87380,
		"test_start":	{
			"protocol":	"TCP",
			"num_streams":	1,
			"blksize":	131072,
			"omit":	0,
			"duration":	20,
			"bytes":	0,
			"blocks":	0,
			"reverse":	0,
			"tos":	0,
			"target_bitrate":	0,
			"bidir":	0,
			"fqrate":	0
		}
	},
	"intervals":	[{
			"streams":	[{
					"socket":	5,
					"start":	0,
					"end":	1.001085,
					"seconds":	1.0010850429534912,
					"bytes":	1703936,
					"bits_per_second":	13616713.281204518,
					"retransmits":	10,
					"snd_cwnd":	37648,
					"snd_wnd":	1582592,
					"rtt":	45056,
					"rttvar":	742,
					"pmtu":	1500,
					"omitted":	false,
					"sender":	true
				}],
			"sum":	{
				"start":	0,
				"end":	1.001085,
				"seconds":	1.0010850429534912,
				"bytes":	1703936,
				"bits_per_second":	13616713.281204518,
				"retransmits":	10,
				"omitted":	false,
				"sender":	true
			}
		}, {
			"streams":	[{
					"socket":	5,
					"start":	1.001085,
					"end":	2.000867,
					"seconds":	0.9997820258140564,
					"bytes":	262144,
					"bits_per_second":	2097609.2246631738,
					"retransmits":	5,
					"snd_cwnd":	18824,
					"snd_wnd":	2735104,
					"rtt":	44670,
					"rttvar":	157,
					"pmtu":	1500,
					"omitted":	false,
					"sender":	true
				}],
			"sum":	{
				"start":	1.001085,
				"end":	2.000867,
				"seconds":	0.9997820258140564,
				"bytes":	262144,
				"bits_per_second":	2097609.2246631738,
				"retransmits":	5,
				"omitted":	false,
				"sender":	true
			}
		}, {
			"streams":	[{
					"socket":	5,
					"start":	2.000867,
					"end":	3.000403,
					"seconds":	0.99953597784042358,
					"bytes":	393216,
					"bits_per_second":	3147188.3651417866,
					"retransmits":	6,
					"snd_cwnd":	10136,
					"snd_wnd":	3011584,
					"rtt":	46693,
					"rttvar":	4058,
					"pmtu":	1500,
					"omitted":	false,
					"sender":	true
				}],
			"sum":	{
				"start":	2.000867,
				"end":	3.000403,
				"seconds":	0.99953597784042358,
				"bytes":	393216,
				"bits_per_second":	3147188.3651417866,
				"retransmits":	6,
				"omitted":	false,
				"sender":	true
			}
		}, {
			"streams":	[{
					"socket":	5,
					"start":	3.000403,
					"end":	4.00054,
					"seconds":	1.0001369714736938,
					"bytes":	262144,
					"bits_per_second":	2096864.7893396674,
					"retransmits":	2,
					"snd_cwnd":	18824,
					"snd_wnd":	3011584,
					"rtt":	48230,
					"rttvar":	5680,
					"pmtu":	1500,
					"omitted":	false,
					"sender":	true
				}],
			"sum":	{
				"start":	3.000403,
				"end":	4.00054,
				"seconds":	1.0001369714736938,
				"bytes":	262144,
				"bits_per_second":	2096864.7893396674,
				"retransmits":	2,
				"omitted":	false,
				"sender":	true
			}
		}, {
			"streams":	[{
					"socket":	5,
					"start":	4.00054,
					"end":	5.001029,
					"seconds":	1.0004889965057373,
					"bytes":	393216,
					"bits_per_second":	3144190.5018312321,
					"retransmits":	2,
					"snd_cwnd":	24616,
					"snd_wnd":	3014656,
					"rtt":	45538,
					"rttvar":	657,
					"pmtu":	1500,
					"omitted":	false,
					"sender":	true
				}],
			"sum":	{
				"start":	4.00054,
				"end":	5.001029,
				"seconds":	1.0004889965057373,
				"bytes":	393216,
				"bits_per_second":	3144190.5018312321,
				"retransmits":	2,
				"omitted":	false,
				"sender":	true
			}
		}, {
			"streams":	[{
					"socket":	5,
					"start":	5.001029,
					"end":	6.000373,
					"seconds":	0.999343991279602,
					"bytes":	655360,
					"bits_per_second":	5246321.63274109,
					"retransmits":	3,
					"snd_cwnd":	18824,
					"snd_wnd":	3014656,
					"rtt":	45477,
					"rttvar":	1199,
					"pmtu":	1500,
					"omitted":	false,
					"sender":	true
				}],
			"sum":	{
				"start":	5.001029,
				"end":	6.000373,
				"seconds":	0.999343991279602,
				"bytes":	655360,
				"bits_per_second":	5246321.63274109,
				"retransmits":	3,
				"omitted":	false,
				"sender":	true
			}
		}, {
			"streams":	[{
					"socket":	5,
					"start":	6.000373,
					"end":	7.00042,
					"seconds":	1.000046968460083,
					"bytes":	262144,
					"bits_per_second":	2097053.5046261761,
					"retransmits":	2,
					"snd_cwnd":	23168,
					"snd_wnd":	3014656,
					"rtt":	45819,
					"rttvar":	1173,
					"pmtu":	1500,
					"omitted":	false,
					"sender":	true
				}],
			"sum":	{
				"start":	6.000373,
				"end":	7.00042,
				"seconds":	1.000046968460083,
				"bytes":	262144,
				"bits_per_second":	2097053.5046261761,
				"retransmits":	2,
				"omitted":	false,
				"sender":	true
			}
		}, {
			"streams":	[{
					"socket":	5,
					"start":	7.00042,
					"end":	8.000372,
					"seconds":	0.99995201826095581,
					"bytes":	655360,
					"bits_per_second":	5243131.5745709855,
					"retransmits":	0,
					"snd_cwnd":	37648,
					"snd_wnd":	3014656,
					"rtt":	45212,
					"rttvar":	712,
					"pmtu":	1500,
					"omitted":	false,
					"sender":	true
				}],
			"sum":	{
				"start":	7.00042,
				"end":	8.000372,
				"seconds":	0.99995201826095581,
				"bytes":	655360,
				"bits_per_second":	5243131.5745709855,
				"retransmits":	0,
				"omitted":	false,
				"sender":	true
			}
		}, {
			"streams":	[{
					"socket":	5,
					"start":	8.000372,
					"end":	9.000331,
					"seconds":	0.99995899200439453,
					"bytes":	1048576,
					"bits_per_second":	8388952.01410733,
					"retransmits":	6,
					"snd_cwnd":	27512,
					"snd_wnd":	3014656,
					"rtt":	44797,
					"rttvar":	270,
					"pmtu":	1500,
					"omitted":	false,
					"sender":	true
				}],
			"sum":	{
				"start":	8.000372,
				"end":	9.000331,
				"seconds":	0.99995899200439453,
				"bytes":	1048576,
				"bits_per_second":	8388952.01410733,
				"retransmits":	6,
				"omitted":	false,
				"sender":	true
			}
		}, {
			"streams":	[{
					"socket":	5,
					"start":	9.000331,
					"end":	10.000364,
					"seconds":	1.0000330209732056,
					"bytes":	262144,
					"bits_per_second":	2097082.752286627,
					"retransmits":	2,
					"snd_cwnd":	31856,
					"snd_wnd":	3014656,
					"rtt":	45477,
					"rttvar":	1436,
					"pmtu":	1500,
					"omitted":	false,
					"sender":	true
				}],
			"sum":	{
				"start":	9.000331,
				"end":	10.000364,
				"seconds":	1.0000330209732056,
				"bytes":	262144,
				"bits_per_second":	2097082.752286627,
				"retransmits":	2,
				"omitted":	false,
				"sender":	true
			}
		}, {
			"streams":	[{
					"socket":	5,
					"start":	10.000364,
					"end":	11.000473,
					"seconds":	1.0001089572906494,
					"bytes":	655360,
					"bits_per_second":	5242308.81223507,
					"retransmits":	6,
					"snd_cwnd":	15928,
					"snd_wnd":	3014656,
					"rtt":	46005,
					"rttvar":	2252,
					"pmtu":	1500,
					"omitted":	false,
					"sender":	true
				}],
			"sum":	{
				"start":	10.000364,
				"end":	11.000473,
				"seconds":	1.0001089572906494,
				"bytes":	655360,
				"bits_per_second":	5242308.81223507,
				"retransmits":	6,
				"omitted":	false,
				"sender":	true
			}
		}, {
			"streams":	[{
					"socket":	5,
					"start":	11.000473,
					"end":	12.000563,
					"seconds":	1.0000900030136108,
					"bytes":	393216,
					"bits_per_second":	3145444.90047981,
					"retransmits":	4,
					"snd_cwnd":	15928,
					"snd_wnd":	3011584,
					"rtt":	45521,
					"rttvar":	871,
					"pmtu":	1500,
					"omitted":	false,
					"sender":	true
				}],
			"sum":	{
				"start":	11.000473,
				"end":	12.000563,
				"seconds":	1.0000900030136108,
				"bytes":	393216,
				"bits_per_second":	3145444.90047981,
				"retransmits":	4,
				"omitted":	false,