{
	"start":	{
		"connected":	[{
				"socket":	5,
				"local_host":	"10.0.0.2",
				"local_port":	5201,
				"remote_host":	"10.0.0.1",
				"remote_port":	58298
			}],
		"version":	"iperf 3.16",
		"system_info":	"Linux mininet 6.8.0-88-generic #89-Ubuntu SMP PREEMPT_DYNAMIC Sat Oct 11 01:02:46 UTC 2025 x86_64",
		"sock_bufsize":	0,
		"sndbuf_actual":	87380,
		"rcvbuf_actual":	87380,
		"timestamp":	{
			"time":	"Tue, 02 Dec 2025 17:51:58 GMT",
			"timesecs":	1764697918
		},
		"accepted_connection":	{
			"host":	"10.0.0.1",
			"port":	58284
		},
		"cookie":	"pvtpq3ya6ewf3abcyb6l5lpuzyyzxkhppwdn",
		"tcp_mss_default":	0,
		"target_bitrate":	0,
		"fq_rate":	0,
		"test_start":	{
			"protocol":	"TCP",
			"num_streams":	1,
			"blksize":	131072,
			"omit":	0,
			"duration":	20,
			"bytes":	0,
			"blocks":	0,
			"reverse":	0,
			"tos":	0,
			"target_bitrate":	0,
			"bidir":	0,
			"fqrate":	0
		}
	},
	"intervals":	[{
			"streams":	[{
					"socket":	5,
					"start":	0,
					"end":	1.00073,
					"seconds":	1.000730037689209,
					"bytes":	917504,
					"bits_per_second":	7334677.4090532018,
					"omitted":	false,
					"sender":	false
				}],
			"sum":	{
				"start":	0,
				"end":	1.00073,
				"seconds":	1.000730037689209,
				"bytes":	917504,
				"bits_per_second":	7334677.4090532018,
				"omitted":	false,
				"sender":	false
			}
		}, {
			"streams":	[{
					"socket":	5,
					"start":	1.00073,
					"end":	2.000684,
					"seconds":	0.9999539852142334,
					"bytes":	524288,
					"bits_per_second":	4194497.0088812625,
					"omitted":	false,
					"sender":	false
				}],
			"sum":	{
				"start":	1.00073,
				"end":	2.000684,
				"seconds":	0.9999539852142334,
				"bytes":	524288,
				"bits_per_second":	4194497.0088812625,
				"omitted":	false,
				"sender":	false
			}
		}, {
			"streams":	[{
					"socket":	5,
					"start":	2.000684,
					"end":	3.000677,
					"seconds":	0.99999302625656128,
					"bytes":	262144,
					"bits_per_second":	2097166.6251019919,
					"omitted":	false,
					"sender":	false
				}],
			"sum":	{
				"start":	2.000684,
				"end":	3.000677,
				"seconds":	0.99999302625656128,
				"bytes":	262144,
				"bits_per_second":	2097166.6251019919,
				"omitted":	false,
				"sender":	false
			}
		}, {
			"streams":	[{
					"socket":	5,
					"start":	3.000677,
					"end":	4.000682,
					"seconds":	1.0000050067901611,
					"bytes":	262144,
					"bits_per_second":	2097141.5000525711,
					"omitted":	false,
					"sender":	false
				}],
			"sum":	{
				"start":	3.000677,
				"end":	4.000682,
				"seconds":	1.0000050067901611,
				"bytes":	262144,
				"bits_per_second":	2097141.5000525711,
				"omitted":	false,
				"sender":	false
			}
		}, {
			"streams":	[{
					"socket":	5,
					"start":	4.000682,
					"end":	5.001008,
					"seconds":	1.0003260374069214,
					"bytes":	393216,
					"bits_per_second":	3144702.7092831265,
					"omitted":	false,
					"sender":	false
				}],
			"sum":	{
				"start":	4.000682,
				"end":	5.001008,
				"seconds":	1.0003260374069214,
				"bytes":	393216,
				"bits_per_second":	3144702.7092831265,
				"omitted":	false,
				"sender":	false
			}
		}, {
			"streams":	[{
					"socket":	5,
					"start":	5.001008,
					"end":	6.000689,
					"seconds":	0.999680995941162,
					"bytes":	524288,
					"bits_per_second":	4195642.4269636339,
					"omitted":	false,
					"sender":	false
				}],
			"sum":	{
				"start":	5.001008,
				"end":	6.000689,
				"seconds":	0.999680995941162,
				"bytes":	524288,
				"bits_per_second":	4195642.4269636339,
				"omitted":	false,
				"sender":	false
			}
		}, {
			"streams":	[{
					"socket":	5,
					"start":	6.000689,
					"end":	7.000695,
					"seconds":	1.0000059604644775,
					"bytes":	524288,
					"bits_per_second":	4194279.00014901,
					"omitted":	false,
					"sender":	false
				}],
			"sum":	{
				"start":	6.000689,
				"end":	7.000695,
				"seconds":	1.0000059604644775,
				"bytes":	524288,
				"bits_per_second":	4194279.00014901,
				"omitted":	false,
				"sender":	false
			}
		}, {
			"streams":	[{
					"socket":	5,
					"start":	7.000695,
					"end":	8.000949,
					"seconds":	1.0002540349960327,
					"bytes":	655360,
					"bits_per_second":	5241548.46325693,
					"omitted":	false,
					"sender":	false
				}],
			"sum":	{
				"start":	7.000695,
				"end":	8.000949,
				"seconds":	1.0002540349960327,
				"bytes":	655360,
				"bits_per_second":	5241548.46325693,
				"omitted":	false,
				"sender":	false
			}
		}, {
			"streams":	[{
					"socket":	5,
					"start":	8.000949,
					"end":	9.000654,
					"seconds":	0.99970501661300659,
					"bytes":	655360,
					"bits_per_second":	5244427.01884486,
					"omitted":	false,
					"sender":	false
				}],
			"sum":	{
				"start":	8.000949,
				"end":	9.000654,
				"seconds":	0.99970501661300659,
				"bytes":	655360,
				"bits_per_second":	5244427.01884486,
				"omitted":	false,
				"sender":	false
			}
		}, {
			"streams":	[{
					"socket":	5,
					"start":	9.000654,
					"end":	10.000642,
					"seconds":	0.9999880194664,
					"bytes":	655360,
					"bits_per_second":	5242942.8132525366,
					"omitted":	false,
					"sender":	false
				}],
			"sum":	{
				"start":	9.000654,
				"end":	10.000642,
				"seconds":	0.9999880194664,
				"bytes":	655360,
				"bits_per_second":	5242942.8132525366,
				"omitted":	false,
				"sender":	false
			}
		}, {
			"streams":	[{
					"socket":	5,
					"start":	10.000642,
					"end":	11.000609,
					"seconds":	0.99996697902679443,
					"bytes":	393216,
					"bits_per_second":	3145831.8784301667,
					"omitted":	false,
					"sender":	false
				}],
			"sum":	{
				"start":	10.000642,
				"end":	11.000609,
				"seconds":	0.99996697902679443,
				"bytes":	393216,
				"bits_per_second":	3145831.8784301667,
				"omitted":	false,
				"sender":	false
			}
		}, {
			"streams":	[{
					"socket":	5,
					"start":	11.000609,
					"end":	12.000683,
					"seconds":	1.000074028968811,
					"bytes":	262144,
					"bits_per_second":	2096996.7614921466,
					"omitted":	false,
					"sender":	false
				}],
			"sum":	{
				"start":	11.000609,
				"end":	12.000683,
				"seconds":	1.000074028968811,
				"bytes":	262144,
				"bits_per_second":	2096996.7614921466,
				"omitted":	false,
				"sender":	false
			}
		}, {
			"streams":	[{
					"socket":	5,
					"start":	12.000683,
					"end":	13.000783,
					"seconds":	1.0001000165939331,
					"bytes":	524288,
					"bits_per_second":	4193884.5419527651,
					"omitted":	false,
					"sender":	false
				}],
			"sum":	{
				"start":	12.000683,
				"end":	13.000783,
				"seconds":	1.0001000165939331,
				"bytes":	524288,
				"bits_per_second":	4193884.5419527651,
				"omitted":	false,
				"sender":	false
			}
		}, {
			"streams":	[{
					"socket":	5,
					"start":	13.000783,
					"end":	14.001024,
					"seconds":	1.0002410411834717,
					"bytes":	524288,
					"bits_per_second":	4193293.24363391,
					"omitted":	false,
					"sender":	false
				}],
			"sum":	{
				"start":	13.000783,
				"end":	14.001024,
				"seconds":	1.0002410411834717,
				"bytes":	524288,
				"bits_per_second":	4193293.24363391,
				"omitted":	false,
				"sender":	false
			}
		}, {
			"streams":	[{
					"socket":	5,
					"start":	14.001024,
					"end":	15.00062,
					"seconds":	0.9995959997177124,
					"bytes":	393216,
					"bits_per_second":	3146999.38864137,
					"omitted":	false,
					"sender":	false
				}],
			"sum":	{
				"start":	14.001024,
				"end":	15.00062,
				"seconds":	0.9995959997177124,
				"bytes":	393216,
				"bits_per_second":	3146999.38864137,
				"omitted":	false,
				"sender":	false
			}
		}, {
			"streams":	[{
					"socket":	5,
					"start":	15.00062,
					"end":	16.001033,
					"seconds":	1.0004129409790039,
					"bytes":	524288,
					"bits_per_second":	4192572.7149185566,
					"omitted":	false,
					"sender":	false
				}],
			"sum":	{
				"start":	15.00062,
				"end":	16.001033,
				"seconds":	1.0004129409790039,
				"bytes":	524288,
				"bits_per_second":	4192572.7149185566,
				"omitted":	false,