{
	"start":	{
		"connected":	[{
				"socket":	5,
				"local_host":	"10.0.0.1",
				"local_port":	50388,
				"remote_host":	"10.0.0.2",
				"remote_port":	5201
			}],
		"version":	"iperf 3.16",
		"system_info":	"Linux mininet 6.8.0-88-generic #89-Ubuntu SMP PREEMPT_DYNAMIC Sat Oct 11 01:02:46 UTC 2025 x86_64",
		"timestamp":	{
			"time":	"Tue, 02 Dec 2025 19:10:59 GMT",
			"timesecs":	1764702659
		},
		"connecting_to":	{
			"host":	"10.0.0.2",
			"port":	5201
		},
		"cookie":	"6g34x2mzpfbbriiu2o34nce66xbzgbzzx5hz",
		"tcp_mss_default":	1448,
		"target_bitrate":	0,
		"fq_rate":	0,
		"sock_bufsize":	0,
		"sndbuf_actual":	87380,
		"rcvbuf_actual":	87380,
		"test_start":	{
			"protocol":	"TCP",
			"num_streams":	1,
			"blksize":	131072,
			"omit":	0,
			"duration":	20,
			"bytes":	0,
			"blocks":	0,
			"reverse":	0,
			"tos":	0,
			"target_bitrate":	0,
			"bidir":	0,
			"fqrate":	0
		}
	},
	"intervals":	[{
			"streams":	[{
					"socket":	5,
					"start":	0,
					"end":	1.000879,
					"seconds":	1.0008790493011475,
					"bytes":	17039360,
					"bits_per_second":	136195157.74176744,
					"retransmits":	0,
					"snd_cwnd":	1870816,
					"snd_wnd":	4186112,
					"rtt":	194048,
					"rttvar":	8180,
					"pmtu":	1500,
					"omitted":	false,
					"sender":	true
				}],
			"sum":	{
				"start":	0,
				"end":	1.000879,
				"seconds":	1.0008790493011475,
				"bytes":	17039360,
				"bits_per_second":	136195157.74176744,
				"retransmits":	0,
				"omitted":	false,
				"sender":	true
			}
		}, {
			"streams":	[{
					"socket":	5,
					"start":	1.000879,
					"end":	2.00065,
					"seconds":	0.999770998954773,
					"bytes":	5636096,
					"bits_per_second":	45099095.740063272,
					"retransmits":	0,
					"snd_cwnd":	1867920,
					"snd_wnd":	9494528,
					"rtt":	312502,
					"rttvar":	1111,
					"pmtu":	1500,
					"omitted":	false,
					"sender":	true
				}],
			"sum":	{
				"start":	1.000879,
				"end":	2.00065,
				"seconds":	0.999770998954773,
				"bytes":	5636096,
				"bits_per_second":	45099095.740063272,
				"retransmits":	0,
				"omitted":	false,
				"sender":	true
			}
		}, {
			"streams":	[{
					"socket":	5,
					"start":	2.00065,
					"end":	3.00071,
					"seconds":	1.000059962272644,
					"bytes":	5505024,
					"bits_per_second":	44037551.408335879,
					"retransmits":	0,
					"snd_cwnd":	1282928,
					"snd_wnd":	9491968,
					"rtt":	110405,
					"rttvar":	289,
					"pmtu":	1500,
					"omitted":	false,
					"sender":	true
				}],
			"sum":	{
				"start":	2.00065,
				"end":	3.00071,
				"seconds":	1.000059962272644,
				"bytes":	5505024,
				"bits_per_second":	44037551.408335879,
				"retransmits":	0,
				"omitted":	false,
				"sender":	true
			}
		}, {
			"streams":	[{
					"socket":	5,
					"start":	3.00071,
					"end":	4.001002,
					"seconds":	1.00029194355011,
					"bytes":	5505024,
					"bits_per_second":	44027338.5024957,
					"retransmits":	0,
					"snd_cwnd":	1285824,
					"snd_wnd":	9491968,
					"rtt":	107199,
					"rttvar":	94,
					"pmtu":	1500,
					"omitted":	false,
					"sender":	true
				}],
			"sum":	{
				"start":	3.00071,
				"end":	4.001002,
				"seconds":	1.00029194355011,
				"bytes":	5505024,
				"bits_per_second":	44027338.5024957,
				"retransmits":	0,
				"omitted":	false,
				"sender":	true
			}
		}, {
			"streams":	[{
					"socket":	5,
					"start":	4.001002,
					"end":	5.000848,
					"seconds":	0.99984598159790039,
					"bytes":	5505024,
					"bits_per_second":	44046976.044867754,
					"retransmits":	0,
					"snd_cwnd":	1300304,
					"snd_wnd":	9491968,
					"rtt":	105931,
					"rttvar":	63,
					"pmtu":	1500,
					"omitted":	false,
					"sender":	true
				}],
			"sum":	{
				"start":	4.001002,
				"end":	5.000848,
				"seconds":	0.99984598159790039,
				"bytes":	5505024,
				"bits_per_second":	44046976.044867754,
				"retransmits":	0,
				"omitted":	false,
				"sender":	true
			}
		}, {
			"streams":	[{
					"socket":	5,
					"start":	5.000848,
					"end":	6.000954,
					"seconds":	1.0001059770584106,
					"bytes":	5636096,
					"bits_per_second":	45083990.131344467,
					"retransmits":	0,
					"snd_cwnd":	1282928,
					"snd_wnd":	9491968,
					"rtt":	125826,
					"rttvar":	1519,
					"pmtu":	1500,
					"omitted":	false,
					"sender":	true
				}],
			"sum":	{
				"start":	5.000848,
				"end":	6.000954,
				"seconds":	1.0001059770584106,
				"bytes":	5636096,
				"bits_per_second":	45083990.131344467,
				"retransmits":	0,
				"omitted":	false,
				"sender":	true
			}
		}, {
			"streams":	[{
					"socket":	5,
					"start":	6.000954,
					"end":	7.001042,
					"seconds":	1.0000879764556885,
					"bytes":	5505024,
					"bits_per_second":	44036317.8408348,
					"retransmits":	0,
					"snd_cwnd":	1282928,
					"snd_wnd":	9491968,
					"rtt":	108225,
					"rttvar":	46,
					"pmtu":	1500,
					"omitted":	false,
					"sender":	true
				}],
			"sum":	{
				"start":	6.000954,
				"end":	7.001042,
				"seconds":	1.0000879764556885,
				"bytes":	5505024,
				"bits_per_second":	44036317.8408348,
				"retransmits":	0,
				"omitted":	false,
				"sender":	true
			}
		}, {
			"streams":	[{
					"socket":	5,
					"start":	7.001042,
					"end":	8.000741,
					"seconds":	0.99969899654388428,
					"bytes":	5505024,
					"bits_per_second":	44053452.241378486,
					"retransmits":	0,
					"snd_cwnd":	1282928,
					"snd_wnd":	9491968,
					"rtt":	106055,
					"rttvar":	134,
					"pmtu":	1500,
					"omitted":	false,
					"sender":	true
				}],
			"sum":	{
				"start":	7.001042,
				"end":	8.000741,
				"seconds":	0.99969899654388428,
				"bytes":	5505024,
				"bits_per_second":	44053452.241378486,
				"retransmits":	0,
				"omitted":	false,
				"sender":	true
			}
		}, {
			"streams":	[{
					"socket":	5,
					"start":	8.000741,
					"end":	9.001473,
					"seconds":	1.0007319450378418,
					"bytes":	5505024,
					"bits_per_second":	44007980.57699123,
					"retransmits":	0,
					"snd_cwnd":	1288720,
					"snd_wnd":	9491968,
					"rtt":	106982,
					"rttvar":	75,
					"pmtu":	1500,
					"omitted":	false,
					"sender":	true
				}],
			"sum":	{
				"start":	8.000741,
				"end":	9.001473,
				"seconds":	1.0007319450378418,
				"bytes":	5505024,
				"bits_per_second":	44007980.57699123,
				"retransmits":	0,
				"omitted":	false,
				"sender":	true
			}
		}, {
			"streams":	[{
					"socket":	5,
					"start":	9.001473,
					"end":	10.001005,
					"seconds":	0.99953198432922363,
					"bytes":	5636096,
					"bits_per_second":	45109880.130808063,
					"retransmits":	0,
					"snd_cwnd":	1274240,
					"snd_wnd":	9493504,
					"rtt":	106791,
					"rttvar":	148,
					"pmtu":	1500,
					"omitted":	false,
					"sender":	true
				}],
			"sum":	{
				"start":	9.001473,
				"end":	10.001005,
				"seconds":	0.99953198432922363,
				"bytes":	5636096,
				"bits_per_second":	45109880.130808063,
				"retransmits":	0,
				"omitted":	false,
				"sender":	true
			}
		}, {
			"streams":	[{
					"socket":	5,
					"start":	10.001005,
					"end":	11.000452,
					"seconds":	0.999446988105774,
					"bytes":	5505024,
					"bits_per_second":	44064560.225918777,
					"retransmits":	0,
					"snd_cwnd":	1285824,
					"snd_wnd":	9495552,
					"rtt":	110934,
					"rttvar":	9907,
					"pmtu":	1500,
					"omitted":	false,
					"sender":	true
				}],
			"sum":	{
				"start":	10.001005,
				"end":	11.000452,
				"seconds":	0.999446988105774,
				"bytes":	5505024,
				"bits_per_second":	44064560.225918777,
				"retransmits":	0,
				"omitted":	false,
				"sender":	true
			}
		}, {
			"streams":	[{
					"socket":	5,
					"start":	11.000452,
					"end":	12.001049,
					"seconds":	1.00059700012207,
					"bytes":	5505024,
					"bits_per_second":	44013915.6869621,
					"retransmits":	0,
					"snd_cwnd":	1285824,
					"snd_wnd":	9491968,
					"rtt":	105814,
					"rttvar":	83,
					"pmtu":	1500,
					"omitted":	false,
					"sender":	true
				}],
			"sum":	{
				"start":	11.000452,
				"end":	12.001049,
				"seconds":	1.00059700012207,
				"bytes":	5505024,
				"bits_per_second":	44013915.6869621,