{
	"start":	{
		"connected":	[{
				"socket":	5,
				"local_host":	"10.0.0.1",
				"local_port":	35674,
				"remote_host":	"10.0.0.2",
				"remote_port":	5201
			}],
		"version":	"iperf 3.16",
		"system_info":	"Linux mininet 6.8.0-88-generic #89-Ubuntu SMP PREEMPT_DYNAMIC Sat Oct 11 01:02:46 UTC 2025 x86_64",
		"timestamp":	{
			"time":	"Tue, 02 Dec 2025 17:46:51 GMT",
			"timesecs":	1764697611
		},
		"connecting_to":	{
			"host":	"10.0.0.2",
			"port":	5201
		},
		"cookie":	"4byjvpkeputgjektec2bfiq7cei6hbjk766y",
		"tcp_mss_default":	1448,
		"target_bitrate":	0,
		"fq_rate":	0,
		"sock_bufsize":	0,
		"sndbuf_actual":	87380,
		"rcvbuf_actual":	87380,
		"test_start":	{
			"protocol":	"TCP",
			"num_streams":	1,
			"blksize":	131072,
			"omit":	0,
			"duration":	20,
			"bytes":	0,
			"blocks":	0,
			"reverse":	0,
			"tos":	0,
			"target_bitrate":	0,
			"bidir":	0,
			"fqrate":	0
		}
	},
	"intervals":	[{
			"streams":	[{
					"socket":	5,
					"start":	0,
					"end":	1.000793,
					"seconds":	1.0007929801940918,
					"bytes":	1310720,
					"bits_per_second":	10477451.588405838,
					"retransmits":	11,
					"snd_cwnd":	26064,
					"snd_wnd":	1568256,
					"rtt":	44633,
					"rttvar":	316,
					"pmtu":	1500,
					"omitted":	false,
					"sender":	true
				}],
			"sum":	{
				"start":	0,
				"end":	1.000793,
				"seconds":	1.0007929801940918,
				"bytes":	1310720,
				"bits_per_second":	10477451.588405838,
				"retransmits":	11,
				"omitted":	false,
				"sender":	true
			}
		}, {
			"streams":	[{
					"socket":	5,
					"start":	1.000793,
					"end":	2.000738,
					"seconds":	0.99994498491287231,
					"bytes":	786432,
					"bits_per_second":	6291802.1440431448,
					"retransmits":	0,
					"snd_cwnd":	41992,
					"snd_wnd":	2338304,
					"rtt":	45033,
					"rttvar":	586,
					"pmtu":	1500,
					"omitted":	false,
					"sender":	true
				}],
			"sum":	{
				"start":	1.000793,
				"end":	2.000738,
				"seconds":	0.99994498491287231,
				"bytes":	786432,
				"bits_per_second":	6291802.1440431448,
				"retransmits":	0,
				"omitted":	false,
				"sender":	true
			}
		}, {
			"streams":	[{
					"socket":	5,
					"start":	2.000738,
					"end":	3.000938,
					"seconds":	1.0002000331878662,
					"bytes":	524288,
					"bits_per_second":	4193465.16779428,
					"retransmits":	6,
					"snd_cwnd":	21720,
					"snd_wnd":	2338304,
					"rtt":	44907,
					"rttvar":	321,
					"pmtu":	1500,
					"omitted":	false,
					"sender":	true
				}],
			"sum":	{
				"start":	2.000738,
				"end":	3.000938,
				"seconds":	1.0002000331878662,
				"bytes":	524288,
				"bits_per_second":	4193465.16779428,
				"retransmits":	6,
				"omitted":	false,
				"sender":	true
			}
		}, {
			"streams":	[{
					"socket":	5,
					"start":	3.000938,
					"end":	4.000815,
					"seconds":	0.99987697601318359,
					"bytes":	524288,
					"bits_per_second":	4194820.0634881882,
					"retransmits":	2,
					"snd_cwnd":	31856,
					"snd_wnd":	2341376,
					"rtt":	44607,
					"rttvar":	212,
					"pmtu":	1500,
					"omitted":	false,
					"sender":	true
				}],
			"sum":	{
				"start":	3.000938,
				"end":	4.000815,
				"seconds":	0.99987697601318359,
				"bytes":	524288,
				"bits_per_second":	4194820.0634881882,
				"retransmits":	2,
				"omitted":	false,
				"sender":	true
			}
		}, {
			"streams":	[{
					"socket":	5,
					"start":	4.000815,
					"end":	5.000841,
					"seconds":	1.0000259876251221,
					"bytes":	655360,
					"bits_per_second":	5242743.7535407217,
					"retransmits":	8,
					"snd_cwnd":	14480,
					"snd_wnd":	2341376,
					"rtt":	46306,
					"rttvar":	2811,
					"pmtu":	1500,
					"omitted":	false,
					"sender":	true
				}],
			"sum":	{
				"start":	4.000815,
				"end":	5.000841,
				"seconds":	1.0000259876251221,
				"bytes":	655360,
				"bits_per_second":	5242743.7535407217,
				"retransmits":	8,
				"omitted":	false,
				"sender":	true
			}
		}, {
			"streams":	[{
					"socket":	5,
					"start":	5.000841,
					"end":	6.000784,
					"seconds":	0.99994301795959473,
					"bytes":	393216,
					"bits_per_second":	3145907.2602146128,
					"retransmits":	3,
					"snd_cwnd":	17376,
					"snd_wnd":	2339840,
					"rtt":	45050,
					"rttvar":	571,
					"pmtu":	1500,
					"omitted":	false,
					"sender":	true
				}],
			"sum":	{
				"start":	5.000841,
				"end":	6.000784,
				"seconds":	0.99994301795959473,
				"bytes":	393216,
				"bits_per_second":	3145907.2602146128,
				"retransmits":	3,
				"omitted":	false,
				"sender":	true
			}
		}, {
			"streams":	[{
					"socket":	5,
					"start":	6.000784,
					"end":	7.00075,
					"seconds":	0.999966025352478,
					"bytes":	393216,
					"bits_per_second":	3145834.8786311639,
					"retransmits":	2,
					"snd_cwnd":	18824,
					"snd_wnd":	2338304,
					"rtt":	46597,
					"rttvar":	2249,
					"pmtu":	1500,
					"omitted":	false,
					"sender":	true
				}],
			"sum":	{
				"start":	6.000784,
				"end":	7.00075,
				"seconds":	0.999966025352478,
				"bytes":	393216,
				"bits_per_second":	3145834.8786311639,
				"retransmits":	2,
				"omitted":	false,
				"sender":	true
			}
		}, {
			"streams":	[{
					"socket":	5,
					"start":	7.00075,
					"end":	8.000996,
					"seconds":	1.0002460479736328,
					"bytes":	393216,
					"bits_per_second":	3144954.1903942856,
					"retransmits":	4,
					"snd_cwnd":	15928,
					"snd_wnd":	2341376,
					"rtt":	45361,
					"rttvar":	779,
					"pmtu":	1500,
					"omitted":	false,
					"sender":	true
				}],
			"sum":	{
				"start":	7.00075,
				"end":	8.000996,
				"seconds":	1.0002460479736328,
				"bytes":	393216,
				"bits_per_second":	3144954.1903942856,
				"retransmits":	4,
				"omitted":	false,
				"sender":	true
			}
		}, {
			"streams":	[{
					"socket":	5,
					"start":	8.000996,
					"end":	9.000805,
					"seconds":	0.99980902671813965,
					"bytes":	393216,
					"bits_per_second":	3146328.8647491131,
					"retransmits":	6,
					"snd_cwnd":	14480,
					"snd_wnd":	2338304,
					"rtt":	46038,
					"rttvar":	2042,
					"pmtu":	1500,
					"omitted":	false,
					"sender":	true
				}],
			"sum":	{
				"start":	8.000996,
				"end":	9.000805,
				"seconds":	0.99980902671813965,
				"bytes":	393216,
				"bits_per_second":	3146328.8647491131,
				"retransmits":	6,
				"omitted":	false,
				"sender":	true
			}
		}, {
			"streams":	[{
					"socket":	5,
					"start":	9.000805,
					"end":	10.000744,
					"seconds":	0.99993902444839478,
					"bytes":	393216,
					"bits_per_second":	3145919.8241965864,
					"retransmits":	2,
					"snd_cwnd":	20272,
					"snd_wnd":	2338304,
					"rtt":	46566,
					"rttvar":	2360,
					"pmtu":	1500,
					"omitted":	false,
					"sender":	true
				}],
			"sum":	{
				"start":	9.000805,
				"end":	10.000744,
				"seconds":	0.99993902444839478,
				"bytes":	393216,
				"bits_per_second":	3145919.8241965864,
				"retransmits":	2,
				"omitted":	false,
				"sender":	true
			}
		}, {
			"streams":	[{
					"socket":	5,
					"start":	10.000744,
					"end":	11.000735,
					"seconds":	0.999990999698639,
					"bytes":	393216,
					"bits_per_second":	3145756.3127548234,
					"retransmits":	3,
					"snd_cwnd":	15928,
					"snd_wnd":	2339840,
					"rtt":	45723,
					"rttvar":	1064,
					"pmtu":	1500,
					"omitted":	false,
					"sender":	true
				}],
			"sum":	{
				"start":	10.000744,
				"end":	11.000735,
				"seconds":	0.999990999698639,
				"bytes":	393216,
				"bits_per_second":	3145756.3127548234,
				"retransmits":	3,
				"omitted":	false,
				"sender":	true
			}
		}, {
			"streams":	[{
					"socket":	5,
					"start":	11.000735,
					"end":	12.001089,
					"seconds":	1.0003540515899658,
					"bytes":	524288,
					"bits_per_second":	4192819.5255805287,
					"retransmits":	0,
					"snd_cwnd":	30408,
					"snd_wnd":	2341376,
					"rtt":	44989,
					"rttvar":	518,
					"pmtu":	1500,
					"omitted":	false,
					"sender":	true
				}],
			"sum":	{
				"start":	11.000735,
				"end":	12.001089,
				"seconds":	1.0003540515899658,
				"bytes":	524288,
				"bits_per_second":	4192819.5255805287,
				"retransmits":	0,