{
	"start":	{
		"connected":	[{
				"socket":	5,
				"local_host":	"10.0.0.2",
				"local_port":	5201,
				"remote_host":	"10.0.0.1",
				"remote_port":	35674
			}],
		"version":	"iperf 3.16",
		"system_info":	"Linux mininet 6.8.0-88-generic #89-Ubuntu SMP PREEMPT_DYNAMIC Sat Oct 11 01:02:46 UTC 2025 x86_64",
		"sock_bufsize":	0,
		"sndbuf_actual":	87380,
		"rcvbuf_actual":	87380,
		"timestamp":	{
			"time":	"Tue, 02 Dec 2025 17:46:51 GMT",
			"timesecs":	1764697611
		},
		"accepted_connection":	{
			"host":	"10.0.0.1",
			"port":	35664
		},
		"cookie":	"4byjvpkeputgjektec2bfiq7cei6hbjk766y",
		"tcp_mss_default":	0,
		"target_bitrate":	0,
		"fq_rate":	0,
		"test_start":	{
			"protocol":	"TCP",
			"num_streams":	1,
			"blksize":	131072,
			"omit":	0,
			"duration":	20,
			"bytes":	0,
			"blocks":	0,
			"reverse":	0,
			"tos":	0,
			"target_bitrate":	0,
			"bidir":	0,
			"fqrate":	0
		}
	},
	"intervals":	[{
			"streams":	[{
					"socket":	5,
					"start":	0,
					"end":	1.001042,
					"seconds":	1.0010420083999634,
					"bytes":	786432,
					"bits_per_second":	6284907.0740358653,
					"omitted":	false,
					"sender":	false
				}],
			"sum":	{
				"start":	0,
				"end":	1.001042,
				"seconds":	1.0010420083999634,
				"bytes":	786432,
				"bits_per_second":	6284907.0740358653,
				"omitted":	false,
				"sender":	false
			}
		}, {
			"streams":	[{
					"socket":	5,
					"start":	1.001042,
					"end":	2.001098,
					"seconds":	1.0000560283660889,
					"bytes":	786432,
					"bits_per_second":	6291103.5197488926,
					"omitted":	false,
					"sender":	false
				}],
			"sum":	{
				"start":	1.001042,
				"end":	2.001098,
				"seconds":	1.0000560283660889,
				"bytes":	786432,
				"bits_per_second":	6291103.5197488926,
				"omitted":	false,
				"sender":	false
			}
		}, {
			"streams":	[{
					"socket":	5,
					"start":	2.001098,
					"end":	3.001048,
					"seconds":	0.99994999170303345,
					"bytes":	655360,
					"bits_per_second":	5243142.200612206,
					"omitted":	false,
					"sender":	false
				}],
			"sum":	{
				"start":	2.001098,
				"end":	3.001048,
				"seconds":	0.99994999170303345,
				"bytes":	655360,
				"bits_per_second":	5243142.200612206,
				"omitted":	false,
				"sender":	false
			}
		}, {
			"streams":	[{
					"socket":	5,
					"start":	3.001048,
					"end":	4.00108,
					"seconds":	1.0000319480895996,
					"bytes":	655360,
					"bits_per_second":	5242712.5053511336,
					"omitted":	false,
					"sender":	false
				}],
			"sum":	{
				"start":	3.001048,
				"end":	4.00108,
				"seconds":	1.0000319480895996,
				"bytes":	655360,
				"bits_per_second":	5242712.5053511336,
				"omitted":	false,
				"sender":	false
			}
		}, {
			"streams":	[{
					"socket":	5,
					"start":	4.00108,
					"end":	5.001116,
					"seconds":	1.0000360012054443,
					"bytes":	393216,
					"bits_per_second":	3145614.75407699,
					"omitted":	false,
					"sender":	false
				}],
			"sum":	{
				"start":	4.00108,
				"end":	5.001116,
				"seconds":	1.0000360012054443,
				"bytes":	393216,
				"bits_per_second":	3145614.75407699,
				"omitted":	false,
				"sender":	false
			}
		}, {
			"streams":	[{
					"socket":	5,
					"start":	5.001116,
					"end":	6.001042,
					"seconds":	0.999925971031189,
					"bytes":	524288,
					"bits_per_second":	4194614.5229876963,
					"omitted":	false,
					"sender":	false
				}],
			"sum":	{
				"start":	5.001116,
				"end":	6.001042,
				"seconds":	0.999925971031189,
				"bytes":	524288,
				"bits_per_second":	4194614.5229876963,
				"omitted":	false,
				"sender":	false
			}
		}, {
			"streams":	[{
					"socket":	5,
					"start":	6.001042,
					"end":	7.001037,
					"seconds":	0.999994993209839,
					"bytes":	262144,
					"bits_per_second":	2097162.5000525718,
					"omitted":	false,
					"sender":	false
				}],
			"sum":	{
				"start":	6.001042,
				"end":	7.001037,
				"seconds":	0.999994993209839,
				"bytes":	262144,
				"bits_per_second":	2097162.5000525718,
				"omitted":	false,
				"sender":	false
			}
		}, {
			"streams":	[{
					"socket":	5,
					"start":	7.001037,
					"end":	8.001087,
					"seconds":	1.0000499486923218,
					"bytes":	393216,
					"bits_per_second":	3145570.8828477962,
					"omitted":	false,
					"sender":	false
				}],
			"sum":	{
				"start":	7.001037,
				"end":	8.001087,
				"seconds":	1.0000499486923218,
				"bytes":	393216,
				"bits_per_second":	3145570.8828477962,
				"omitted":	false,
				"sender":	false
			}
		}, {
			"streams":	[{
					"socket":	5,
					"start":	8.001087,
					"end":	9.001082,
					"seconds":	0.999994993209839,
					"bytes":	393216,
					"bits_per_second":	3145743.7500788574,
					"omitted":	false,
					"sender":	false
				}],
			"sum":	{
				"start":	8.001087,
				"end":	9.001082,
				"seconds":	0.999994993209839,
				"bytes":	393216,
				"bits_per_second":	3145743.7500788574,
				"omitted":	false,
				"sender":	false
			}
		}, {
			"streams":	[{
					"socket":	5,
					"start":	9.001082,
					"end":	10.001043,
					"seconds":	0.999961018562317,
					"bytes":	393216,
					"bits_per_second":	3145850.6297802851,
					"omitted":	false,
					"sender":	false
				}],
			"sum":	{
				"start":	9.001082,
				"end":	10.001043,
				"seconds":	0.999961018562317,
				"bytes":	393216,
				"bits_per_second":	3145850.6297802851,
				"omitted":	false,
				"sender":	false
			}
		}, {
			"streams":	[{
					"socket":	5,
					"start":	10.001043,
					"end":	11.001068,
					"seconds":	1.0000250339508057,
					"bytes":	524288,
					"bits_per_second":	4194199.0026284992,
					"omitted":	false,
					"sender":	false
				}],
			"sum":	{
				"start":	10.001043,
				"end":	11.001068,
				"seconds":	1.0000250339508057,
				"bytes":	524288,
				"bits_per_second":	4194199.0026284992,
				"omitted":	false,
				"sender":	false
			}
		}, {
			"streams":	[{
					"socket":	5,
					"start":	11.001068,
					"end":	12.001047,
					"seconds":	0.999979019165039,
					"bytes":	393216,
					"bits_per_second":	3145794.001384764,
					"omitted":	false,
					"sender":	false
				}],
			"sum":	{
				"start":	11.001068,
				"end":	12.001047,
				"seconds":	0.999979019165039,
				"bytes":	393216,
				"bits_per_second":	3145794.001384764,
				"omitted":	false,
				"sender":	false
			}
		}, {
			"streams":	[{
					"socket":	5,
					"start":	12.001047,
					"end":	13.001043,
					"seconds":	0.9999960064888,
					"bytes":	524288,
					"bits_per_second":	4194320.75006689,
					"omitted":	false,
					"sender":	false
				}],
			"sum":	{
				"start":	12.001047,
				"end":	13.001043,
				"seconds":	0.9999960064888,
				"bytes":	524288,
				"bits_per_second":	4194320.75006689,
				"omitted":	false,
				"sender":	false
			}
		}, {
			"streams":	[{
					"socket":	5,
					"start":	13.001043,
					"end":	14.001068,
					"seconds":	1.0000250339508057,
					"bytes":	524288,
					"bits_per_second":	4194199.0026284992,
					"omitted":	false,
					"sender":	false
				}],
			"sum":	{
				"start":	13.001043,
				"end":	14.001068,
				"seconds":	1.0000250339508057,
				"bytes":	524288,
				"bits_per_second":	4194199.0026284992,
				"omitted":	false,
				"sender":	false
			}
		}, {
			"streams":	[{
					"socket":	5,
					"start":	14.001068,
					"end":	15.001696,
					"seconds":	1.0006279945373535,
					"bytes":	262144,
					"bits_per_second":	2095835.826549737,
					"omitted":	false,
					"sender":	false
				}],
			"sum":	{
				"start":	14.001068,
				"end":	15.001696,
				"seconds":	1.0006279945373535,
				"bytes":	262144,
				"bits_per_second":	2095835.826549737,
				"omitted":	false,
				"sender":	false
			}
		}, {
			"streams":	[{
					"socket":	5,
					"start":	15.001696,
					"end":	16.001883,
					"seconds":	1.0001870393753052,
					"bytes":	393216,
					"bits_per_second":	3145139.7350287125,
					"omitted":	false,
					"sender":	false
				}],
			"sum":	{
				"start":	15.001696,
				"end":	16.001883,
				"seconds":	1.0001870393753052,
				"bytes":	393216,
				"bits_per_second":	3145139.7350287125,
				"omitted":	false,