{
	"start":	{
		"connected":	[{
				"socket":	5,
				"local_host":	"10.0.0.1",
				"local_port":	41684,
				"remote_host":	"10.0.0.2",
				"remote_port":	5201
			}],
		"version":	"iperf 3.16",
		"system_info":	"Linux mininet 6.8.0-88-generic #89-Ubuntu SMP PREEMPT_DYNAMIC Sat Oct 11 01:02:46 UTC 2025 x86_64",
		"timestamp":	{
			"time":	"Tue, 02 Dec 2025 18:56:31 GMT",
			"timesecs":	1764701791
		},
		"connecting_to":	{
			"host":	"10.0.0.2",
			"port":	5201
		},
		"cookie":	"zkvppfsmkdxfyep4l5nv2d25x637tlo4xyor",
		"tcp_mss_default":	1448,
		"target_bitrate":	0,
		"fq_rate":	0,
		"sock_bufsize":	0,
		"sndbuf_actual":	87380,
		"rcvbuf_actual":	87380,
		"test_start":	{
			"protocol":	"TCP",
			"num_streams":	1,
			"blksize":	131072,
			"omit":	0,
			"duration":	20,
			"bytes":	0,
			"blocks":	0,
			"reverse":	0,
			"tos":	0,
			"target_bitrate":	0,
			"bidir":	0,
			"fqrate":	0
		}
	},
	"intervals":	[{
			"streams":	[{
					"socket":	5,
					"start":	0,
					"end":	1.000996,
					"seconds":	1.0009959936141968,
					"bytes":	11141120,
					"bits_per_second":	89040276.453246251,
					"retransmits":	45,
					"snd_cwnd":	587888,
					"snd_wnd":	8809472,
					"rtt":	129049,
					"rttvar":	1038,
					"pmtu":	1500,
					"omitted":	false,
					"sender":	true
				}],
			"sum":	{
				"start":	0,
				"end":	1.000996,
				"seconds":	1.0009959936141968,
				"bytes":	11141120,
				"bits_per_second":	89040276.453246251,
				"retransmits":	45,
				"omitted":	false,
				"sender":	true
			}
		}, {
			"streams":	[{
					"socket":	5,
					"start":	1.000996,
					"end":	2.000973,
					"seconds":	0.9999769926071167,
					"bytes":	5242880,
					"bits_per_second":	41944005.022202648,
					"retransmits":	45,
					"snd_cwnd":	582096,
					"snd_wnd":	9452032,
					"rtt":	48925,
					"rttvar":	157,
					"pmtu":	1500,
					"omitted":	false,
					"sender":	true
				}],
			"sum":	{
				"start":	1.000996,
				"end":	2.000973,
				"seconds":	0.9999769926071167,
				"bytes":	5242880,
				"bits_per_second":	41944005.022202648,
				"retransmits":	45,
				"omitted":	false,
				"sender":	true
			}
		}, {
			"streams":	[{
					"socket":	5,
					"start":	2.000973,
					"end":	3.001078,
					"seconds":	1.0001050233840942,
					"bytes":	4980736,
					"bits_per_second":	39841703.689450458,
					"retransmits":	51,
					"snd_cwnd":	593680,
					"snd_wnd":	9457152,
					"rtt":	50911,
					"rttvar":	257,
					"pmtu":	1500,
					"omitted":	false,
					"sender":	true
				}],
			"sum":	{
				"start":	2.000973,
				"end":	3.001078,
				"seconds":	1.0001050233840942,
				"bytes":	4980736,
				"bits_per_second":	39841703.689450458,
				"retransmits":	51,
				"omitted":	false,
				"sender":	true
			}
		}, {
			"streams":	[{
					"socket":	5,
					"start":	3.001078,
					"end":	4.000992,
					"seconds":	0.999913990497589,
					"bytes":	8126464,
					"bits_per_second":	65017304.10597425,
					"retransmits":	50,
					"snd_cwnd":	285256,
					"snd_wnd":	9457152,
					"rtt":	47830,
					"rttvar":	271,
					"pmtu":	1500,
					"omitted":	false,
					"sender":	true
				}],
			"sum":	{
				"start":	3.001078,
				"end":	4.000992,
				"seconds":	0.999913990497589,
				"bytes":	8126464,
				"bits_per_second":	65017304.10597425,
				"retransmits":	50,
				"omitted":	false,
				"sender":	true
			}
		}, {
			"streams":	[{
					"socket":	5,
					"start":	4.000992,
					"end":	5.001094,
					"seconds":	1.0001020431518555,
					"bytes":	4980736,
					"bits_per_second":	39841822.414865121,
					"retransmits":	34,
					"snd_cwnd":	567616,
					"snd_wnd":	9452032,
					"rtt":	47300,
					"rttvar":	252,
					"pmtu":	1500,
					"omitted":	false,
					"sender":	true
				}],
			"sum":	{
				"start":	4.000992,
				"end":	5.001094,
				"seconds":	1.0001020431518555,
				"bytes":	4980736,
				"bits_per_second":	39841822.414865121,
				"retransmits":	34,
				"omitted":	false,
				"sender":	true
			}
		}, {
			"streams":	[{
					"socket":	5,
					"start":	5.001094,
					"end":	6.001072,
					"seconds":	0.999978005886078,
					"bytes":	4980736,
					"bits_per_second":	39846764.394275516,
					"retransmits":	55,
					"snd_cwnd":	587888,
					"snd_wnd":	9457152,
					"rtt":	44737,
					"rttvar":	333,
					"pmtu":	1500,
					"omitted":	false,
					"sender":	true
				}],
			"sum":	{
				"start":	5.001094,
				"end":	6.001072,
				"seconds":	0.999978005886078,
				"bytes":	4980736,
				"bits_per_second":	39846764.394275516,
				"retransmits":	55,
				"omitted":	false,
				"sender":	true
			}
		}, {
			"streams":	[{
					"socket":	5,
					"start":	6.001072,
					"end":	7.001007,
					"seconds":	0.99993497133255,
					"bytes":	7602176,
					"bits_per_second":	60821363.132196978,
					"retransmits":	19,
					"snd_cwnd":	576304,
					"snd_wnd":	9452032,
					"rtt":	46356,
					"rttvar":	181,
					"pmtu":	1500,
					"omitted":	false,
					"sender":	true
				}],
			"sum":	{
				"start":	6.001072,
				"end":	7.001007,
				"seconds":	0.99993497133255,
				"bytes":	7602176,
				"bits_per_second":	60821363.132196978,
				"retransmits":	19,
				"omitted":	false,
				"sender":	true
			}
		}, {
			"streams":	[{
					"socket":	5,
					"start":	7.001007,
					"end":	8.000995,
					"seconds":	0.9999880194664,
					"bytes":	4980736,
					"bits_per_second":	39846365.380719274,
					"retransmits":	24,
					"snd_cwnd":	570512,
					"snd_wnd":	9452032,
					"rtt":	47859,
					"rttvar":	287,
					"pmtu":	1500,
					"omitted":	false,
					"sender":	true
				}],
			"sum":	{
				"start":	7.001007,
				"end":	8.000995,
				"seconds":	0.9999880194664,
				"bytes":	4980736,
				"bits_per_second":	39846365.380719274,
				"retransmits":	24,
				"omitted":	false,
				"sender":	true
			}
		}, {
			"streams":	[{
					"socket":	5,
					"start":	8.000995,
					"end":	9.001085,
					"seconds":	1.0000900030136108,
					"bytes":	5111808,
					"bits_per_second":	40890783.706237532,
					"retransmits":	59,
					"snd_cwnd":	579200,
					"snd_wnd":	9457152,
					"rtt":	44837,
					"rttvar":	301,
					"pmtu":	1500,
					"omitted":	false,
					"sender":	true
				}],
			"sum":	{
				"start":	8.000995,
				"end":	9.001085,
				"seconds":	1.0000900030136108,
				"bytes":	5111808,
				"bits_per_second":	40890783.706237532,
				"retransmits":	59,
				"omitted":	false,
				"sender":	true
			}
		}, {
			"streams":	[{
					"socket":	5,
					"start":	9.001085,
					"end":	10.000964,
					"seconds":	0.999879002571106,
					"bytes":	7733248,
					"bits_per_second":	61873470.530850984,
					"retransmits":	53,
					"snd_cwnd":	351864,
					"snd_wnd":	9327616,
					"rtt":	45299,
					"rttvar":	326,
					"pmtu":	1500,
					"omitted":	false,
					"sender":	true
				}],
			"sum":	{
				"start":	9.001085,
				"end":	10.000964,
				"seconds":	0.999879002571106,
				"bytes":	7733248,
				"bits_per_second":	61873470.530850984,
				"retransmits":	53,
				"omitted":	false,
				"sender":	true
			}
		}, {
			"streams":	[{
					"socket":	5,
					"start":	10.000964,
					"end":	11.001033,
					"seconds":	1.00006902217865,
					"bytes":	2490368,
					"bits_per_second":	19921568.969907574,
					"retransmits":	22,
					"snd_cwnd":	306976,
					"snd_wnd":	9452032,
					"rtt":	47176,
					"rttvar":	388,
					"pmtu":	1500,
					"omitted":	false,
					"sender":	true
				}],
			"sum":	{
				"start":	10.000964,
				"end":	11.001033,
				"seconds":	1.00006902217865,
				"bytes":	2490368,
				"bits_per_second":	19921568.969907574,
				"retransmits":	22,
				"omitted":	false,
				"sender":	true
			}
		}, {
			"streams":	[{
					"socket":	5,
					"start":	11.001033,
					"end":	12.001,
					"seconds":	0.99996697902679443,
					"bytes":	7733248,
					"bits_per_second":	61868026.942459948,
					"retransmits":	47,
					"snd_cwnd":	350416,
					"snd_wnd":	9397760,
					"rtt":	45568,
					"rttvar":	123,
					"pmtu":	1500,
					"omitted":	false,
					"sender":	true
				}],
			"sum":	{
				"start":	11.001033,
				"end":	12.001,
				"seconds":	0.99996697902679443,
				"bytes":	7733248,
				"bits_per_second":	61868026.942459948,