{
	"start":	{
		"connected":	[{
				"socket":	5,
				"local_host":	"10.0.0.2",
				"local_port":	5201,
				"remote_host":	"10.0.0.1",
				"remote_port":	41684
			}],
		"version":	"iperf 3.16",
		"system_info":	"Linux mininet 6.8.0-88-generic #89-Ubuntu SMP PREEMPT_DYNAMIC Sat Oct 11 01:02:46 UTC 2025 x86_64",
		"sock_bufsize":	0,
		"sndbuf_actual":	87380,
		"rcvbuf_actual":	87380,
		"timestamp":	{
			"time":	"Tue, 02 Dec 2025 18:56:31 GMT",
			"timesecs":	1764701791
		},
		"accepted_connection":	{
			"host":	"10.0.0.1",
			"port":	41682
		},
		"cookie":	"zkvppfsmkdxfyep4l5nv2d25x637tlo4xyor",
		"tcp_mss_default":	0,
		"target_bitrate":	0,
		"fq_rate":	0,
		"test_start":	{
			"protocol":	"TCP",
			"num_streams":	1,
			"blksize":	131072,
			"omit":	0,
			"duration":	20,
			"bytes":	0,
			"blocks":	0,
			"reverse":	0,
			"tos":	0,
			"target_bitrate":	0,
			"bidir":	0,
			"fqrate":	0
		}
	},
	"intervals":	[{
			"streams":	[{
					"socket":	5,
					"start":	0,
					"end":	1.000856,
					"seconds":	1.0008560419082642,
					"bytes":	4587520,
					"bits_per_second":	36668769.996158786,
					"omitted":	false,
					"sender":	false
				}],
			"sum":	{
				"start":	0,
				"end":	1.000856,
				"seconds":	1.0008560419082642,
				"bytes":	4587520,
				"bits_per_second":	36668769.996158786,
				"omitted":	false,
				"sender":	false
			}
		}, {
			"streams":	[{
					"socket":	5,
					"start":	1.000856,
					"end":	2.001119,
					"seconds":	1.000262975692749,
					"bytes":	5898240,
					"bits_per_second":	47173514.5123417,
					"omitted":	false,
					"sender":	false
				}],
			"sum":	{
				"start":	1.000856,
				"end":	2.001119,
				"seconds":	1.000262975692749,
				"bytes":	5898240,
				"bits_per_second":	47173514.5123417,
				"omitted":	false,
				"sender":	false
			}
		}, {
			"streams":	[{
					"socket":	5,
					"start":	2.001119,
					"end":	3.000969,
					"seconds":	0.99984997510910034,
					"bytes":	5898240,
					"bits_per_second":	47193000.124694936,
					"omitted":	false,
					"sender":	false
				}],
			"sum":	{
				"start":	2.001119,
				"end":	3.000969,
				"seconds":	0.99984997510910034,
				"bytes":	5898240,
				"bits_per_second":	47193000.124694936,
				"omitted":	false,
				"sender":	false
			}
		}, {
			"streams":	[{
					"socket":	5,
					"start":	3.000969,
					"end":	4.000895,
					"seconds":	0.999925971031189,
					"bytes":	5898240,
					"bits_per_second":	47189413.3836116,
					"omitted":	false,
					"sender":	false
				}],
			"sum":	{
				"start":	3.000969,
				"end":	4.000895,
				"seconds":	0.999925971031189,
				"bytes":	5898240,
				"bits_per_second":	47189413.3836116,
				"omitted":	false,
				"sender":	false
			}
		}, {
			"streams":	[{
					"socket":	5,
					"start":	4.000895,
					"end":	5.000733,
					"seconds":	0.99983799457550049,
					"bytes":	6029312,
					"bits_per_second":	48242311.516156,
					"omitted":	false,
					"sender":	false
				}],
			"sum":	{
				"start":	4.000895,
				"end":	5.000733,
				"seconds":	0.99983799457550049,
				"bytes":	6029312,
				"bits_per_second":	48242311.516156,
				"omitted":	false,
				"sender":	false
			}
		}, {
			"streams":	[{
					"socket":	5,
					"start":	5.000733,
					"end":	6.001056,
					"seconds":	1.0003230571746826,
					"bytes":	5898240,
					"bits_per_second":	47170681.1730124,
					"omitted":	false,
					"sender":	false
				}],
			"sum":	{
				"start":	5.000733,
				"end":	6.001056,
				"seconds":	1.0003230571746826,
				"bytes":	5898240,
				"bits_per_second":	47170681.1730124,
				"omitted":	false,
				"sender":	false
			}
		}, {
			"streams":	[{
					"socket":	5,
					"start":	6.001056,
					"end":	7.000965,
					"seconds":	0.999908983707428,
					"bytes":	5898240,
					"bits_per_second":	47190215.078422114,
					"omitted":	false,
					"sender":	false
				}],
			"sum":	{
				"start":	6.001056,
				"end":	7.000965,
				"seconds":	0.999908983707428,
				"bytes":	5898240,
				"bits_per_second":	47190215.078422114,
				"omitted":	false,
				"sender":	false
			}
		}, {
			"streams":	[{
					"socket":	5,
					"start":	7.000965,
					"end":	8.001015,
					"seconds":	1.0000499486923218,
					"bytes":	6029312,
					"bits_per_second":	48232086.870332874,
					"omitted":	false,
					"sender":	false
				}],
			"sum":	{
				"start":	7.000965,
				"end":	8.001015,
				"seconds":	1.0000499486923218,
				"bytes":	6029312,
				"bits_per_second":	48232086.870332874,
				"omitted":	false,
				"sender":	false
			}
		}, {
			"streams":	[{
					"socket":	5,
					"start":	8.001015,
					"end":	9.000891,
					"seconds":	0.99987602233886719,
					"bytes":	5898240,
					"bits_per_second":	47191770.725359246,
					"omitted":	false,
					"sender":	false
				}],
			"sum":	{
				"start":	8.001015,
				"end":	9.000891,
				"seconds":	0.99987602233886719,
				"bytes":	5898240,
				"bits_per_second":	47191770.725359246,
				"omitted":	false,
				"sender":	false
			}
		}, {
			"streams":	[{
					"socket":	5,
					"start":	9.000891,
					"end":	10.001025,
					"seconds":	1.0001339912414551,
					"bytes":	5636096,
					"bits_per_second":	45082727.309399635,
					"omitted":	false,
					"sender":	false
				}],
			"sum":	{
				"start":	9.000891,
				"end":	10.001025,
				"seconds":	1.0001339912414551,
				"bytes":	5636096,
				"bits_per_second":	45082727.309399635,
				"omitted":	false,
				"sender":	false
			}
		}, {
			"streams":	[{
					"socket":	5,
					"start":	10.001025,
					"end":	11.000874,
					"seconds":	0.999849021434784,
					"bytes":	4456448,
					"bits_per_second":	35656967.4377837,
					"omitted":	false,
					"sender":	false
				}],
			"sum":	{
				"start":	10.001025,
				"end":	11.000874,
				"seconds":	0.999849021434784,
				"bytes":	4456448,
				"bits_per_second":	35656967.4377837,
				"omitted":	false,
				"sender":	false
			}
		}, {
			"streams":	[{
					"socket":	5,
					"start":	11.000874,
					"end":	12.001048,
					"seconds":	1.0001740455627441,
					"bytes":	5898240,
					"bits_per_second":	47177708.929100454,
					"omitted":	false,
					"sender":	false
				}],
			"sum":	{
				"start":	11.000874,
				"end":	12.001048,
				"seconds":	1.0001740455627441,
				"bytes":	5898240,
				"bits_per_second":	47177708.929100454,
				"omitted":	false,
				"sender":	false
			}
		}, {
			"streams":	[{
					"socket":	5,
					"start":	12.001048,
					"end":	13.000894,
					"seconds":	0.99984598159790039,
					"bytes":	6029312,
					"bits_per_second":	48241926.144378968,
					"omitted":	false,
					"sender":	false
				}],
			"sum":	{
				"start":	12.001048,
				"end":	13.000894,
				"seconds":	0.99984598159790039,
				"bytes":	6029312,
				"bits_per_second":	48241926.144378968,
				"omitted":	false,
				"sender":	false
			}
		}, {
			"streams":	[{
					"socket":	5,
					"start":	13.000894,
					"end":	14.000875,
					"seconds":	0.99998098611831665,
					"bytes":	5898240,
					"bits_per_second":	47186817.204559341,
					"omitted":	false,
					"sender":	false
				}],
			"sum":	{
				"start":	13.000894,
				"end":	14.000875,
				"seconds":	0.99998098611831665,
				"bytes":	5898240,
				"bits_per_second":	47186817.204559341,
				"omitted":	false,
				"sender":	false
			}
		}, {
			"streams":	[{
					"socket":	5,
					"start":	14.000875,
					"end":	15.000943,
					"seconds":	1.0000679492950439,
					"bytes":	5898240,
					"bits_per_second":	47182713.967847623,
					"omitted":	false,
					"sender":	false
				}],
			"sum":	{
				"start":	14.000875,
				"end":	15.000943,
				"seconds":	1.0000679492950439,
				"bytes":	5898240,
				"bits_per_second":	47182713.967847623,
				"omitted":	false,
				"sender":	false
			}
		}, {
			"streams":	[{
					"socket":	5,
					"start":	15.000943,
					"end":	16.000853,
					"seconds":	0.999909996986389,
					"bytes":	5767168,
					"bits_per_second":	46141496.873771153,
					"omitted":	false,
					"sender":	false
				}],
			"sum":	{
				"start":	15.000943,
				"end":	16.000853,
				"seconds":	0.999909996986389,
				"bytes":	5767168,
				"bits_per_second":	46141496.873771153,