{
	"start":	{
		"connected":	[{
				"socket":	5,
				"local_host":	"10.0.0.1",
				"local_port":	33280,
				"remote_host":	"10.0.0.2",
				"remote_port":	5201
			}],
		"version":	"iperf 3.16",
		"system_info":	"Linux mininet 6.8.0-88-generic #89-Ubuntu SMP PREEMPT_DYNAMIC Sat Oct 11 01:02:46 UTC 2025 x86_64",
		"timestamp":	{
			"time":	"Tue, 02 Dec 2025 18:37:45 GMT",
			"timesecs":	1764700665
		},
		"connecting_to":	{
			"host":	"10.0.0.2",
			"port":	5201
		},
		"cookie":	"ijhs6g7r5fvey23ung5gwoiponwtz5mjykfe",
		"tcp_mss_default":	1448,
		"target_bitrate":	0,
		"fq_rate":	0,
		"sock_bufsize":	0,
		"sndbuf_actual":	87380,
		"rcvbuf_actual":	87380,
		"test_start":	{
			"protocol":	"TCP",
			"num_streams":	1,
			"blksize":	131072,
			"omit":	0,
			"duration":	20,
			"bytes":	0,
			"blocks":	0,
			"reverse":	0,
			"tos":	0,
			"target_bitrate":	0,
			"bidir":	0,
			"fqrate":	0
		}
	},
	"intervals":	[{
			"streams":	[{
					"socket":	5,
					"start":	0,
					"end":	1.000996,
					"seconds":	1.0009959936141968,
					"bytes":	2359296,
					"bits_per_second":	18855587.954805087,
					"retransmits":	2,
					"snd_cwnd":	124528,
					"snd_wnd":	1064960,
					"rtt":	57752,
					"rttvar":	249,
					"pmtu":	1500,
					"omitted":	false,
					"sender":	true
				}],
			"sum":	{
				"start":	0,
				"end":	1.000996,
				"seconds":	1.0009959936141968,
				"bytes":	2359296,
				"bits_per_second":	18855587.954805087,
				"retransmits":	2,
				"omitted":	false,
				"sender":	true
			}
		}, {
			"streams":	[{
					"socket":	5,
					"start":	1.000996,
					"end":	2.00087,
					"seconds":	0.99987399578094482,
					"bytes":	1179648,
					"bits_per_second":	9438373.27485365,
					"retransmits":	0,
					"snd_cwnd":	121632,
					"snd_wnd":	1064960,
					"rtt":	67895,
					"rttvar":	3093,
					"pmtu":	1500,
					"omitted":	false,
					"sender":	true
				}],
			"sum":	{
				"start":	1.000996,
				"end":	2.00087,
				"seconds":	0.99987399578094482,
				"bytes":	1179648,
				"bits_per_second":	9438373.27485365,
				"retransmits":	0,
				"omitted":	false,
				"sender":	true
			}
		}, {
			"streams":	[{
					"socket":	5,
					"start":	2.00087,
					"end":	3.000851,
					"seconds":	0.99998098611831665,
					"bytes":	1179648,
					"bits_per_second":	9437363.44091187,
					"retransmits":	0,
					"snd_cwnd":	127424,
					"snd_wnd":	1064960,
					"rtt":	59952,
					"rttvar":	132,
					"pmtu":	1500,
					"omitted":	false,
					"sender":	true
				}],
			"sum":	{
				"start":	2.00087,
				"end":	3.000851,
				"seconds":	0.99998098611831665,
				"bytes":	1179648,
				"bits_per_second":	9437363.44091187,
				"retransmits":	0,
				"omitted":	false,
				"sender":	true
			}
		}, {
			"streams":	[{
					"socket":	5,
					"start":	3.000851,
					"end":	4.000977,
					"seconds":	1.0001260042190552,
					"bytes":	1179648,
					"bits_per_second":	9435995.02481589,
					"retransmits":	0,
					"snd_cwnd":	121632,
					"snd_wnd":	1064960,
					"rtt":	58391,
					"rttvar":	204,
					"pmtu":	1500,
					"omitted":	false,
					"sender":	true
				}],
			"sum":	{
				"start":	3.000851,
				"end":	4.000977,
				"seconds":	1.0001260042190552,
				"bytes":	1179648,
				"bits_per_second":	9435995.02481589,
				"retransmits":	0,
				"omitted":	false,
				"sender":	true
			}
		}, {
			"streams":	[{
					"socket":	5,
					"start":	4.000977,
					"end":	5.00063,
					"seconds":	0.99965298175811768,
					"bytes":	1179648,
					"bits_per_second":	9440460.01183587,
					"retransmits":	0,
					"snd_cwnd":	124528,
					"snd_wnd":	1064960,
					"rtt":	59832,
					"rttvar":	776,
					"pmtu":	1500,
					"omitted":	false,
					"sender":	true
				}],
			"sum":	{
				"start":	4.000977,
				"end":	5.00063,
				"seconds":	0.99965298175811768,
				"bytes":	1179648,
				"bits_per_second":	9440460.01183587,
				"retransmits":	0,
				"omitted":	false,
				"sender":	true
			}
		}, {
			"streams":	[{
					"socket":	5,
					"start":	5.00063,
					"end":	6.000969,
					"seconds":	1.0003390312194824,
					"bytes":	1179648,
					"bits_per_second":	9433985.5843627546,
					"retransmits":	0,
					"snd_cwnd":	124528,
					"snd_wnd":	1064960,
					"rtt":	72631,
					"rttvar":	3270,
					"pmtu":	1500,
					"omitted":	false,
					"sender":	true
				}],
			"sum":	{
				"start":	5.00063,
				"end":	6.000969,
				"seconds":	1.0003390312194824,
				"bytes":	1179648,
				"bits_per_second":	9433985.5843627546,
				"retransmits":	0,
				"omitted":	false,
				"sender":	true
			}
		}, {
			"streams":	[{
					"socket":	5,
					"start":	6.000969,
					"end":	7.000809,
					"seconds":	0.999840021133423,
					"bytes":	1179648,
					"bits_per_second":	9438693.99156674,
					"retransmits":	0,
					"snd_cwnd":	127424,
					"snd_wnd":	1064960,
					"rtt":	76611,
					"rttvar":	87,
					"pmtu":	1500,
					"omitted":	false,
					"sender":	true
				}],
			"sum":	{
				"start":	6.000969,
				"end":	7.000809,
				"seconds":	0.999840021133423,
				"bytes":	1179648,
				"bits_per_second":	9438693.99156674,
				"retransmits":	0,
				"omitted":	false,
				"sender":	true
			}
		}, {
			"streams":	[{
					"socket":	5,
					"start":	7.000809,
					"end":	8.000805,
					"seconds":	0.9999960064888,
					"bytes":	1179648,
					"bits_per_second":	9437221.6876505055,
					"retransmits":	4,
					"snd_cwnd":	124528,
					"snd_wnd":	1064960,
					"rtt":	73526,
					"rttvar":	281,
					"pmtu":	1500,
					"omitted":	false,
					"sender":	true
				}],
			"sum":	{
				"start":	7.000809,
				"end":	8.000805,
				"seconds":	0.9999960064888,
				"bytes":	1179648,
				"bits_per_second":	9437221.6876505055,
				"retransmits":	4,
				"omitted":	false,
				"sender":	true
			}
		}, {
			"streams":	[{
					"socket":	5,
					"start":	8.000805,
					"end":	9.001097,
					"seconds":	1.00029194355011,
					"bytes":	1179648,
					"bits_per_second":	9434429.67910622,
					"retransmits":	0,
					"snd_cwnd":	124528,
					"snd_wnd":	1068032,
					"rtt":	80128,
					"rttvar":	762,
					"pmtu":	1500,
					"omitted":	false,
					"sender":	true
				}],
			"sum":	{
				"start":	8.000805,
				"end":	9.001097,
				"seconds":	1.00029194355011,
				"bytes":	1179648,
				"bits_per_second":	9434429.67910622,
				"retransmits":	0,
				"omitted":	false,
				"sender":	true
			}
		}, {
			"streams":	[{
					"socket":	5,
					"start":	9.001097,
					"end":	10.001005,
					"seconds":	0.9999079704284668,
					"bytes":	1048576,
					"bits_per_second":	8389380.07105337,
					"retransmits":	0,
					"snd_cwnd":	124528,
					"snd_wnd":	1068032,
					"rtt":	89416,
					"rttvar":	3016,
					"pmtu":	1500,
					"omitted":	false,
					"sender":	true
				}],
			"sum":	{
				"start":	9.001097,
				"end":	10.001005,
				"seconds":	0.9999079704284668,
				"bytes":	1048576,
				"bits_per_second":	8389380.07105337,
				"retransmits":	0,
				"omitted":	false,
				"sender":	true
			}
		}, {
			"streams":	[{
					"socket":	5,
					"start":	10.001005,
					"end":	11.000657,
					"seconds":	0.99965202808380127,
					"bytes":	1179648,
					"bits_per_second":	9440469.01809404,
					"retransmits":	0,
					"snd_cwnd":	124528,
					"snd_wnd":	1064960,
					"rtt":	61399,
					"rttvar":	2820,
					"pmtu":	1500,
					"omitted":	false,
					"sender":	true
				}],
			"sum":	{
				"start":	10.001005,
				"end":	11.000657,
				"seconds":	0.99965202808380127,
				"bytes":	1179648,
				"bits_per_second":	9440469.01809404,
				"retransmits":	0,
				"omitted":	false,
				"sender":	true
			}
		}, {
			"streams":	[{
					"socket":	5,
					"start":	11.000657,
					"end":	12.000703,
					"seconds":	1.0000460147857666,
					"bytes":	1179648,
					"bits_per_second":	9436749.769981,
					"retransmits":	0,
					"snd_cwnd":	127424,
					"snd_wnd":	1068032,
					"rtt":	65956,
					"rttvar":	429,
					"pmtu":	1500,
					"omitted":	false,
					"sender":	true
				}],
			"sum":	{
				"start":	11.000657,
				"end":	12.000703,
				"seconds":	1.0000460147857666,
				"bytes":	1179648,
				"bits_per_second":	9436749.769981,
				"retransmits":	0,
				"omitted":	false,