{
	"start":	{
		"connected":	[{
				"socket":	5,
				"local_host":	"10.0.0.1",
				"local_port":	57344,
				"remote_host":	"10.0.0.2",
				"remote_port":	5201
			}],
		"version":	"iperf 3.16",
		"system_info":	"Linux mininet 6.8.0-88-generic #89-Ubuntu SMP PREEMPT_DYNAMIC Sat Oct 11 01:02:46 UTC 2025 x86_64",
		"timestamp":	{
			"time":	"Tue, 02 Dec 2025 18:35:02 GMT",
			"timesecs":	1764700502
		},
		"connecting_to":	{
			"host":	"10.0.0.2",
			"port":	5201
		},
		"cookie":	"lcmvynzwbmkctxjdhoapaeqjgnnloropi6pw",
		"tcp_mss_default":	1448,
		"target_bitrate":	0,
		"fq_rate":	0,
		"sock_bufsize":	0,
		"sndbuf_actual":	87380,
		"rcvbuf_actual":	87380,
		"test_start":	{
			"protocol":	"TCP",
			"num_streams":	1,
			"blksize":	131072,
			"omit":	0,
			"duration":	20,
			"bytes":	0,
			"blocks":	0,
			"reverse":	0,
			"tos":	0,
			"target_bitrate":	0,
			"bidir":	0,
			"fqrate":	0
		}
	},
	"intervals":	[{
			"streams":	[{
					"socket":	5,
					"start":	0,
					"end":	1.000627,
					"seconds":	1.0006270408630371,
					"bytes":	2228224,
					"bits_per_second":	17814621.50435723,
					"retransmits":	0,
					"snd_cwnd":	127424,
					"snd_wnd":	1056768,
					"rtt":	61762,
					"rttvar":	400,
					"pmtu":	1500,
					"omitted":	false,
					"sender":	true
				}],
			"sum":	{
				"start":	0,
				"end":	1.000627,
				"seconds":	1.0006270408630371,
				"bytes":	2228224,
				"bits_per_second":	17814621.50435723,
				"retransmits":	0,
				"omitted":	false,
				"sender":	true
			}
		}, {
			"streams":	[{
					"socket":	5,
					"start":	1.000627,
					"end":	2.000811,
					"seconds":	1.0001840591430664,
					"bytes":	1179648,
					"bits_per_second":	9435447.3196518961,
					"retransmits":	0,
					"snd_cwnd":	124528,
					"snd_wnd":	1056768,
					"rtt":	81646,
					"rttvar":	1358,
					"pmtu":	1500,
					"omitted":	false,
					"sender":	true
				}],
			"sum":	{
				"start":	1.000627,
				"end":	2.000811,
				"seconds":	1.0001840591430664,
				"bytes":	1179648,
				"bits_per_second":	9435447.3196518961,
				"retransmits":	0,
				"omitted":	false,
				"sender":	true
			}
		}, {
			"streams":	[{
					"socket":	5,
					"start":	2.000811,
					"end":	3.000915,
					"seconds":	1.0001039505004883,
					"bytes":	1179648,
					"bits_per_second":	9436203.10196484,
					"retransmits":	0,
					"snd_cwnd":	124528,
					"snd_wnd":	1056768,
					"rtt":	74829,
					"rttvar":	187,
					"pmtu":	1500,
					"omitted":	false,
					"sender":	true
				}],
			"sum":	{
				"start":	2.000811,
				"end":	3.000915,
				"seconds":	1.0001039505004883,
				"bytes":	1179648,
				"bits_per_second":	9436203.10196484,
				"retransmits":	0,
				"omitted":	false,
				"sender":	true
			}
		}, {
			"streams":	[{
					"socket":	5,
					"start":	3.000915,
					"end":	4.000761,
					"seconds":	0.99984598159790039,
					"bytes":	1179648,
					"bits_per_second":	9438637.72390023,
					"retransmits":	0,
					"snd_cwnd":	124528,
					"snd_wnd":	1056768,
					"rtt":	77583,
					"rttvar":	99,
					"pmtu":	1500,
					"omitted":	false,
					"sender":	true
				}],
			"sum":	{
				"start":	3.000915,
				"end":	4.000761,
				"seconds":	0.99984598159790039,
				"bytes":	1179648,
				"bits_per_second":	9438637.72390023,
				"retransmits":	0,
				"omitted":	false,
				"sender":	true
			}
		}, {
			"streams":	[{
					"socket":	5,
					"start":	4.000761,
					"end":	5.000719,
					"seconds":	0.99995797872543335,
					"bytes":	1179648,
					"bits_per_second":	9437580.57916476,
					"retransmits":	0,
					"snd_cwnd":	124528,
					"snd_wnd":	1056768,
					"rtt":	79274,
					"rttvar":	226,
					"pmtu":	1500,
					"omitted":	false,
					"sender":	true
				}],
			"sum":	{
				"start":	4.000761,
				"end":	5.000719,
				"seconds":	0.99995797872543335,
				"bytes":	1179648,
				"bits_per_second":	9437580.57916476,
				"retransmits":	0,
				"omitted":	false,
				"sender":	true
			}
		}, {
			"streams":	[{
					"socket":	5,
					"start":	5.000719,
					"end":	6.000628,
					"seconds":	0.999908983707428,
					"bytes":	1179648,
					"bits_per_second":	9438043.01568442,
					"retransmits":	0,
					"snd_cwnd":	124528,
					"snd_wnd":	1057792,
					"rtt":	91484,
					"rttvar":	2232,
					"pmtu":	1500,
					"omitted":	false,
					"sender":	true
				}],
			"sum":	{
				"start":	5.000719,
				"end":	6.000628,
				"seconds":	0.999908983707428,
				"bytes":	1179648,
				"bits_per_second":	9438043.01568442,
				"retransmits":	0,
				"omitted":	false,
				"sender":	true
			}
		}, {
			"streams":	[{
					"socket":	5,
					"start":	6.000628,
					"end":	7.000966,
					"seconds":	1.0003379583358765,
					"bytes":	1179648,
					"bits_per_second":	9433995.7025117129,
					"retransmits":	0,
					"snd_cwnd":	124528,
					"snd_wnd":	1057792,
					"rtt":	79221,
					"rttvar":	80,
					"pmtu":	1500,
					"omitted":	false,
					"sender":	true
				}],
			"sum":	{
				"start":	6.000628,
				"end":	7.000966,
				"seconds":	1.0003379583358765,
				"bytes":	1179648,
				"bits_per_second":	9433995.7025117129,
				"retransmits":	0,
				"omitted":	false,
				"sender":	true
			}
		}, {
			"streams":	[{
					"socket":	5,
					"start":	7.000966,
					"end":	8.000856,
					"seconds":	0.9998900294303894,
					"bytes":	1179648,
					"bits_per_second":	9438221.9266413841,
					"retransmits":	0,
					"snd_cwnd":	121632,
					"snd_wnd":	1056768,
					"rtt":	78864,
					"rttvar":	66,
					"pmtu":	1500,
					"omitted":	false,
					"sender":	true
				}],
			"sum":	{
				"start":	7.000966,
				"end":	8.000856,
				"seconds":	0.9998900294303894,
				"bytes":	1179648,
				"bits_per_second":	9438221.9266413841,
				"retransmits":	0,
				"omitted":	false,
				"sender":	true
			}
		}, {
			"streams":	[{
					"socket":	5,
					"start":	8.000856,
					"end":	9.000853,
					"seconds":	0.99999701976776123,
					"bytes":	1179648,
					"bits_per_second":	9437212.12508382,
					"retransmits":	0,
					"snd_cwnd":	124528,
					"snd_wnd":	1056768,
					"rtt":	82360,
					"rttvar":	276,
					"pmtu":	1500,
					"omitted":	false,
					"sender":	true
				}],
			"sum":	{
				"start":	8.000856,
				"end":	9.000853,
				"seconds":	0.99999701976776123,
				"bytes":	1179648,
				"bits_per_second":	9437212.12508382,
				"retransmits":	0,
				"omitted":	false,
				"sender":	true
			}
		}, {
			"streams":	[{
					"socket":	5,
					"start":	9.000853,
					"end":	10.000675,
					"seconds":	0.99982202053070068,
					"bytes":	1179648,
					"bits_per_second":	9438863.92399198,
					"retransmits":	0,
					"snd_cwnd":	124528,
					"snd_wnd":	1056768,
					"rtt":	91340,
					"rttvar":	1886,
					"pmtu":	1500,
					"omitted":	false,
					"sender":	true
				}],
			"sum":	{
				"start":	9.000853,
				"end":	10.000675,
				"seconds":	0.99982202053070068,
				"bytes":	1179648,
				"bits_per_second":	9438863.92399198,
				"retransmits":	0,
				"omitted":	false,
				"sender":	true
			}
		}, {
			"streams":	[{
					"socket":	5,
					"start":	10.000675,
					"end":	11.00079,
					"seconds":	1.0001150369644165,
					"bytes":	1179648,
					"bits_per_second":	9436098.49987264,
					"retransmits":	0,
					"snd_cwnd":	124528,
					"snd_wnd":	1056768,
					"rtt":	55352,
					"rttvar":	137,
					"pmtu":	1500,
					"omitted":	false,
					"sender":	true
				}],
			"sum":	{
				"start":	10.000675,
				"end":	11.00079,
				"seconds":	1.0001150369644165,
				"bytes":	1179648,
				"bits_per_second":	9436098.49987264,
				"retransmits":	0,
				"omitted":	false,
				"sender":	true
			}
		}, {
			"streams":	[{
					"socket":	5,
					"start":	11.00079,
					"end":	12.001267,
					"seconds":	1.0004769563674927,
					"bytes":	1179648,
					"bits_per_second":	9432685.02081677,
					"retransmits":	0,
					"snd_cwnd":	124528,
					"snd_wnd":	1056768,
					"rtt":	62270,
					"rttvar":	71,
					"pmtu":	1500,
					"omitted":	false,
					"sender":	true
				}],
			"sum":	{
				"start":	11.00079,
				"end":	12.001267,
				"seconds":	1.0004769563674927,
				"bytes":	1179648,
				"bits_per_second":	9432685.02081677,
				"retransmits":	0,