{
	"start":	{
		"connected":	[{
				"socket":	5,
				"local_host":	"10.0.0.2",
				"local_port":	5201,
				"remote_host":	"10.0.0.1",
				"remote_port":	60838
			}],
		"version":	"iperf 3.16",
		"system_info":	"Linux mininet 6.8.0-88-generic #89-Ubuntu SMP PREEMPT_DYNAMIC Sat Oct 11 01:02:46 UTC 2025 x86_64",
		"sock_bufsize":	0,
		"sndbuf_actual":	87380,
		"rcvbuf_actual":	87380,
		"timestamp":	{
			"time":	"Tue, 02 Dec 2025 18:12:21 GMT",
			"timesecs":	1764699141
		},
		"accepted_connection":	{
			"host":	"10.0.0.1",
			"port":	60822
		},
		"cookie":	"vhjxyjzkfcf7wpwdovzeiobq2tg3vmzuqfxr",
		"tcp_mss_default":	0,
		"target_bitrate":	0,
		"fq_rate":	0,
		"test_start":	{
			"protocol":	"TCP",
			"num_streams":	1,
			"blksize":	131072,
			"omit":	0,
			"duration":	20,
			"bytes":	0,
			"blocks":	0,
			"reverse":	0,
			"tos":	0,
			"target_bitrate":	0,
			"bidir":	0,
			"fqrate":	0
		}
	},
	"intervals":	[{
			"streams":	[{
					"socket":	5,
					"start":	0,
					"end":	1.000455,
					"seconds":	1.0004550218582153,
					"bytes":	4718592,
					"bits_per_second":	37731567.312128261,
					"omitted":	false,
					"sender":	false
				}],
			"sum":	{
				"start":	0,
				"end":	1.000455,
				"seconds":	1.0004550218582153,
				"bytes":	4718592,
				"bits_per_second":	37731567.312128261,
				"omitted":	false,
				"sender":	false
			}
		}, {
			"streams":	[{
					"socket":	5,
					"start":	1.000455,
					"end":	2.000825,
					"seconds":	1.0003700256347656,
					"bytes":	5898240,
					"bits_per_second":	47168466.458257861,
					"omitted":	false,
					"sender":	false
				}],
			"sum":	{
				"start":	1.000455,
				"end":	2.000825,
				"seconds":	1.0003700256347656,
				"bytes":	5898240,
				"bits_per_second":	47168466.458257861,
				"omitted":	false,
				"sender":	false
			}
		}, {
			"streams":	[{
					"socket":	5,
					"start":	2.000825,
					"end":	3.000724,
					"seconds":	0.99989902973175049,
					"bytes":	6029312,
					"bits_per_second":	48239366.7418001,
					"omitted":	false,
					"sender":	false
				}],
			"sum":	{
				"start":	2.000825,
				"end":	3.000724,
				"seconds":	0.99989902973175049,
				"bytes":	6029312,
				"bits_per_second":	48239366.7418001,
				"omitted":	false,
				"sender":	false
			}
		}, {
			"streams":	[{
					"socket":	5,
					"start":	3.000724,
					"end":	4.000858,
					"seconds":	1.0001339912414551,
					"bytes":	5898240,
					"bits_per_second":	47179598.347046129,
					"omitted":	false,
					"sender":	false
				}],
			"sum":	{
				"start":	3.000724,
				"end":	4.000858,
				"seconds":	1.0001339912414551,
				"bytes":	5898240,
				"bits_per_second":	47179598.347046129,
				"omitted":	false,
				"sender":	false
			}
		}, {
			"streams":	[{
					"socket":	5,
					"start":	4.000858,
					"end":	5.001023,
					"seconds":	1.0001649856567383,
					"bytes":	4849664,
					"bits_per_second":	38790912.055898979,
					"omitted":	false,
					"sender":	false
				}],
			"sum":	{
				"start":	4.000858,
				"end":	5.001023,
				"seconds":	1.0001649856567383,
				"bytes":	4849664,
				"bits_per_second":	38790912.055898979,
				"omitted":	false,
				"sender":	false
			}
		}, {
			"streams":	[{
					"socket":	5,
					"start":	5.001023,
					"end":	6.001052,
					"seconds":	1.0000289678573608,
					"bytes":	7077888,
					"bits_per_second":	56621463.79751315,
					"omitted":	false,
					"sender":	false
				}],
			"sum":	{
				"start":	5.001023,
				"end":	6.001052,
				"seconds":	1.0000289678573608,
				"bytes":	7077888,
				"bits_per_second":	56621463.79751315,
				"omitted":	false,
				"sender":	false
			}
		}, {
			"streams":	[{
					"socket":	5,
					"start":	6.001052,
					"end":	7.001003,
					"seconds":	0.99995100498199463,
					"bytes":	5898240,
					"bits_per_second":	47188231.9882759,
					"omitted":	false,
					"sender":	false
				}],
			"sum":	{
				"start":	6.001052,
				"end":	7.001003,
				"seconds":	0.99995100498199463,
				"bytes":	5898240,
				"bits_per_second":	47188231.9882759,
				"omitted":	false,
				"sender":	false
			}
		}, {
			"streams":	[{
					"socket":	5,
					"start":	7.001003,
					"end":	8.00101,
					"seconds":	1.0000070333480835,
					"bytes":	6029312,
					"bits_per_second":	48234156.752386048,
					"omitted":	false,
					"sender":	false
				}],
			"sum":	{
				"start":	7.001003,
				"end":	8.00101,
				"seconds":	1.0000070333480835,
				"bytes":	6029312,
				"bits_per_second":	48234156.752386048,
				"omitted":	false,
				"sender":	false
			}
		}, {
			"streams":	[{
					"socket":	5,
					"start":	8.00101,
					"end":	9.001029,
					"seconds":	1.0000189542770386,
					"bytes":	5898240,
					"bits_per_second":	47185025.6419519,
					"omitted":	false,
					"sender":	false
				}],
			"sum":	{
				"start":	8.00101,
				"end":	9.001029,
				"seconds":	1.0000189542770386,
				"bytes":	5898240,
				"bits_per_second":	47185025.6419519,
				"omitted":	false,
				"sender":	false
			}
		}, {
			"streams":	[{
					"socket":	5,
					"start":	9.001029,
					"end":	10.00105,
					"seconds":	1.0000209808349609,
					"bytes":	5898240,
					"bits_per_second":	47184930.0207706,
					"omitted":	false,
					"sender":	false
				}],
			"sum":	{
				"start":	9.001029,
				"end":	10.00105,
				"seconds":	1.0000209808349609,
				"bytes":	5898240,
				"bits_per_second":	47184930.0207706,
				"omitted":	false,
				"sender":	false
			}
		}, {
			"streams":	[{
					"socket":	5,
					"start":	10.00105,
					"end":	11.001065,
					"seconds":	1.0000150203704834,
					"bytes":	6029312,
					"bits_per_second":	48233771.5108821,
					"omitted":	false,
					"sender":	false
				}],
			"sum":	{
				"start":	10.00105,
				"end":	11.001065,
				"seconds":	1.0000150203704834,
				"bytes":	6029312,
				"bits_per_second":	48233771.5108821,
				"omitted":	false,
				"sender":	false
			}
		}, {
			"streams":	[{
					"socket":	5,
					"start":	11.001065,
					"end":	12.000927,
					"seconds":	0.999862015247345,
					"bytes":	5898240,
					"bits_per_second":	47192431.836034082,
					"omitted":	false,
					"sender":	false
				}],
			"sum":	{
				"start":	11.001065,
				"end":	12.000927,
				"seconds":	0.999862015247345,
				"bytes":	5898240,
				"bits_per_second":	47192431.836034082,
				"omitted":	false,
				"sender":	false
			}
		}, {
			"streams":	[{
					"socket":	5,
					"start":	12.000927,
					"end":	13.001006,
					"seconds":	1.0000790357589722,
					"bytes":	6029312,
					"bits_per_second":	48230684.05128026,
					"omitted":	false,
					"sender":	false
				}],
			"sum":	{
				"start":	12.000927,
				"end":	13.001006,
				"seconds":	1.0000790357589722,
				"bytes":	6029312,
				"bits_per_second":	48230684.05128026,
				"omitted":	false,
				"sender":	false
			}
		}, {
			"streams":	[{
					"socket":	5,
					"start":	13.001006,
					"end":	14.001013,
					"seconds":	1.0000070333480835,
					"bytes":	5898240,
					"bits_per_second":	47185588.127334177,
					"omitted":	false,
					"sender":	false
				}],
			"sum":	{
				"start":	13.001006,
				"end":	14.001013,
				"seconds":	1.0000070333480835,
				"bytes":	5898240,
				"bits_per_second":	47185588.127334177,
				"omitted":	false,
				"sender":	false
			}
		}, {
			"streams":	[{
					"socket":	5,
					"start":	14.001013,
					"end":	15.000425,
					"seconds":	0.99941200017929077,
					"bytes":	5898240,
					"bits_per_second":	47213681.6363372,
					"omitted":	false,
					"sender":	false
				}],
			"sum":	{
				"start":	14.001013,
				"end":	15.000425,
				"seconds":	0.99941200017929077,
				"bytes":	5898240,
				"bits_per_second":	47213681.6363372,
				"omitted":	false,
				"sender":	false
			}
		}, {
			"streams":	[{
					"socket":	5,
					"start":	15.000425,
					"end":	16.00102,
					"seconds":	1.0005949735641479,
					"bytes":	6029312,
					"bits_per_second":	48205814.814547136,
					"omitted":	false,
					"sender":	false
				}],
			"sum":	{
				"start":	15.000425,
				"end":	16.00102,
				"seconds":	1.0005949735641479,
				"bytes":	6029312,
				"bits_per_second":	48205814.814547136,
				"omitted":	false,