{
	"start":	{
		"connected":	[{
				"socket":	5,
				"local_host":	"10.0.0.2",
				"local_port":	5201,
				"remote_host":	"10.0.0.1",
				"remote_port":	32864
			}],
		"version":	"iperf 3.16",
		"system_info":	"Linux mininet 6.8.0-88-generic #89-Ubuntu SMP PREEMPT_DYNAMIC Sat Oct 11 01:02:46 UTC 2025 x86_64",
		"sock_bufsize":	0,
		"sndbuf_actual":	87380,
		"rcvbuf_actual":	87380,
		"timestamp":	{
			"time":	"Tue, 02 Dec 2025 18:39:18 GMT",
			"timesecs":	1764700758
		},
		"accepted_connection":	{
			"host":	"10.0.0.1",
			"port":	32852
		},
		"cookie":	"vk42xwsvhztpukhhny4c4zotwzrhojhg2duk",
		"tcp_mss_default":	0,
		"target_bitrate":	0,
		"fq_rate":	0,
		"test_start":	{
			"protocol":	"TCP",
			"num_streams":	1,
			"blksize":	131072,
			"omit":	0,
			"duration":	20,
			"bytes":	0,
			"blocks":	0,
			"reverse":	0,
			"tos":	0,
			"target_bitrate":	0,
			"bidir":	0,
			"fqrate":	0
		}
	},
	"intervals":	[{
			"streams":	[{
					"socket":	5,
					"start":	0,
					"end":	1.000984,
					"seconds":	1.0009839534759521,
					"bytes":	1048576,
					"bits_per_second":	8380362.1135686161,
					"omitted":	false,
					"sender":	false
				}],
			"sum":	{
				"start":	0,
				"end":	1.000984,
				"seconds":	1.0009839534759521,
				"bytes":	1048576,
				"bits_per_second":	8380362.1135686161,
				"omitted":	false,
				"sender":	false
			}
		}, {
			"streams":	[{
					"socket":	5,
					"start":	1.000984,
					"end":	2.000742,
					"seconds":	0.999758005142212,
					"bytes":	1179648,
					"bits_per_second":	9439468.30278953,
					"omitted":	false,
					"sender":	false
				}],
			"sum":	{
				"start":	1.000984,
				"end":	2.000742,
				"seconds":	0.999758005142212,
				"bytes":	1179648,
				"bits_per_second":	9439468.30278953,
				"omitted":	false,
				"sender":	false
			}
		}, {
			"streams":	[{
					"socket":	5,
					"start":	2.000742,
					"end":	3.000774,
					"seconds":	1.0000319480895996,
					"bytes":	1179648,
					"bits_per_second":	9436882.50963204,
					"omitted":	false,
					"sender":	false
				}],
			"sum":	{
				"start":	2.000742,
				"end":	3.000774,
				"seconds":	1.0000319480895996,
				"bytes":	1179648,
				"bits_per_second":	9436882.50963204,
				"omitted":	false,
				"sender":	false
			}
		}, {
			"streams":	[{
					"socket":	5,
					"start":	3.000774,
					"end":	4.000898,
					"seconds":	1.0001239776611328,
					"bytes":	1179648,
					"bits_per_second":	9436014.14503588,
					"omitted":	false,
					"sender":	false
				}],
			"sum":	{
				"start":	3.000774,
				"end":	4.000898,
				"seconds":	1.0001239776611328,
				"bytes":	1179648,
				"bits_per_second":	9436014.14503588,
				"omitted":	false,
				"sender":	false
			}
		}, {
			"streams":	[{
					"socket":	5,
					"start":	4.000898,
					"end":	5.000738,
					"seconds":	0.999840021133423,
					"bytes":	1179648,
					"bits_per_second":	9438693.99156674,
					"omitted":	false,
					"sender":	false
				}],
			"sum":	{
				"start":	4.000898,
				"end":	5.000738,
				"seconds":	0.999840021133423,
				"bytes":	1179648,
				"bits_per_second":	9438693.99156674,
				"omitted":	false,
				"sender":	false
			}
		}, {
			"streams":	[{
					"socket":	5,
					"start":	5.000738,
					"end":	6.000984,
					"seconds":	1.0002460479736328,
					"bytes":	1179648,
					"bits_per_second":	9434862.5711828563,
					"omitted":	false,
					"sender":	false
				}],
			"sum":	{
				"start":	5.000738,
				"end":	6.000984,
				"seconds":	1.0002460479736328,
				"bytes":	1179648,
				"bits_per_second":	9434862.5711828563,
				"omitted":	false,
				"sender":	false
			}
		}, {
			"streams":	[{
					"socket":	5,
					"start":	6.000984,
					"end":	7.000863,
					"seconds":	0.999879002571106,
					"bytes":	1179648,
					"bits_per_second":	9438326.01318066,
					"omitted":	false,
					"sender":	false
				}],
			"sum":	{
				"start":	6.000984,
				"end":	7.000863,
				"seconds":	0.999879002571106,
				"bytes":	1179648,
				"bits_per_second":	9438326.01318066,
				"omitted":	false,
				"sender":	false
			}
		}, {
			"streams":	[{
					"socket":	5,
					"start":	7.000863,
					"end":	8.000729,
					"seconds":	0.999866008758545,
					"bytes":	1310720,
					"bits_per_second":	10487165.188282922,
					"omitted":	false,
					"sender":	false
				}],
			"sum":	{
				"start":	7.000863,
				"end":	8.000729,
				"seconds":	0.999866008758545,
				"bytes":	1310720,
				"bits_per_second":	10487165.188282922,
				"omitted":	false,
				"sender":	false
			}
		}, {
			"streams":	[{
					"socket":	5,
					"start":	8.000729,
					"end":	9.001026,
					"seconds":	1.000296950340271,
					"bytes":	1179648,
					"bits_per_second":	9434382.45691917,
					"omitted":	false,
					"sender":	false
				}],
			"sum":	{
				"start":	8.000729,
				"end":	9.001026,
				"seconds":	1.000296950340271,
				"bytes":	1179648,
				"bits_per_second":	9434382.45691917,
				"omitted":	false,
				"sender":	false
			}
		}, {
			"streams":	[{
					"socket":	5,
					"start":	9.001026,
					"end":	10.000733,
					"seconds":	0.99970698356628418,
					"bytes":	1179648,
					"bits_per_second":	9439950.0605011843,
					"omitted":	false,
					"sender":	false
				}],
			"sum":	{
				"start":	9.001026,
				"end":	10.000733,
				"seconds":	0.99970698356628418,
				"bytes":	1179648,
				"bits_per_second":	9439950.0605011843,
				"omitted":	false,
				"sender":	false
			}
		}, {
			"streams":	[{
					"socket":	5,
					"start":	10.000733,
					"end":	11.000965,
					"seconds":	1.0002319812774658,
					"bytes":	917504,
					"bits_per_second":	7338329.6449145079,
					"omitted":	false,
					"sender":	false
				}],
			"sum":	{
				"start":	10.000733,
				"end":	11.000965,
				"seconds":	1.0002319812774658,
				"bytes":	917504,
				"bits_per_second":	7338329.6449145079,
				"omitted":	false,
				"sender":	false
			}
		}, {
			"streams":	[{
					"socket":	5,
					"start":	11.000965,
					"end":	12.00073,
					"seconds":	0.99976497888565063,
					"bytes":	1179648,
					"bits_per_second":	9439402.45888468,
					"omitted":	false,
					"sender":	false
				}],
			"sum":	{
				"start":	11.000965,
				"end":	12.00073,
				"seconds":	0.99976497888565063,
				"bytes":	1179648,
				"bits_per_second":	9439402.45888468,
				"omitted":	false,
				"sender":	false
			}
		}, {
			"streams":	[{
					"socket":	5,
					"start":	12.00073,
					"end":	13.001588,
					"seconds":	1.000857949256897,
					"bytes":	1179648,
					"bits_per_second":	9429094.31553877,
					"omitted":	false,
					"sender":	false
				}],
			"sum":	{
				"start":	12.00073,
				"end":	13.001588,
				"seconds":	1.000857949256897,
				"bytes":	1179648,
				"bits_per_second":	9429094.31553877,
				"omitted":	false,
				"sender":	false
			}
		}, {
			"streams":	[{
					"socket":	5,
					"start":	13.001588,
					"end":	14.000748,
					"seconds":	0.99915999174118042,
					"bytes":	1179648,
					"bits_per_second":	9445117.9771062937,
					"omitted":	false,
					"sender":	false
				}],
			"sum":	{
				"start":	13.001588,
				"end":	14.000748,
				"seconds":	0.99915999174118042,
				"bytes":	1179648,
				"bits_per_second":	9445117.9771062937,
				"omitted":	false,
				"sender":	false
			}
		}, {
			"streams":	[{
					"socket":	5,
					"start":	14.000748,
					"end":	15.000872,
					"seconds":	1.0001239776611328,
					"bytes":	1179648,
					"bits_per_second":	9436014.14503588,
					"omitted":	false,
					"sender":	false
				}],
			"sum":	{
				"start":	14.000748,
				"end":	15.000872,
				"seconds":	1.0001239776611328,
				"bytes":	1179648,
				"bits_per_second":	9436014.14503588,
				"omitted":	false,
				"sender":	false
			}
		}, {
			"streams":	[{
					"socket":	5,
					"start":	15.000872,
					"end":	16.000905,
					"seconds":	1.0000330209732056,
					"bytes":	1179648,
					"bits_per_second":	9436872.38528982,
					"omitted":	false,
					"sender":	false
				}],
			"sum":	{
				"start":	15.000872,
				"end":	16.000905,
				"seconds":	1.0000330209732056,
				"bytes":	1179648,
				"bits_per_second":	9436872.38528982,
				"omitted":	false,