{
	"start":	{
		"connected":	[{
				"socket":	5,
				"local_host":	"10.0.0.1",
				"local_port":	58068,
				"remote_host":	"10.0.0.2",
				"remote_port":	5201
			}],
		"version":	"iperf 3.16",
		"system_info":	"Linux mininet 6.8.0-88-generic #89-Ubuntu SMP PREEMPT_DYNAMIC Sat Oct 11 01:02:46 UTC 2025 x86_64",
		"timestamp":	{
			"time":	"Tue, 02 Dec 2025 17:37:52 GMT",
			"timesecs":	1764697072
		},
		"connecting_to":	{
			"host":	"10.0.0.2",
			"port":	5201
		},
		"cookie":	"r5cz2vqndrki6f2qls5n5mjskra6avwgpwl5",
		"tcp_mss_default":	1448,
		"target_bitrate":	0,
		"fq_rate":	0,
		"sock_bufsize":	0,
		"sndbuf_actual":	87380,
		"rcvbuf_actual":	87380,
		"test_start":	{
			"protocol":	"TCP",
			"num_streams":	1,
			"blksize":	131072,
			"omit":	0,
			"duration":	20,
			"bytes":	0,
			"blocks":	0,
			"reverse":	0,
			"tos":	0,
			"target_bitrate":	0,
			"bidir":	0,
			"fqrate":	0
		}
	},
	"intervals":	[{
			"streams":	[{
					"socket":	5,
					"start":	0,
					"end":	1.000819,
					"seconds":	1.0008189678192139,
					"bytes":	17039360,
					"bits_per_second":	136203333.852705,
					"retransmits":	0,
					"snd_cwnd":	2539792,
					"snd_wnd":	4029952,
					"rtt":	202063,
					"rttvar":	10941,
					"pmtu":	1500,
					"omitted":	false,
					"sender":	true
				}],
			"sum":	{
				"start":	0,
				"end":	1.000819,
				"seconds":	1.0008189678192139,
				"bytes":	17039360,
				"bits_per_second":	136203333.852705,
				"retransmits":	0,
				"omitted":	false,
				"sender":	true
			}
		}, {
			"streams":	[{
					"socket":	5,
					"start":	1.000819,
					"end":	2.000738,
					"seconds":	0.99991899728775024,
					"bytes":	5505024,
					"bits_per_second":	44043759.66399046,
					"retransmits":	0,
					"snd_cwnd":	8492520,
					"snd_wnd":	11648512,
					"rtt":	699697,
					"rttvar":	14089,
					"pmtu":	1500,
					"omitted":	false,
					"sender":	true
				}],
			"sum":	{
				"start":	1.000819,
				"end":	2.000738,
				"seconds":	0.99991899728775024,
				"bytes":	5505024,
				"bits_per_second":	44043759.66399046,
				"retransmits":	0,
				"omitted":	false,
				"sender":	true
			}
		}, {
			"streams":	[{
					"socket":	5,
					"start":	2.000738,
					"end":	3.000932,
					"seconds":	1.0001939535140991,
					"bytes":	0,
					"bits_per_second":	0,
					"retransmits":	3184,
					"snd_cwnd":	3343432,
					"snd_wnd":	12284416,
					"rtt":	750653,
					"rttvar":	637,
					"pmtu":	1500,
					"omitted":	false,
					"sender":	true
				}],
			"sum":	{
				"start":	2.000738,
				"end":	3.000932,
				"seconds":	1.0001939535140991,
				"bytes":	0,
				"bits_per_second":	0,
				"retransmits":	3184,
				"omitted":	false,
				"sender":	true
			}
		}, {
			"streams":	[{
					"socket":	5,
					"start":	3.000932,
					"end":	4.000984,
					"seconds":	1.0000519752502441,
					"bytes":	5505024,
					"bits_per_second":	44037903.118965164,
					"retransmits":	1858,
					"snd_cwnd":	1272792,
					"snd_wnd":	8475136,
					"rtt":	212354,
					"rttvar":	432,
					"pmtu":	1500,
					"omitted":	false,
					"sender":	true
				}],
			"sum":	{
				"start":	3.000932,
				"end":	4.000984,
				"seconds":	1.0000519752502441,
				"bytes":	5505024,
				"bits_per_second":	44037903.118965164,
				"retransmits":	1858,
				"omitted":	false,
				"sender":	true
			}
		}, {
			"streams":	[{
					"socket":	5,
					"start":	4.000984,
					"end":	5.001024,
					"seconds":	1.0000400543212891,
					"bytes":	8781824,
					"bits_per_second":	70251778.112708345,
					"retransmits":	507,
					"snd_cwnd":	2581784,
					"snd_wnd":	12581376,
					"rtt":	599470,
					"rttvar":	4870,
					"pmtu":	1500,
					"omitted":	false,
					"sender":	true
				}],
			"sum":	{
				"start":	4.000984,
				"end":	5.001024,
				"seconds":	1.0000400543212891,
				"bytes":	8781824,
				"bits_per_second":	70251778.112708345,
				"retransmits":	507,
				"omitted":	false,
				"sender":	true
			}
		}, {
			"streams":	[{
					"socket":	5,
					"start":	5.001024,
					"end":	6.001028,
					"seconds":	1.0000040531158447,
					"bytes":	6946816,
					"bits_per_second":	55574302.750912964,
					"retransmits":	1389,
					"snd_cwnd":	1090344,
					"snd_wnd":	12582912,
					"rtt":	258511,
					"rttvar":	836,
					"pmtu":	1500,
					"omitted":	false,
					"sender":	true
				}],
			"sum":	{
				"start":	5.001024,
				"end":	6.001028,
				"seconds":	1.0000040531158447,
				"bytes":	6946816,
				"bits_per_second":	55574302.750912964,
				"retransmits":	1389,
				"omitted":	false,
				"sender":	true
			}
		}, {
			"streams":	[{
					"socket":	5,
					"start":	6.001028,
					"end":	7.000822,
					"seconds":	0.99979400634765625,
					"bytes":	5505024,
					"bits_per_second":	44049265.869159453,
					"retransmits":	25,
					"snd_cwnd":	541552,
					"snd_wnd":	12578304,
					"rtt":	104741,
					"rttvar":	341,
					"pmtu":	1500,
					"omitted":	false,
					"sender":	true
				}],
			"sum":	{
				"start":	6.001028,
				"end":	7.000822,
				"seconds":	0.99979400634765625,
				"bytes":	5505024,
				"bits_per_second":	44049265.869159453,
				"retransmits":	25,
				"omitted":	false,
				"sender":	true
			}
		}, {
			"streams":	[{
					"socket":	5,
					"start":	7.000822,
					"end":	8.000743,
					"seconds":	0.99992102384567261,
					"bytes":	5505024,
					"bits_per_second":	44043670.399710633,
					"retransmits":	1,
					"snd_cwnd":	278016,
					"snd_wnd":	12580352,
					"rtt":	104513,
					"rttvar":	60,
					"pmtu":	1500,
					"omitted":	false,
					"sender":	true
				}],
			"sum":	{
				"start":	7.000822,
				"end":	8.000743,
				"seconds":	0.99992102384567261,
				"bytes":	5505024,
				"bits_per_second":	44043670.399710633,
				"retransmits":	1,
				"omitted":	false,
				"sender":	true
			}
		}, {
			"streams":	[{
					"socket":	5,
					"start":	8.000743,
					"end":	9.000729,
					"seconds":	0.99998599290847778,
					"bytes":	5636096,
					"bits_per_second":	45089399.571346477,
					"retransmits":	2,
					"snd_cwnd":	199824,
					"snd_wnd":	12580352,
					"rtt":	105658,
					"rttvar":	66,
					"pmtu":	1500,
					"omitted":	false,
					"sender":	true
				}],
			"sum":	{
				"start":	8.000743,
				"end":	9.000729,
				"seconds":	0.99998599290847778,
				"bytes":	5636096,
				"bits_per_second":	45089399.571346477,
				"retransmits":	2,
				"omitted":	false,
				"sender":	true
			}
		}, {
			"streams":	[{
					"socket":	5,
					"start":	9.000729,
					"end":	10.000875,
					"seconds":	1.0001460313797,
					"bytes":	0,
					"bits_per_second":	0,
					"retransmits":	0,
					"snd_cwnd":	157832,
					"snd_wnd":	12580352,
					"rtt":	104569,
					"rttvar":	133,
					"pmtu":	1500,
					"omitted":	false,
					"sender":	true
				}],
			"sum":	{
				"start":	9.000729,
				"end":	10.000875,
				"seconds":	1.0001460313797,
				"bytes":	0,
				"bits_per_second":	0,
				"retransmits":	0,
				"omitted":	false,
				"sender":	true
			}
		}, {
			"streams":	[{
					"socket":	5,
					"start":	10.000875,
					"end":	11.001734,
					"seconds":	1.0008590221405029,
					"bytes":	0,
					"bits_per_second":	0,
					"retransmits":	0,
					"snd_cwnd":	170864,
					"snd_wnd":	12580352,
					"rtt":	104550,
					"rttvar":	90,
					"pmtu":	1500,
					"omitted":	false,
					"sender":	true
				}],
			"sum":	{
				"start":	10.000875,
				"end":	11.001734,
				"seconds":	1.0008590221405029,
				"bytes":	0,
				"bits_per_second":	0,
				"retransmits":	0,
				"omitted":	false,
				"sender":	true
			}
		}, {
			"streams":	[{
					"socket":	5,
					"start":	11.001734,
					"end":	12.000459,
					"seconds":	0.99872499704360962,
					"bytes":	0,
					"bits_per_second":	0,
					"retransmits":	4,
					"snd_cwnd":	46336,
					"snd_wnd":	12582912,
					"rtt":	105405,
					"rttvar":	1432,
					"pmtu":	1500,
					"omitted":	false,
					"sender":	true
				}],
			"sum":	{
				"start":	11.001734,
				"end":	12.000459,
				"seconds":	0.99872499704360962,
				"bytes":	0,
				"bits_per_second":	0,
				"retransmits":	4,
				"omitted":	false,
				"sender":	true
			}
		}, {
			"streams":	[{
					"socket":	5,