{
	"start":	{
		"connected":	[{
				"socket":	5,
				"local_host":	"10.0.0.1",
				"local_port":	52318,
				"remote_host":	"10.0.0.2",
				"remote_port":	5201
			}],
		"version":	"iperf 3.16",
		"system_info":	"Linux mininet 6.8.0-88-generic #89-Ubuntu SMP PREEMPT_DYNAMIC Sat Oct 11 01:02:46 UTC 2025 x86_64",
		"timestamp":	{
			"time":	"Tue, 02 Dec 2025 18:03:49 GMT",
			"timesecs":	1764698629
		},
		"connecting_to":	{
			"host":	"10.0.0.2",
			"port":	5201
		},
		"cookie":	"udz2hazbd5umnmg3zybtcaqtrj6fweu4ijuo",
		"tcp_mss_default":	1448,
		"target_bitrate":	0,
		"fq_rate":	0,
		"sock_bufsize":	0,
		"sndbuf_actual":	87380,
		"rcvbuf_actual":	87380,
		"test_start":	{
			"protocol":	"TCP",
			"num_streams":	1,
			"blksize":	131072,
			"omit":	0,
			"duration":	20,
			"bytes":	0,
			"blocks":	0,
			"reverse":	0,
			"tos":	0,
			"target_bitrate":	0,
			"bidir":	0,
			"fqrate":	0
		}
	},
	"intervals":	[{
			"streams":	[{
					"socket":	5,
					"start":	0,
					"end":	1.000968,
					"seconds":	1.0009679794311523,
					"bytes":	1441792,
					"bits_per_second":	11523181.797039038,
					"retransmits":	4,
					"snd_cwnd":	75296,
					"snd_wnd":	867328,
					"rtt":	104765,
					"rttvar":	399,
					"pmtu":	1500,
					"omitted":	false,
					"sender":	true
				}],
			"sum":	{
				"start":	0,
				"end":	1.000968,
				"seconds":	1.0009679794311523,
				"bytes":	1441792,
				"bits_per_second":	11523181.797039038,
				"retransmits":	4,
				"omitted":	false,
				"sender":	true
			}
		}, {
			"streams":	[{
					"socket":	5,
					"start":	1.000968,
					"end":	2.000566,
					"seconds":	0.99959802627563477,
					"bytes":	655360,
					"bits_per_second":	5244988.3475002972,
					"retransmits":	2,
					"snd_cwnd":	62264,
					"snd_wnd":	2190848,
					"rtt":	104660,
					"rttvar":	243,
					"pmtu":	1500,
					"omitted":	false,
					"sender":	true
				}],
			"sum":	{
				"start":	1.000968,
				"end":	2.000566,
				"seconds":	0.99959802627563477,
				"bytes":	655360,
				"bits_per_second":	5244988.3475002972,
				"retransmits":	2,
				"omitted":	false,
				"sender":	true
			}
		}, {
			"streams":	[{
					"socket":	5,
					"start":	2.000566,
					"end":	3.000427,
					"seconds":	0.99986100196838379,
					"bytes":	262144,
					"bits_per_second":	2097443.5405235589,
					"retransmits":	6,
					"snd_cwnd":	33304,
					"snd_wnd":	2569216,
					"rtt":	105716,
					"rttvar":	323,
					"pmtu":	1500,
					"omitted":	false,
					"sender":	true
				}],
			"sum":	{
				"start":	2.000566,
				"end":	3.000427,
				"seconds":	0.99986100196838379,
				"bytes":	262144,
				"bits_per_second":	2097443.5405235589,
				"retransmits":	6,
				"omitted":	false,
				"sender":	true
			}
		}, {
			"streams":	[{
					"socket":	5,
					"start":	3.000427,
					"end":	4.000428,
					"seconds":	1.0000009536743164,
					"bytes":	262144,
					"bits_per_second":	2097150.0000019073,
					"retransmits":	4,
					"snd_cwnd":	21720,
					"snd_wnd":	2576896,
					"rtt":	108613,
					"rttvar":	5346,
					"pmtu":	1500,
					"omitted":	false,
					"sender":	true
				}],
			"sum":	{
				"start":	3.000427,
				"end":	4.000428,
				"seconds":	1.0000009536743164,
				"bytes":	262144,
				"bits_per_second":	2097150.0000019073,
				"retransmits":	4,
				"omitted":	false,
				"sender":	true
			}
		}, {
			"streams":	[{
					"socket":	5,
					"start":	4.000428,
					"end":	5.000474,
					"seconds":	1.0000460147857666,
					"bytes":	393216,
					"bits_per_second":	3145583.2566603338,
					"retransmits":	0,
					"snd_cwnd":	27512,
					"snd_wnd":	2576896,
					"rtt":	107595,
					"rttvar":	4566,
					"pmtu":	1500,
					"omitted":	false,
					"sender":	true
				}],
			"sum":	{
				"start":	4.000428,
				"end":	5.000474,
				"seconds":	1.0000460147857666,
				"bytes":	393216,
				"bits_per_second":	3145583.2566603338,
				"retransmits":	0,
				"omitted":	false,
				"sender":	true
			}
		}, {
			"streams":	[{
					"socket":	5,
					"start":	5.000474,
					"end":	6.00046,
					"seconds":	0.99998599290847778,
					"bytes":	0,
					"bits_per_second":	0,
					"retransmits":	2,
					"snd_cwnd":	26064,
					"snd_wnd":	2576896,
					"rtt":	105075,
					"rttvar":	568,
					"pmtu":	1500,
					"omitted":	false,
					"sender":	true
				}],
			"sum":	{
				"start":	5.000474,
				"end":	6.00046,
				"seconds":	0.99998599290847778,
				"bytes":	0,
				"bits_per_second":	0,
				"retransmits":	2,
				"omitted":	false,
				"sender":	true
			}
		}, {
			"streams":	[{
					"socket":	5,
					"start":	6.00046,
					"end":	7.000708,
					"seconds":	1.0002479553222656,
					"bytes":	262144,
					"bits_per_second":	2096632.1289048051,
					"retransmits":	2,
					"snd_cwnd":	20272,
					"snd_wnd":	2573824,
					"rtt":	105947,
					"rttvar":	1174,
					"pmtu":	1500,
					"omitted":	false,
					"sender":	true
				}],
			"sum":	{
				"start":	6.00046,
				"end":	7.000708,
				"seconds":	1.0002479553222656,
				"bytes":	262144,
				"bits_per_second":	2096632.1289048051,
				"retransmits":	2,
				"omitted":	false,
				"sender":	true
			}
		}, {
			"streams":	[{
					"socket":	5,
					"start":	7.000708,
					"end":	8.000987,
					"seconds":	1.0002789497375488,
					"bytes":	393216,
					"bits_per_second":	3144850.7447101329,
					"retransmits":	0,
					"snd_cwnd":	27512,
					"snd_wnd":	2573824,
					"rtt":	104861,
					"rttvar":	493,
					"pmtu":	1500,
					"omitted":	false,
					"sender":	true
				}],
			"sum":	{
				"start":	7.000708,
				"end":	8.000987,
				"seconds":	1.0002789497375488,
				"bytes":	393216,
				"bits_per_second":	3144850.7447101329,
				"retransmits":	0,
				"omitted":	false,
				"sender":	true
			}
		}, {
			"streams":	[{
					"socket":	5,
					"start":	8.000987,
					"end":	9.000446,
					"seconds":	0.99945902824401855,
					"bytes":	0,
					"bits_per_second":	0,
					"retransmits":	2,
					"snd_cwnd":	26064,
					"snd_wnd":	2573824,
					"rtt":	106074,
					"rttvar":	1512,
					"pmtu":	1500,
					"omitted":	false,
					"sender":	true
				}],
			"sum":	{
				"start":	8.000987,
				"end":	9.000446,
				"seconds":	0.99945902824401855,
				"bytes":	0,
				"bits_per_second":	0,
				"retransmits":	2,
				"omitted":	false,
				"sender":	true
			}
		}, {
			"streams":	[{
					"socket":	5,
					"start":	9.000446,
					"end":	10.000507,
					"seconds":	1.00006103515625,
					"bytes":	262144,
					"bits_per_second":	2097024.0078120232,
					"retransmits":	2,
					"snd_cwnd":	23168,
					"snd_wnd":	2576896,
					"rtt":	107034,
					"rttvar":	3292,
					"pmtu":	1500,
					"omitted":	false,
					"sender":	true
				}],
			"sum":	{
				"start":	9.000446,
				"end":	10.000507,
				"seconds":	1.00006103515625,
				"bytes":	262144,
				"bits_per_second":	2097024.0078120232,
				"retransmits":	2,
				"omitted":	false,
				"sender":	true
			}
		}, {
			"streams":	[{
					"socket":	5,
					"start":	10.000507,
					"end":	11.000436,
					"seconds":	0.99992901086807251,
					"bytes":	393216,
					"bits_per_second":	3145951.328353886,
					"retransmits":	2,
					"snd_cwnd":	21720,
					"snd_wnd":	2573824,
					"rtt":	105057,
					"rttvar":	536,
					"pmtu":	1500,
					"omitted":	false,
					"sender":	true
				}],
			"sum":	{
				"start":	10.000507,
				"end":	11.000436,
				"seconds":	0.99992901086807251,
				"bytes":	393216,
				"bits_per_second":	3145951.328353886,
				"retransmits":	2,
				"omitted":	false,
				"sender":	true
			}
		}, {
			"streams":	[{
					"socket":	5,
					"start":	11.000436,
					"end":	12.001042,
					"seconds":	1.0006059408187866,
					"bytes":	0,
					"bits_per_second":	0,
					"retransmits":	6,
					"snd_cwnd":	13032,
					"snd_wnd":	2575872,
					"rtt":	105481,
					"rttvar":	655,
					"pmtu":	1500,
					"omitted":	false,
					"sender":	true
				}],
			"sum":	{
				"start":	11.000436,
				"end":	12.001042,
				"seconds":	1.0006059408187866,
				"bytes":	0,
				"bits_per_second":	0,
				"retransmits":	6,
				"omitted":	false,
				"sender":	true
			}
		}, {
			"streams":	[{
					"socket":	5,
					"start":	12.001042,