{
	"start":	{
		"connected":	[{
				"socket":	5,
				"local_host":	"10.0.0.1",
				"local_port":	41936,
				"remote_host":	"10.0.0.2",
				"remote_port":	5201
			}],
		"version":	"iperf 3.16",
		"system_info":	"Linux mininet 6.8.0-88-generic #89-Ubuntu SMP PREEMPT_DYNAMIC Sat Oct 11 01:02:46 UTC 2025 x86_64",
		"timestamp":	{
			"time":	"Tue, 02 Dec 2025 18:49:08 GMT",
			"timesecs":	1764701348
		},
		"connecting_to":	{
			"host":	"10.0.0.2",
			"port":	5201
		},
		"cookie":	"kgfj42ico5uoakfvj7hagtgxfdcexmzapola",
		"tcp_mss_default":	1448,
		"target_bitrate":	0,
		"fq_rate":	0,
		"sock_bufsize":	0,
		"sndbuf_actual":	87380,
		"rcvbuf_actual":	87380,
		"test_start":	{
			"protocol":	"TCP",
			"num_streams":	1,
			"blksize":	131072,
			"omit":	0,
			"duration":	20,
			"bytes":	0,
			"blocks":	0,
			"reverse":	0,
			"tos":	0,
			"target_bitrate":	0,
			"bidir":	0,
			"fqrate":	0
		}
	},
	"intervals":	[{
			"streams":	[{
					"socket":	5,
					"start":	0,
					"end":	1.000701,
					"seconds":	1.0007009506225586,
					"bytes":	3670016,
					"bits_per_second":	29339562.415459286,
					"retransmits":	0,
					"snd_cwnd":	373584,
					"snd_wnd":	914432,
					"rtt":	308609,
					"rttvar":	2700,
					"pmtu":	1500,
					"omitted":	false,
					"sender":	true
				}],
			"sum":	{
				"start":	0,
				"end":	1.000701,
				"seconds":	1.0007009506225586,
				"bytes":	3670016,
				"bits_per_second":	29339562.415459286,
				"retransmits":	0,
				"omitted":	false,
				"sender":	true
			}
		}, {
			"streams":	[{
					"socket":	5,
					"start":	1.000701,
					"end":	2.000935,
					"seconds":	1.0002340078353882,
					"bytes":	1179648,
					"bits_per_second":	9434976.14165615,
					"retransmits":	0,
					"snd_cwnd":	275120,
					"snd_wnd":	2298880,
					"rtt":	138666,
					"rttvar":	1738,
					"pmtu":	1500,
					"omitted":	false,
					"sender":	true
				}],
			"sum":	{
				"start":	1.000701,
				"end":	2.000935,
				"seconds":	1.0002340078353882,
				"bytes":	1179648,
				"bits_per_second":	9434976.14165615,
				"retransmits":	0,
				"omitted":	false,
				"sender":	true
			}
		}, {
			"streams":	[{
					"socket":	5,
					"start":	2.000935,
					"end":	3.000922,
					"seconds":	0.999987006187439,
					"bytes":	1179648,
					"bits_per_second":	9437306.6265933868,
					"retransmits":	4,
					"snd_cwnd":	269328,
					"snd_wnd":	2297856,
					"rtt":	112918,
					"rttvar":	532,
					"pmtu":	1500,
					"omitted":	false,
					"sender":	true
				}],
			"sum":	{
				"start":	2.000935,
				"end":	3.000922,
				"seconds":	0.999987006187439,
				"bytes":	1179648,
				"bits_per_second":	9437306.6265933868,
				"retransmits":	4,
				"omitted":	false,
				"sender":	true
			}
		}, {
			"streams":	[{
					"socket":	5,
					"start":	3.000922,
					"end":	4.000758,
					"seconds":	0.999836027622223,
					"bytes":	1179648,
					"bits_per_second":	9438731.69127862,
					"retransmits":	8,
					"snd_cwnd":	127424,
					"snd_wnd":	2297856,
					"rtt":	106342,
					"rttvar":	446,
					"pmtu":	1500,
					"omitted":	false,
					"sender":	true
				}],
			"sum":	{
				"start":	3.000922,
				"end":	4.000758,
				"seconds":	0.999836027622223,
				"bytes":	1179648,
				"bits_per_second":	9438731.69127862,
				"retransmits":	8,
				"omitted":	false,
				"sender":	true
			}
		}, {
			"streams":	[{
					"socket":	5,
					"start":	4.000758,
					"end":	5.000511,
					"seconds":	0.99975299835205078,
					"bytes":	1179648,
					"bits_per_second":	9439515.57590309,
					"retransmits":	0,
					"snd_cwnd":	269328,
					"snd_wnd":	2297856,
					"rtt":	113521,
					"rttvar":	351,
					"pmtu":	1500,
					"omitted":	false,
					"sender":	true
				}],
			"sum":	{
				"start":	4.000758,
				"end":	5.000511,
				"seconds":	0.99975299835205078,
				"bytes":	1179648,
				"bits_per_second":	9439515.57590309,
				"retransmits":	0,
				"omitted":	false,
				"sender":	true
			}
		}, {
			"streams":	[{
					"socket":	5,
					"start":	5.000511,
					"end":	6.000997,
					"seconds":	1.0004860162734985,
					"bytes":	1179648,
					"bits_per_second":	9432599.6030915,
					"retransmits":	0,
					"snd_cwnd":	269328,
					"snd_wnd":	2297856,
					"rtt":	113282,
					"rttvar":	255,
					"pmtu":	1500,
					"omitted":	false,
					"sender":	true
				}],
			"sum":	{
				"start":	5.000511,
				"end":	6.000997,
				"seconds":	1.0004860162734985,
				"bytes":	1179648,
				"bits_per_second":	9432599.6030915,
				"retransmits":	0,
				"omitted":	false,
				"sender":	true
			}
		}, {
			"streams":	[{
					"socket":	5,
					"start":	6.000997,
					"end":	7.000914,
					"seconds":	0.999916970729828,
					"bytes":	1179648,
					"bits_per_second":	9437967.6275640242,
					"retransmits":	0,
					"snd_cwnd":	266432,
					"snd_wnd":	2297856,
					"rtt":	116591,
					"rttvar":	3207,
					"pmtu":	1500,
					"omitted":	false,
					"sender":	true
				}],
			"sum":	{
				"start":	6.000997,
				"end":	7.000914,
				"seconds":	0.999916970729828,
				"bytes":	1179648,
				"bits_per_second":	9437967.6275640242,
				"retransmits":	0,
				"omitted":	false,
				"sender":	true
			}
		}, {
			"streams":	[{
					"socket":	5,
					"start":	7.000914,
					"end":	8.001065,
					"seconds":	1.0001510381698608,
					"bytes":	1179648,
					"bits_per_second":	9435758.84025352,
					"retransmits":	2,
					"snd_cwnd":	266432,
					"snd_wnd":	2297856,
					"rtt":	134175,
					"rttvar":	1967,
					"pmtu":	1500,
					"omitted":	false,
					"sender":	true
				}],
			"sum":	{
				"start":	7.000914,
				"end":	8.001065,
				"seconds":	1.0001510381698608,
				"bytes":	1179648,
				"bits_per_second":	9435758.84025352,
				"retransmits":	2,
				"omitted":	false,
				"sender":	true
			}
		}, {
			"streams":	[{
					"socket":	5,
					"start":	8.001065,
					"end":	9.000756,
					"seconds":	0.99969100952148438,
					"bytes":	1179648,
					"bits_per_second":	9440100.9012947269,
					"retransmits":	4,
					"snd_cwnd":	269328,
					"snd_wnd":	2297856,
					"rtt":	113315,
					"rttvar":	351,
					"pmtu":	1500,
					"omitted":	false,
					"sender":	true
				}],
			"sum":	{
				"start":	8.001065,
				"end":	9.000756,
				"seconds":	0.99969100952148438,
				"bytes":	1179648,
				"bits_per_second":	9440100.9012947269,
				"retransmits":	4,
				"omitted":	false,
				"sender":	true
			}
		}, {
			"streams":	[{
					"socket":	5,
					"start":	9.000756,
					"end":	10.000814,
					"seconds":	1.0000580549240112,
					"bytes":	1179648,
					"bits_per_second":	9436636.1568049956,
					"retransmits":	0,
					"snd_cwnd":	269328,
					"snd_wnd":	2297856,
					"rtt":	113515,
					"rttvar":	126,
					"pmtu":	1500,
					"omitted":	false,
					"sender":	true
				}],
			"sum":	{
				"start":	9.000756,
				"end":	10.000814,
				"seconds":	1.0000580549240112,
				"bytes":	1179648,
				"bits_per_second":	9436636.1568049956,
				"retransmits":	0,
				"omitted":	false,
				"sender":	true
			}
		}, {
			"streams":	[{
					"socket":	5,
					"start":	10.000814,
					"end":	11.001056,
					"seconds":	1.0002419948577881,
					"bytes":	1179648,
					"bits_per_second":	9434900.80252205,
					"retransmits":	0,
					"snd_cwnd":	266432,
					"snd_wnd":	2297856,
					"rtt":	104606,
					"rttvar":	170,
					"pmtu":	1500,
					"omitted":	false,
					"sender":	true
				}],
			"sum":	{
				"start":	10.000814,
				"end":	11.001056,
				"seconds":	1.0002419948577881,
				"bytes":	1179648,
				"bits_per_second":	9434900.80252205,
				"retransmits":	0,
				"omitted":	false,
				"sender":	true
			}
		}, {
			"streams":	[{
					"socket":	5,
					"start":	11.001056,
					"end":	12.000976,
					"seconds":	0.99992001056671143,
					"bytes":	1179648,
					"bits_per_second":	9437938.9353868533,
					"retransmits":	0,
					"snd_cwnd":	269328,
					"snd_wnd":	2297856,
					"rtt":	112801,
					"rttvar":	77,
					"pmtu":	1500,
					"omitted":	false,
					"sender":	true
				}],
			"sum":	{
				"start":	11.001056,
				"end":	12.000976,
				"seconds":	0.99992001056671143,
				"bytes":	1179648,
				"bits_per_second":	9437938.9353868533,