{
	"start":	{
		"connected":	[{
				"socket":	5,
				"local_host":	"10.0.0.1",
				"local_port":	46098,
				"remote_host":	"10.0.0.2",
				"remote_port":	5201
			}],
		"version":	"iperf 3.16",
		"system_info":	"Linux mininet 6.8.0-88-generic #89-Ubuntu SMP PREEMPT_DYNAMIC Sat Oct 11 01:02:46 UTC 2025 x86_64",
		"timestamp":	{
			"time":	"Tue, 02 Dec 2025 18:18:59 GMT",
			"timesecs":	1764699539
		},
		"connecting_to":	{
			"host":	"10.0.0.2",
			"port":	5201
		},
		"cookie":	"rfey3gidy7rf3vup5pdjhu3u7neqsodsujme",
		"tcp_mss_default":	1448,
		"target_bitrate":	0,
		"fq_rate":	0,
		"sock_bufsize":	0,
		"sndbuf_actual":	87380,
		"rcvbuf_actual":	87380,
		"test_start":	{
			"protocol":	"TCP",
			"num_streams":	1,
			"blksize":	131072,
			"omit":	0,
			"duration":	20,
			"bytes":	0,
			"blocks":	0,
			"reverse":	0,
			"tos":	0,
			"target_bitrate":	0,
			"bidir":	0,
			"fqrate":	0
		}
	},
	"intervals":	[{
			"streams":	[{
					"socket":	5,
					"start":	0,
					"end":	1.001007,
					"seconds":	1.0010069608688354,
					"bytes":	5898240,
					"bits_per_second":	47138453.421986639,
					"retransmits":	0,
					"snd_cwnd":	864456,
					"snd_wnd":	3181568,
					"rtt":	139126,
					"rttvar":	497,
					"pmtu":	1500,
					"omitted":	false,
					"sender":	true
				}],
			"sum":	{
				"start":	0,
				"end":	1.001007,
				"seconds":	1.0010069608688354,
				"bytes":	5898240,
				"bits_per_second":	47138453.421986639,
				"retransmits":	0,
				"omitted":	false,
				"sender":	true
			}
		}, {
			"streams":	[{
					"socket":	5,
					"start":	1.001007,
					"end":	2.001098,
					"seconds":	1.0000909566879272,
					"bytes":	7602176,
					"bits_per_second":	60811876.7531039,
					"retransmits":	9,
					"snd_cwnd":	492320,
					"snd_wnd":	8422400,
					"rtt":	104454,
					"rttvar":	139,
					"pmtu":	1500,
					"omitted":	false,
					"sender":	true
				}],
			"sum":	{
				"start":	1.001007,
				"end":	2.001098,
				"seconds":	1.0000909566879272,
				"bytes":	7602176,
				"bits_per_second":	60811876.7531039,
				"retransmits":	9,
				"omitted":	false,
				"sender":	true
			}
		}, {
			"streams":	[{
					"socket":	5,
					"start":	2.001098,
					"end":	3.000968,
					"seconds":	0.999870002269745,
					"bytes":	3801088,
					"bits_per_second":	30412657.576455966,
					"retransmits":	6,
					"snd_cwnd":	375032,
					"snd_wnd":	8705024,
					"rtt":	104640,
					"rttvar":	161,
					"pmtu":	1500,
					"omitted":	false,
					"sender":	true
				}],
			"sum":	{
				"start":	2.001098,
				"end":	3.000968,
				"seconds":	0.999870002269745,
				"bytes":	3801088,
				"bits_per_second":	30412657.576455966,
				"retransmits":	6,
				"omitted":	false,
				"sender":	true
			}
		}, {
			"streams":	[{
					"socket":	5,
					"start":	3.000968,
					"end":	4.000727,
					"seconds":	0.999759018421173,
					"bytes":	3801088,
					"bits_per_second":	30416033.7038236,
					"retransmits":	0,
					"snd_cwnd":	402544,
					"snd_wnd":	8700928,
					"rtt":	104782,
					"rttvar":	631,
					"pmtu":	1500,
					"omitted":	false,
					"sender":	true
				}],
			"sum":	{
				"start":	3.000968,
				"end":	4.000727,
				"seconds":	0.999759018421173,
				"bytes":	3801088,
				"bits_per_second":	30416033.7038236,
				"retransmits":	0,
				"omitted":	false,
				"sender":	true
			}
		}, {
			"streams":	[{
					"socket":	5,
					"start":	4.000727,
					"end":	5.001026,
					"seconds":	1.0002989768981934,
					"bytes":	3801088,
					"bits_per_second":	30399615.217336047,
					"retransmits":	0,
					"snd_cwnd":	417024,
					"snd_wnd":	8700928,
					"rtt":	104717,
					"rttvar":	262,
					"pmtu":	1500,
					"omitted":	false,
					"sender":	true
				}],
			"sum":	{
				"start":	4.000727,
				"end":	5.001026,
				"seconds":	1.0002989768981934,
				"bytes":	3801088,
				"bits_per_second":	30399615.217336047,
				"retransmits":	0,
				"omitted":	false,
				"sender":	true
			}
		}, {
			"streams":	[{
					"socket":	5,
					"start":	5.001026,
					"end":	6.000643,
					"seconds":	0.99961698055267334,
					"bytes":	1835008,
					"bits_per_second":	14685688.904447792,
					"retransmits":	5,
					"snd_cwnd":	222992,
					"snd_wnd":	8701952,
					"rtt":	104791,
					"rttvar":	202,
					"pmtu":	1500,
					"omitted":	false,
					"sender":	true
				}],
			"sum":	{
				"start":	5.001026,
				"end":	6.000643,
				"seconds":	0.99961698055267334,
				"bytes":	1835008,
				"bits_per_second":	14685688.904447792,
				"retransmits":	5,
				"omitted":	false,
				"sender":	true
			}
		}, {
			"streams":	[{
					"socket":	5,
					"start":	6.000643,
					"end":	7.000947,
					"seconds":	1.0003039836883545,
					"bytes":	1966080,
					"bits_per_second":	15723860.202980328,
					"retransmits":	0,
					"snd_cwnd":	246160,
					"snd_wnd":	8705024,
					"rtt":	104635,
					"rttvar":	188,
					"pmtu":	1500,
					"omitted":	false,
					"sender":	true
				}],
			"sum":	{
				"start":	6.000643,
				"end":	7.000947,
				"seconds":	1.0003039836883545,
				"bytes":	1966080,
				"bits_per_second":	15723860.202980328,
				"retransmits":	0,
				"omitted":	false,
				"sender":	true
			}
		}, {
			"streams":	[{
					"socket":	5,
					"start":	7.000947,
					"end":	8.000903,
					"seconds":	0.99995601177215576,
					"bytes":	1835008,
					"bits_per_second":	14680709.778406648,
					"retransmits":	2,
					"snd_cwnd":	191136,
					"snd_wnd":	8705024,
					"rtt":	104591,
					"rttvar":	197,
					"pmtu":	1500,
					"omitted":	false,
					"sender":	true
				}],
			"sum":	{
				"start":	7.000947,
				"end":	8.000903,
				"seconds":	0.99995601177215576,
				"bytes":	1835008,
				"bits_per_second":	14680709.778406648,
				"retransmits":	2,
				"omitted":	false,
				"sender":	true
			}
		}, {
			"streams":	[{
					"socket":	5,
					"start":	8.000903,
					"end":	9.000699,
					"seconds":	0.999795973300934,
					"bytes":	1835008,
					"bits_per_second":	14683059.736210171,
					"retransmits":	0,
					"snd_cwnd":	207064,
					"snd_wnd":	8705024,
					"rtt":	104695,
					"rttvar":	212,
					"pmtu":	1500,
					"omitted":	false,
					"sender":	true
				}],
			"sum":	{
				"start":	8.000903,
				"end":	9.000699,
				"seconds":	0.999795973300934,
				"bytes":	1835008,
				"bits_per_second":	14683059.736210171,
				"retransmits":	0,
				"omitted":	false,
				"sender":	true
			}
		}, {
			"streams":	[{
					"socket":	5,
					"start":	9.000699,
					"end":	10.000728,
					"seconds":	1.0000289678573608,
					"bytes":	1966080,
					"bits_per_second":	15728184.3881981,
					"retransmits":	0,
					"snd_cwnd":	212856,
					"snd_wnd":	8705024,
					"rtt":	104879,
					"rttvar":	405,
					"pmtu":	1500,
					"omitted":	false,
					"sender":	true
				}],
			"sum":	{
				"start":	9.000699,
				"end":	10.000728,
				"seconds":	1.0000289678573608,
				"bytes":	1966080,
				"bits_per_second":	15728184.3881981,
				"retransmits":	0,
				"omitted":	false,
				"sender":	true
			}
		}, {
			"streams":	[{
					"socket":	5,
					"start":	10.000728,
					"end":	11.000766,
					"seconds":	1.0000380277633667,
					"bytes":	1835008,
					"bits_per_second":	14679505.771228192,
					"retransmits":	4,
					"snd_cwnd":	105704,
					"snd_wnd":	8705024,
					"rtt":	104889,
					"rttvar":	582,
					"pmtu":	1500,
					"omitted":	false,
					"sender":	true
				}],
			"sum":	{
				"start":	10.000728,
				"end":	11.000766,
				"seconds":	1.0000380277633667,
				"bytes":	1835008,
				"bits_per_second":	14679505.771228192,
				"retransmits":	4,
				"omitted":	false,
				"sender":	true
			}
		}, {
			"streams":	[{
					"socket":	5,
					"start":	11.000766,
					"end":	12.000713,
					"seconds":	0.99994701147079468,
					"bytes":	1966080,
					"bits_per_second":	15729473.481664967,
					"retransmits":	2,
					"snd_cwnd":	85432,
					"snd_wnd":	8702464,
					"rtt":	105023,
					"rttvar":	671,
					"pmtu":	1500,
					"omitted":	false,
					"sender":	true
				}],
			"sum":	{
				"start":	11.000766,
				"end":	12.000713,
				"seconds":	0.99994701147079468,
				"bytes":	1966080,
				"bits_per_second":	15729473.481664967,