{
	"start":	{
		"connected":	[{
				"socket":	5,
				"local_host":	"10.0.0.1",
				"local_port":	53822,
				"remote_host":	"10.0.0.2",
				"remote_port":	5201
			}],
		"version":	"iperf 3.16",
		"system_info":	"Linux mininet 6.8.0-88-generic #89-Ubuntu SMP PREEMPT_DYNAMIC Sat Oct 11 01:02:46 UTC 2025 x86_64",
		"timestamp":	{
			"time":	"Tue, 02 Dec 2025 18:46:46 GMT",
			"timesecs":	1764701206
		},
		"connecting_to":	{
			"host":	"10.0.0.2",
			"port":	5201
		},
		"cookie":	"efn44pxnrnyo3fzhg5ay632t34hplea4ajhf",
		"tcp_mss_default":	1448,
		"target_bitrate":	0,
		"fq_rate":	0,
		"sock_bufsize":	0,
		"sndbuf_actual":	87380,
		"rcvbuf_actual":	87380,
		"test_start":	{
			"protocol":	"TCP",
			"num_streams":	1,
			"blksize":	131072,
			"omit":	0,
			"duration":	20,
			"bytes":	0,
			"blocks":	0,
			"reverse":	0,
			"tos":	0,
			"target_bitrate":	0,
			"bidir":	0,
			"fqrate":	0
		}
	},
	"intervals":	[{
			"streams":	[{
					"socket":	5,
					"start":	0,
					"end":	1.001053,
					"seconds":	1.0010529756546021,
					"bytes":	3670016,
					"bits_per_second":	29329245.019027106,
					"retransmits":	0,
					"snd_cwnd":	373584,
					"snd_wnd":	914432,
					"rtt":	308406,
					"rttvar":	2762,
					"pmtu":	1500,
					"omitted":	false,
					"sender":	true
				}],
			"sum":	{
				"start":	0,
				"end":	1.001053,
				"seconds":	1.0010529756546021,
				"bytes":	3670016,
				"bits_per_second":	29329245.019027106,
				"retransmits":	0,
				"omitted":	false,
				"sender":	true
			}
		}, {
			"streams":	[{
					"socket":	5,
					"start":	1.001053,
					"end":	2.001082,
					"seconds":	1.0000289678573608,
					"bytes":	1179648,
					"bits_per_second":	9436910.63291886,
					"retransmits":	0,
					"snd_cwnd":	272224,
					"snd_wnd":	2298880,
					"rtt":	135650,
					"rttvar":	1870,
					"pmtu":	1500,
					"omitted":	false,
					"sender":	true
				}],
			"sum":	{
				"start":	1.001053,
				"end":	2.001082,
				"seconds":	1.0000289678573608,
				"bytes":	1179648,
				"bits_per_second":	9436910.63291886,
				"retransmits":	0,
				"omitted":	false,
				"sender":	true
			}
		}, {
			"streams":	[{
					"socket":	5,
					"start":	2.001082,
					"end":	3.001085,
					"seconds":	1.0000029802322388,
					"bytes":	1179648,
					"bits_per_second":	9437155.87508382,
					"retransmits":	0,
					"snd_cwnd":	269328,
					"snd_wnd":	2297856,
					"rtt":	115267,
					"rttvar":	112,
					"pmtu":	1500,
					"omitted":	false,
					"sender":	true
				}],
			"sum":	{
				"start":	2.001082,
				"end":	3.001085,
				"seconds":	1.0000029802322388,
				"bytes":	1179648,
				"bits_per_second":	9437155.87508382,
				"retransmits":	0,
				"omitted":	false,
				"sender":	true
			}
		}, {
			"streams":	[{
					"socket":	5,
					"start":	3.001085,
					"end":	4.004818,
					"seconds":	1.0037330389022827,
					"bytes":	1179648,
					"bits_per_second":	9402085.64851151,
					"retransmits":	0,
					"snd_cwnd":	266432,
					"snd_wnd":	2297856,
					"rtt":	115354,
					"rttvar":	282,
					"pmtu":	1500,
					"omitted":	false,
					"sender":	true
				}],
			"sum":	{
				"start":	3.001085,
				"end":	4.004818,
				"seconds":	1.0037330389022827,
				"bytes":	1179648,
				"bits_per_second":	9402085.64851151,
				"retransmits":	0,
				"omitted":	false,
				"sender":	true
			}
		}, {
			"streams":	[{
					"socket":	5,
					"start":	4.004818,
					"end":	5.00107,
					"seconds":	0.99625200033187866,
					"bytes":	1179648,
					"bits_per_second":	9472687.63009381,
					"retransmits":	0,
					"snd_cwnd":	269328,
					"snd_wnd":	2297856,
					"rtt":	113516,
					"rttvar":	383,
					"pmtu":	1500,
					"omitted":	false,
					"sender":	true
				}],
			"sum":	{
				"start":	4.004818,
				"end":	5.00107,
				"seconds":	0.99625200033187866,
				"bytes":	1179648,
				"bits_per_second":	9472687.63009381,
				"retransmits":	0,
				"omitted":	false,
				"sender":	true
			}
		}, {
			"streams":	[{
					"socket":	5,
					"start":	5.00107,
					"end":	6.001075,
					"seconds":	1.0000050067901611,
					"bytes":	1179648,
					"bits_per_second":	9437136.75023657,
					"retransmits":	0,
					"snd_cwnd":	272224,
					"snd_wnd":	2297856,
					"rtt":	114007,
					"rttvar":	206,
					"pmtu":	1500,
					"omitted":	false,
					"sender":	true
				}],
			"sum":	{
				"start":	5.00107,
				"end":	6.001075,
				"seconds":	1.0000050067901611,
				"bytes":	1179648,
				"bits_per_second":	9437136.75023657,
				"retransmits":	0,
				"omitted":	false,
				"sender":	true
			}
		}, {
			"streams":	[{
					"socket":	5,
					"start":	6.001075,
					"end":	7.001066,
					"seconds":	0.999990999698639,
					"bytes":	1179648,
					"bits_per_second":	9437268.93826447,
					"retransmits":	0,
					"snd_cwnd":	266432,
					"snd_wnd":	2297856,
					"rtt":	123516,
					"rttvar":	3751,
					"pmtu":	1500,
					"omitted":	false,
					"sender":	true
				}],
			"sum":	{
				"start":	6.001075,
				"end":	7.001066,
				"seconds":	0.999990999698639,
				"bytes":	1179648,
				"bits_per_second":	9437268.93826447,
				"retransmits":	0,
				"omitted":	false,
				"sender":	true
			}
		}, {
			"streams":	[{
					"socket":	5,
					"start":	7.001066,
					"end":	8.001086,
					"seconds":	1.0000200271606445,
					"bytes":	1179648,
					"bits_per_second":	9436995.003785057,
					"retransmits":	0,
					"snd_cwnd":	266432,
					"snd_wnd":	2297856,
					"rtt":	117673,
					"rttvar":	3976,
					"pmtu":	1500,
					"omitted":	false,
					"sender":	true
				}],
			"sum":	{
				"start":	7.001066,
				"end":	8.001086,
				"seconds":	1.0000200271606445,
				"bytes":	1179648,
				"bits_per_second":	9436995.003785057,
				"retransmits":	0,
				"omitted":	false,
				"sender":	true
			}
		}, {
			"streams":	[{
					"socket":	5,
					"start":	8.001086,
					"end":	9.001082,
					"seconds":	0.9999960064888,
					"bytes":	1179648,
					"bits_per_second":	9437221.6876505055,
					"retransmits":	0,
					"snd_cwnd":	266432,
					"snd_wnd":	2297856,
					"rtt":	113511,
					"rttvar":	203,
					"pmtu":	1500,
					"omitted":	false,
					"sender":	true
				}],
			"sum":	{
				"start":	8.001086,
				"end":	9.001082,
				"seconds":	0.9999960064888,
				"bytes":	1179648,
				"bits_per_second":	9437221.6876505055,
				"retransmits":	0,
				"omitted":	false,
				"sender":	true
			}
		}, {
			"streams":	[{
					"socket":	5,
					"start":	9.001082,
					"end":	10.001074,
					"seconds":	0.9999920129776,
					"bytes":	1179648,
					"bits_per_second":	9437259.37560203,
					"retransmits":	0,
					"snd_cwnd":	266432,
					"snd_wnd":	2297856,
					"rtt":	113486,
					"rttvar":	62,
					"pmtu":	1500,
					"omitted":	false,
					"sender":	true
				}],
			"sum":	{
				"start":	9.001082,
				"end":	10.001074,
				"seconds":	0.9999920129776,
				"bytes":	1179648,
				"bits_per_second":	9437259.37560203,
				"retransmits":	0,
				"omitted":	false,
				"sender":	true
			}
		}, {
			"streams":	[{
					"socket":	5,
					"start":	10.001074,
					"end":	11.001085,
					"seconds":	1.0000109672546387,
					"bytes":	1179648,
					"bits_per_second":	9437080.5011351,
					"retransmits":	0,
					"snd_cwnd":	266432,
					"snd_wnd":	2297856,
					"rtt":	104825,
					"rttvar":	333,
					"pmtu":	1500,
					"omitted":	false,
					"sender":	true
				}],
			"sum":	{
				"start":	10.001074,
				"end":	11.001085,
				"seconds":	1.0000109672546387,
				"bytes":	1179648,
				"bits_per_second":	9437080.5011351,
				"retransmits":	0,
				"omitted":	false,
				"sender":	true
			}
		}, {
			"streams":	[{
					"socket":	5,
					"start":	11.001085,
					"end":	12.001082,
					"seconds":	0.99999701976776123,
					"bytes":	1179648,
					"bits_per_second":	9437212.12508382,
					"retransmits":	0,
					"snd_cwnd":	269328,
					"snd_wnd":	2297856,
					"rtt":	115354,
					"rttvar":	75,
					"pmtu":	1500,
					"omitted":	false,
					"sender":	true
				}],
			"sum":	{
				"start":	11.001085,
				"end":	12.001082,
				"seconds":	0.99999701976776123,
				"bytes":	1179648,
				"bits_per_second":	9437212.12508382,
				"retransmits":	0,