{
	"start":	{
		"connected":	[{
				"socket":	5,
				"local_host":	"10.0.0.1",
				"local_port":	46086,
				"remote_host":	"10.0.0.2",
				"remote_port":	5201
			}],
		"version":	"iperf 3.16",
		"system_info":	"Linux mininet 6.8.0-88-generic #89-Ubuntu SMP PREEMPT_DYNAMIC Sat Oct 11 01:02:46 UTC 2025 x86_64",
		"timestamp":	{
			"time":	"Tue, 02 Dec 2025 17:16:36 GMT",
			"timesecs":	1764695796
		},
		"connecting_to":	{
			"host":	"10.0.0.2",
			"port":	5201
		},
		"cookie":	"plputgn5kjhdh6xo2ywllk6eae4mizpcgj2x",
		"tcp_mss_default":	1448,
		"target_bitrate":	0,
		"fq_rate":	0,
		"sock_bufsize":	0,
		"sndbuf_actual":	87380,
		"rcvbuf_actual":	87380,
		"test_start":	{
			"protocol":	"TCP",
			"num_streams":	1,
			"blksize":	131072,
			"omit":	0,
			"duration":	20,
			"bytes":	0,
			"blocks":	0,
			"reverse":	0,
			"tos":	0,
			"target_bitrate":	0,
			"bidir":	0,
			"fqrate":	0
		}
	},
	"intervals":	[{
			"streams":	[{
					"socket":	5,
					"start":	0,
					"end":	1.000693,
					"seconds":	1.0006929636001587,
					"bytes":	1310720,
					"bits_per_second":	10478498.781759933,
					"retransmits":	5,
					"snd_cwnd":	37648,
					"snd_wnd":	820224,
					"rtt":	104726,
					"rttvar":	186,
					"pmtu":	1500,
					"omitted":	false,
					"sender":	true
				}],
			"sum":	{
				"start":	0,
				"end":	1.000693,
				"seconds":	1.0006929636001587,
				"bytes":	1310720,
				"bits_per_second":	10478498.781759933,
				"retransmits":	5,
				"omitted":	false,
				"sender":	true
			}
		}, {
			"streams":	[{
					"socket":	5,
					"start":	1.000693,
					"end":	2.000541,
					"seconds":	0.99984800815582275,
					"bytes":	262144,
					"bits_per_second":	2097470.7984547652,
					"retransmits":	1,
					"snd_cwnd":	24616,
					"snd_wnd":	1631232,
					"rtt":	104774,
					"rttvar":	336,
					"pmtu":	1500,
					"omitted":	false,
					"sender":	true
				}],
			"sum":	{
				"start":	1.000693,
				"end":	2.000541,
				"seconds":	0.99984800815582275,
				"bytes":	262144,
				"bits_per_second":	2097470.7984547652,
				"retransmits":	1,
				"omitted":	false,
				"sender":	true
			}
		}, {
			"streams":	[{
					"socket":	5,
					"start":	2.000541,
					"end":	3.000736,
					"seconds":	1.0001950263977051,
					"bytes":	393216,
					"bits_per_second":	3145114.6196253649,
					"retransmits":	1,
					"snd_cwnd":	21720,
					"snd_wnd":	1984512,
					"rtt":	104742,
					"rttvar":	257,
					"pmtu":	1500,
					"omitted":	false,
					"sender":	true
				}],
			"sum":	{
				"start":	2.000541,
				"end":	3.000736,
				"seconds":	1.0001950263977051,
				"bytes":	393216,
				"bits_per_second":	3145114.6196253649,
				"retransmits":	1,
				"omitted":	false,
				"sender":	true
			}
		}, {
			"streams":	[{
					"socket":	5,
					"start":	3.000736,
					"end":	4.000585,
					"seconds":	0.999849021434784,
					"bytes":	0,
					"bits_per_second":	0,
					"retransmits":	4,
					"snd_cwnd":	8688,
					"snd_wnd":	2242048,
					"rtt":	105984,
					"rttvar":	2511,
					"pmtu":	1500,
					"omitted":	false,
					"sender":	true
				}],
			"sum":	{
				"start":	3.000736,
				"end":	4.000585,
				"seconds":	0.999849021434784,
				"bytes":	0,
				"bits_per_second":	0,
				"retransmits":	4,
				"omitted":	false,
				"sender":	true
			}
		}, {
			"streams":	[{
					"socket":	5,
					"start":	4.000585,
					"end":	5.000533,
					"seconds":	0.999948024749756,
					"bytes":	0,
					"bits_per_second":	0,
					"retransmits":	1,
					"snd_cwnd":	14480,
					"snd_wnd":	2398720,
					"rtt":	104853,
					"rttvar":	686,
					"pmtu":	1500,
					"omitted":	false,
					"sender":	true
				}],
			"sum":	{
				"start":	4.000585,
				"end":	5.000533,
				"seconds":	0.999948024749756,
				"bytes":	0,
				"bits_per_second":	0,
				"retransmits":	1,
				"omitted":	false,
				"sender":	true
			}
		}, {
			"streams":	[{
					"socket":	5,
					"start":	5.000533,
					"end":	6.000513,
					"seconds":	0.99997997283935547,
					"bytes":	262144,
					"bits_per_second":	2097194.0008411575,
					"retransmits":	0,
					"snd_cwnd":	27512,
					"snd_wnd":	2504704,
					"rtt":	105542,
					"rttvar":	567,
					"pmtu":	1500,
					"omitted":	false,
					"sender":	true
				}],
			"sum":	{
				"start":	5.000533,
				"end":	6.000513,
				"seconds":	0.99997997283935547,
				"bytes":	262144,
				"bits_per_second":	2097194.0008411575,
				"retransmits":	0,
				"omitted":	false,
				"sender":	true
			}
		}, {
			"streams":	[{
					"socket":	5,
					"start":	6.000513,
					"end":	7.001427,
					"seconds":	1.0009139776229858,
					"bytes":	0,
					"bits_per_second":	0,
					"retransmits":	2,
					"snd_cwnd":	21720,
					"snd_wnd":	2506240,
					"rtt":	107194,
					"rttvar":	4647,
					"pmtu":	1500,
					"omitted":	false,
					"sender":	true
				}],
			"sum":	{
				"start":	6.000513,
				"end":	7.001427,
				"seconds":	1.0009139776229858,
				"bytes":	0,
				"bits_per_second":	0,
				"retransmits":	2,
				"omitted":	false,
				"sender":	true
			}
		}, {
			"streams":	[{
					"socket":	5,
					"start":	7.001427,
					"end":	8.000535,
					"seconds":	0.99910801649093628,
					"bytes":	262144,
					"bits_per_second":	2099024.2950563142,
					"retransmits":	0,
					"snd_cwnd":	34752,
					"snd_wnd":	2506240,
					"rtt":	104886,
					"rttvar":	444,
					"pmtu":	1500,
					"omitted":	false,
					"sender":	true
				}],
			"sum":	{
				"start":	7.001427,
				"end":	8.000535,
				"seconds":	0.99910801649093628,
				"bytes":	262144,
				"bits_per_second":	2099024.2950563142,
				"retransmits":	0,
				"omitted":	false,
				"sender":	true
			}
		}, {
			"streams":	[{
					"socket":	5,
					"start":	8.000535,
					"end":	9.000598,
					"seconds":	1.0000629425048828,
					"bytes":	393216,
					"bits_per_second":	3145530.0124618318,
					"retransmits":	0,
					"snd_cwnd":	47784,
					"snd_wnd":	2506240,
					"rtt":	104629,
					"rttvar":	192,
					"pmtu":	1500,
					"omitted":	false,
					"sender":	true
				}],
			"sum":	{
				"start":	8.000535,
				"end":	9.000598,
				"seconds":	1.0000629425048828,
				"bytes":	393216,
				"bits_per_second":	3145530.0124618318,
				"retransmits":	0,
				"omitted":	false,
				"sender":	true
			}
		}, {
			"streams":	[{
					"socket":	5,
					"start":	9.000598,
					"end":	10.001265,
					"seconds":	1.0006669759750366,
					"bytes":	655360,
					"bits_per_second":	5239385.45577704,
					"retransmits":	4,
					"snd_cwnd":	28960,
					"snd_wnd":	2491904,
					"rtt":	106256,
					"rttvar":	1373,
					"pmtu":	1500,
					"omitted":	false,
					"sender":	true
				}],
			"sum":	{
				"start":	9.000598,
				"end":	10.001265,
				"seconds":	1.0006669759750366,
				"bytes":	655360,
				"bits_per_second":	5239385.45577704,
				"retransmits":	4,
				"omitted":	false,
				"sender":	true
			}
		}, {
			"streams":	[{
					"socket":	5,
					"start":	10.001265,
					"end":	11.000756,
					"seconds":	0.999490976333618,
					"bytes":	262144,
					"bits_per_second":	2098220.0436595,
					"retransmits":	2,
					"snd_cwnd":	20272,
					"snd_wnd":	2506240,
					"rtt":	105972,
					"rttvar":	2017,
					"pmtu":	1500,
					"omitted":	false,
					"sender":	true
				}],
			"sum":	{
				"start":	10.001265,
				"end":	11.000756,
				"seconds":	0.999490976333618,
				"bytes":	262144,
				"bits_per_second":	2098220.0436595,
				"retransmits":	2,
				"omitted":	false,
				"sender":	true
			}
		}, {
			"streams":	[{
					"socket":	5,
					"start":	11.000756,
					"end":	12.00057,
					"seconds":	0.999813973903656,
					"bytes":	0,
					"bits_per_second":	0,
					"retransmits":	0,
					"snd_cwnd":	33304,
					"snd_wnd":	2503680,
					"rtt":	104929,
					"rttvar":	535,
					"pmtu":	1500,
					"omitted":	false,
					"sender":	true
				}],
			"sum":	{
				"start":	11.000756,
				"end":	12.00057,
				"seconds":	0.999813973903656,
				"bytes":	0,
				"bits_per_second":	0,
				"retransmits":	0,
				"omitted":	false,
				"sender":	true
			}
		}, {
			"streams":	[{
					"socket":	5,
					"start":	12.00057,
					"end":	13.000568,
					"seconds":	0.99999797344207764,