{
	"start":	{
		"connected":	[{
				"socket":	5,
				"local_host":	"10.0.0.1",
				"local_port":	41212,
				"remote_host":	"10.0.0.2",
				"remote_port":	5201
			}],
		"version":	"iperf 3.16",
		"system_info":	"Linux mininet 6.8.0-88-generic #89-Ubuntu SMP PREEMPT_DYNAMIC Sat Oct 11 01:02:46 UTC 2025 x86_64",
		"timestamp":	{
			"time":	"Tue, 02 Dec 2025 18:44:00 GMT",
			"timesecs":	1764701040
		},
		"connecting_to":	{
			"host":	"10.0.0.2",
			"port":	5201
		},
		"cookie":	"ih46kbwiullrht3ikeecx65xhudri2pe5xqp",
		"tcp_mss_default":	1448,
		"target_bitrate":	0,
		"fq_rate":	0,
		"sock_bufsize":	0,
		"sndbuf_actual":	87380,
		"rcvbuf_actual":	87380,
		"test_start":	{
			"protocol":	"TCP",
			"num_streams":	1,
			"blksize":	131072,
			"omit":	0,
			"duration":	20,
			"bytes":	0,
			"blocks":	0,
			"reverse":	0,
			"tos":	0,
			"target_bitrate":	0,
			"bidir":	0,
			"fqrate":	0
		}
	},
	"intervals":	[{
			"streams":	[{
					"socket":	5,
					"start":	0,
					"end":	1.000664,
					"seconds":	1.0006639957427979,
					"bytes":	3670016,
					"bits_per_second":	29340645.936007552,
					"retransmits":	17,
					"snd_cwnd":	348968,
					"snd_wnd":	913408,
					"rtt":	292899,
					"rttvar":	555,
					"pmtu":	1500,
					"omitted":	false,
					"sender":	true
				}],
			"sum":	{
				"start":	0,
				"end":	1.000664,
				"seconds":	1.0006639957427979,
				"bytes":	3670016,
				"bits_per_second":	29340645.936007552,
				"retransmits":	17,
				"omitted":	false,
				"sender":	true
			}
		}, {
			"streams":	[{
					"socket":	5,
					"start":	1.000664,
					"end":	2.000943,
					"seconds":	1.0002789497375488,
					"bytes":	1179648,
					"bits_per_second":	9434552.2341304,
					"retransmits":	36,
					"snd_cwnd":	272224,
					"snd_wnd":	1820672,
					"rtt":	113554,
					"rttvar":	414,
					"pmtu":	1500,
					"omitted":	false,
					"sender":	true
				}],
			"sum":	{
				"start":	1.000664,
				"end":	2.000943,
				"seconds":	1.0002789497375488,
				"bytes":	1179648,
				"bits_per_second":	9434552.2341304,
				"retransmits":	36,
				"omitted":	false,
				"sender":	true
			}
		}, {
			"streams":	[{
					"socket":	5,
					"start":	2.000943,
					"end":	3.000678,
					"seconds":	0.99973499774932861,
					"bytes":	1179648,
					"bits_per_second":	9439685.5379131772,
					"retransmits":	0,
					"snd_cwnd":	269328,
					"snd_wnd":	1819648,
					"rtt":	111927,
					"rttvar":	112,
					"pmtu":	1500,
					"omitted":	false,
					"sender":	true
				}],
			"sum":	{
				"start":	2.000943,
				"end":	3.000678,
				"seconds":	0.99973499774932861,
				"bytes":	1179648,
				"bits_per_second":	9439685.5379131772,
				"retransmits":	0,
				"omitted":	false,
				"sender":	true
			}
		}, {
			"streams":	[{
					"socket":	5,
					"start":	3.000678,
					"end":	4.00086,
					"seconds":	1.000182032585144,
					"bytes":	1179648,
					"bits_per_second":	9435466.4376523141,
					"retransmits":	0,
					"snd_cwnd":	269328,
					"snd_wnd":	1819648,
					"rtt":	131842,
					"rttvar":	3852,
					"pmtu":	1500,
					"omitted":	false,
					"sender":	true
				}],
			"sum":	{
				"start":	3.000678,
				"end":	4.00086,
				"seconds":	1.000182032585144,
				"bytes":	1179648,
				"bits_per_second":	9435466.4376523141,
				"retransmits":	0,
				"omitted":	false,
				"sender":	true
			}
		}, {
			"streams":	[{
					"socket":	5,
					"start":	4.00086,
					"end":	5.001078,
					"seconds":	1.0002180337905884,
					"bytes":	1179648,
					"bits_per_second":	9435126.82353398,
					"retransmits":	0,
					"snd_cwnd":	266432,
					"snd_wnd":	1819648,
					"rtt":	113955,
					"rttvar":	1125,
					"pmtu":	1500,
					"omitted":	false,
					"sender":	true
				}],
			"sum":	{
				"start":	4.00086,
				"end":	5.001078,
				"seconds":	1.0002180337905884,
				"bytes":	1179648,
				"bits_per_second":	9435126.82353398,
				"retransmits":	0,
				"omitted":	false,
				"sender":	true
			}
		}, {
			"streams":	[{
					"socket":	5,
					"start":	5.001078,
					"end":	6.000707,
					"seconds":	0.999629020690918,
					"bytes":	1179648,
					"bits_per_second":	9440686.2992805671,
					"retransmits":	0,
					"snd_cwnd":	269328,
					"snd_wnd":	1819648,
					"rtt":	113249,
					"rttvar":	109,
					"pmtu":	1500,
					"omitted":	false,
					"sender":	true
				}],
			"sum":	{
				"start":	5.001078,
				"end":	6.000707,
				"seconds":	0.999629020690918,
				"bytes":	1179648,
				"bits_per_second":	9440686.2992805671,
				"retransmits":	0,
				"omitted":	false,
				"sender":	true
			}
		}, {
			"streams":	[{
					"socket":	5,
					"start":	6.000707,
					"end":	7.001228,
					"seconds":	1.0005209445953369,
					"bytes":	1179648,
					"bits_per_second":	9432270.3097603731,
					"retransmits":	0,
					"snd_cwnd":	266432,
					"snd_wnd":	1819648,
					"rtt":	114470,
					"rttvar":	79,
					"pmtu":	1500,
					"omitted":	false,
					"sender":	true
				}],
			"sum":	{
				"start":	6.000707,
				"end":	7.001228,
				"seconds":	1.0005209445953369,
				"bytes":	1179648,
				"bits_per_second":	9432270.3097603731,
				"retransmits":	0,
				"omitted":	false,
				"sender":	true
			}
		}, {
			"streams":	[{
					"socket":	5,
					"start":	7.001228,
					"end":	8.001327,
					"seconds":	1.0000989437103271,
					"bytes":	1179648,
					"bits_per_second":	9436250.34237955,
					"retransmits":	0,
					"snd_cwnd":	266432,
					"snd_wnd":	1819648,
					"rtt":	111839,
					"rttvar":	396,
					"pmtu":	1500,
					"omitted":	false,
					"sender":	true
				}],
			"sum":	{
				"start":	7.001228,
				"end":	8.001327,
				"seconds":	1.0000989437103271,
				"bytes":	1179648,
				"bits_per_second":	9436250.34237955,
				"retransmits":	0,
				"omitted":	false,
				"sender":	true
			}
		}, {
			"streams":	[{
					"socket":	5,
					"start":	8.001327,
					"end":	9.000694,
					"seconds":	0.99936699867248535,
					"bytes":	1179648,
					"bits_per_second":	9443161.53378682,
					"retransmits":	0,
					"snd_cwnd":	269328,
					"snd_wnd":	1819648,
					"rtt":	112776,
					"rttvar":	265,
					"pmtu":	1500,
					"omitted":	false,
					"sender":	true
				}],
			"sum":	{
				"start":	8.001327,
				"end":	9.000694,
				"seconds":	0.99936699867248535,
				"bytes":	1179648,
				"bits_per_second":	9443161.53378682,
				"retransmits":	0,
				"omitted":	false,
				"sender":	true
			}
		}, {
			"streams":	[{
					"socket":	5,
					"start":	9.000694,
					"end":	10.001058,
					"seconds":	1.0003639459609985,
					"bytes":	1179648,
					"bits_per_second":	9433750.62456312,
					"retransmits":	0,
					"snd_cwnd":	266432,
					"snd_wnd":	1819648,
					"rtt":	135083,
					"rttvar":	3829,
					"pmtu":	1500,
					"omitted":	false,
					"sender":	true
				}],
			"sum":	{
				"start":	9.000694,
				"end":	10.001058,
				"seconds":	1.0003639459609985,
				"bytes":	1179648,
				"bits_per_second":	9433750.62456312,
				"retransmits":	0,
				"omitted":	false,
				"sender":	true
			}
		}, {
			"streams":	[{
					"socket":	5,
					"start":	10.001058,
					"end":	11.000835,
					"seconds":	0.99977701902389526,
					"bytes":	1179648,
					"bits_per_second":	9439288.7818263061,
					"retransmits":	0,
					"snd_cwnd":	266432,
					"snd_wnd":	1819648,
					"rtt":	104756,
					"rttvar":	386,
					"pmtu":	1500,
					"omitted":	false,
					"sender":	true
				}],
			"sum":	{
				"start":	10.001058,
				"end":	11.000835,
				"seconds":	0.99977701902389526,
				"bytes":	1179648,
				"bits_per_second":	9439288.7818263061,
				"retransmits":	0,
				"omitted":	false,
				"sender":	true
			}
		}, {
			"streams":	[{
					"socket":	5,
					"start":	11.000835,
					"end":	12.000832,
					"seconds":	0.99999701976776123,
					"bytes":	1179648,
					"bits_per_second":	9437212.12508382,
					"retransmits":	0,
					"snd_cwnd":	269328,
					"snd_wnd":	1819648,
					"rtt":	113209,
					"rttvar":	334,
					"pmtu":	1500,
					"omitted":	false,
					"sender":	true
				}],
			"sum":	{
				"start":	11.000835,
				"end":	12.000832,
				"seconds":	0.99999701976776123,
				"bytes":	1179648,
				"bits_per_second":	9437212.12508382,