{
	"start":	{
		"connected":	[{
				"socket":	5,
				"local_host":	"10.0.0.1",
				"local_port":	43436,
				"remote_host":	"10.0.0.2",
				"remote_port":	5201
			}],
		"version":	"iperf 3.16",
		"system_info":	"Linux mininet 6.8.0-88-generic #89-Ubuntu SMP PREEMPT_DYNAMIC Sat Oct 11 01:02:46 UTC 2025 x86_64",
		"timestamp":	{
			"time":	"Tue, 02 Dec 2025 16:58:51 GMT",
			"timesecs":	1764694731
		},
		"connecting_to":	{
			"host":	"10.0.0.2",
			"port":	5201
		},
		"cookie":	"v2c2gndc4ap5bbv3uu6g72likdnb2iet7g6v",
		"tcp_mss_default":	1448,
		"target_bitrate":	0,
		"fq_rate":	0,
		"sock_bufsize":	0,
		"sndbuf_actual":	87380,
		"rcvbuf_actual":	87380,
		"test_start":	{
			"protocol":	"TCP",
			"num_streams":	1,
			"blksize":	131072,
			"omit":	0,
			"duration":	20,
			"bytes":	0,
			"blocks":	0,
			"reverse":	0,
			"tos":	0,
			"target_bitrate":	0,
			"bidir":	0,
			"fqrate":	0
		}
	},
	"intervals":	[{
			"streams":	[{
					"socket":	5,
					"start":	0,
					"end":	1.000365,
					"seconds":	1.0003650188446045,
					"bytes":	786432,
					"bits_per_second":	6289160.3379599052,
					"retransmits":	9,
					"snd_cwnd":	8688,
					"snd_wnd":	864768,
					"rtt":	48239,
					"rttvar":	5990,
					"pmtu":	1500,
					"omitted":	false,
					"sender":	true
				}],
			"sum":	{
				"start":	0,
				"end":	1.000365,
				"seconds":	1.0003650188446045,
				"bytes":	786432,
				"bits_per_second":	6289160.3379599052,
				"retransmits":	9,
				"omitted":	false,
				"sender":	true
			}
		}, {
			"streams":	[{
					"socket":	5,
					"start":	1.000365,
					"end":	2.000927,
					"seconds":	1.0005619525909424,
					"bytes":	262144,
					"bits_per_second":	2095974.161889178,
					"retransmits":	2,
					"snd_cwnd":	26064,
					"snd_wnd":	864768,
					"rtt":	47184,
					"rttvar":	1392,
					"pmtu":	1500,
					"omitted":	false,
					"sender":	true
				}],
			"sum":	{
				"start":	1.000365,
				"end":	2.000927,
				"seconds":	1.0005619525909424,
				"bytes":	262144,
				"bits_per_second":	2095974.161889178,
				"retransmits":	2,
				"omitted":	false,
				"sender":	true
			}
		}, {
			"streams":	[{
					"socket":	5,
					"start":	2.000927,
					"end":	3.000384,
					"seconds":	0.99945700168609619,
					"bytes":	393216,
					"bits_per_second":	3147437.0530129042,
					"retransmits":	6,
					"snd_cwnd":	10136,
					"snd_wnd":	864768,
					"rtt":	47123,
					"rttvar":	2688,
					"pmtu":	1500,
					"omitted":	false,
					"sender":	true
				}],
			"sum":	{
				"start":	2.000927,
				"end":	3.000384,
				"seconds":	0.99945700168609619,
				"bytes":	393216,
				"bits_per_second":	3147437.0530129042,
				"retransmits":	6,
				"omitted":	false,
				"sender":	true
			}
		}, {
			"streams":	[{
					"socket":	5,
					"start":	3.000384,
					"end":	4.00073,
					"seconds":	1.0003459453582764,
					"bytes":	393216,
					"bits_per_second":	3144640.1263448414,
					"retransmits":	2,
					"snd_cwnd":	27512,
					"snd_wnd":	862208,
					"rtt":	47444,
					"rttvar":	4373,
					"pmtu":	1500,
					"omitted":	false,
					"sender":	true
				}],
			"sum":	{
				"start":	3.000384,
				"end":	4.00073,
				"seconds":	1.0003459453582764,
				"bytes":	393216,
				"bits_per_second":	3144640.1263448414,
				"retransmits":	2,
				"omitted":	false,
				"sender":	true
			}
		}, {
			"streams":	[{
					"socket":	5,
					"start":	4.00073,
					"end":	5.000449,
					"seconds":	0.99971902370452881,
					"bytes":	262144,
					"bits_per_second":	2097741.4156118152,
					"retransmits":	6,
					"snd_cwnd":	27512,
					"snd_wnd":	862208,
					"rtt":	47307,
					"rttvar":	3293,
					"pmtu":	1500,
					"omitted":	false,
					"sender":	true
				}],
			"sum":	{
				"start":	4.00073,
				"end":	5.000449,
				"seconds":	0.99971902370452881,
				"bytes":	262144,
				"bits_per_second":	2097741.4156118152,
				"retransmits":	6,
				"omitted":	false,
				"sender":	true
			}
		}, {
			"streams":	[{
					"socket":	5,
					"start":	5.000449,
					"end":	6.000331,
					"seconds":	0.99988198280334473,
					"bytes":	655360,
					"bits_per_second":	5243498.82303176,
					"retransmits":	4,
					"snd_cwnd":	13032,
					"snd_wnd":	864768,
					"rtt":	46679,
					"rttvar":	2558,
					"pmtu":	1500,
					"omitted":	false,
					"sender":	true
				}],
			"sum":	{
				"start":	5.000449,
				"end":	6.000331,
				"seconds":	0.99988198280334473,
				"bytes":	655360,
				"bits_per_second":	5243498.82303176,
				"retransmits":	4,
				"omitted":	false,
				"sender":	true
			}
		}, {
			"streams":	[{
					"socket":	5,
					"start":	6.000331,
					"end":	7.000395,
					"seconds":	1.0000640153884888,
					"bytes":	393216,
					"bits_per_second":	3145526.6378902737,
					"retransmits":	1,
					"snd_cwnd":	33304,
					"snd_wnd":	862208,
					"rtt":	46420,
					"rttvar":	2662,
					"pmtu":	1500,
					"omitted":	false,
					"sender":	true
				}],
			"sum":	{
				"start":	6.000331,
				"end":	7.000395,
				"seconds":	1.0000640153884888,
				"bytes":	393216,
				"bits_per_second":	3145526.6378902737,
				"retransmits":	1,
				"omitted":	false,
				"sender":	true
			}
		}, {
			"streams":	[{
					"socket":	5,
					"start":	7.000395,
					"end":	8.000855,
					"seconds":	1.0004600286483765,
					"bytes":	786432,
					"bits_per_second":	6288563.0808256976,
					"retransmits":	4,
					"snd_cwnd":	18824,
					"snd_wnd":	863232,
					"rtt":	46214,
					"rttvar":	1641,
					"pmtu":	1500,
					"omitted":	false,
					"sender":	true
				}],
			"sum":	{
				"start":	7.000395,
				"end":	8.000855,
				"seconds":	1.0004600286483765,
				"bytes":	786432,
				"bits_per_second":	6288563.0808256976,
				"retransmits":	4,
				"omitted":	false,
				"sender":	true
			}
		}, {
			"streams":	[{
					"socket":	5,
					"start":	8.000855,
					"end":	9.000662,
					"seconds":	0.99980700016021729,
					"bytes":	131072,
					"bits_per_second":	1048778.4140658823,
					"retransmits":	4,
					"snd_cwnd":	24616,
					"snd_wnd":	862208,
					"rtt":	46802,
					"rttvar":	1724,
					"pmtu":	1500,
					"omitted":	false,
					"sender":	true
				}],
			"sum":	{
				"start":	8.000855,
				"end":	9.000662,
				"seconds":	0.99980700016021729,
				"bytes":	131072,
				"bits_per_second":	1048778.4140658823,
				"retransmits":	4,
				"omitted":	false,
				"sender":	true
			}
		}, {
			"streams":	[{
					"socket":	5,
					"start":	9.000662,
					"end":	10.000775,
					"seconds":	1.0001130104064941,
					"bytes":	786432,
					"bits_per_second":	6290745.08034132,
					"retransmits":	5,
					"snd_cwnd":	27512,
					"snd_wnd":	864768,
					"rtt":	45707,
					"rttvar":	245,
					"pmtu":	1500,
					"omitted":	false,
					"sender":	true
				}],
			"sum":	{
				"start":	9.000662,
				"end":	10.000775,
				"seconds":	1.0001130104064941,
				"bytes":	786432,
				"bits_per_second":	6290745.08034132,
				"retransmits":	5,
				"omitted":	false,
				"sender":	true
			}
		}, {
			"streams":	[{
					"socket":	5,
					"start":	10.000775,
					"end":	11.000909,
					"seconds":	1.0001339912414551,
					"bytes":	655360,
					"bits_per_second":	5242177.5941162361,
					"retransmits":	2,
					"snd_cwnd":	37648,
					"snd_wnd":	862208,
					"rtt":	45122,
					"rttvar":	514,
					"pmtu":	1500,
					"omitted":	false,
					"sender":	true
				}],
			"sum":	{
				"start":	10.000775,
				"end":	11.000909,
				"seconds":	1.0001339912414551,
				"bytes":	655360,
				"bits_per_second":	5242177.5941162361,
				"retransmits":	2,
				"omitted":	false,
				"sender":	true
			}
		}, {
			"streams":	[{
					"socket":	5,
					"start":	11.000909,
					"end":	12.000384,
					"seconds":	0.99947500228881836,
					"bytes":	917504,
					"bits_per_second":	7343887.52414135,
					"retransmits":	6,
					"snd_cwnd":	18824,
					"snd_wnd":	835584,
					"rtt":	45670,
					"rttvar":	756,
					"pmtu":	1500,
					"omitted":	false,
					"sender":	true
				}],
			"sum":	{
				"start":	11.000909,
				"end":	12.000384,
				"seconds":	0.99947500228881836,
				"bytes":	917504,
				"bits_per_second":	7343887.52414135,
				"retransmits":	6,
				"omitted":	false,