{
	"start":	{
		"connected":	[{
				"socket":	5,
				"local_host":	"10.0.0.2",
				"local_port":	5201,
				"remote_host":	"10.0.0.1",
				"remote_port":	43436
			}],
		"version":	"iperf 3.16",
		"system_info":	"Linux mininet 6.8.0-88-generic #89-Ubuntu SMP PREEMPT_DYNAMIC Sat Oct 11 01:02:46 UTC 2025 x86_64",
		"sock_bufsize":	0,
		"sndbuf_actual":	87380,
		"rcvbuf_actual":	87380,
		"timestamp":	{
			"time":	"Tue, 02 Dec 2025 16:58:51 GMT",
			"timesecs":	1764694731
		},
		"accepted_connection":	{
			"host":	"10.0.0.1",
			"port":	43422
		},
		"cookie":	"v2c2gndc4ap5bbv3uu6g72likdnb2iet7g6v",
		"tcp_mss_default":	0,
		"target_bitrate":	0,
		"fq_rate":	0,
		"test_start":	{
			"protocol":	"TCP",
			"num_streams":	1,
			"blksize":	131072,
			"omit":	0,
			"duration":	20,
			"bytes":	0,
			"blocks":	0,
			"reverse":	0,
			"tos":	0,
			"target_bitrate":	0,
			"bidir":	0,
			"fqrate":	0
		}
	},
	"intervals":	[{
			"streams":	[{
					"socket":	5,
					"start":	0,
					"end":	1.000594,
					"seconds":	1.0005940198898315,
					"bytes":	524288,
					"bits_per_second":	4191813.9791219276,
					"omitted":	false,
					"sender":	false
				}],
			"sum":	{
				"start":	0,
				"end":	1.000594,
				"seconds":	1.0005940198898315,
				"bytes":	524288,
				"bits_per_second":	4191813.9791219276,
				"omitted":	false,
				"sender":	false
			}
		}, {
			"streams":	[{
					"socket":	5,
					"start":	1.000594,
					"end":	2.00091,
					"seconds":	1.0003160238265991,
					"bytes":	262144,
					"bits_per_second":	2096489.4593786225,
					"omitted":	false,
					"sender":	false
				}],
			"sum":	{
				"start":	1.000594,
				"end":	2.00091,
				"seconds":	1.0003160238265991,
				"bytes":	262144,
				"bits_per_second":	2096489.4593786225,
				"omitted":	false,
				"sender":	false
			}
		}, {
			"streams":	[{
					"socket":	5,
					"start":	2.00091,
					"end":	3.000611,
					"seconds":	0.99970102310180664,
					"bytes":	393216,
					"bits_per_second":	3146668.7812718665,
					"omitted":	false,
					"sender":	false
				}],
			"sum":	{
				"start":	2.00091,
				"end":	3.000611,
				"seconds":	0.99970102310180664,
				"bytes":	393216,
				"bits_per_second":	3146668.7812718665,
				"omitted":	false,
				"sender":	false
			}
		}, {
			"streams":	[{
					"socket":	5,
					"start":	3.000611,
					"end":	4.000571,
					"seconds":	0.99996000528335571,
					"bytes":	262144,
					"bits_per_second":	2097235.878354691,
					"omitted":	false,
					"sender":	false
				}],
			"sum":	{
				"start":	3.000611,
				"end":	4.000571,
				"seconds":	0.99996000528335571,
				"bytes":	262144,
				"bits_per_second":	2097235.878354691,
				"omitted":	false,
				"sender":	false
			}
		}, {
			"streams":	[{
					"socket":	5,
					"start":	4.000571,
					"end":	5.000553,
					"seconds":	0.99998199939727783,
					"bytes":	393216,
					"bits_per_second":	3145784.6260193023,
					"omitted":	false,
					"sender":	false
				}],
			"sum":	{
				"start":	4.000571,
				"end":	5.000553,
				"seconds":	0.99998199939727783,
				"bytes":	393216,
				"bits_per_second":	3145784.6260193023,
				"omitted":	false,
				"sender":	false
			}
		}, {
			"streams":	[{
					"socket":	5,
					"start":	5.000553,
					"end":	6.000564,
					"seconds":	1.0000109672546387,
					"bytes":	655360,
					"bits_per_second":	5242822.50063061,
					"omitted":	false,
					"sender":	false
				}],
			"sum":	{
				"start":	5.000553,
				"end":	6.000564,
				"seconds":	1.0000109672546387,
				"bytes":	655360,
				"bits_per_second":	5242822.50063061,
				"omitted":	false,
				"sender":	false
			}
		}, {
			"streams":	[{
					"socket":	5,
					"start":	6.000564,
					"end":	7.00104,
					"seconds":	1.0004760026931763,
					"bytes":	393216,
					"bits_per_second":	3144231.3374154209,
					"omitted":	false,
					"sender":	false
				}],
			"sum":	{
				"start":	6.000564,
				"end":	7.00104,
				"seconds":	1.0004760026931763,
				"bytes":	393216,
				"bits_per_second":	3144231.3374154209,
				"omitted":	false,
				"sender":	false
			}
		}, {
			"streams":	[{
					"socket":	5,
					"start":	7.00104,
					"end":	8.000572,
					"seconds":	0.99953198432922363,
					"bytes":	655360,
					"bits_per_second":	5245334.89893117,
					"omitted":	false,
					"sender":	false
				}],
			"sum":	{
				"start":	7.00104,
				"end":	8.000572,
				"seconds":	0.99953198432922363,
				"bytes":	655360,
				"bits_per_second":	5245334.89893117,
				"omitted":	false,
				"sender":	false
			}
		}, {
			"streams":	[{
					"socket":	5,
					"start":	8.000572,
					"end":	9.000618,
					"seconds":	1.0000460147857666,
					"bytes":	262144,
					"bits_per_second":	2097055.5044402224,
					"omitted":	false,
					"sender":	false
				}],
			"sum":	{
				"start":	8.000572,
				"end":	9.000618,
				"seconds":	1.0000460147857666,
				"bytes":	262144,
				"bits_per_second":	2097055.5044402224,
				"omitted":	false,
				"sender":	false
			}
		}, {
			"streams":	[{
					"socket":	5,
					"start":	9.000618,
					"end":	10.000811,
					"seconds":	1.0001929998397827,
					"bytes":	786432,
					"bits_per_second":	6290241.9843048351,
					"omitted":	false,
					"sender":	false
				}],
			"sum":	{
				"start":	9.000618,
				"end":	10.000811,
				"seconds":	1.0001929998397827,
				"bytes":	786432,
				"bits_per_second":	6290241.9843048351,
				"omitted":	false,
				"sender":	false
			}
		}, {
			"streams":	[{
					"socket":	5,
					"start":	10.000811,
					"end":	11.000875,
					"seconds":	1.0000640153884888,
					"bytes":	655360,
					"bits_per_second":	5242544.39648379,
					"omitted":	false,
					"sender":	false
				}],
			"sum":	{
				"start":	10.000811,
				"end":	11.000875,
				"seconds":	1.0000640153884888,
				"bytes":	655360,
				"bits_per_second":	5242544.39648379,
				"omitted":	false,
				"sender":	false
			}
		}, {
			"streams":	[{
					"socket":	5,
					"start":	11.000875,
					"end":	12.000616,
					"seconds":	0.999741017818451,
					"bytes":	786432,
					"bits_per_second":	6293085.7970884051,
					"omitted":	false,
					"sender":	false
				}],
			"sum":	{
				"start":	11.000875,
				"end":	12.000616,
				"seconds":	0.999741017818451,
				"bytes":	786432,
				"bits_per_second":	6293085.7970884051,
				"omitted":	false,
				"sender":	false
			}
		}, {
			"streams":	[{
					"socket":	5,
					"start":	12.000616,
					"end":	13.000597,
					"seconds":	0.99998098611831665,
					"bytes":	393216,
					"bits_per_second":	3145787.8136372892,
					"omitted":	false,
					"sender":	false
				}],
			"sum":	{
				"start":	12.000616,
				"end":	13.000597,
				"seconds":	0.99998098611831665,
				"bytes":	393216,
				"bits_per_second":	3145787.8136372892,
				"omitted":	false,
				"sender":	false
			}
		}, {
			"streams":	[{
					"socket":	5,
					"start":	13.000597,
					"end":	14.000592,
					"seconds":	0.999994993209839,
					"bytes":	655360,
					"bits_per_second":	5242906.25013143,
					"omitted":	false,
					"sender":	false
				}],
			"sum":	{
				"start":	13.000597,
				"end":	14.000592,
				"seconds":	0.999994993209839,
				"bytes":	655360,
				"bits_per_second":	5242906.25013143,
				"omitted":	false,
				"sender":	false
			}
		}, {
			"streams":	[{
					"socket":	5,
					"start":	14.000592,
					"end":	15.000559,
					"seconds":	0.99996697902679443,
					"bytes":	262144,
					"bits_per_second":	2097221.2522867778,
					"omitted":	false,
					"sender":	false
				}],
			"sum":	{
				"start":	14.000592,
				"end":	15.000559,
				"seconds":	0.99996697902679443,
				"bytes":	262144,
				"bits_per_second":	2097221.2522867778,
				"omitted":	false,
				"sender":	false
			}
		}, {
			"streams":	[{
					"socket":	5,
					"start":	15.000559,
					"end":	16.000978,
					"seconds":	1.000419020652771,
					"bytes":	524288,
					"bits_per_second":	4192547.2361203474,
					"omitted":	false,
					"sender":	false
				}],
			"sum":	{
				"start":	15.000559,
				"end":	16.000978,
				"seconds":	1.000419020652771,
				"bytes":	524288,
				"bits_per_second":	4192547.2361203474,
				"omitted":	false,