{
	"start":	{
		"connected":	[{
				"socket":	5,
				"local_host":	"10.0.0.1",
				"local_port":	49004,
				"remote_host":	"10.0.0.2",
				"remote_port":	5201
			}],
		"version":	"iperf 3.16",
		"system_info":	"Linux mininet 6.8.0-88-generic #89-Ubuntu SMP PREEMPT_DYNAMIC Sat Oct 11 01:02:46 UTC 2025 x86_64",
		"timestamp":	{
			"time":	"Tue, 02 Dec 2025 18:05:47 GMT",
			"timesecs":	1764698747
		},
		"connecting_to":	{
			"host":	"10.0.0.2",
			"port":	5201
		},
		"cookie":	"4mq2nrdzytarhnizaevl3pjlxr76rkm6nt3z",
		"tcp_mss_default":	1448,
		"target_bitrate":	0,
		"fq_rate":	0,
		"sock_bufsize":	0,
		"sndbuf_actual":	87380,
		"rcvbuf_actual":	87380,
		"test_start":	{
			"protocol":	"TCP",
			"num_streams":	1,
			"blksize":	131072,
			"omit":	0,
			"duration":	20,
			"bytes":	0,
			"blocks":	0,
			"reverse":	0,
			"tos":	0,
			"target_bitrate":	0,
			"bidir":	0,
			"fqrate":	0
		}
	},
	"intervals":	[{
			"streams":	[{
					"socket":	5,
					"start":	0,
					"end":	1.001029,
					"seconds":	1.0010290145874023,
					"bytes":	7733248,
					"bits_per_second":	61802388.440758154,
					"retransmits":	0,
					"snd_cwnd":	593680,
					"snd_wnd":	1993728,
					"rtt":	94315,
					"rttvar":	791,
					"pmtu":	1500,
					"omitted":	false,
					"sender":	true
				}],
			"sum":	{
				"start":	0,
				"end":	1.001029,
				"seconds":	1.0010290145874023,
				"bytes":	7733248,
				"bits_per_second":	61802388.440758154,
				"retransmits":	0,
				"omitted":	false,
				"sender":	true
			}
		}, {
			"streams":	[{
					"socket":	5,
					"start":	1.001029,
					"end":	2.001012,
					"seconds":	0.999983012676239,
					"bytes":	7602176,
					"bits_per_second":	60818441.142550327,
					"retransmits":	0,
					"snd_cwnd":	891968,
					"snd_wnd":	1993728,
					"rtt":	142441,
					"rttvar":	642,
					"pmtu":	1500,
					"omitted":	false,
					"sender":	true
				}],
			"sum":	{
				"start":	1.001029,
				"end":	2.001012,
				"seconds":	0.999983012676239,
				"bytes":	7602176,
				"bits_per_second":	60818441.142550327,
				"retransmits":	0,
				"omitted":	false,
				"sender":	true
			}
		}, {
			"streams":	[{
					"socket":	5,
					"start":	2.001012,
					"end":	3.000998,
					"seconds":	0.99998599290847778,
					"bytes":	5505024,
					"bits_per_second":	44040808.883640744,
					"retransmits":	55,
					"snd_cwnd":	474944,
					"snd_wnd":	3822080,
					"rtt":	78841,
					"rttvar":	155,
					"pmtu":	1500,
					"omitted":	false,
					"sender":	true
				}],
			"sum":	{
				"start":	2.001012,
				"end":	3.000998,
				"seconds":	0.99998599290847778,
				"bytes":	5505024,
				"bits_per_second":	44040808.883640744,
				"retransmits":	55,
				"omitted":	false,
				"sender":	true
			}
		}, {
			"streams":	[{
					"socket":	5,
					"start":	3.000998,
					"end":	4.001152,
					"seconds":	1.0001540184020996,
					"bytes":	5505024,
					"bits_per_second":	44033410.044545941,
					"retransmits":	0,
					"snd_cwnd":	509696,
					"snd_wnd":	3822080,
					"rtt":	84798,
					"rttvar":	317,
					"pmtu":	1500,
					"omitted":	false,
					"sender":	true
				}],
			"sum":	{
				"start":	3.000998,
				"end":	4.001152,
				"seconds":	1.0001540184020996,
				"bytes":	5505024,
				"bits_per_second":	44033410.044545941,
				"retransmits":	0,
				"omitted":	false,
				"sender":	true
			}
		}, {
			"streams":	[{
					"socket":	5,
					"start":	4.001152,
					"end":	5.001018,
					"seconds":	0.999866008758545,
					"bytes":	7340032,
					"bits_per_second":	58728125.054384366,
					"retransmits":	0,
					"snd_cwnd":	531416,
					"snd_wnd":	3822080,
					"rtt":	88229,
					"rttvar":	177,
					"pmtu":	1500,
					"omitted":	false,
					"sender":	true
				}],
			"sum":	{
				"start":	4.001152,
				"end":	5.001018,
				"seconds":	0.999866008758545,
				"bytes":	7340032,
				"bits_per_second":	58728125.054384366,
				"retransmits":	0,
				"omitted":	false,
				"sender":	true
			}
		}, {
			"streams":	[{
					"socket":	5,
					"start":	5.001018,
					"end":	6.00102,
					"seconds":	1.0000020265579224,
					"bytes":	5373952,
					"bits_per_second":	42991528.875176564,
					"retransmits":	0,
					"snd_cwnd":	543000,
					"snd_wnd":	3822080,
					"rtt":	91332,
					"rttvar":	344,
					"pmtu":	1500,
					"omitted":	false,
					"sender":	true
				}],
			"sum":	{
				"start":	5.001018,
				"end":	6.00102,
				"seconds":	1.0000020265579224,
				"bytes":	5373952,
				"bits_per_second":	42991528.875176564,
				"retransmits":	0,
				"omitted":	false,
				"sender":	true
			}
		}, {
			"streams":	[{
					"socket":	5,
					"start":	6.00102,
					"end":	7.001016,
					"seconds":	0.9999960064888,
					"bytes":	5505024,
					"bits_per_second":	44040367.875702359,
					"retransmits":	0,
					"snd_cwnd":	545896,
					"snd_wnd":	3822080,
					"rtt":	91557,
					"rttvar":	311,
					"pmtu":	1500,
					"omitted":	false,
					"sender":	true
				}],
			"sum":	{
				"start":	6.00102,
				"end":	7.001016,
				"seconds":	0.9999960064888,
				"bytes":	5505024,
				"bits_per_second":	44040367.875702359,
				"retransmits":	0,
				"omitted":	false,
				"sender":	true
			}
		}, {
			"streams":	[{
					"socket":	5,
					"start":	7.001016,
					"end":	8.000992,
					"seconds":	0.99997597932815552,
					"bytes":	5505024,
					"bits_per_second":	44041249.900411479,
					"retransmits":	0,
					"snd_cwnd":	545896,
					"snd_wnd":	3822080,
					"rtt":	91504,
					"rttvar":	174,
					"pmtu":	1500,
					"omitted":	false,
					"sender":	true
				}],
			"sum":	{
				"start":	7.001016,
				"end":	8.000992,
				"seconds":	0.99997597932815552,
				"bytes":	5505024,
				"bits_per_second":	44041249.900411479,
				"retransmits":	0,
				"omitted":	false,
				"sender":	true
			}
		}, {
			"streams":	[{
					"socket":	5,
					"start":	8.000992,
					"end":	9.001112,
					"seconds":	1.0001200437545776,
					"bytes":	7340032,
					"bits_per_second":	58713207.84608686,
					"retransmits":	0,
					"snd_cwnd":	545896,
					"snd_wnd":	3822080,
					"rtt":	91777,
					"rttvar":	185,
					"pmtu":	1500,
					"omitted":	false,
					"sender":	true
				}],
			"sum":	{
				"start":	8.000992,
				"end":	9.001112,
				"seconds":	1.0001200437545776,
				"bytes":	7340032,
				"bits_per_second":	58713207.84608686,
				"retransmits":	0,
				"omitted":	false,
				"sender":	true
			}
		}, {
			"streams":	[{
					"socket":	5,
					"start":	9.001112,
					"end":	10.000984,
					"seconds":	0.99987202882766724,
					"bytes":	5373952,
					"bits_per_second":	42997118.3916475,
					"retransmits":	0,
					"snd_cwnd":	550240,
					"snd_wnd":	3822080,
					"rtt":	92080,
					"rttvar":	293,
					"pmtu":	1500,
					"omitted":	false,
					"sender":	true
				}],
			"sum":	{
				"start":	9.001112,
				"end":	10.000984,
				"seconds":	0.99987202882766724,
				"bytes":	5373952,
				"bits_per_second":	42997118.3916475,
				"retransmits":	0,
				"omitted":	false,
				"sender":	true
			}
		}, {
			"streams":	[{
					"socket":	5,
					"start":	10.000984,
					"end":	11.000993,
					"seconds":	1.0000089406967163,
					"bytes":	5505024,
					"bits_per_second":	44039798.25352037,
					"retransmits":	0,
					"snd_cwnd":	561824,
					"snd_wnd":	3822080,
					"rtt":	93792,
					"rttvar":	145,
					"pmtu":	1500,
					"omitted":	false,
					"sender":	true
				}],
			"sum":	{
				"start":	10.000984,
				"end":	11.000993,
				"seconds":	1.0000089406967163,
				"bytes":	5505024,
				"bits_per_second":	44039798.25352037,
				"retransmits":	0,
				"omitted":	false,
				"sender":	true
			}
		}, {
			"streams":	[{
					"socket":	5,
					"start":	11.000993,
					"end":	12.001002,
					"seconds":	1.0000089406967163,
					"bytes":	5505024,
					"bits_per_second":	44039798.25352037,
					"retransmits":	0,
					"snd_cwnd":	583544,
					"snd_wnd":	3822080,
					"rtt":	97318,
					"rttvar":	246,
					"pmtu":	1500,
					"omitted":	false,
					"sender":	true
				}],
			"sum":	{
				"start":	11.000993,
				"end":	12.001002,
				"seconds":	1.0000089406967163,
				"bytes":	5505024,
				"bits_per_second":	44039798.25352037,