{
	"start":	{
		"connected":	[{
				"socket":	5,
				"local_host":	"10.0.0.2",
				"local_port":	5201,
				"remote_host":	"10.0.0.1",
				"remote_port":	48474
			}],
		"version":	"iperf 3.16",
		"system_info":	"Linux mininet 6.8.0-88-generic #89-Ubuntu SMP PREEMPT_DYNAMIC Sat Oct 11 01:02:46 UTC 2025 x86_64",
		"sock_bufsize":	0,
		"sndbuf_actual":	87380,
		"rcvbuf_actual":	87380,
		"timestamp":	{
			"time":	"Tue, 02 Dec 2025 17:25:09 GMT",
			"timesecs":	1764696309
		},
		"accepted_connection":	{
			"host":	"10.0.0.1",
			"port":	48472
		},
		"cookie":	"7qdwk6zuim5zaxam42k6ne26mhvef4ogspqc",
		"tcp_mss_default":	0,
		"target_bitrate":	0,
		"fq_rate":	0,
		"test_start":	{
			"protocol":	"TCP",
			"num_streams":	1,
			"blksize":	131072,
			"omit":	0,
			"duration":	20,
			"bytes":	0,
			"blocks":	0,
			"reverse":	0,
			"tos":	0,
			"target_bitrate":	0,
			"bidir":	0,
			"fqrate":	0
		}
	},
	"intervals":	[{
			"streams":	[{
					"socket":	5,
					"start":	0,
					"end":	1.000739,
					"seconds":	1.0007389783859253,
					"bytes":	4718592,
					"bits_per_second":	37720861.098949388,
					"omitted":	false,
					"sender":	false
				}],
			"sum":	{
				"start":	0,
				"end":	1.000739,
				"seconds":	1.0007389783859253,
				"bytes":	4718592,
				"bits_per_second":	37720861.098949388,
				"omitted":	false,
				"sender":	false
			}
		}, {
			"streams":	[{
					"socket":	5,
					"start":	1.000739,
					"end":	2.000676,
					"seconds":	0.99993699789047241,
					"bytes":	4194304,
					"bits_per_second":	33556546.133194849,
					"omitted":	false,
					"sender":	false
				}],
			"sum":	{
				"start":	1.000739,
				"end":	2.000676,
				"seconds":	0.99993699789047241,
				"bytes":	4194304,
				"bits_per_second":	33556546.133194849,
				"omitted":	false,
				"sender":	false
			}
		}, {
			"streams":	[{
					"socket":	5,
					"start":	2.000676,
					"end":	3.000832,
					"seconds":	1.000156044960022,
					"bytes":	131072,
					"bits_per_second":	1048412.400528873,
					"omitted":	false,
					"sender":	false
				}],
			"sum":	{
				"start":	2.000676,
				"end":	3.000832,
				"seconds":	1.000156044960022,
				"bytes":	131072,
				"bits_per_second":	1048412.400528873,
				"omitted":	false,
				"sender":	false
			}
		}, {
			"streams":	[{
					"socket":	5,
					"start":	3.000832,
					"end":	4.000935,
					"seconds":	1.0001029968261719,
					"bytes":	12582912,
					"bits_per_second":	100652929.06776112,
					"omitted":	false,
					"sender":	false
				}],
			"sum":	{
				"start":	3.000832,
				"end":	4.000935,
				"seconds":	1.0001029968261719,
				"bytes":	12582912,
				"bits_per_second":	100652929.06776112,
				"omitted":	false,
				"sender":	false
			}
		}, {
			"streams":	[{
					"socket":	5,
					"start":	4.000935,
					"end":	5.000754,
					"seconds":	0.999818980693817,
					"bytes":	6946816,
					"bits_per_second":	55584589.883895241,
					"omitted":	false,
					"sender":	false
				}],
			"sum":	{
				"start":	4.000935,
				"end":	5.000754,
				"seconds":	0.999818980693817,
				"bytes":	6946816,
				"bits_per_second":	55584589.883895241,
				"omitted":	false,
				"sender":	false
			}
		}, {
			"streams":	[{
					"socket":	5,
					"start":	5.000754,
					"end":	6.000853,
					"seconds":	1.0000989437103271,
					"bytes":	5898240,
					"bits_per_second":	47181251.711897746,
					"omitted":	false,
					"sender":	false
				}],
			"sum":	{
				"start":	5.000754,
				"end":	6.000853,
				"seconds":	1.0000989437103271,
				"bytes":	5898240,
				"bits_per_second":	47181251.711897746,
				"omitted":	false,
				"sender":	false
			}
		}, {
			"streams":	[{
					"socket":	5,
					"start":	6.000853,
					"end":	7.000678,
					"seconds":	0.99982500076293945,
					"bytes":	6029312,
					"bits_per_second":	48242938.4774271,
					"omitted":	false,
					"sender":	false
				}],
			"sum":	{
				"start":	6.000853,
				"end":	7.000678,
				"seconds":	0.99982500076293945,
				"bytes":	6029312,
				"bits_per_second":	48242938.4774271,
				"omitted":	false,
				"sender":	false
			}
		}, {
			"streams":	[{
					"socket":	5,
					"start":	7.000678,
					"end":	8.001061,
					"seconds":	1.0003830194473267,
					"bytes":	5898240,
					"bits_per_second":	47167853.794707969,
					"omitted":	false,
					"sender":	false
				}],
			"sum":	{
				"start":	7.000678,
				"end":	8.001061,
				"seconds":	1.0003830194473267,
				"bytes":	5898240,
				"bits_per_second":	47167853.794707969,
				"omitted":	false,
				"sender":	false
			}
		}, {
			"streams":	[{
					"socket":	5,
					"start":	8.001061,
					"end":	9.000832,
					"seconds":	0.999770998954773,
					"bytes":	5898240,
					"bits_per_second":	47196728.100066215,
					"omitted":	false,
					"sender":	false
				}],
			"sum":	{
				"start":	8.001061,
				"end":	9.000832,
				"seconds":	0.999770998954773,
				"bytes":	5898240,
				"bits_per_second":	47196728.100066215,
				"omitted":	false,
				"sender":	false
			}
		}, {
			"streams":	[{
					"socket":	5,
					"start":	9.000832,
					"end":	10.00096,
					"seconds":	1.0001280307769775,
					"bytes":	6029312,
					"bits_per_second":	48228321.290552847,
					"omitted":	false,
					"sender":	false
				}],
			"sum":	{
				"start":	9.000832,
				"end":	10.00096,
				"seconds":	1.0001280307769775,
				"bytes":	6029312,
				"bits_per_second":	48228321.290552847,
				"omitted":	false,
				"sender":	false
			}
		}, {
			"streams":	[{
					"socket":	5,
					"start":	10.00096,
					"end":	11.001564,
					"seconds":	1.0006040334701538,
					"bytes":	5898240,
					"bits_per_second":	47157435.330693647,
					"omitted":	false,
					"sender":	false
				}],
			"sum":	{
				"start":	10.00096,
				"end":	11.001564,
				"seconds":	1.0006040334701538,
				"bytes":	5898240,
				"bits_per_second":	47157435.330693647,
				"omitted":	false,
				"sender":	false
			}
		}, {
			"streams":	[{
					"socket":	5,
					"start":	11.001564,
					"end":	12.000761,
					"seconds":	0.999197006225586,
					"bytes":	6029312,
					"bits_per_second":	48273259.1265493,
					"omitted":	false,
					"sender":	false
				}],
			"sum":	{
				"start":	11.001564,
				"end":	12.000761,
				"seconds":	0.999197006225586,
				"bytes":	6029312,
				"bits_per_second":	48273259.1265493,
				"omitted":	false,
				"sender":	false
			}
		}, {
			"streams":	[{
					"socket":	5,
					"start":	12.000761,
					"end":	13.001072,
					"seconds":	1.000311017036438,
					"bytes":	5898240,
					"bits_per_second":	47171248.937950239,
					"omitted":	false,
					"sender":	false
				}],
			"sum":	{
				"start":	12.000761,
				"end":	13.001072,
				"seconds":	1.000311017036438,
				"bytes":	5898240,
				"bits_per_second":	47171248.937950239,
				"omitted":	false,
				"sender":	false
			}
		}, {
			"streams":	[{
					"socket":	5,
					"start":	13.001072,
					"end":	14.001054,
					"seconds":	0.99998199939727783,
					"bytes":	5898240,
					"bits_per_second":	47186769.390289538,
					"omitted":	false,
					"sender":	false
				}],
			"sum":	{
				"start":	13.001072,
				"end":	14.001054,
				"seconds":	0.99998199939727783,
				"bytes":	5898240,
				"bits_per_second":	47186769.390289538,
				"omitted":	false,
				"sender":	false
			}
		}, {
			"streams":	[{
					"socket":	5,
					"start":	14.001054,
					"end":	15.000952,
					"seconds":	0.99989801645278931,
					"bytes":	6029312,
					"bits_per_second":	48239415.626720987,
					"omitted":	false,
					"sender":	false
				}],
			"sum":	{
				"start":	14.001054,
				"end":	15.000952,
				"seconds":	0.99989801645278931,
				"bytes":	6029312,
				"bits_per_second":	48239415.626720987,
				"omitted":	false,
				"sender":	false
			}
		}, {
			"streams":	[{
					"socket":	5,
					"start":	15.000952,
					"end":	16.00084,
					"seconds":	0.999888002872467,
					"bytes":	5898240,
					"bits_per_second":	47191205.279436111,
					"omitted":	false,
					"sender":	false
				}],
			"sum":	{
				"start":	15.000952,
				"end":	16.00084,
				"seconds":	0.999888002872467,
				"bytes":	5898240,
				"bits_per_second":	47191205.279436111,