{
	"start":	{
		"connected":	[{
				"socket":	5,
				"local_host":	"10.0.0.1",
				"local_port":	44580,
				"remote_host":	"10.0.0.2",
				"remote_port":	5201
			}],
		"version":	"iperf 3.16",
		"system_info":	"Linux mininet 6.8.0-88-generic #89-Ubuntu SMP PREEMPT_DYNAMIC Sat Oct 11 01:02:46 UTC 2025 x86_64",
		"timestamp":	{
			"time":	"Tue, 02 Dec 2025 17:49:14 GMT",
			"timesecs":	1764697754
		},
		"connecting_to":	{
			"host":	"10.0.0.2",
			"port":	5201
		},
		"cookie":	"vtv2qzf3j3eer4cqlwibxvdhgfdfsuvvzyur",
		"tcp_mss_default":	1448,
		"target_bitrate":	0,
		"fq_rate":	0,
		"sock_bufsize":	0,
		"sndbuf_actual":	87380,
		"rcvbuf_actual":	87380,
		"test_start":	{
			"protocol":	"TCP",
			"num_streams":	1,
			"blksize":	131072,
			"omit":	0,
			"duration":	20,
			"bytes":	0,
			"blocks":	0,
			"reverse":	0,
			"tos":	0,
			"target_bitrate":	0,
			"bidir":	0,
			"fqrate":	0
		}
	},
	"intervals":	[{
			"streams":	[{
					"socket":	5,
					"start":	0,
					"end":	1.0009,
					"seconds":	1.0009000301361084,
					"bytes":	2490368,
					"bits_per_second":	19905028.874153156,
					"retransmits":	0,
					"snd_cwnd":	298288,
					"snd_wnd":	1163264,
					"rtt":	236075,
					"rttvar":	990,
					"pmtu":	1500,
					"omitted":	false,
					"sender":	true
				}],
			"sum":	{
				"start":	0,
				"end":	1.0009,
				"seconds":	1.0009000301361084,
				"bytes":	2490368,
				"bits_per_second":	19905028.874153156,
				"retransmits":	0,
				"omitted":	false,
				"sender":	true
			}
		}, {
			"streams":	[{
					"socket":	5,
					"start":	1.0009,
					"end":	2.000707,
					"seconds":	0.99980700016021729,
					"bytes":	1441792,
					"bits_per_second":	11536562.554724704,
					"retransmits":	0,
					"snd_cwnd":	357656,
					"snd_wnd":	1163264,
					"rtt":	283645,
					"rttvar":	1234,
					"pmtu":	1500,
					"omitted":	false,
					"sender":	true
				}],
			"sum":	{
				"start":	1.0009,
				"end":	2.000707,
				"seconds":	0.99980700016021729,
				"bytes":	1441792,
				"bits_per_second":	11536562.554724704,
				"retransmits":	0,
				"omitted":	false,
				"sender":	true
			}
		}, {
			"streams":	[{
					"socket":	5,
					"start":	2.000707,
					"end":	3.000997,
					"seconds":	1.0002900362014771,
					"bytes":	1572864,
					"bits_per_second":	12579263.558180207,
					"retransmits":	0,
					"snd_cwnd":	417024,
					"snd_wnd":	1163264,
					"rtt":	331056,
					"rttvar":	1767,
					"pmtu":	1500,
					"omitted":	false,
					"sender":	true
				}],
			"sum":	{
				"start":	2.000707,
				"end":	3.000997,
				"seconds":	1.0002900362014771,
				"bytes":	1572864,
				"bits_per_second":	12579263.558180207,
				"retransmits":	0,
				"omitted":	false,
				"sender":	true
			}
		}, {
			"streams":	[{
					"socket":	5,
					"start":	3.000997,
					"end":	4.001022,
					"seconds":	1.0000250339508057,
					"bytes":	917504,
					"bits_per_second":	7339848.254599873,
					"retransmits":	0,
					"snd_cwnd":	476392,
					"snd_wnd":	1163264,
					"rtt":	378704,
					"rttvar":	732,
					"pmtu":	1500,
					"omitted":	false,
					"sender":	true
				}],
			"sum":	{
				"start":	3.000997,
				"end":	4.001022,
				"seconds":	1.0000250339508057,
				"bytes":	917504,
				"bits_per_second":	7339848.254599873,
				"retransmits":	0,
				"omitted":	false,
				"sender":	true
			}
		}, {
			"streams":	[{
					"socket":	5,
					"start":	4.001022,
					"end":	5.000821,
					"seconds":	0.99979901313781738,
					"bytes":	2097152,
					"bits_per_second":	16780588.677863941,
					"retransmits":	0,
					"snd_cwnd":	537208,
					"snd_wnd":	1163264,
					"rtt":	426122,
					"rttvar":	290,
					"pmtu":	1500,
					"omitted":	false,
					"sender":	true
				}],
			"sum":	{
				"start":	4.001022,
				"end":	5.000821,
				"seconds":	0.99979901313781738,
				"bytes":	2097152,
				"bits_per_second":	16780588.677863941,
				"retransmits":	0,
				"omitted":	false,
				"sender":	true
			}
		}, {
			"streams":	[{
					"socket":	5,
					"start":	5.000821,
					"end":	6.000853,
					"seconds":	1.0000319480895996,
					"bytes":	1179648,
					"bits_per_second":	9436882.50963204,
					"retransmits":	0,
					"snd_cwnd":	596576,
					"snd_wnd":	1226752,
					"rtt":	474039,
					"rttvar":	1286,
					"pmtu":	1500,
					"omitted":	false,
					"sender":	true
				}],
			"sum":	{
				"start":	5.000821,
				"end":	6.000853,
				"seconds":	1.0000319480895996,
				"bytes":	1179648,
				"bits_per_second":	9436882.50963204,
				"retransmits":	0,
				"omitted":	false,
				"sender":	true
			}
		}, {
			"streams":	[{
					"socket":	5,
					"start":	6.000853,
					"end":	7.000779,
					"seconds":	0.999925971031189,
					"bytes":	1179648,
					"bits_per_second":	9437882.67672232,
					"retransmits":	16,
					"snd_cwnd":	437296,
					"snd_wnd":	1212928,
					"rtt":	502824,
					"rttvar":	731,
					"pmtu":	1500,
					"omitted":	false,
					"sender":	true
				}],
			"sum":	{
				"start":	6.000853,
				"end":	7.000779,
				"seconds":	0.999925971031189,
				"bytes":	1179648,
				"bits_per_second":	9437882.67672232,
				"retransmits":	16,
				"omitted":	false,
				"sender":	true
			}
		}, {
			"streams":	[{
					"socket":	5,
					"start":	7.000779,
					"end":	8.001072,
					"seconds":	1.0002930164337158,
					"bytes":	1441792,
					"bits_per_second":	11530957.240032196,
					"retransmits":	7,
					"snd_cwnd":	308424,
					"snd_wnd":	2071552,
					"rtt":	256519,
					"rttvar":	1874,
					"pmtu":	1500,
					"omitted":	false,
					"sender":	true
				}],
			"sum":	{
				"start":	7.000779,
				"end":	8.001072,
				"seconds":	1.0002930164337158,
				"bytes":	1441792,
				"bits_per_second":	11530957.240032196,
				"retransmits":	7,
				"omitted":	false,
				"sender":	true
			}
		}, {
			"streams":	[{
					"socket":	5,
					"start":	8.001072,
					"end":	9.001008,
					"seconds":	0.99993598461151123,
					"bytes":	1310720,
					"bits_per_second":	10486431.292973081,
					"retransmits":	0,
					"snd_cwnd":	337384,
					"snd_wnd":	2070528,
					"rtt":	275262,
					"rttvar":	638,
					"pmtu":	1500,
					"omitted":	false,
					"sender":	true
				}],
			"sum":	{
				"start":	8.001072,
				"end":	9.001008,
				"seconds":	0.99993598461151123,
				"bytes":	1310720,
				"bits_per_second":	10486431.292973081,
				"retransmits":	0,
				"omitted":	false,
				"sender":	true
			}
		}, {
			"streams":	[{
					"socket":	5,
					"start":	9.001008,
					"end":	10.000815,
					"seconds":	0.99980700016021729,
					"bytes":	1179648,
					"bits_per_second":	9439005.72659294,
					"retransmits":	0,
					"snd_cwnd":	357656,
					"snd_wnd":	2070528,
					"rtt":	294789,
					"rttvar":	577,
					"pmtu":	1500,
					"omitted":	false,
					"sender":	true
				}],
			"sum":	{
				"start":	9.001008,
				"end":	10.000815,
				"seconds":	0.99980700016021729,
				"bytes":	1179648,
				"bits_per_second":	9439005.72659294,
				"retransmits":	0,
				"omitted":	false,
				"sender":	true
			}
		}, {
			"streams":	[{
					"socket":	5,
					"start":	10.000815,
					"end":	11.001093,
					"seconds":	1.0002779960632324,
					"bytes":	1179648,
					"bits_per_second":	9434561.22911998,
					"retransmits":	0,
					"snd_cwnd":	367792,
					"snd_wnd":	2070528,
					"rtt":	304498,
					"rttvar":	356,
					"pmtu":	1500,
					"omitted":	false,
					"sender":	true
				}],
			"sum":	{
				"start":	10.000815,
				"end":	11.001093,
				"seconds":	1.0002779960632324,
				"bytes":	1179648,
				"bits_per_second":	9434561.22911998,
				"retransmits":	0,
				"omitted":	false,
				"sender":	true
			}
		}, {
			"streams":	[{
					"socket":	5,
					"start":	11.001093,
					"end":	12.000567,
					"seconds":	0.99947398900985718,
					"bytes":	1310720,
					"bits_per_second":	10491278.527806275,
					"retransmits":	0,
					"snd_cwnd":	370688,
					"snd_wnd":	2070528,
					"rtt":	309875,
					"rttvar":	501,
					"pmtu":	1500,
					"omitted":	false,
					"sender":	true
				}],
			"sum":	{
				"start":	11.001093,
				"end":	12.000567,
				"seconds":	0.99947398900985718,
				"bytes":	1310720,
				"bits_per_second":	10491278.527806275,