{
	"start":	{
		"connected":	[{
				"socket":	5,
				"local_host":	"10.0.0.1",
				"local_port":	45998,
				"remote_host":	"10.0.0.2",
				"remote_port":	5201
			}],
		"version":	"iperf 3.16",
		"system_info":	"Linux mininet 6.8.0-88-generic #89-Ubuntu SMP PREEMPT_DYNAMIC Sat Oct 11 01:02:46 UTC 2025 x86_64",
		"timestamp":	{
			"time":	"Tue, 02 Dec 2025 17:51:35 GMT",
			"timesecs":	1764697895
		},
		"connecting_to":	{
			"host":	"10.0.0.2",
			"port":	5201
		},
		"cookie":	"gtmqqple7qiv23h5jysjcwxyqe5lkqqlk3x2",
		"tcp_mss_default":	1448,
		"target_bitrate":	0,
		"fq_rate":	0,
		"sock_bufsize":	0,
		"sndbuf_actual":	87380,
		"rcvbuf_actual":	87380,
		"test_start":	{
			"protocol":	"TCP",
			"num_streams":	1,
			"blksize":	131072,
			"omit":	0,
			"duration":	20,
			"bytes":	0,
			"blocks":	0,
			"reverse":	0,
			"tos":	0,
			"target_bitrate":	0,
			"bidir":	0,
			"fqrate":	0
		}
	},
	"intervals":	[{
			"streams":	[{
					"socket":	5,
					"start":	0,
					"end":	1.000727,
					"seconds":	1.00072705745697,
					"bytes":	1310720,
					"bits_per_second":	10478141.788877206,
					"retransmits":	8,
					"snd_cwnd":	31856,
					"snd_wnd":	1676288,
					"rtt":	45272,
					"rttvar":	723,
					"pmtu":	1500,
					"omitted":	false,
					"sender":	true
				}],
			"sum":	{
				"start":	0,
				"end":	1.000727,
				"seconds":	1.00072705745697,
				"bytes":	1310720,
				"bits_per_second":	10478141.788877206,
				"retransmits":	8,
				"omitted":	false,
				"sender":	true
			}
		}, {
			"streams":	[{
					"socket":	5,
					"start":	1.000727,
					"end":	2.00015,
					"seconds":	0.99942302703857422,
					"bytes":	393216,
					"bits_per_second":	3147544.0478104833,
					"retransmits":	6,
					"snd_cwnd":	17376,
					"snd_wnd":	1676288,
					"rtt":	47692,
					"rttvar":	5220,
					"pmtu":	1500,
					"omitted":	false,
					"sender":	true
				}],
			"sum":	{
				"start":	1.000727,
				"end":	2.00015,
				"seconds":	0.99942302703857422,
				"bytes":	393216,
				"bits_per_second":	3147544.0478104833,
				"retransmits":	6,
				"omitted":	false,
				"sender":	true
			}
		}, {
			"streams":	[{
					"socket":	5,
					"start":	2.00015,
					"end":	3.000148,
					"seconds":	0.99999797344207764,
					"bytes":	131072,
					"bits_per_second":	1048578.1250043064,
					"retransmits":	4,
					"snd_cwnd":	15928,
					"snd_wnd":	1676288,
					"rtt":	45064,
					"rttvar":	888,
					"pmtu":	1500,
					"omitted":	false,
					"sender":	true
				}],
			"sum":	{
				"start":	2.00015,
				"end":	3.000148,
				"seconds":	0.99999797344207764,
				"bytes":	131072,
				"bits_per_second":	1048578.1250043064,
				"retransmits":	4,
				"omitted":	false,
				"sender":	true
			}
		}, {
			"streams":	[{
					"socket":	5,
					"start":	3.000148,
					"end":	4.000185,
					"seconds":	1.0000369548797607,
					"bytes":	655360,
					"bits_per_second":	5242686.2571597435,
					"retransmits":	0,
					"snd_cwnd":	31856,
					"snd_wnd":	1676288,
					"rtt":	45641,
					"rttvar":	1756,
					"pmtu":	1500,
					"omitted":	false,
					"sender":	true
				}],
			"sum":	{
				"start":	3.000148,
				"end":	4.000185,
				"seconds":	1.0000369548797607,
				"bytes":	655360,
				"bits_per_second":	5242686.2571597435,
				"retransmits":	0,
				"omitted":	false,
				"sender":	true
			}
		}, {
			"streams":	[{
					"socket":	5,
					"start":	4.000185,
					"end":	5.000141,
					"seconds":	0.99995601177215576,
					"bytes":	524288,
					"bits_per_second":	4194488.5081161847,
					"retransmits":	5,
					"snd_cwnd":	15928,
					"snd_wnd":	1678848,
					"rtt":	46379,
					"rttvar":	1466,
					"pmtu":	1500,
					"omitted":	false,
					"sender":	true
				}],
			"sum":	{
				"start":	4.000185,
				"end":	5.000141,
				"seconds":	0.99995601177215576,
				"bytes":	524288,
				"bits_per_second":	4194488.5081161847,
				"retransmits":	5,
				"omitted":	false,
				"sender":	true
			}
		}, {
			"streams":	[{
					"socket":	5,
					"start":	5.000141,
					"end":	6.00041,
					"seconds":	1.0002690553665161,
					"bytes":	393216,
					"bits_per_second":	3144881.8526604827,
					"retransmits":	4,
					"snd_cwnd":	14480,
					"snd_wnd":	1676288,
					"rtt":	49186,
					"rttvar":	7784,
					"pmtu":	1500,
					"omitted":	false,
					"sender":	true
				}],
			"sum":	{
				"start":	5.000141,
				"end":	6.00041,
				"seconds":	1.0002690553665161,
				"bytes":	393216,
				"bits_per_second":	3144881.8526604827,
				"retransmits":	4,
				"omitted":	false,
				"sender":	true
			}
		}, {
			"streams":	[{
					"socket":	5,
					"start":	6.00041,
					"end":	7.000811,
					"seconds":	1.0004010200500488,
					"bytes":	393216,
					"bits_per_second":	3144467.0056840037,
					"retransmits":	0,
					"snd_cwnd":	28960,
					"snd_wnd":	1676288,
					"rtt":	46939,
					"rttvar":	1778,
					"pmtu":	1500,
					"omitted":	false,
					"sender":	true
				}],
			"sum":	{
				"start":	6.00041,
				"end":	7.000811,
				"seconds":	1.0004010200500488,
				"bytes":	393216,
				"bits_per_second":	3144467.0056840037,
				"retransmits":	0,
				"omitted":	false,
				"sender":	true
			}
		}, {
			"streams":	[{
					"socket":	5,
					"start":	7.000811,
					"end":	8.001,
					"seconds":	1.000188946723938,
					"bytes":	655360,
					"bits_per_second":	5241889.56213999,
					"retransmits":	8,
					"snd_cwnd":	14480,
					"snd_wnd":	1676288,
					"rtt":	48397,
					"rttvar":	6259,
					"pmtu":	1500,
					"omitted":	false,
					"sender":	true
				}],
			"sum":	{
				"start":	7.000811,
				"end":	8.001,
				"seconds":	1.000188946723938,
				"bytes":	655360,
				"bits_per_second":	5241889.56213999,
				"retransmits":	8,
				"omitted":	false,
				"sender":	true
			}
		}, {
			"streams":	[{
					"socket":	5,
					"start":	8.001,
					"end":	9.000957,
					"seconds":	0.999957025051117,
					"bytes":	393216,
					"bits_per_second":	3145863.1933099255,
					"retransmits":	0,
					"snd_cwnd":	31856,
					"snd_wnd":	1678848,
					"rtt":	45458,
					"rttvar":	1418,
					"pmtu":	1500,
					"omitted":	false,
					"sender":	true
				}],
			"sum":	{
				"start":	8.001,
				"end":	9.000957,
				"seconds":	0.999957025051117,
				"bytes":	393216,
				"bits_per_second":	3145863.1933099255,
				"retransmits":	0,
				"omitted":	false,
				"sender":	true
			}
		}, {
			"streams":	[{
					"socket":	5,
					"start":	9.000957,
					"end":	10.000133,
					"seconds":	0.999176025390625,
					"bytes":	524288,
					"bits_per_second":	4197762.8500045817,
					"retransmits":	2,
					"snd_cwnd":	34752,
					"snd_wnd":	1676288,
					"rtt":	45297,
					"rttvar":	665,
					"pmtu":	1500,
					"omitted":	false,
					"sender":	true
				}],
			"sum":	{
				"start":	9.000957,
				"end":	10.000133,
				"seconds":	0.999176025390625,
				"bytes":	524288,
				"bits_per_second":	4197762.8500045817,
				"retransmits":	2,
				"omitted":	false,
				"sender":	true
			}
		}, {
			"streams":	[{
					"socket":	5,
					"start":	10.000133,
					"end":	11.000165,
					"seconds":	1.0000319480895996,
					"bytes":	786432,
					"bits_per_second":	6291255.00642136,
					"retransmits":	2,
					"snd_cwnd":	36200,
					"snd_wnd":	1678848,
					"rtt":	44800,
					"rttvar":	345,
					"pmtu":	1500,
					"omitted":	false,
					"sender":	true
				}],
			"sum":	{
				"start":	10.000133,
				"end":	11.000165,
				"seconds":	1.0000319480895996,
				"bytes":	786432,
				"bits_per_second":	6291255.00642136,
				"retransmits":	2,
				"omitted":	false,
				"sender":	true
			}
		}, {
			"streams":	[{
					"socket":	5,
					"start":	11.000165,
					"end":	12.000208,
					"seconds":	1.0000430345535278,
					"bytes":	524288,
					"bits_per_second":	4194123.5077674026,
					"retransmits":	4,
					"snd_cwnd":	18824,
					"snd_wnd":	1676288,
					"rtt":	44639,
					"rttvar":	155,
					"pmtu":	1500,
					"omitted":	false,
					"sender":	true
				}],
			"sum":	{
				"start":	11.000165,
				"end":	12.000208,
				"seconds":	1.0000430345535278,
				"bytes":	524288,
				"bits_per_second":	4194123.5077674026,
				"retransmits":	4,
				"omitted":	false,