{
	"start":	{
		"connected":	[{
				"socket":	5,
				"local_host":	"10.0.0.1",
				"local_port":	36270,
				"remote_host":	"10.0.0.2",
				"remote_port":	5201
			}],
		"version":	"iperf 3.16",
		"system_info":	"Linux mininet 6.8.0-88-generic #89-Ubuntu SMP PREEMPT_DYNAMIC Sat Oct 11 01:02:46 UTC 2025 x86_64",
		"timestamp":	{
			"time":	"Tue, 02 Dec 2025 18:17:48 GMT",
			"timesecs":	1764699468
		},
		"connecting_to":	{
			"host":	"10.0.0.2",
			"port":	5201
		},
		"cookie":	"rhyv22nvryhohrkugy4exlsu7t6gzydcxeyy",
		"tcp_mss_default":	1448,
		"target_bitrate":	0,
		"fq_rate":	0,
		"sock_bufsize":	0,
		"sndbuf_actual":	87380,
		"rcvbuf_actual":	87380,
		"test_start":	{
			"protocol":	"TCP",
			"num_streams":	1,
			"blksize":	131072,
			"omit":	0,
			"duration":	20,
			"bytes":	0,
			"blocks":	0,
			"reverse":	0,
			"tos":	0,
			"target_bitrate":	0,
			"bidir":	0,
			"fqrate":	0
		}
	},
	"intervals":	[{
			"streams":	[{
					"socket":	5,
					"start":	0,
					"end":	1.000877,
					"seconds":	1.0008770227432251,
					"bytes":	5898240,
					"bits_per_second":	47144573.1371391,
					"retransmits":	0,
					"snd_cwnd":	873144,
					"snd_wnd":	3291136,
					"rtt":	139022,
					"rttvar":	320,
					"pmtu":	1500,
					"omitted":	false,
					"sender":	true
				}],
			"sum":	{
				"start":	0,
				"end":	1.000877,
				"seconds":	1.0008770227432251,
				"bytes":	5898240,
				"bits_per_second":	47144573.1371391,
				"retransmits":	0,
				"omitted":	false,
				"sender":	true
			}
		}, {
			"streams":	[{
					"socket":	5,
					"start":	1.000877,
					"end":	2.000657,
					"seconds":	0.999779999256134,
					"bytes":	7864320,
					"bits_per_second":	62928404.295755364,
					"retransmits":	50,
					"snd_cwnd":	770336,
					"snd_wnd":	2680320,
					"rtt":	152637,
					"rttvar":	3732,
					"pmtu":	1500,
					"omitted":	false,
					"sender":	true
				}],
			"sum":	{
				"start":	1.000877,
				"end":	2.000657,
				"seconds":	0.999779999256134,
				"bytes":	7864320,
				"bits_per_second":	62928404.295755364,
				"retransmits":	50,
				"omitted":	false,
				"sender":	true
			}
		}, {
			"streams":	[{
					"socket":	5,
					"start":	2.000657,
					"end":	3.00106,
					"seconds":	1.0004030466079712,
					"bytes":	4456448,
					"bits_per_second":	35637220.539144173,
					"retransmits":	8,
					"snd_cwnd":	580648,
					"snd_wnd":	4929024,
					"rtt":	106229,
					"rttvar":	175,
					"pmtu":	1500,
					"omitted":	false,
					"sender":	true
				}],
			"sum":	{
				"start":	2.000657,
				"end":	3.00106,
				"seconds":	1.0004030466079712,
				"bytes":	4456448,
				"bits_per_second":	35637220.539144173,
				"retransmits":	8,
				"omitted":	false,
				"sender":	true
			}
		}, {
			"streams":	[{
					"socket":	5,
					"start":	3.00106,
					"end":	4.000948,
					"seconds":	0.999888002872467,
					"bytes":	6684672,
					"bits_per_second":	53483365.983360931,
					"retransmits":	0,
					"snd_cwnd":	616848,
					"snd_wnd":	4929024,
					"rtt":	104814,
					"rttvar":	404,
					"pmtu":	1500,
					"omitted":	false,
					"sender":	true
				}],
			"sum":	{
				"start":	3.00106,
				"end":	4.000948,
				"seconds":	0.999888002872467,
				"bytes":	6684672,
				"bits_per_second":	53483365.983360931,
				"retransmits":	0,
				"omitted":	false,
				"sender":	true
			}
		}, {
			"streams":	[{
					"socket":	5,
					"start":	4.000948,
					"end":	5.001089,
					"seconds":	1.0001410245895386,
					"bytes":	6553600,
					"bits_per_second":	52421407.292553537,
					"retransmits":	0,
					"snd_cwnd":	638568,
					"snd_wnd":	4929024,
					"rtt":	106371,
					"rttvar":	162,
					"pmtu":	1500,
					"omitted":	false,
					"sender":	true
				}],
			"sum":	{
				"start":	4.000948,
				"end":	5.001089,
				"seconds":	1.0001410245895386,
				"bytes":	6553600,
				"bits_per_second":	52421407.292553537,
				"retransmits":	0,
				"omitted":	false,
				"sender":	true
			}
		}, {
			"streams":	[{
					"socket":	5,
					"start":	5.001089,
					"end":	6.001085,
					"seconds":	0.9999960064888,
					"bytes":	4456448,
					"bits_per_second":	35651726.375568576,
					"retransmits":	0,
					"snd_cwnd":	651600,
					"snd_wnd":	4929024,
					"rtt":	108562,
					"rttvar":	183,
					"pmtu":	1500,
					"omitted":	false,
					"sender":	true
				}],
			"sum":	{
				"start":	5.001089,
				"end":	6.001085,
				"seconds":	0.9999960064888,
				"bytes":	4456448,
				"bits_per_second":	35651726.375568576,
				"retransmits":	0,
				"omitted":	false,
				"sender":	true
			}
		}, {
			"streams":	[{
					"socket":	5,
					"start":	6.001085,
					"end":	7.000455,
					"seconds":	0.999369978904724,
					"bytes":	6684672,
					"bits_per_second":	53511089.11497362,
					"retransmits":	0,
					"snd_cwnd":	654496,
					"snd_wnd":	4929024,
					"rtt":	109473,
					"rttvar":	324,
					"pmtu":	1500,
					"omitted":	false,
					"sender":	true
				}],
			"sum":	{
				"start":	6.001085,
				"end":	7.000455,
				"seconds":	0.999369978904724,
				"bytes":	6684672,
				"bits_per_second":	53511089.11497362,
				"retransmits":	0,
				"omitted":	false,
				"sender":	true
			}
		}, {
			"streams":	[{
					"socket":	5,
					"start":	7.000455,
					"end":	8.00091,
					"seconds":	1.0004550218582153,
					"bytes":	6684672,
					"bits_per_second":	53453053.6921817,
					"retransmits":	0,
					"snd_cwnd":	654496,
					"snd_wnd":	4929024,
					"rtt":	109087,
					"rttvar":	163,
					"pmtu":	1500,
					"omitted":	false,
					"sender":	true
				}],
			"sum":	{
				"start":	7.000455,
				"end":	8.00091,
				"seconds":	1.0004550218582153,
				"bytes":	6684672,
				"bits_per_second":	53453053.6921817,
				"retransmits":	0,
				"omitted":	false,
				"sender":	true
			}
		}, {
			"streams":	[{
					"socket":	5,
					"start":	8.00091,
					"end":	9.001017,
					"seconds":	1.0001070499420166,
					"bytes":	4456448,
					"bits_per_second":	35647767.908512369,
					"retransmits":	0,
					"snd_cwnd":	654496,
					"snd_wnd":	4929024,
					"rtt":	109719,
					"rttvar":	97,
					"pmtu":	1500,
					"omitted":	false,
					"sender":	true
				}],
			"sum":	{
				"start":	8.00091,
				"end":	9.001017,
				"seconds":	1.0001070499420166,
				"bytes":	4456448,
				"bits_per_second":	35647767.908512369,
				"retransmits":	0,
				"omitted":	false,
				"sender":	true
			}
		}, {
			"streams":	[{
					"socket":	5,
					"start":	9.001017,
					"end":	10.001071,
					"seconds":	1.0000540018081665,
					"bytes":	6553600,
					"bits_per_second":	52425968.902884364,
					"retransmits":	0,
					"snd_cwnd":	658840,
					"snd_wnd":	4929024,
					"rtt":	111130,
					"rttvar":	153,
					"pmtu":	1500,
					"omitted":	false,
					"sender":	true
				}],
			"sum":	{
				"start":	9.001017,
				"end":	10.001071,
				"seconds":	1.0000540018081665,
				"bytes":	6553600,
				"bits_per_second":	52425968.902884364,
				"retransmits":	0,
				"omitted":	false,
				"sender":	true
			}
		}, {
			"streams":	[{
					"socket":	5,
					"start":	10.001071,
					"end":	11.000665,
					"seconds":	0.99959397315979,
					"bytes":	6684672,
					"bits_per_second":	53499098.069743343,
					"retransmits":	0,
					"snd_cwnd":	670424,
					"snd_wnd":	4929024,
					"rtt":	111601,
					"rttvar":	372,
					"pmtu":	1500,
					"omitted":	false,
					"sender":	true
				}],
			"sum":	{
				"start":	10.001071,
				"end":	11.000665,
				"seconds":	0.99959397315979,
				"bytes":	6684672,
				"bits_per_second":	53499098.069743343,
				"retransmits":	0,
				"omitted":	false,
				"sender":	true
			}
		}, {
			"streams":	[{
					"socket":	5,
					"start":	11.000665,
					"end":	12.000736,
					"seconds":	1.0000710487365723,
					"bytes":	4456448,
					"bits_per_second":	35649051.179953665,
					"retransmits":	0,
					"snd_cwnd":	690696,
					"snd_wnd":	4932096,
					"rtt":	114972,
					"rttvar":	292,
					"pmtu":	1500,
					"omitted":	false,
					"sender":	true
				}],
			"sum":	{
				"start":	11.000665,
				"end":	12.000736,
				"seconds":	1.0000710487365723,
				"bytes":	4456448,
				"bits_per_second":	35649051.179953665,