{
	"start":	{
		"connected":	[{
				"socket":	5,
				"local_host":	"10.0.0.1",
				"local_port":	47970,
				"remote_host":	"10.0.0.2",
				"remote_port":	5201
			}],
		"version":	"iperf 3.16",
		"system_info":	"Linux mininet 6.8.0-88-generic #89-Ubuntu SMP PREEMPT_DYNAMIC Sat Oct 11 01:02:46 UTC 2025 x86_64",
		"timestamp":	{
			"time":	"Tue, 02 Dec 2025 18:50:42 GMT",
			"timesecs":	1764701442
		},
		"connecting_to":	{
			"host":	"10.0.0.2",
			"port":	5201
		},
		"cookie":	"wxvfvied4hsaeu7uwunmodk46yown5n4cvhf",
		"tcp_mss_default":	1448,
		"target_bitrate":	0,
		"fq_rate":	0,
		"sock_bufsize":	0,
		"sndbuf_actual":	87380,
		"rcvbuf_actual":	87380,
		"test_start":	{
			"protocol":	"TCP",
			"num_streams":	1,
			"blksize":	131072,
			"omit":	0,
			"duration":	20,
			"bytes":	0,
			"blocks":	0,
			"reverse":	0,
			"tos":	0,
			"target_bitrate":	0,
			"bidir":	0,
			"fqrate":	0
		}
	},
	"intervals":	[{
			"streams":	[{
					"socket":	5,
					"start":	0,
					"end":	1.001081,
					"seconds":	1.0010809898376465,
					"bytes":	2752512,
					"bits_per_second":	21996318.203556318,
					"retransmits":	6,
					"snd_cwnd":	370688,
					"snd_wnd":	776704,
					"rtt":	205999,
					"rttvar":	12564,
					"pmtu":	1500,
					"omitted":	false,
					"sender":	true
				}],
			"sum":	{
				"start":	0,
				"end":	1.001081,
				"seconds":	1.0010809898376465,
				"bytes":	2752512,
				"bits_per_second":	21996318.203556318,
				"retransmits":	6,
				"omitted":	false,
				"sender":	true
			}
		}, {
			"streams":	[{
					"socket":	5,
					"start":	1.001081,
					"end":	2.000551,
					"seconds":	0.99946999549865723,
					"bytes":	2359296,
					"bits_per_second":	18884376.80471155,
					"retransmits":	13,
					"snd_cwnd":	275120,
					"snd_wnd":	3165696,
					"rtt":	112752,
					"rttvar":	767,
					"pmtu":	1500,
					"omitted":	false,
					"sender":	true
				}],
			"sum":	{
				"start":	1.001081,
				"end":	2.000551,
				"seconds":	0.99946999549865723,
				"bytes":	2359296,
				"bits_per_second":	18884376.80471155,
				"retransmits":	13,
				"omitted":	false,
				"sender":	true
			}
		}, {
			"streams":	[{
					"socket":	5,
					"start":	2.000551,
					"end":	3.000866,
					"seconds":	1.0003149509429932,
					"bytes":	1179648,
					"bits_per_second":	9434212.6858182,
					"retransmits":	2,
					"snd_cwnd":	269328,
					"snd_wnd":	5557760,
					"rtt":	115132,
					"rttvar":	80,
					"pmtu":	1500,
					"omitted":	false,
					"sender":	true
				}],
			"sum":	{
				"start":	2.000551,
				"end":	3.000866,
				"seconds":	1.0003149509429932,
				"bytes":	1179648,
				"bits_per_second":	9434212.6858182,
				"retransmits":	2,
				"omitted":	false,
				"sender":	true
			}
		}, {
			"streams":	[{
					"socket":	5,
					"start":	3.000866,
					"end":	4.000934,
					"seconds":	1.0000679492950439,
					"bytes":	1179648,
					"bits_per_second":	9436542.7935695257,
					"retransmits":	8,
					"snd_cwnd":	127424,
					"snd_wnd":	7022592,
					"rtt":	107131,
					"rttvar":	158,
					"pmtu":	1500,
					"omitted":	false,
					"sender":	true
				}],
			"sum":	{
				"start":	3.000866,
				"end":	4.000934,
				"seconds":	1.0000679492950439,
				"bytes":	1179648,
				"bits_per_second":	9436542.7935695257,
				"retransmits":	8,
				"omitted":	false,
				"sender":	true
			}
		}, {
			"streams":	[{
					"socket":	5,
					"start":	4.000934,
					"end":	5.000778,
					"seconds":	0.9998440146446228,
					"bytes":	1310720,
					"bits_per_second":	10487395.88017335,
					"retransmits":	5,
					"snd_cwnd":	272224,
					"snd_wnd":	7022592,
					"rtt":	108246,
					"rttvar":	271,
					"pmtu":	1500,
					"omitted":	false,
					"sender":	true
				}],
			"sum":	{
				"start":	4.000934,
				"end":	5.000778,
				"seconds":	0.9998440146446228,
				"bytes":	1310720,
				"bits_per_second":	10487395.88017335,
				"retransmits":	5,
				"omitted":	false,
				"sender":	true
			}
		}, {
			"streams":	[{
					"socket":	5,
					"start":	5.000778,
					"end":	6.000888,
					"seconds":	1.0001100301742554,
					"bytes":	1179648,
					"bits_per_second":	9436145.7392400131,
					"retransmits":	12,
					"snd_cwnd":	136112,
					"snd_wnd":	7022592,
					"rtt":	106870,
					"rttvar":	217,
					"pmtu":	1500,
					"omitted":	false,
					"sender":	true
				}],
			"sum":	{
				"start":	5.000778,
				"end":	6.000888,
				"seconds":	1.0001100301742554,
				"bytes":	1179648,
				"bits_per_second":	9436145.7392400131,
				"retransmits":	12,
				"omitted":	false,
				"sender":	true
			}
		}, {
			"streams":	[{
					"socket":	5,
					"start":	6.000888,
					"end":	7.000632,
					"seconds":	0.9997439980506897,
					"bytes":	1310720,
					"bits_per_second":	10488445.062381204,
					"retransmits":	16,
					"snd_cwnd":	186792,
					"snd_wnd":	6994944,
					"rtt":	105947,
					"rttvar":	493,
					"pmtu":	1500,
					"omitted":	false,
					"sender":	true
				}],
			"sum":	{
				"start":	6.000888,
				"end":	7.000632,
				"seconds":	0.9997439980506897,
				"bytes":	1310720,
				"bits_per_second":	10488445.062381204,
				"retransmits":	16,
				"omitted":	false,
				"sender":	true
			}
		}, {
			"streams":	[{
					"socket":	5,
					"start":	7.000632,
					"end":	8.001025,
					"seconds":	1.0003930330276489,
					"bytes":	1179648,
					"bits_per_second":	9433476.33223589,
					"retransmits":	16,
					"snd_cwnd":	272224,
					"snd_wnd":	7022592,
					"rtt":	110080,
					"rttvar":	655,
					"pmtu":	1500,
					"omitted":	false,
					"sender":	true
				}],
			"sum":	{
				"start":	7.000632,
				"end":	8.001025,
				"seconds":	1.0003930330276489,
				"bytes":	1179648,
				"bits_per_second":	9433476.33223589,
				"retransmits":	16,
				"omitted":	false,
				"sender":	true
			}
		}, {
			"streams":	[{
					"socket":	5,
					"start":	8.001025,
					"end":	9.000776,
					"seconds":	0.99975097179412842,
					"bytes":	0,
					"bits_per_second":	0,
					"retransmits":	14,
					"snd_cwnd":	130320,
					"snd_wnd":	7022592,
					"rtt":	109376,
					"rttvar":	197,
					"pmtu":	1500,
					"omitted":	false,
					"sender":	true
				}],
			"sum":	{
				"start":	8.001025,
				"end":	9.000776,
				"seconds":	0.99975097179412842,
				"bytes":	0,
				"bits_per_second":	0,
				"retransmits":	14,
				"omitted":	false,
				"sender":	true
			}
		}, {
			"streams":	[{
					"socket":	5,
					"start":	9.000776,
					"end":	10.000795,
					"seconds":	1.0000189542770386,
					"bytes":	1179648,
					"bits_per_second":	9437005.12839038,
					"retransmits":	6,
					"snd_cwnd":	272224,
					"snd_wnd":	7025664,
					"rtt":	114473,
					"rttvar":	376,
					"pmtu":	1500,
					"omitted":	false,
					"sender":	true
				}],
			"sum":	{
				"start":	9.000776,
				"end":	10.000795,
				"seconds":	1.0000189542770386,
				"bytes":	1179648,
				"bits_per_second":	9437005.12839038,
				"retransmits":	6,
				"omitted":	false,
				"sender":	true
			}
		}, {
			"streams":	[{
					"socket":	5,
					"start":	10.000795,
					"end":	11.000629,
					"seconds":	0.99983400106430054,
					"bytes":	2359296,
					"bits_per_second":	18877501.645181764,
					"retransmits":	4,
					"snd_cwnd":	269328,
					"snd_wnd":	7025664,
					"rtt":	114793,
					"rttvar":	360,
					"pmtu":	1500,
					"omitted":	false,
					"sender":	true
				}],
			"sum":	{
				"start":	10.000795,
				"end":	11.000629,
				"seconds":	0.99983400106430054,
				"bytes":	2359296,
				"bits_per_second":	18877501.645181764,
				"retransmits":	4,
				"omitted":	false,
				"sender":	true
			}
		}, {
			"streams":	[{
					"socket":	5,
					"start":	11.000629,
					"end":	12.000997,
					"seconds":	1.0003679990768433,
					"bytes":	1179648,
					"bits_per_second":	9433712.40254466,
					"retransmits":	4,
					"snd_cwnd":	272224,
					"snd_wnd":	7025664,
					"rtt":	116209,
					"rttvar":	125,
					"pmtu":	1500,
					"omitted":	false,
					"sender":	true
				}],
			"sum":	{
				"start":	11.000629,
				"end":	12.000997,
				"seconds":	1.0003679990768433,
				"bytes":	1179648,
				"bits_per_second":	9433712.40254466,
				"retransmits":	4,