{
	"start":	{
		"connected":	[{
				"socket":	5,
				"local_host":	"10.0.0.1",
				"local_port":	52380,
				"remote_host":	"10.0.0.2",
				"remote_port":	5201
			}],
		"version":	"iperf 3.16",
		"system_info":	"Linux mininet 6.8.0-88-generic #89-Ubuntu SMP PREEMPT_DYNAMIC Sat Oct 11 01:02:46 UTC 2025 x86_64",
		"timestamp":	{
			"time":	"Tue, 02 Dec 2025 17:50:25 GMT",
			"timesecs":	1764697825
		},
		"connecting_to":	{
			"host":	"10.0.0.2",
			"port":	5201
		},
		"cookie":	"5spfejanaonve5pskztd6ox6qcvkciyz7q4g",
		"tcp_mss_default":	1448,
		"target_bitrate":	0,
		"fq_rate":	0,
		"sock_bufsize":	0,
		"sndbuf_actual":	87380,
		"rcvbuf_actual":	87380,
		"test_start":	{
			"protocol":	"TCP",
			"num_streams":	1,
			"blksize":	131072,
			"omit":	0,
			"duration":	20,
			"bytes":	0,
			"blocks":	0,
			"reverse":	0,
			"tos":	0,
			"target_bitrate":	0,
			"bidir":	0,
			"fqrate":	0
		}
	},
	"intervals":	[{
			"streams":	[{
					"socket":	5,
					"start":	0,
					"end":	1.000986,
					"seconds":	1.0009859800338745,
					"bytes":	2490368,
					"bits_per_second":	19903319.724144172,
					"retransmits":	2,
					"snd_cwnd":	195480,
					"snd_wnd":	1164288,
					"rtt":	185622,
					"rttvar":	6579,
					"pmtu":	1500,
					"omitted":	false,
					"sender":	true
				}],
			"sum":	{
				"start":	0,
				"end":	1.000986,
				"seconds":	1.0009859800338745,
				"bytes":	2490368,
				"bits_per_second":	19903319.724144172,
				"retransmits":	2,
				"omitted":	false,
				"sender":	true
			}
		}, {
			"streams":	[{
					"socket":	5,
					"start":	1.000986,
					"end":	2.000845,
					"seconds":	0.99985897541046143,
					"bytes":	1179648,
					"bits_per_second":	9438515.06271257,
					"retransmits":	2,
					"snd_cwnd":	153488,
					"snd_wnd":	2759680,
					"rtt":	125745,
					"rttvar":	457,
					"pmtu":	1500,
					"omitted":	false,
					"sender":	true
				}],
			"sum":	{
				"start":	1.000986,
				"end":	2.000845,
				"seconds":	0.99985897541046143,
				"bytes":	1179648,
				"bits_per_second":	9438515.06271257,
				"retransmits":	2,
				"omitted":	false,
				"sender":	true
			}
		}, {
			"streams":	[{
					"socket":	5,
					"start":	2.000845,
					"end":	3.000927,
					"seconds":	1.0000820159912109,
					"bytes":	1179648,
					"bits_per_second":	9436410.06347517,
					"retransmits":	0,
					"snd_cwnd":	165072,
					"snd_wnd":	2759680,
					"rtt":	136368,
					"rttvar":	992,
					"pmtu":	1500,
					"omitted":	false,
					"sender":	true
				}],
			"sum":	{
				"start":	2.000845,
				"end":	3.000927,
				"seconds":	1.0000820159912109,
				"bytes":	1179648,
				"bits_per_second":	9436410.06347517,
				"retransmits":	0,
				"omitted":	false,
				"sender":	true
			}
		}, {
			"streams":	[{
					"socket":	5,
					"start":	3.000927,
					"end":	4.001,
					"seconds":	1.0000729560852051,
					"bytes":	1179648,
					"bits_per_second":	9436495.5502266,
					"retransmits":	0,
					"snd_cwnd":	169416,
					"snd_wnd":	2759680,
					"rtt":	141574,
					"rttvar":	252,
					"pmtu":	1500,
					"omitted":	false,
					"sender":	true
				}],
			"sum":	{
				"start":	3.000927,
				"end":	4.001,
				"seconds":	1.0000729560852051,
				"bytes":	1179648,
				"bits_per_second":	9436495.5502266,
				"retransmits":	0,
				"omitted":	false,
				"sender":	true
			}
		}, {
			"streams":	[{
					"socket":	5,
					"start":	4.001,
					"end":	5.00093,
					"seconds":	0.99993002414703369,
					"bytes":	1179648,
					"bits_per_second":	9437844.42121354,
					"retransmits":	0,
					"snd_cwnd":	169416,
					"snd_wnd":	2759680,
					"rtt":	140993,
					"rttvar":	358,
					"pmtu":	1500,
					"omitted":	false,
					"sender":	true
				}],
			"sum":	{
				"start":	4.001,
				"end":	5.00093,
				"seconds":	0.99993002414703369,
				"bytes":	1179648,
				"bits_per_second":	9437844.42121354,
				"retransmits":	0,
				"omitted":	false,
				"sender":	true
			}
		}, {
			"streams":	[{
					"socket":	5,
					"start":	5.00093,
					"end":	6.001034,
					"seconds":	1.0001039505004883,
					"bytes":	1179648,
					"bits_per_second":	9436203.10196484,
					"retransmits":	0,
					"snd_cwnd":	169416,
					"snd_wnd":	2759680,
					"rtt":	141388,
					"rttvar":	797,
					"pmtu":	1500,
					"omitted":	false,
					"sender":	true
				}],
			"sum":	{
				"start":	5.00093,
				"end":	6.001034,
				"seconds":	1.0001039505004883,
				"bytes":	1179648,
				"bits_per_second":	9436203.10196484,
				"retransmits":	0,
				"omitted":	false,
				"sender":	true
			}
		}, {
			"streams":	[{
					"socket":	5,
					"start":	6.001034,
					"end":	7.000849,
					"seconds":	0.99981498718261719,
					"bytes":	1179648,
					"bits_per_second":	9438930.3230921552,
					"retransmits":	0,
					"snd_cwnd":	173760,
					"snd_wnd":	2759680,
					"rtt":	143402,
					"rttvar":	450,
					"pmtu":	1500,
					"omitted":	false,
					"sender":	true
				}],
			"sum":	{
				"start":	6.001034,
				"end":	7.000849,
				"seconds":	0.99981498718261719,
				"bytes":	1179648,
				"bits_per_second":	9438930.3230921552,
				"retransmits":	0,
				"omitted":	false,
				"sender":	true
			}
		}, {
			"streams":	[{
					"socket":	5,
					"start":	7.000849,
					"end":	8.000844,
					"seconds":	0.999994993209839,
					"bytes":	1179648,
					"bits_per_second":	9437231.25023657,
					"retransmits":	0,
					"snd_cwnd":	182448,
					"snd_wnd":	2759680,
					"rtt":	151252,
					"rttvar":	162,
					"pmtu":	1500,
					"omitted":	false,
					"sender":	true
				}],
			"sum":	{
				"start":	7.000849,
				"end":	8.000844,
				"seconds":	0.999994993209839,
				"bytes":	1179648,
				"bits_per_second":	9437231.25023657,
				"retransmits":	0,
				"omitted":	false,
				"sender":	true
			}
		}, {
			"streams":	[{
					"socket":	5,
					"start":	8.000844,
					"end":	9.000939,
					"seconds":	1.000095009803772,
					"bytes":	1179648,
					"bits_per_second":	9436287.46018007,
					"retransmits":	0,
					"snd_cwnd":	202720,
					"snd_wnd":	2759680,
					"rtt":	165889,
					"rttvar":	514,
					"pmtu":	1500,
					"omitted":	false,
					"sender":	true
				}],
			"sum":	{
				"start":	8.000844,
				"end":	9.000939,
				"seconds":	1.000095009803772,
				"bytes":	1179648,
				"bits_per_second":	9436287.46018007,
				"retransmits":	0,
				"omitted":	false,
				"sender":	true
			}
		}, {
			"streams":	[{
					"socket":	5,
					"start":	9.000939,
					"end":	10.001682,
					"seconds":	1.00074303150177,
					"bytes":	1179648,
					"bits_per_second":	9430177.08136128,
					"retransmits":	4,
					"snd_cwnd":	157832,
					"snd_wnd":	2759680,
					"rtt":	127426,
					"rttvar":	520,
					"pmtu":	1500,
					"omitted":	false,
					"sender":	true
				}],
			"sum":	{
				"start":	9.000939,
				"end":	10.001682,
				"seconds":	1.00074303150177,
				"bytes":	1179648,
				"bits_per_second":	9430177.08136128,
				"retransmits":	4,
				"omitted":	false,
				"sender":	true
			}
		}, {
			"streams":	[{
					"socket":	5,
					"start":	10.001682,
					"end":	11.000921,
					"seconds":	0.99923902750015259,
					"bytes":	1179648,
					"bits_per_second":	9444370.906538235,
					"retransmits":	2,
					"snd_cwnd":	125976,
					"snd_wnd":	2759680,
					"rtt":	104064,
					"rttvar":	317,
					"pmtu":	1500,
					"omitted":	false,
					"sender":	true
				}],
			"sum":	{
				"start":	10.001682,
				"end":	11.000921,
				"seconds":	0.99923902750015259,
				"bytes":	1179648,
				"bits_per_second":	9444370.906538235,
				"retransmits":	2,
				"omitted":	false,
				"sender":	true
			}
		}, {
			"streams":	[{
					"socket":	5,
					"start":	11.000921,
					"end":	12.000854,
					"seconds":	0.99993300437927246,
					"bytes":	1179648,
					"bits_per_second":	9437816.29236082,
					"retransmits":	2,
					"snd_cwnd":	99912,
					"snd_wnd":	2759680,
					"rtt":	82014,
					"rttvar":	639,
					"pmtu":	1500,
					"omitted":	false,
					"sender":	true
				}],
			"sum":	{
				"start":	11.000921,
				"end":	12.000854,
				"seconds":	0.99993300437927246,
				"bytes":	1179648,
				"bits_per_second":	9437816.29236082,
				"retransmits":	2,
				"omitted":	false,