{
	"start":	{
		"connected":	[{
				"socket":	5,
				"local_host":	"10.0.0.2",
				"local_port":	5201,
				"remote_host":	"10.0.0.1",
				"remote_port":	52380
			}],
		"version":	"iperf 3.16",
		"system_info":	"Linux mininet 6.8.0-88-generic #89-Ubuntu SMP PREEMPT_DYNAMIC Sat Oct 11 01:02:46 UTC 2025 x86_64",
		"sock_bufsize":	0,
		"sndbuf_actual":	87380,
		"rcvbuf_actual":	87380,
		"timestamp":	{
			"time":	"Tue, 02 Dec 2025 17:50:26 GMT",
			"timesecs":	1764697826
		},
		"accepted_connection":	{
			"host":	"10.0.0.1",
			"port":	52364
		},
		"cookie":	"5spfejanaonve5pskztd6ox6qcvkciyz7q4g",
		"tcp_mss_default":	0,
		"target_bitrate":	0,
		"fq_rate":	0,
		"test_start":	{
			"protocol":	"TCP",
			"num_streams":	1,
			"blksize":	131072,
			"omit":	0,
			"duration":	20,
			"bytes":	0,
			"blocks":	0,
			"reverse":	0,
			"tos":	0,
			"target_bitrate":	0,
			"bidir":	0,
			"fqrate":	0
		}
	},
	"intervals":	[{
			"streams":	[{
					"socket":	5,
					"start":	0,
					"end":	1.000915,
					"seconds":	1.0009150505065918,
					"bytes":	1048576,
					"bits_per_second":	8380939.0175063163,
					"omitted":	false,
					"sender":	false
				}],
			"sum":	{
				"start":	0,
				"end":	1.000915,
				"seconds":	1.0009150505065918,
				"bytes":	1048576,
				"bits_per_second":	8380939.0175063163,
				"omitted":	false,
				"sender":	false
			}
		}, {
			"streams":	[{
					"socket":	5,
					"start":	1.000915,
					"end":	2.001002,
					"seconds":	1.0000870227813721,
					"bytes":	1179648,
					"bits_per_second":	9436362.82146124,
					"omitted":	false,
					"sender":	false
				}],
			"sum":	{
				"start":	1.000915,
				"end":	2.001002,
				"seconds":	1.0000870227813721,
				"bytes":	1179648,
				"bits_per_second":	9436362.82146124,
				"omitted":	false,
				"sender":	false
			}
		}, {
			"streams":	[{
					"socket":	5,
					"start":	2.001002,
					"end":	3.000902,
					"seconds":	0.999899983406067,
					"bytes":	1179648,
					"bits_per_second":	9438127.9694126062,
					"omitted":	false,
					"sender":	false
				}],
			"sum":	{
				"start":	2.001002,
				"end":	3.000902,
				"seconds":	0.999899983406067,
				"bytes":	1179648,
				"bits_per_second":	9438127.9694126062,
				"omitted":	false,
				"sender":	false
			}
		}, {
			"streams":	[{
					"socket":	5,
					"start":	3.000902,
					"end":	4.00072,
					"seconds":	0.99981802701950073,
					"bytes":	1179648,
					"bits_per_second":	9438901.62506135,
					"omitted":	false,
					"sender":	false
				}],
			"sum":	{
				"start":	3.000902,
				"end":	4.00072,
				"seconds":	0.99981802701950073,
				"bytes":	1179648,
				"bits_per_second":	9438901.62506135,
				"omitted":	false,
				"sender":	false
			}
		}, {
			"streams":	[{
					"socket":	5,
					"start":	4.00072,
					"end":	5.00077,
					"seconds":	1.0000499486923218,
					"bytes":	1179648,
					"bits_per_second":	9436712.64854339,
					"omitted":	false,
					"sender":	false
				}],
			"sum":	{
				"start":	4.00072,
				"end":	5.00077,
				"seconds":	1.0000499486923218,
				"bytes":	1179648,
				"bits_per_second":	9436712.64854339,
				"omitted":	false,
				"sender":	false
			}
		}, {
			"streams":	[{
					"socket":	5,
					"start":	5.00077,
					"end":	6.001065,
					"seconds":	1.0002950429916382,
					"bytes":	1179648,
					"bits_per_second":	9434400.44626802,
					"omitted":	false,
					"sender":	false
				}],
			"sum":	{
				"start":	5.00077,
				"end":	6.001065,
				"seconds":	1.0002950429916382,
				"bytes":	1179648,
				"bits_per_second":	9434400.44626802,
				"omitted":	false,
				"sender":	false
			}
		}, {
			"streams":	[{
					"socket":	5,
					"start":	6.001065,
					"end":	7.000968,
					"seconds":	0.99990302324295044,
					"bytes":	1179648,
					"bits_per_second":	9438099.2762605231,
					"omitted":	false,
					"sender":	false
				}],
			"sum":	{
				"start":	6.001065,
				"end":	7.000968,
				"seconds":	0.99990302324295044,
				"bytes":	1179648,
				"bits_per_second":	9438099.2762605231,
				"omitted":	false,
				"sender":	false
			}
		}, {
			"streams":	[{
					"socket":	5,
					"start":	7.000968,
					"end":	8.000892,
					"seconds":	0.99992400407791138,
					"bytes":	1310720,
					"bits_per_second":	10486556.935563853,
					"omitted":	false,
					"sender":	false
				}],
			"sum":	{
				"start":	7.000968,
				"end":	8.000892,
				"seconds":	0.99992400407791138,
				"bytes":	1310720,
				"bits_per_second":	10486556.935563853,
				"omitted":	false,
				"sender":	false
			}
		}, {
			"streams":	[{
					"socket":	5,
					"start":	8.000892,
					"end":	9.000642,
					"seconds":	0.999750018119812,
					"bytes":	1179648,
					"bits_per_second":	9439543.7148859631,
					"omitted":	false,
					"sender":	false
				}],
			"sum":	{
				"start":	8.000892,
				"end":	9.000642,
				"seconds":	0.999750018119812,
				"bytes":	1179648,
				"bits_per_second":	9439543.7148859631,
				"omitted":	false,
				"sender":	false
			}
		}, {
			"streams":	[{
					"socket":	5,
					"start":	9.000642,
					"end":	10.000464,
					"seconds":	0.99982202053070068,
					"bytes":	1179648,
					"bits_per_second":	9438863.92399198,
					"omitted":	false,
					"sender":	false
				}],
			"sum":	{
				"start":	9.000642,
				"end":	10.000464,
				"seconds":	0.99982202053070068,
				"bytes":	1179648,
				"bits_per_second":	9438863.92399198,
				"omitted":	false,
				"sender":	false
			}
		}, {
			"streams":	[{
					"socket":	5,
					"start":	10.000464,
					"end":	11.000711,
					"seconds":	1.0002470016479492,
					"bytes":	1179648,
					"bits_per_second":	9434853.57561866,
					"omitted":	false,
					"sender":	false
				}],
			"sum":	{
				"start":	10.000464,
				"end":	11.000711,
				"seconds":	1.0002470016479492,
				"bytes":	1179648,
				"bits_per_second":	9434853.57561866,
				"omitted":	false,
				"sender":	false
			}
		}, {
			"streams":	[{
					"socket":	5,
					"start":	11.000711,
					"end":	12.000839,
					"seconds":	1.0001280307769775,
					"bytes":	1179648,
					"bits_per_second":	9435975.90467338,
					"omitted":	false,
					"sender":	false
				}],
			"sum":	{
				"start":	11.000711,
				"end":	12.000839,
				"seconds":	1.0001280307769775,
				"bytes":	1179648,
				"bits_per_second":	9435975.90467338,
				"omitted":	false,
				"sender":	false
			}
		}, {
			"streams":	[{
					"socket":	5,
					"start":	12.000839,
					"end":	13.000786,
					"seconds":	0.99994701147079468,
					"bytes":	1179648,
					"bits_per_second":	9437684.08899898,
					"omitted":	false,
					"sender":	false
				}],
			"sum":	{
				"start":	12.000839,
				"end":	13.000786,
				"seconds":	0.99994701147079468,
				"bytes":	1179648,
				"bits_per_second":	9437684.08899898,
				"omitted":	false,
				"sender":	false
			}
		}, {
			"streams":	[{
					"socket":	5,
					"start":	13.000786,
					"end":	14.00103,
					"seconds":	1.0002440214157104,
					"bytes":	1179648,
					"bits_per_second":	9434881.6868137233,
					"omitted":	false,
					"sender":	false
				}],
			"sum":	{
				"start":	13.000786,
				"end":	14.00103,
				"seconds":	1.0002440214157104,
				"bytes":	1179648,
				"bits_per_second":	9434881.6868137233,
				"omitted":	false,
				"sender":	false
			}
		}, {
			"streams":	[{
					"socket":	5,
					"start":	14.00103,
					"end":	15.000463,
					"seconds":	0.99943298101425171,
					"bytes":	1179648,
					"bits_per_second":	9442538.09837543,
					"omitted":	false,
					"sender":	false
				}],
			"sum":	{
				"start":	14.00103,
				"end":	15.000463,
				"seconds":	0.99943298101425171,
				"bytes":	1179648,
				"bits_per_second":	9442538.09837543,
				"omitted":	false,
				"sender":	false
			}
		}, {
			"streams":	[{
					"socket":	5,
					"start":	15.000463,
					"end":	16.001054,
					"seconds":	1.0005910396575928,
					"bytes":	1310720,
					"bits_per_second":	10479566.1608046,
					"omitted":	false,
					"sender":	false
				}],
			"sum":	{
				"start":	15.000463,
				"end":	16.001054,
				"seconds":	1.0005910396575928,
				"bytes":	1310720,
				"bits_per_second":	10479566.1608046,
				"omitted":	false,