{
	"start":	{
		"connected":	[{
				"socket":	5,
				"local_host":	"10.0.0.1",
				"local_port":	46318,
				"remote_host":	"10.0.0.2",
				"remote_port":	5201
			}],
		"version":	"iperf 3.16",
		"system_info":	"Linux mininet 6.8.0-88-generic #89-Ubuntu SMP PREEMPT_DYNAMIC Sat Oct 11 01:02:46 UTC 2025 x86_64",
		"timestamp":	{
			"time":	"Tue, 02 Dec 2025 19:08:37 GMT",
			"timesecs":	1764702517
		},
		"connecting_to":	{
			"host":	"10.0.0.2",
			"port":	5201
		},
		"cookie":	"ksdbwj4uon7qj2juz4ytegroz4ri6fme45nd",
		"tcp_mss_default":	1448,
		"target_bitrate":	0,
		"fq_rate":	0,
		"sock_bufsize":	0,
		"sndbuf_actual":	87380,
		"rcvbuf_actual":	87380,
		"test_start":	{
			"protocol":	"TCP",
			"num_streams":	1,
			"blksize":	131072,
			"omit":	0,
			"duration":	20,
			"bytes":	0,
			"blocks":	0,
			"reverse":	0,
			"tos":	0,
			"target_bitrate":	0,
			"bidir":	0,
			"fqrate":	0
		}
	},
	"intervals":	[{
			"streams":	[{
					"socket":	5,
					"start":	0,
					"end":	1.000921,
					"seconds":	1.0009210109710693,
					"bytes":	5111808,
					"bits_per_second":	40856834.407267742,
					"retransmits":	10,
					"snd_cwnd":	637120,
					"snd_wnd":	2729984,
					"rtt":	109820,
					"rttvar":	1809,
					"pmtu":	1500,
					"omitted":	false,
					"sender":	true
				}],
			"sum":	{
				"start":	0,
				"end":	1.000921,
				"seconds":	1.0009210109710693,
				"bytes":	5111808,
				"bits_per_second":	40856834.407267742,
				"retransmits":	10,
				"omitted":	false,
				"sender":	true
			}
		}, {
			"streams":	[{
					"socket":	5,
					"start":	1.000921,
					"end":	2.001003,
					"seconds":	1.0000820159912109,
					"bytes":	15204352,
					"bits_per_second":	121624840.81812443,
					"retransmits":	714,
					"snd_cwnd":	654496,
					"snd_wnd":	9347072,
					"rtt":	126805,
					"rttvar":	1068,
					"pmtu":	1500,
					"omitted":	false,
					"sender":	true
				}],
			"sum":	{
				"start":	1.000921,
				"end":	2.001003,
				"seconds":	1.0000820159912109,
				"bytes":	15204352,
				"bits_per_second":	121624840.81812443,
				"retransmits":	714,
				"omitted":	false,
				"sender":	true
			}
		}, {
			"streams":	[{
					"socket":	5,
					"start":	2.001003,
					"end":	3.000914,
					"seconds":	0.99991101026535034,
					"bytes":	5505024,
					"bits_per_second":	44044111.473792933,
					"retransmits":	46,
					"snd_cwnd":	1164192,
					"snd_wnd":	10822656,
					"rtt":	105979,
					"rttvar":	107,
					"pmtu":	1500,
					"omitted":	false,
					"sender":	true
				}],
			"sum":	{
				"start":	2.001003,
				"end":	3.000914,
				"seconds":	0.99991101026535034,
				"bytes":	5505024,
				"bits_per_second":	44044111.473792933,
				"retransmits":	46,
				"omitted":	false,
				"sender":	true
			}
		}, {
			"streams":	[{
					"socket":	5,
					"start":	3.000914,
					"end":	4.001026,
					"seconds":	1.0001120567321777,
					"bytes":	5767168,
					"bits_per_second":	46132174.5792684,
					"retransmits":	18,
					"snd_cwnd":	1303200,
					"snd_wnd":	10589696,
					"rtt":	106420,
					"rttvar":	144,
					"pmtu":	1500,
					"omitted":	false,
					"sender":	true
				}],
			"sum":	{
				"start":	3.000914,
				"end":	4.001026,
				"seconds":	1.0001120567321777,
				"bytes":	5767168,
				"bits_per_second":	46132174.5792684,
				"retransmits":	18,
				"omitted":	false,
				"sender":	true
			}
		}, {
			"streams":	[{
					"socket":	5,
					"start":	4.001026,
					"end":	5.000932,
					"seconds":	0.99990600347518921,
					"bytes":	5505024,
					"bits_per_second":	44044332.014146939,
					"retransmits":	58,
					"snd_cwnd":	674768,
					"snd_wnd":	10719744,
					"rtt":	105799,
					"rttvar":	434,
					"pmtu":	1500,
					"omitted":	false,
					"sender":	true
				}],
			"sum":	{
				"start":	4.001026,
				"end":	5.000932,
				"seconds":	0.99990600347518921,
				"bytes":	5505024,
				"bits_per_second":	44044332.014146939,
				"retransmits":	58,
				"omitted":	false,
				"sender":	true
			}
		}, {
			"streams":	[{
					"socket":	5,
					"start":	5.000932,
					"end":	6.000943,
					"seconds":	1.0000109672546387,
					"bytes":	5636096,
					"bits_per_second":	45088273.505423248,
					"retransmits":	37,
					"snd_cwnd":	1280032,
					"snd_wnd":	10934784,
					"rtt":	105056,
					"rttvar":	261,
					"pmtu":	1500,
					"omitted":	false,
					"sender":	true
				}],
			"sum":	{
				"start":	5.000932,
				"end":	6.000943,
				"seconds":	1.0000109672546387,
				"bytes":	5636096,
				"bits_per_second":	45088273.505423248,
				"retransmits":	37,
				"omitted":	false,
				"sender":	true
			}
		}, {
			"streams":	[{
					"socket":	5,
					"start":	6.000943,
					"end":	7.001038,
					"seconds":	1.000095009803772,
					"bytes":	5636096,
					"bits_per_second":	45084484.531971455,
					"retransmits":	64,
					"snd_cwnd":	1294512,
					"snd_wnd":	10929664,
					"rtt":	105444,
					"rttvar":	448,
					"pmtu":	1500,
					"omitted":	false,
					"sender":	true
				}],
			"sum":	{
				"start":	6.000943,
				"end":	7.001038,
				"seconds":	1.000095009803772,
				"bytes":	5636096,
				"bits_per_second":	45084484.531971455,
				"retransmits":	64,
				"omitted":	false,
				"sender":	true
			}
		}, {
			"streams":	[{
					"socket":	5,
					"start":	7.001038,
					"end":	8.000912,
					"seconds":	0.99987399578094482,
					"bytes":	5505024,
					"bits_per_second":	44045741.949317031,
					"retransmits":	51,
					"snd_cwnd":	765992,
					"snd_wnd":	10939392,
					"rtt":	108437,
					"rttvar":	2135,
					"pmtu":	1500,
					"omitted":	false,
					"sender":	true
				}],
			"sum":	{
				"start":	7.001038,
				"end":	8.000912,
				"seconds":	0.99987399578094482,
				"bytes":	5505024,
				"bits_per_second":	44045741.949317031,
				"retransmits":	51,
				"omitted":	false,
				"sender":	true
			}
		}, {
			"streams":	[{
					"socket":	5,
					"start":	8.000912,
					"end":	9.001019,
					"seconds":	1.0001070499420166,
					"bytes":	5898240,
					"bits_per_second":	47180869.290678144,
					"retransmits":	68,
					"snd_cwnd":	841288,
					"snd_wnd":	10705408,
					"rtt":	110046,
					"rttvar":	1693,
					"pmtu":	1500,
					"omitted":	false,
					"sender":	true
				}],
			"sum":	{
				"start":	8.000912,
				"end":	9.001019,
				"seconds":	1.0001070499420166,
				"bytes":	5898240,
				"bits_per_second":	47180869.290678144,
				"retransmits":	68,
				"omitted":	false,
				"sender":	true
			}
		}, {
			"streams":	[{
					"socket":	5,
					"start":	9.001019,
					"end":	10.001129,
					"seconds":	1.0001100301742554,
					"bytes":	5898240,
					"bits_per_second":	47180728.696200065,
					"retransmits":	55,
					"snd_cwnd":	1300304,
					"snd_wnd":	10934784,
					"rtt":	104678,
					"rttvar":	94,
					"pmtu":	1500,
					"omitted":	false,
					"sender":	true
				}],
			"sum":	{
				"start":	9.001019,
				"end":	10.001129,
				"seconds":	1.0001100301742554,
				"bytes":	5898240,
				"bits_per_second":	47180728.696200065,
				"retransmits":	55,
				"omitted":	false,
				"sender":	true
			}
		}, {
			"streams":	[{
					"socket":	5,
					"start":	10.001129,
					"end":	11.000889,
					"seconds":	0.9997599720954895,
					"bytes":	6029312,
					"bits_per_second":	48246076.404620253,
					"retransmits":	20,
					"snd_cwnd":	1306096,
					"snd_wnd":	10934784,
					"rtt":	104757,
					"rttvar":	207,
					"pmtu":	1500,
					"omitted":	false,
					"sender":	true
				}],
			"sum":	{
				"start":	10.001129,
				"end":	11.000889,
				"seconds":	0.9997599720954895,
				"bytes":	6029312,
				"bits_per_second":	48246076.404620253,
				"retransmits":	20,
				"omitted":	false,
				"sender":	true
			}
		}, {
			"streams":	[{
					"socket":	5,
					"start":	11.000889,
					"end":	12.000939,
					"seconds":	1.0000499486923218,
					"bytes":	5767168,
					"bits_per_second":	46135039.615101,
					"retransmits":	47,
					"snd_cwnd":	718208,
					"snd_wnd":	10939392,
					"rtt":	107575,
					"rttvar":	1476,
					"pmtu":	1500,
					"omitted":	false,
					"sender":	true
				}],
			"sum":	{
				"start":	11.000889,
				"end":	12.000939,
				"seconds":	1.0000499486923218,