{
	"start":	{
		"connected":	[{
				"socket":	5,
				"local_host":	"10.0.0.1",
				"local_port":	56282,
				"remote_host":	"10.0.0.2",
				"remote_port":	5201
			}],
		"version":	"iperf 3.16",
		"system_info":	"Linux mininet 6.8.0-88-generic #89-Ubuntu SMP PREEMPT_DYNAMIC Sat Oct 11 01:02:46 UTC 2025 x86_64",
		"timestamp":	{
			"time":	"Tue, 02 Dec 2025 18:13:08 GMT",
			"timesecs":	1764699188
		},
		"connecting_to":	{
			"host":	"10.0.0.2",
			"port":	5201
		},
		"cookie":	"blufzeorm4x2xy4raps2fw7jogdkluspmeug",
		"tcp_mss_default":	1448,
		"target_bitrate":	0,
		"fq_rate":	0,
		"sock_bufsize":	0,
		"sndbuf_actual":	87380,
		"rcvbuf_actual":	87380,
		"test_start":	{
			"protocol":	"TCP",
			"num_streams":	1,
			"blksize":	131072,
			"omit":	0,
			"duration":	20,
			"bytes":	0,
			"blocks":	0,
			"reverse":	0,
			"tos":	0,
			"target_bitrate":	0,
			"bidir":	0,
			"fqrate":	0
		}
	},
	"intervals":	[{
			"streams":	[{
					"socket":	5,
					"start":	0,
					"end":	1.001031,
					"seconds":	1.0010310411453247,
					"bytes":	5111808,
					"bits_per_second":	40852343.552914,
					"retransmits":	4,
					"snd_cwnd":	234576,
					"snd_wnd":	5975552,
					"rtt":	44697,
					"rttvar":	404,
					"pmtu":	1500,
					"omitted":	false,
					"sender":	true
				}],
			"sum":	{
				"start":	0,
				"end":	1.001031,
				"seconds":	1.0010310411453247,
				"bytes":	5111808,
				"bits_per_second":	40852343.552914,
				"retransmits":	4,
				"omitted":	false,
				"sender":	true
			}
		}, {
			"streams":	[{
					"socket":	5,
					"start":	1.001031,
					"end":	2.001014,
					"seconds":	0.999983012676239,
					"bytes":	5898240,
					"bits_per_second":	47186721.576116636,
					"retransmits":	0,
					"snd_cwnd":	264984,
					"snd_wnd":	5972480,
					"rtt":	44609,
					"rttvar":	209,
					"pmtu":	1500,
					"omitted":	false,
					"sender":	true
				}],
			"sum":	{
				"start":	1.001031,
				"end":	2.001014,
				"seconds":	0.999983012676239,
				"bytes":	5898240,
				"bits_per_second":	47186721.576116636,
				"retransmits":	0,
				"omitted":	false,
				"sender":	true
			}
		}, {
			"streams":	[{
					"socket":	5,
					"start":	2.001014,
					"end":	3.001032,
					"seconds":	1.0000180006027222,
					"bytes":	5898240,
					"bits_per_second":	47185070.640288986,
					"retransmits":	0,
					"snd_cwnd":	282360,
					"snd_wnd":	5972480,
					"rtt":	46603,
					"rttvar":	144,
					"pmtu":	1500,
					"omitted":	false,
					"sender":	true
				}],
			"sum":	{
				"start":	2.001014,
				"end":	3.001032,
				"seconds":	1.0000180006027222,
				"bytes":	5898240,
				"bits_per_second":	47185070.640288986,
				"retransmits":	0,
				"omitted":	false,
				"sender":	true
			}
		}, {
			"streams":	[{
					"socket":	5,
					"start":	3.001032,
					"end":	4.00088,
					"seconds":	0.99984800815582275,
					"bytes":	4718592,
					"bits_per_second":	37754474.372185774,
					"retransmits":	4,
					"snd_cwnd":	217200,
					"snd_wnd":	5973504,
					"rtt":	44526,
					"rttvar":	86,
					"pmtu":	1500,
					"omitted":	false,
					"sender":	true
				}],
			"sum":	{
				"start":	3.001032,
				"end":	4.00088,
				"seconds":	0.99984800815582275,
				"bytes":	4718592,
				"bits_per_second":	37754474.372185774,
				"retransmits":	4,
				"omitted":	false,
				"sender":	true
			}
		}, {
			"streams":	[{
					"socket":	5,
					"start":	4.00088,
					"end":	5.000925,
					"seconds":	1.0000449419021606,
					"bytes":	4325376,
					"bits_per_second":	34601452.944887131,
					"retransmits":	3,
					"snd_cwnd":	172312,
					"snd_wnd":	5973504,
					"rtt":	44650,
					"rttvar":	145,
					"pmtu":	1500,
					"omitted":	false,
					"sender":	true
				}],
			"sum":	{
				"start":	4.00088,
				"end":	5.000925,
				"seconds":	1.0000449419021606,
				"bytes":	4325376,
				"bits_per_second":	34601452.944887131,
				"retransmits":	3,
				"omitted":	false,
				"sender":	true
			}
		}, {
			"streams":	[{
					"socket":	5,
					"start":	5.000925,
					"end":	6.000769,
					"seconds":	0.9998440146446228,
					"bytes":	2621440,
					"bits_per_second":	20974791.7603467,
					"retransmits":	7,
					"snd_cwnd":	70952,
					"snd_wnd":	5977600,
					"rtt":	44579,
					"rttvar":	91,
					"pmtu":	1500,
					"omitted":	false,
					"sender":	true
				}],
			"sum":	{
				"start":	5.000925,
				"end":	6.000769,
				"seconds":	0.9998440146446228,
				"bytes":	2621440,
				"bits_per_second":	20974791.7603467,
				"retransmits":	7,
				"omitted":	false,
				"sender":	true
			}
		}, {
			"streams":	[{
					"socket":	5,
					"start":	6.000769,
					"end":	7.001071,
					"seconds":	1.0003019571304321,
					"bytes":	1179648,
					"bits_per_second":	9434335.23520484,
					"retransmits":	4,
					"snd_cwnd":	43440,
					"snd_wnd":	5977600,
					"rtt":	45006,
					"rttvar":	782,
					"pmtu":	1500,
					"omitted":	false,
					"sender":	true
				}],
			"sum":	{
				"start":	6.000769,
				"end":	7.001071,
				"seconds":	1.0003019571304321,
				"bytes":	1179648,
				"bits_per_second":	9434335.23520484,
				"retransmits":	4,
				"omitted":	false,
				"sender":	true
			}
		}, {
			"streams":	[{
					"socket":	5,
					"start":	7.001071,
					"end":	8.000253,
					"seconds":	0.99918198585510254,
					"bytes":	524288,
					"bits_per_second":	4197737.8089042548,
					"retransmits":	2,
					"snd_cwnd":	44888,
					"snd_wnd":	5977600,
					"rtt":	44652,
					"rttvar":	111,
					"pmtu":	1500,
					"omitted":	false,
					"sender":	true
				}],
			"sum":	{
				"start":	7.001071,
				"end":	8.000253,
				"seconds":	0.99918198585510254,
				"bytes":	524288,
				"bits_per_second":	4197737.8089042548,
				"retransmits":	2,
				"omitted":	false,
				"sender":	true
			}
		}, {
			"streams":	[{
					"socket":	5,
					"start":	8.000253,
					"end":	9.000343,
					"seconds":	1.0000900030136108,
					"bytes":	1179648,
					"bits_per_second":	9436334.70143943,
					"retransmits":	2,
					"snd_cwnd":	44888,
					"snd_wnd":	5974528,
					"rtt":	44761,
					"rttvar":	200,
					"pmtu":	1500,
					"omitted":	false,
					"sender":	true
				}],
			"sum":	{
				"start":	8.000253,
				"end":	9.000343,
				"seconds":	1.0000900030136108,
				"bytes":	1179648,
				"bits_per_second":	9436334.70143943,
				"retransmits":	2,
				"omitted":	false,
				"sender":	true
			}
		}, {
			"streams":	[{
					"socket":	5,
					"start":	9.000343,
					"end":	10.000248,
					"seconds":	0.999904990196228,
					"bytes":	1179648,
					"bits_per_second":	9438080.71019626,
					"retransmits":	0,
					"snd_cwnd":	59368,
					"snd_wnd":	5977600,
					"rtt":	45102,
					"rttvar":	212,
					"pmtu":	1500,
					"omitted":	false,
					"sender":	true
				}],
			"sum":	{
				"start":	9.000343,
				"end":	10.000248,
				"seconds":	0.999904990196228,
				"bytes":	1179648,
				"bits_per_second":	9438080.71019626,
				"retransmits":	0,
				"omitted":	false,
				"sender":	true
			}
		}, {
			"streams":	[{
					"socket":	5,
					"start":	10.000248,
					"end":	11.00026,
					"seconds":	1.0000120401382446,
					"bytes":	1179648,
					"bits_per_second":	9437070.3763680439,
					"retransmits":	0,
					"snd_cwnd":	76744,
					"snd_wnd":	5977600,
					"rtt":	44669,
					"rttvar":	243,
					"pmtu":	1500,
					"omitted":	false,
					"sender":	true
				}],
			"sum":	{
				"start":	10.000248,
				"end":	11.00026,
				"seconds":	1.0000120401382446,
				"bytes":	1179648,
				"bits_per_second":	9437070.3763680439,
				"retransmits":	0,
				"omitted":	false,
				"sender":	true
			}
		}, {
			"streams":	[{
					"socket":	5,
					"start":	11.00026,
					"end":	12.001073,
					"seconds":	1.0008130073547363,
					"bytes":	1835008,
					"bits_per_second":	14668138.695360379,
					"retransmits":	0,
					"snd_cwnd":	94120,
					"snd_wnd":	5977600,
					"rtt":	45494,
					"rttvar":	1505,
					"pmtu":	1500,
					"omitted":	false,
					"sender":	true
				}],
			"sum":	{
				"start":	11.00026,
				"end":	12.001073,
				"seconds":	1.0008130073547363,
				"bytes":	1835008,
				"bits_per_second":	14668138.695360379,
				"retransmits":	0,