{
	"start":	{
		"connected":	[{
				"socket":	5,
				"local_host":	"10.0.0.2",
				"local_port":	5201,
				"remote_host":	"10.0.0.1",
				"remote_port":	56282
			}],
		"version":	"iperf 3.16",
		"system_info":	"Linux mininet 6.8.0-88-generic #89-Ubuntu SMP PREEMPT_DYNAMIC Sat Oct 11 01:02:46 UTC 2025 x86_64",
		"sock_bufsize":	0,
		"sndbuf_actual":	87380,
		"rcvbuf_actual":	87380,
		"timestamp":	{
			"time":	"Tue, 02 Dec 2025 18:13:08 GMT",
			"timesecs":	1764699188
		},
		"accepted_connection":	{
			"host":	"10.0.0.1",
			"port":	56268
		},
		"cookie":	"blufzeorm4x2xy4raps2fw7jogdkluspmeug",
		"tcp_mss_default":	0,
		"target_bitrate":	0,
		"fq_rate":	0,
		"test_start":	{
			"protocol":	"TCP",
			"num_streams":	1,
			"blksize":	131072,
			"omit":	0,
			"duration":	20,
			"bytes":	0,
			"blocks":	0,
			"reverse":	0,
			"tos":	0,
			"target_bitrate":	0,
			"bidir":	0,
			"fqrate":	0
		}
	},
	"intervals":	[{
			"streams":	[{
					"socket":	5,
					"start":	0,
					"end":	1.000728,
					"seconds":	1.0007280111312866,
					"bytes":	3932160,
					"bits_per_second":	31434395.410236083,
					"omitted":	false,
					"sender":	false
				}],
			"sum":	{
				"start":	0,
				"end":	1.000728,
				"seconds":	1.0007280111312866,
				"bytes":	3932160,
				"bits_per_second":	31434395.410236083,
				"omitted":	false,
				"sender":	false
			}
		}, {
			"streams":	[{
					"socket":	5,
					"start":	1.000728,
					"end":	2.001,
					"seconds":	1.0002720355987549,
					"bytes":	5505024,
					"bits_per_second":	44028214.758236133,
					"omitted":	false,
					"sender":	false
				}],
			"sum":	{
				"start":	1.000728,
				"end":	2.001,
				"seconds":	1.0002720355987549,
				"bytes":	5505024,
				"bits_per_second":	44028214.758236133,
				"omitted":	false,
				"sender":	false
			}
		}, {
			"streams":	[{
					"socket":	5,
					"start":	2.001,
					"end":	3.001062,
					"seconds":	1.0000619888305664,
					"bytes":	6029312,
					"bits_per_second":	48231506.185335115,
					"omitted":	false,
					"sender":	false
				}],
			"sum":	{
				"start":	2.001,
				"end":	3.001062,
				"seconds":	1.0000619888305664,
				"bytes":	6029312,
				"bits_per_second":	48231506.185335115,
				"omitted":	false,
				"sender":	false
			}
		}, {
			"streams":	[{
					"socket":	5,
					"start":	3.001062,
					"end":	4.000949,
					"seconds":	0.999886989593506,
					"bytes":	4980736,
					"bits_per_second":	39850391.508943379,
					"omitted":	false,
					"sender":	false
				}],
			"sum":	{
				"start":	3.001062,
				"end":	4.000949,
				"seconds":	0.999886989593506,
				"bytes":	4980736,
				"bits_per_second":	39850391.508943379,
				"omitted":	false,
				"sender":	false
			}
		}, {
			"streams":	[{
					"socket":	5,
					"start":	4.000949,
					"end":	5.000543,
					"seconds":	0.99959397315979,
					"bytes":	4063232,
					"bits_per_second":	32519059.611020461,
					"omitted":	false,
					"sender":	false
				}],
			"sum":	{
				"start":	4.000949,
				"end":	5.000543,
				"seconds":	0.99959397315979,
				"bytes":	4063232,
				"bits_per_second":	32519059.611020461,
				"omitted":	false,
				"sender":	false
			}
		}, {
			"streams":	[{
					"socket":	5,
					"start":	5.000543,
					"end":	6.000763,
					"seconds":	1.0002199411392212,
					"bytes":	2359296,
					"bits_per_second":	18870217.662829887,
					"omitted":	false,
					"sender":	false
				}],
			"sum":	{
				"start":	5.000543,
				"end":	6.000763,
				"seconds":	1.0002199411392212,
				"bytes":	2359296,
				"bits_per_second":	18870217.662829887,
				"omitted":	false,
				"sender":	false
			}
		}, {
			"streams":	[{
					"socket":	5,
					"start":	6.000763,
					"end":	7.001003,
					"seconds":	1.0002399682998657,
					"bytes":	1179648,
					"bits_per_second":	9434919.9183078352,
					"omitted":	false,
					"sender":	false
				}],
			"sum":	{
				"start":	6.000763,
				"end":	7.001003,
				"seconds":	1.0002399682998657,
				"bytes":	1179648,
				"bits_per_second":	9434919.9183078352,
				"omitted":	false,
				"sender":	false
			}
		}, {
			"streams":	[{
					"socket":	5,
					"start":	7.001003,
					"end":	8.000448,
					"seconds":	0.99944502115249634,
					"bytes":	786432,
					"bits_per_second":	6294949.5638540415,
					"omitted":	false,
					"sender":	false
				}],
			"sum":	{
				"start":	7.001003,
				"end":	8.000448,
				"seconds":	0.99944502115249634,
				"bytes":	786432,
				"bits_per_second":	6294949.5638540415,
				"omitted":	false,
				"sender":	false
			}
		}, {
			"streams":	[{
					"socket":	5,
					"start":	8.000448,
					"end":	9.000478,
					"seconds":	1.0000300407409668,
					"bytes":	1048576,
					"bits_per_second":	8388356.00757004,
					"omitted":	false,
					"sender":	false
				}],
			"sum":	{
				"start":	8.000448,
				"end":	9.000478,
				"seconds":	1.0000300407409668,
				"bytes":	1048576,
				"bits_per_second":	8388356.00757004,
				"omitted":	false,
				"sender":	false
			}
		}, {
			"streams":	[{
					"socket":	5,
					"start":	9.000478,
					"end":	10.00095,
					"seconds":	1.0004719495773315,
					"bytes":	1179648,
					"bits_per_second":	9432732.22601285,
					"omitted":	false,
					"sender":	false
				}],
			"sum":	{
				"start":	9.000478,
				"end":	10.00095,
				"seconds":	1.0004719495773315,
				"bytes":	1179648,
				"bits_per_second":	9432732.22601285,
				"omitted":	false,
				"sender":	false
			}
		}, {
			"streams":	[{
					"socket":	5,
					"start":	10.00095,
					"end":	11.000482,
					"seconds":	0.99953198432922363,
					"bytes":	1441792,
					"bits_per_second":	11539736.777648574,
					"omitted":	false,
					"sender":	false
				}],
			"sum":	{
				"start":	10.00095,
				"end":	11.000482,
				"seconds":	0.99953198432922363,
				"bytes":	1441792,
				"bits_per_second":	11539736.777648574,
				"omitted":	false,
				"sender":	false
			}
		}, {
			"streams":	[{
					"socket":	5,
					"start":	11.000482,
					"end":	12.000979,
					"seconds":	1.0004969835281372,
					"bytes":	1835008,
					"bits_per_second":	14672771.874066474,
					"omitted":	false,
					"sender":	false
				}],
			"sum":	{
				"start":	11.000482,
				"end":	12.000979,
				"seconds":	1.0004969835281372,
				"bytes":	1835008,
				"bits_per_second":	14672771.874066474,
				"omitted":	false,
				"sender":	false
			}
		}, {
			"streams":	[{
					"socket":	5,
					"start":	12.000979,
					"end":	13.001048,
					"seconds":	1.00006902217865,
					"bytes":	2359296,
					"bits_per_second":	18873065.339912437,
					"omitted":	false,
					"sender":	false
				}],
			"sum":	{
				"start":	12.000979,
				"end":	13.001048,
				"seconds":	1.00006902217865,
				"bytes":	2359296,
				"bits_per_second":	18873065.339912437,
				"omitted":	false,
				"sender":	false
			}
		}, {
			"streams":	[{
					"socket":	5,
					"start":	13.001048,
					"end":	14.001039,
					"seconds":	0.999990999698639,
					"bytes":	1966080,
					"bits_per_second":	15728781.563774116,
					"omitted":	false,
					"sender":	false
				}],
			"sum":	{
				"start":	13.001048,
				"end":	14.001039,
				"seconds":	0.999990999698639,
				"bytes":	1966080,
				"bits_per_second":	15728781.563774116,
				"omitted":	false,
				"sender":	false
			}
		}, {
			"streams":	[{
					"socket":	5,
					"start":	14.001039,
					"end":	15.000484,
					"seconds":	0.99944502115249634,
					"bytes":	2228224,
					"bits_per_second":	17835690.430919785,
					"omitted":	false,
					"sender":	false
				}],
			"sum":	{
				"start":	14.001039,
				"end":	15.000484,
				"seconds":	0.99944502115249634,
				"bytes":	2228224,
				"bits_per_second":	17835690.430919785,
				"omitted":	false,
				"sender":	false
			}
		}, {
			"streams":	[{
					"socket":	5,
					"start":	15.000484,
					"end":	16.000545,
					"seconds":	1.00006103515625,
					"bytes":	1703936,
					"bits_per_second":	13630656.050778151,
					"omitted":	false,
					"sender":	false
				}],
			"sum":	{
				"start":	15.000484,
				"end":	16.000545,
				"seconds":	1.00006103515625,
				"bytes":	1703936,
				"bits_per_second":	13630656.050778151,
				"omitted":	false,