{
	"start":	{
		"connected":	[{
				"socket":	5,
				"local_host":	"10.0.0.1",
				"local_port":	47244,
				"remote_host":	"10.0.0.2",
				"remote_port":	5201
			}],
		"version":	"iperf 3.16",
		"system_info":	"Linux mininet 6.8.0-88-generic #89-Ubuntu SMP PREEMPT_DYNAMIC Sat Oct 11 01:02:46 UTC 2025 x86_64",
		"timestamp":	{
			"time":	"Tue, 02 Dec 2025 18:35:25 GMT",
			"timesecs":	1764700525
		},
		"connecting_to":	{
			"host":	"10.0.0.2",
			"port":	5201
		},
		"cookie":	"tkgf6pmks25iyenq36gfvsuelsnqwebnfys3",
		"tcp_mss_default":	1448,
		"target_bitrate":	0,
		"fq_rate":	0,
		"sock_bufsize":	0,
		"sndbuf_actual":	87380,
		"rcvbuf_actual":	87380,
		"test_start":	{
			"protocol":	"TCP",
			"num_streams":	1,
			"blksize":	131072,
			"omit":	0,
			"duration":	20,
			"bytes":	0,
			"blocks":	0,
			"reverse":	0,
			"tos":	0,
			"target_bitrate":	0,
			"bidir":	0,
			"fqrate":	0
		}
	},
	"intervals":	[{
			"streams":	[{
					"socket":	5,
					"start":	0,
					"end":	1.000887,
					"seconds":	1.0008870363235474,
					"bytes":	2228224,
					"bits_per_second":	17809993.888498746,
					"retransmits":	0,
					"snd_cwnd":	124528,
					"snd_wnd":	1199616,
					"rtt":	59332,
					"rttvar":	340,
					"pmtu":	1500,
					"omitted":	false,
					"sender":	true
				}],
			"sum":	{
				"start":	0,
				"end":	1.000887,
				"seconds":	1.0008870363235474,
				"bytes":	2228224,
				"bits_per_second":	17809993.888498746,
				"retransmits":	0,
				"omitted":	false,
				"sender":	true
			}
		}, {
			"streams":	[{
					"socket":	5,
					"start":	1.000887,
					"end":	2.000836,
					"seconds":	0.99994897842407227,
					"bytes":	1179648,
					"bits_per_second":	9437665.52456814,
					"retransmits":	0,
					"snd_cwnd":	124528,
					"snd_wnd":	1199616,
					"rtt":	69860,
					"rttvar":	210,
					"pmtu":	1500,
					"omitted":	false,
					"sender":	true
				}],
			"sum":	{
				"start":	1.000887,
				"end":	2.000836,
				"seconds":	0.99994897842407227,
				"bytes":	1179648,
				"bits_per_second":	9437665.52456814,
				"retransmits":	0,
				"omitted":	false,
				"sender":	true
			}
		}, {
			"streams":	[{
					"socket":	5,
					"start":	2.000836,
					"end":	3.000775,
					"seconds":	0.99993902444839478,
					"bytes":	1179648,
					"bits_per_second":	9437759.47258976,
					"retransmits":	0,
					"snd_cwnd":	124528,
					"snd_wnd":	1199616,
					"rtt":	76935,
					"rttvar":	264,
					"pmtu":	1500,
					"omitted":	false,
					"sender":	true
				}],
			"sum":	{
				"start":	2.000836,
				"end":	3.000775,
				"seconds":	0.99993902444839478,
				"bytes":	1179648,
				"bits_per_second":	9437759.47258976,
				"retransmits":	0,
				"omitted":	false,
				"sender":	true
			}
		}, {
			"streams":	[{
					"socket":	5,
					"start":	3.000775,
					"end":	4.001044,
					"seconds":	1.0002690553665161,
					"bytes":	1179648,
					"bits_per_second":	9434645.55798145,
					"retransmits":	0,
					"snd_cwnd":	121632,
					"snd_wnd":	1199616,
					"rtt":	86036,
					"rttvar":	2148,
					"pmtu":	1500,
					"omitted":	false,
					"sender":	true
				}],
			"sum":	{
				"start":	3.000775,
				"end":	4.001044,
				"seconds":	1.0002690553665161,
				"bytes":	1179648,
				"bits_per_second":	9434645.55798145,
				"retransmits":	0,
				"omitted":	false,
				"sender":	true
			}
		}, {
			"streams":	[{
					"socket":	5,
					"start":	4.001044,
					"end":	5.001062,
					"seconds":	1.0000180006027222,
					"bytes":	1179648,
					"bits_per_second":	9437014.1280577965,
					"retransmits":	0,
					"snd_cwnd":	121632,
					"snd_wnd":	1199616,
					"rtt":	77122,
					"rttvar":	90,
					"pmtu":	1500,
					"omitted":	false,
					"sender":	true
				}],
			"sum":	{
				"start":	4.001044,
				"end":	5.001062,
				"seconds":	1.0000180006027222,
				"bytes":	1179648,
				"bits_per_second":	9437014.1280577965,
				"retransmits":	0,
				"omitted":	false,
				"sender":	true
			}
		}, {
			"streams":	[{
					"socket":	5,
					"start":	5.001062,
					"end":	6.000917,
					"seconds":	0.99985498189926147,
					"bytes":	1179648,
					"bits_per_second":	9438552.76099512,
					"retransmits":	0,
					"snd_cwnd":	124528,
					"snd_wnd":	1200640,
					"rtt":	73356,
					"rttvar":	89,
					"pmtu":	1500,
					"omitted":	false,
					"sender":	true
				}],
			"sum":	{
				"start":	5.001062,
				"end":	6.000917,
				"seconds":	0.99985498189926147,
				"bytes":	1179648,
				"bits_per_second":	9438552.76099512,
				"retransmits":	0,
				"omitted":	false,
				"sender":	true
			}
		}, {
			"streams":	[{
					"socket":	5,
					"start":	6.000917,
					"end":	7.000892,
					"seconds":	0.999975025653839,
					"bytes":	1179648,
					"bits_per_second":	9437419.69338629,
					"retransmits":	0,
					"snd_cwnd":	124528,
					"snd_wnd":	1200640,
					"rtt":	71893,
					"rttvar":	59,
					"pmtu":	1500,
					"omitted":	false,
					"sender":	true
				}],
			"sum":	{
				"start":	6.000917,
				"end":	7.000892,
				"seconds":	0.999975025653839,
				"bytes":	1179648,
				"bits_per_second":	9437419.69338629,
				"retransmits":	0,
				"omitted":	false,
				"sender":	true
			}
		}, {
			"streams":	[{
					"socket":	5,
					"start":	7.000892,
					"end":	8.001055,
					"seconds":	1.0001629590988159,
					"bytes":	1179648,
					"bits_per_second":	9435646.37556989,
					"retransmits":	0,
					"snd_cwnd":	124528,
					"snd_wnd":	1199616,
					"rtt":	79872,
					"rttvar":	2211,
					"pmtu":	1500,
					"omitted":	false,
					"sender":	true
				}],
			"sum":	{
				"start":	7.000892,
				"end":	8.001055,
				"seconds":	1.0001629590988159,
				"bytes":	1179648,
				"bits_per_second":	9435646.37556989,
				"retransmits":	0,
				"omitted":	false,
				"sender":	true
			}
		}, {
			"streams":	[{
					"socket":	5,
					"start":	8.001055,
					"end":	9.000966,
					"seconds":	0.99991101026535034,
					"bytes":	1179648,
					"bits_per_second":	9438023.887241343,
					"retransmits":	0,
					"snd_cwnd":	124528,
					"snd_wnd":	1199616,
					"rtt":	81008,
					"rttvar":	651,
					"pmtu":	1500,
					"omitted":	false,
					"sender":	true
				}],
			"sum":	{
				"start":	8.001055,
				"end":	9.000966,
				"seconds":	0.99991101026535034,
				"bytes":	1179648,
				"bits_per_second":	9438023.887241343,
				"retransmits":	0,
				"omitted":	false,
				"sender":	true
			}
		}, {
			"streams":	[{
					"socket":	5,
					"start":	9.000966,
					"end":	10.001,
					"seconds":	1.000033974647522,
					"bytes":	1179648,
					"bits_per_second":	9436863.38589275,
					"retransmits":	0,
					"snd_cwnd":	127424,
					"snd_wnd":	1199616,
					"rtt":	82378,
					"rttvar":	116,
					"pmtu":	1500,
					"omitted":	false,
					"sender":	true
				}],
			"sum":	{
				"start":	9.000966,
				"end":	10.001,
				"seconds":	1.000033974647522,
				"bytes":	1179648,
				"bits_per_second":	9436863.38589275,
				"retransmits":	0,
				"omitted":	false,
				"sender":	true
			}
		}, {
			"streams":	[{
					"socket":	5,
					"start":	10.001,
					"end":	11.000959,
					"seconds":	0.99995899200439453,
					"bytes":	1179648,
					"bits_per_second":	9437571.0158707444,
					"retransmits":	0,
					"snd_cwnd":	124528,
					"snd_wnd":	1199616,
					"rtt":	61413,
					"rttvar":	2172,
					"pmtu":	1500,
					"omitted":	false,
					"sender":	true
				}],
			"sum":	{
				"start":	10.001,
				"end":	11.000959,
				"seconds":	0.99995899200439453,
				"bytes":	1179648,
				"bits_per_second":	9437571.0158707444,
				"retransmits":	0,
				"omitted":	false,
				"sender":	true
			}
		}, {
			"streams":	[{
					"socket":	5,
					"start":	11.000959,
					"end":	12.000839,
					"seconds":	0.999880015850067,
					"bytes":	1179648,
					"bits_per_second":	9438316.4483758565,
					"retransmits":	0,
					"snd_cwnd":	124528,
					"snd_wnd":	1199616,
					"rtt":	62998,
					"rttvar":	1039,
					"pmtu":	1500,
					"omitted":	false,
					"sender":	true
				}],
			"sum":	{
				"start":	11.000959,
				"end":	12.000839,
				"seconds":	0.999880015850067,
				"bytes":	1179648,
				"bits_per_second":	9438316.4483758565,
				"retransmits":	0,