{
	"start":	{
		"connected":	[{
				"socket":	5,
				"local_host":	"10.0.0.2",
				"local_port":	5201,
				"remote_host":	"10.0.0.1",
				"remote_port":	47244
			}],
		"version":	"iperf 3.16",
		"system_info":	"Linux mininet 6.8.0-88-generic #89-Ubuntu SMP PREEMPT_DYNAMIC Sat Oct 11 01:02:46 UTC 2025 x86_64",
		"sock_bufsize":	0,
		"sndbuf_actual":	87380,
		"rcvbuf_actual":	87380,
		"timestamp":	{
			"time":	"Tue, 02 Dec 2025 18:35:25 GMT",
			"timesecs":	1764700525
		},
		"accepted_connection":	{
			"host":	"10.0.0.1",
			"port":	47228
		},
		"cookie":	"tkgf6pmks25iyenq36gfvsuelsnqwebnfys3",
		"tcp_mss_default":	0,
		"target_bitrate":	0,
		"fq_rate":	0,
		"test_start":	{
			"protocol":	"TCP",
			"num_streams":	1,
			"blksize":	131072,
			"omit":	0,
			"duration":	20,
			"bytes":	0,
			"blocks":	0,
			"reverse":	0,
			"tos":	0,
			"target_bitrate":	0,
			"bidir":	0,
			"fqrate":	0
		}
	},
	"intervals":	[{
			"streams":	[{
					"socket":	5,
					"start":	0,
					"end":	1.000957,
					"seconds":	1.0009570121765137,
					"bytes":	1048576,
					"bits_per_second":	8380587.67554816,
					"omitted":	false,
					"sender":	false
				}],
			"sum":	{
				"start":	0,
				"end":	1.000957,
				"seconds":	1.0009570121765137,
				"bytes":	1048576,
				"bits_per_second":	8380587.67554816,
				"omitted":	false,
				"sender":	false
			}
		}, {
			"streams":	[{
					"socket":	5,
					"start":	1.000957,
					"end":	2.000955,
					"seconds":	0.99999797344207764,
					"bytes":	1179648,
					"bits_per_second":	9437203.12503876,
					"omitted":	false,
					"sender":	false
				}],
			"sum":	{
				"start":	1.000957,
				"end":	2.000955,
				"seconds":	0.99999797344207764,
				"bytes":	1179648,
				"bits_per_second":	9437203.12503876,
				"omitted":	false,
				"sender":	false
			}
		}, {
			"streams":	[{
					"socket":	5,
					"start":	2.000955,
					"end":	3.001173,
					"seconds":	1.0002180337905884,
					"bytes":	1179648,
					"bits_per_second":	9435126.82353398,
					"omitted":	false,
					"sender":	false
				}],
			"sum":	{
				"start":	2.000955,
				"end":	3.001173,
				"seconds":	1.0002180337905884,
				"bytes":	1179648,
				"bits_per_second":	9435126.82353398,
				"omitted":	false,
				"sender":	false
			}
		}, {
			"streams":	[{
					"socket":	5,
					"start":	3.001173,
					"end":	4.001047,
					"seconds":	0.99987399578094482,
					"bytes":	1179648,
					"bits_per_second":	9438373.27485365,
					"omitted":	false,
					"sender":	false
				}],
			"sum":	{
				"start":	3.001173,
				"end":	4.001047,
				"seconds":	0.99987399578094482,
				"bytes":	1179648,
				"bits_per_second":	9438373.27485365,
				"omitted":	false,
				"sender":	false
			}
		}, {
			"streams":	[{
					"socket":	5,
					"start":	4.001047,
					"end":	5.000955,
					"seconds":	0.9999079704284668,
					"bytes":	1179648,
					"bits_per_second":	9438052.57993504,
					"omitted":	false,
					"sender":	false
				}],
			"sum":	{
				"start":	4.001047,
				"end":	5.000955,
				"seconds":	0.9999079704284668,
				"bytes":	1179648,
				"bits_per_second":	9438052.57993504,
				"omitted":	false,
				"sender":	false
			}
		}, {
			"streams":	[{
					"socket":	5,
					"start":	5.000955,
					"end":	6.00096,
					"seconds":	1.0000050067901611,
					"bytes":	1179648,
					"bits_per_second":	9437136.75023657,
					"omitted":	false,
					"sender":	false
				}],
			"sum":	{
				"start":	5.000955,
				"end":	6.00096,
				"seconds":	1.0000050067901611,
				"bytes":	1179648,
				"bits_per_second":	9437136.75023657,
				"omitted":	false,
				"sender":	false
			}
		}, {
			"streams":	[{
					"socket":	5,
					"start":	6.00096,
					"end":	7.001036,
					"seconds":	1.0000760555267334,
					"bytes":	1179648,
					"bits_per_second":	9436466.3045847,
					"omitted":	false,
					"sender":	false
				}],
			"sum":	{
				"start":	6.00096,
				"end":	7.001036,
				"seconds":	1.0000760555267334,
				"bytes":	1179648,
				"bits_per_second":	9436466.3045847,
				"omitted":	false,
				"sender":	false
			}
		}, {
			"streams":	[{
					"socket":	5,
					"start":	7.001036,
					"end":	8.001066,
					"seconds":	1.0000300407409668,
					"bytes":	1310720,
					"bits_per_second":	10485445.009462548,
					"omitted":	false,
					"sender":	false
				}],
			"sum":	{
				"start":	7.001036,
				"end":	8.001066,
				"seconds":	1.0000300407409668,
				"bytes":	1310720,
				"bits_per_second":	10485445.009462548,
				"omitted":	false,
				"sender":	false
			}
		}, {
			"streams":	[{
					"socket":	5,
					"start":	8.001066,
					"end":	9.000959,
					"seconds":	0.99989300966262817,
					"bytes":	1179648,
					"bits_per_second":	9438193.7955383658,
					"omitted":	false,
					"sender":	false
				}],
			"sum":	{
				"start":	8.001066,
				"end":	9.000959,
				"seconds":	0.99989300966262817,
				"bytes":	1179648,
				"bits_per_second":	9438193.7955383658,
				"omitted":	false,
				"sender":	false
			}
		}, {
			"streams":	[{
					"socket":	5,
					"start":	9.000959,
					"end":	10.000955,
					"seconds":	0.9999960064888,
					"bytes":	1179648,
					"bits_per_second":	9437221.6876505055,
					"omitted":	false,
					"sender":	false
				}],
			"sum":	{
				"start":	9.000959,
				"end":	10.000955,
				"seconds":	0.9999960064888,
				"bytes":	1179648,
				"bits_per_second":	9437221.6876505055,
				"omitted":	false,
				"sender":	false
			}
		}, {
			"streams":	[{
					"socket":	5,
					"start":	10.000955,
					"end":	11.000913,
					"seconds":	0.99995797872543335,
					"bytes":	917504,
					"bits_per_second":	7340340.4504614817,
					"omitted":	false,
					"sender":	false
				}],
			"sum":	{
				"start":	10.000955,
				"end":	11.000913,
				"seconds":	0.99995797872543335,
				"bytes":	917504,
				"bits_per_second":	7340340.4504614817,
				"omitted":	false,
				"sender":	false
			}
		}, {
			"streams":	[{
					"socket":	5,
					"start":	11.000913,
					"end":	12.00096,
					"seconds":	1.000046968460083,
					"bytes":	1179648,
					"bits_per_second":	9436740.77081779,
					"omitted":	false,
					"sender":	false
				}],
			"sum":	{
				"start":	11.000913,
				"end":	12.00096,
				"seconds":	1.000046968460083,
				"bytes":	1179648,
				"bits_per_second":	9436740.77081779,
				"omitted":	false,
				"sender":	false
			}
		}, {
			"streams":	[{
					"socket":	5,
					"start":	12.00096,
					"end":	13.001068,
					"seconds":	1.000108003616333,
					"bytes":	1179648,
					"bits_per_second":	9436164.8600708,
					"omitted":	false,
					"sender":	false
				}],
			"sum":	{
				"start":	12.00096,
				"end":	13.001068,
				"seconds":	1.000108003616333,
				"bytes":	1179648,
				"bits_per_second":	9436164.8600708,
				"omitted":	false,
				"sender":	false
			}
		}, {
			"streams":	[{
					"socket":	5,
					"start":	13.001068,
					"end":	14.000963,
					"seconds":	0.99989497661590576,
					"bytes":	1179648,
					"bits_per_second":	9438175.2291022353,
					"omitted":	false,
					"sender":	false
				}],
			"sum":	{
				"start":	13.001068,
				"end":	14.000963,
				"seconds":	0.99989497661590576,
				"bytes":	1179648,
				"bits_per_second":	9438175.2291022353,
				"omitted":	false,
				"sender":	false
			}
		}, {
			"streams":	[{
					"socket":	5,
					"start":	14.000963,
					"end":	15.000953,
					"seconds":	0.99998998641967773,
					"bytes":	1179648,
					"bits_per_second":	9437278.50094629,
					"omitted":	false,
					"sender":	false
				}],
			"sum":	{
				"start":	14.000963,
				"end":	15.000953,
				"seconds":	0.99998998641967773,
				"bytes":	1179648,
				"bits_per_second":	9437278.50094629,
				"omitted":	false,
				"sender":	false
			}
		}, {
			"streams":	[{
					"socket":	5,
					"start":	15.000953,
					"end":	16.000936,
					"seconds":	0.999983012676239,
					"bytes":	1179648,
					"bits_per_second":	9437344.3152233269,
					"omitted":	false,
					"sender":	false
				}],
			"sum":	{
				"start":	15.000953,
				"end":	16.000936,
				"seconds":	0.999983012676239,
				"bytes":	1179648,
				"bits_per_second":	9437344.3152233269,
				"omitted":	false,