{
	"start":	{
		"connected":	[{
				"socket":	5,
				"local_host":	"10.0.0.2",
				"local_port":	5201,
				"remote_host":	"10.0.0.1",
				"remote_port":	40550
			}],
		"version":	"iperf 3.16",
		"system_info":	"Linux mininet 6.8.0-88-generic #89-Ubuntu SMP PREEMPT_DYNAMIC Sat Oct 11 01:02:46 UTC 2025 x86_64",
		"sock_bufsize":	0,
		"sndbuf_actual":	87380,
		"rcvbuf_actual":	87380,
		"timestamp":	{
			"time":	"Tue, 02 Dec 2025 18:53:03 GMT",
			"timesecs":	1764701583
		},
		"accepted_connection":	{
			"host":	"10.0.0.1",
			"port":	40534
		},
		"cookie":	"5odekl6roswlj22ps5unwwp7vwvt6chcaxly",
		"tcp_mss_default":	0,
		"target_bitrate":	0,
		"fq_rate":	0,
		"test_start":	{
			"protocol":	"TCP",
			"num_streams":	1,
			"blksize":	131072,
			"omit":	0,
			"duration":	20,
			"bytes":	0,
			"blocks":	0,
			"reverse":	0,
			"tos":	0,
			"target_bitrate":	0,
			"bidir":	0,
			"fqrate":	0
		}
	},
	"intervals":	[{
			"streams":	[{
					"socket":	5,
					"start":	0,
					"end":	1.000997,
					"seconds":	1.0009969472885132,
					"bytes":	4718592,
					"bits_per_second":	37711139.981248952,
					"omitted":	false,
					"sender":	false
				}],
			"sum":	{
				"start":	0,
				"end":	1.000997,
				"seconds":	1.0009969472885132,
				"bytes":	4718592,
				"bits_per_second":	37711139.981248952,
				"omitted":	false,
				"sender":	false
			}
		}, {
			"streams":	[{
					"socket":	5,
					"start":	1.000997,
					"end":	2.001027,
					"seconds":	1.0000300407409668,
					"bytes":	5898240,
					"bits_per_second":	47184502.542581469,
					"omitted":	false,
					"sender":	false
				}],
			"sum":	{
				"start":	1.000997,
				"end":	2.001027,
				"seconds":	1.0000300407409668,
				"bytes":	5898240,
				"bits_per_second":	47184502.542581469,
				"omitted":	false,
				"sender":	false
			}
		}, {
			"streams":	[{
					"socket":	5,
					"start":	2.001027,
					"end":	3.000987,
					"seconds":	0.99996000528335571,
					"bytes":	6029312,
					"bits_per_second":	48236425.2021579,
					"omitted":	false,
					"sender":	false
				}],
			"sum":	{
				"start":	2.001027,
				"end":	3.000987,
				"seconds":	0.99996000528335571,
				"bytes":	6029312,
				"bits_per_second":	48236425.2021579,
				"omitted":	false,
				"sender":	false
			}
		}, {
			"streams":	[{
					"socket":	5,
					"start":	3.000987,
					"end":	4.001057,
					"seconds":	1.0000699758529663,
					"bytes":	5898240,
					"bits_per_second":	47182618.356035352,
					"omitted":	false,
					"sender":	false
				}],
			"sum":	{
				"start":	3.000987,
				"end":	4.001057,
				"seconds":	1.0000699758529663,
				"bytes":	5898240,
				"bits_per_second":	47182618.356035352,
				"omitted":	false,
				"sender":	false
			}
		}, {
			"streams":	[{
					"socket":	5,
					"start":	4.001057,
					"end":	5.001087,
					"seconds":	1.0000300407409668,
					"bytes":	6029312,
					"bits_per_second":	48233047.043527722,
					"omitted":	false,
					"sender":	false
				}],
			"sum":	{
				"start":	4.001057,
				"end":	5.001087,
				"seconds":	1.0000300407409668,
				"bytes":	6029312,
				"bits_per_second":	48233047.043527722,
				"omitted":	false,
				"sender":	false
			}
		}, {
			"streams":	[{
					"socket":	5,
					"start":	5.001087,
					"end":	6.001037,
					"seconds":	0.99994999170303345,
					"bytes":	5898240,
					"bits_per_second":	47188279.805509858,
					"omitted":	false,
					"sender":	false
				}],
			"sum":	{
				"start":	5.001087,
				"end":	6.001037,
				"seconds":	0.99994999170303345,
				"bytes":	5898240,
				"bits_per_second":	47188279.805509858,
				"omitted":	false,
				"sender":	false
			}
		}, {
			"streams":	[{
					"socket":	5,
					"start":	6.001037,
					"end":	7.000967,
					"seconds":	0.99993002414703369,
					"bytes":	5898240,
					"bits_per_second":	47189222.106067687,
					"omitted":	false,
					"sender":	false
				}],
			"sum":	{
				"start":	6.001037,
				"end":	7.000967,
				"seconds":	0.99993002414703369,
				"bytes":	5898240,
				"bits_per_second":	47189222.106067687,
				"omitted":	false,
				"sender":	false
			}
		}, {
			"streams":	[{
					"socket":	5,
					"start":	7.000967,
					"end":	8.00104,
					"seconds":	1.0000729560852051,
					"bytes":	6029312,
					"bits_per_second":	48230977.256713733,
					"omitted":	false,
					"sender":	false
				}],
			"sum":	{
				"start":	7.000967,
				"end":	8.00104,
				"seconds":	1.0000729560852051,
				"bytes":	6029312,
				"bits_per_second":	48230977.256713733,
				"omitted":	false,
				"sender":	false
			}
		}, {
			"streams":	[{
					"socket":	5,
					"start":	8.00104,
					"end":	9.000953,
					"seconds":	0.999912977218628,
					"bytes":	5898240,
					"bits_per_second":	47190026.6073684,
					"omitted":	false,
					"sender":	false
				}],
			"sum":	{
				"start":	8.00104,
				"end":	9.000953,
				"seconds":	0.999912977218628,
				"bytes":	5898240,
				"bits_per_second":	47190026.6073684,
				"omitted":	false,
				"sender":	false
			}
		}, {
			"streams":	[{
					"socket":	5,
					"start":	9.000953,
					"end":	10.001043,
					"seconds":	1.0000900030136108,
					"bytes":	6029312,
					"bits_per_second":	48230155.140690416,
					"omitted":	false,
					"sender":	false
				}],
			"sum":	{
				"start":	9.000953,
				"end":	10.001043,
				"seconds":	1.0000900030136108,
				"bytes":	6029312,
				"bits_per_second":	48230155.140690416,
				"omitted":	false,
				"sender":	false
			}
		}, {
			"streams":	[{
					"socket":	5,
					"start":	10.001043,
					"end":	11.000999,
					"seconds":	0.99995601177215576,
					"bytes":	4325376,
					"bits_per_second":	34604530.191958524,
					"omitted":	false,
					"sender":	false
				}],
			"sum":	{
				"start":	10.001043,
				"end":	11.000999,
				"seconds":	0.99995601177215576,
				"bytes":	4325376,
				"bits_per_second":	34604530.191958524,
				"omitted":	false,
				"sender":	false
			}
		}, {
			"streams":	[{
					"socket":	5,
					"start":	11.000999,
					"end":	12.000893,
					"seconds":	0.99989402294158936,
					"bytes":	6029312,
					"bits_per_second":	48239608.291785643,
					"omitted":	false,
					"sender":	false
				}],
			"sum":	{
				"start":	11.000999,
				"end":	12.000893,
				"seconds":	0.99989402294158936,
				"bytes":	6029312,
				"bits_per_second":	48239608.291785643,
				"omitted":	false,
				"sender":	false
			}
		}, {
			"streams":	[{
					"socket":	5,
					"start":	12.000893,
					"end":	13.00098,
					"seconds":	1.0000870227813721,
					"bytes":	5898240,
					"bits_per_second":	47181814.1073062,
					"omitted":	false,
					"sender":	false
				}],
			"sum":	{
				"start":	12.000893,
				"end":	13.00098,
				"seconds":	1.0000870227813721,
				"bytes":	5898240,
				"bits_per_second":	47181814.1073062,
				"omitted":	false,
				"sender":	false
			}
		}, {
			"streams":	[{
					"socket":	5,
					"start":	13.00098,
					"end":	14.000788,
					"seconds":	0.99980801343917847,
					"bytes":	6029312,
					"bits_per_second":	48243758.153208941,
					"omitted":	false,
					"sender":	false
				}],
			"sum":	{
				"start":	13.00098,
				"end":	14.000788,
				"seconds":	0.99980801343917847,
				"bytes":	6029312,
				"bits_per_second":	48243758.153208941,
				"omitted":	false,
				"sender":	false
			}
		}, {
			"streams":	[{
					"socket":	5,
					"start":	14.000788,
					"end":	15.000985,
					"seconds":	1.0001970529556274,
					"bytes":	5898240,
					"bits_per_second":	47176623.70686204,
					"omitted":	false,
					"sender":	false
				}],
			"sum":	{
				"start":	14.000788,
				"end":	15.000985,
				"seconds":	1.0001970529556274,
				"bytes":	5898240,
				"bits_per_second":	47176623.70686204,
				"omitted":	false,
				"sender":	false
			}
		}, {
			"streams":	[{
					"socket":	5,
					"start":	15.000985,
					"end":	16.000858,
					"seconds":	0.99987298250198364,
					"bytes":	5898240,
					"bits_per_second":	47191914.198868141,
					"omitted":	false,
					"sender":	false
				}],
			"sum":	{
				"start":	15.000985,
				"end":	16.000858,
				"seconds":	0.99987298250198364,
				"bytes":	5898240,