{
	"start":	{
		"connected":	[{
				"socket":	5,
				"local_host":	"10.0.0.2",
				"local_port":	5201,
				"remote_host":	"10.0.0.1",
				"remote_port":	38504
			}],
		"version":	"iperf 3.16",
		"system_info":	"Linux mininet 6.8.0-88-generic #89-Ubuntu SMP PREEMPT_DYNAMIC Sat Oct 11 01:02:46 UTC 2025 x86_64",
		"sock_bufsize":	0,
		"sndbuf_actual":	87380,
		"rcvbuf_actual":	87380,
		"timestamp":	{
			"time":	"Tue, 02 Dec 2025 18:59:37 GMT",
			"timesecs":	1764701977
		},
		"accepted_connection":	{
			"host":	"10.0.0.1",
			"port":	38490
		},
		"cookie":	"y5cqwe7nq3vevpsih4ecvij73jb6kz5h2rmd",
		"tcp_mss_default":	0,
		"target_bitrate":	0,
		"fq_rate":	0,
		"test_start":	{
			"protocol":	"TCP",
			"num_streams":	1,
			"blksize":	131072,
			"omit":	0,
			"duration":	20,
			"bytes":	0,
			"blocks":	0,
			"reverse":	0,
			"tos":	0,
			"target_bitrate":	0,
			"bidir":	0,
			"fqrate":	0
		}
	},
	"intervals":	[{
			"streams":	[{
					"socket":	5,
					"start":	0,
					"end":	1.001025,
					"seconds":	1.0010249614715576,
					"bytes":	4718592,
					"bits_per_second":	37710084.616179235,
					"omitted":	false,
					"sender":	false
				}],
			"sum":	{
				"start":	0,
				"end":	1.001025,
				"seconds":	1.0010249614715576,
				"bytes":	4718592,
				"bits_per_second":	37710084.616179235,
				"omitted":	false,
				"sender":	false
			}
		}, {
			"streams":	[{
					"socket":	5,
					"start":	1.001025,
					"end":	2.000797,
					"seconds":	0.999772012233734,
					"bytes":	5898240,
					"bits_per_second":	47196680.265708946,
					"omitted":	false,
					"sender":	false
				}],
			"sum":	{
				"start":	1.001025,
				"end":	2.000797,
				"seconds":	0.999772012233734,
				"bytes":	5898240,
				"bits_per_second":	47196680.265708946,
				"omitted":	false,
				"sender":	false
			}
		}, {
			"streams":	[{
					"socket":	5,
					"start":	2.000797,
					"end":	3.001042,
					"seconds":	1.0002449750900269,
					"bytes":	6029312,
					"bits_per_second":	48222682.643977955,
					"omitted":	false,
					"sender":	false
				}],
			"sum":	{
				"start":	2.000797,
				"end":	3.001042,
				"seconds":	1.0002449750900269,
				"bytes":	6029312,
				"bits_per_second":	48222682.643977955,
				"omitted":	false,
				"sender":	false
			}
		}, {
			"streams":	[{
					"socket":	5,
					"start":	3.001042,
					"end":	4.000993,
					"seconds":	0.99995100498199463,
					"bytes":	5898240,
					"bits_per_second":	47188231.9882759,
					"omitted":	false,
					"sender":	false
				}],
			"sum":	{
				"start":	3.001042,
				"end":	4.000993,
				"seconds":	0.99995100498199463,
				"bytes":	5898240,
				"bits_per_second":	47188231.9882759,
				"omitted":	false,
				"sender":	false
			}
		}, {
			"streams":	[{
					"socket":	5,
					"start":	4.000993,
					"end":	5.000991,
					"seconds":	0.99999797344207764,
					"bytes":	6029312,
					"bits_per_second":	48234593.7501981,
					"omitted":	false,
					"sender":	false
				}],
			"sum":	{
				"start":	4.000993,
				"end":	5.000991,
				"seconds":	0.99999797344207764,
				"bytes":	6029312,
				"bits_per_second":	48234593.7501981,
				"omitted":	false,
				"sender":	false
			}
		}, {
			"streams":	[{
					"socket":	5,
					"start":	5.000991,
					"end":	6.00074,
					"seconds":	0.99974900484085083,
					"bytes":	5898240,
					"bits_per_second":	47197766.410891786,
					"omitted":	false,
					"sender":	false
				}],
			"sum":	{
				"start":	5.000991,
				"end":	6.00074,
				"seconds":	0.99974900484085083,
				"bytes":	5898240,
				"bits_per_second":	47197766.410891786,
				"omitted":	false,
				"sender":	false
			}
		}, {
			"streams":	[{
					"socket":	5,
					"start":	6.00074,
					"end":	7.001008,
					"seconds":	1.00026798248291,
					"bytes":	5898240,
					"bits_per_second":	47173278.387730643,
					"omitted":	false,
					"sender":	false
				}],
			"sum":	{
				"start":	6.00074,
				"end":	7.001008,
				"seconds":	1.00026798248291,
				"bytes":	5898240,
				"bits_per_second":	47173278.387730643,
				"omitted":	false,
				"sender":	false
			}
		}, {
			"streams":	[{
					"socket":	5,
					"start":	7.001008,
					"end":	8.000882,
					"seconds":	0.99987399578094482,
					"bytes":	6029312,
					"bits_per_second":	48240574.51591865,
					"omitted":	false,
					"sender":	false
				}],
			"sum":	{
				"start":	7.001008,
				"end":	8.000882,
				"seconds":	0.99987399578094482,
				"bytes":	6029312,
				"bits_per_second":	48240574.51591865,
				"omitted":	false,
				"sender":	false
			}
		}, {
			"streams":	[{
					"socket":	5,
					"start":	8.000882,
					"end":	9.000909,
					"seconds":	1.0000269412994385,
					"bytes":	5898240,
					"bits_per_second":	47184648.7842482,
					"omitted":	false,
					"sender":	false
				}],
			"sum":	{
				"start":	8.000882,
				"end":	9.000909,
				"seconds":	1.0000269412994385,
				"bytes":	5898240,
				"bits_per_second":	47184648.7842482,
				"omitted":	false,
				"sender":	false
			}
		}, {
			"streams":	[{
					"socket":	5,
					"start":	9.000909,
					"end":	10.001003,
					"seconds":	1.0000940561294556,
					"bytes":	6029312,
					"bits_per_second":	48229959.676669016,
					"omitted":	false,
					"sender":	false
				}],
			"sum":	{
				"start":	9.000909,
				"end":	10.001003,
				"seconds":	1.0000940561294556,
				"bytes":	6029312,
				"bits_per_second":	48229959.676669016,
				"omitted":	false,
				"sender":	false
			}
		}, {
			"streams":	[{
					"socket":	5,
					"start":	10.001003,
					"end":	11.000894,
					"seconds":	0.99989098310470581,
					"bytes":	4325376,
					"bits_per_second":	34606780.723790638,
					"omitted":	false,
					"sender":	false
				}],
			"sum":	{
				"start":	10.001003,
				"end":	11.000894,
				"seconds":	0.99989098310470581,
				"bytes":	4325376,
				"bits_per_second":	34606780.723790638,
				"omitted":	false,
				"sender":	false
			}
		}, {
			"streams":	[{
					"socket":	5,
					"start":	11.000894,
					"end":	12.000732,
					"seconds":	0.99983799457550049,
					"bytes":	6029312,
					"bits_per_second":	48242311.516156,
					"omitted":	false,
					"sender":	false
				}],
			"sum":	{
				"start":	11.000894,
				"end":	12.000732,
				"seconds":	0.99983799457550049,
				"bytes":	6029312,
				"bits_per_second":	48242311.516156,
				"omitted":	false,
				"sender":	false
			}
		}, {
			"streams":	[{
					"socket":	5,
					"start":	12.000732,
					"end":	13.000924,
					"seconds":	1.0001920461654663,
					"bytes":	5898240,
					"bits_per_second":	47176859.8649642,
					"omitted":	false,
					"sender":	false
				}],
			"sum":	{
				"start":	12.000732,
				"end":	13.000924,
				"seconds":	1.0001920461654663,
				"bytes":	5898240,
				"bits_per_second":	47176859.8649642,
				"omitted":	false,
				"sender":	false
			}
		}, {
			"streams":	[{
					"socket":	5,
					"start":	13.000924,
					"end":	14.000779,
					"seconds":	0.99985498189926147,
					"bytes":	6029312,
					"bits_per_second":	48241491.889530614,
					"omitted":	false,
					"sender":	false
				}],
			"sum":	{
				"start":	13.000924,
				"end":	14.000779,
				"seconds":	0.99985498189926147,
				"bytes":	6029312,
				"bits_per_second":	48241491.889530614,
				"omitted":	false,
				"sender":	false
			}
		}, {
			"streams":	[{
					"socket":	5,
					"start":	14.000779,
					"end":	15.000959,
					"seconds":	1.0001800060272217,
					"bytes":	5898240,
					"bits_per_second":	47177427.778651029,
					"omitted":	false,
					"sender":	false
				}],
			"sum":	{
				"start":	14.000779,
				"end":	15.000959,
				"seconds":	1.0001800060272217,
				"bytes":	5898240,
				"bits_per_second":	47177427.778651029,
				"omitted":	false,
				"sender":	false
			}
		}, {
			"streams":	[{
					"socket":	5,
					"start":	15.000959,
					"end":	16.000955,
					"seconds":	0.9999960064888,
					"bytes":	5898240,
					"bits_per_second":	47186108.438252531,
					"omitted":	false,
					"sender":	false
				}],
			"sum":	{
				"start":	15.000959,
				"end":	16.000955,
				"seconds":	0.9999960064888,
				"bytes":	5898240,
				"bits_per_second":	47186108.438252531,