{
	"start":	{
		"connected":	[{
				"socket":	5,
				"local_host":	"10.0.0.1",
				"local_port":	39356,
				"remote_host":	"10.0.0.2",
				"remote_port":	5201
			}],
		"version":	"iperf 3.16",
		"system_info":	"Linux mininet 6.8.0-88-generic #89-Ubuntu SMP PREEMPT_DYNAMIC Sat Oct 11 01:02:46 UTC 2025 x86_64",
		"timestamp":	{
			"time":	"Tue, 02 Dec 2025 18:09:16 GMT",
			"timesecs":	1764698956
		},
		"connecting_to":	{
			"host":	"10.0.0.2",
			"port":	5201
		},
		"cookie":	"q4mnpxjp3iyaadifi2b25mdmqdas67mzaki2",
		"tcp_mss_default":	1448,
		"target_bitrate":	0,
		"fq_rate":	0,
		"sock_bufsize":	0,
		"sndbuf_actual":	87380,
		"rcvbuf_actual":	87380,
		"test_start":	{
			"protocol":	"TCP",
			"num_streams":	1,
			"blksize":	131072,
			"omit":	0,
			"duration":	20,
			"bytes":	0,
			"blocks":	0,
			"reverse":	0,
			"tos":	0,
			"target_bitrate":	0,
			"bidir":	0,
			"fqrate":	0
		}
	},
	"intervals":	[{
			"streams":	[{
					"socket":	5,
					"start":	0,
					"end":	1.00207,
					"seconds":	1.00206995010376,
					"bytes":	1048576,
					"bits_per_second":	8371279.86836787,
					"retransmits":	8,
					"snd_cwnd":	27512,
					"snd_wnd":	1244672,
					"rtt":	44791,
					"rttvar":	306,
					"pmtu":	1500,
					"omitted":	false,
					"sender":	true
				}],
			"sum":	{
				"start":	0,
				"end":	1.00207,
				"seconds":	1.00206995010376,
				"bytes":	1048576,
				"bits_per_second":	8371279.86836787,
				"retransmits":	8,
				"omitted":	false,
				"sender":	true
			}
		}, {
			"streams":	[{
					"socket":	5,
					"start":	1.00207,
					"end":	2.000977,
					"seconds":	0.99890702962875366,
					"bytes":	524288,
					"bits_per_second":	4198893.26593169,
					"retransmits":	5,
					"snd_cwnd":	14480,
					"snd_wnd":	2217472,
					"rtt":	44561,
					"rttvar":	124,
					"pmtu":	1500,
					"omitted":	false,
					"sender":	true
				}],
			"sum":	{
				"start":	1.00207,
				"end":	2.000977,
				"seconds":	0.99890702962875366,
				"bytes":	524288,
				"bits_per_second":	4198893.26593169,
				"retransmits":	5,
				"omitted":	false,
				"sender":	true
			}
		}, {
			"streams":	[{
					"socket":	5,
					"start":	2.000977,
					"end":	3.000674,
					"seconds":	0.99969702959060669,
					"bytes":	393216,
					"bits_per_second":	3146681.3513372447,
					"retransmits":	4,
					"snd_cwnd":	15928,
					"snd_wnd":	2356736,
					"rtt":	45513,
					"rttvar":	974,
					"pmtu":	1500,
					"omitted":	false,
					"sender":	true
				}],
			"sum":	{
				"start":	2.000977,
				"end":	3.000674,
				"seconds":	0.99969702959060669,
				"bytes":	393216,
				"bits_per_second":	3146681.3513372447,
				"retransmits":	4,
				"omitted":	false,
				"sender":	true
			}
		}, {
			"streams":	[{
					"socket":	5,
					"start":	3.000674,
					"end":	4.000648,
					"seconds":	0.999974012374878,
					"bytes":	262144,
					"bits_per_second":	2097206.5014163624,
					"retransmits":	4,
					"snd_cwnd":	17376,
					"snd_wnd":	2374656,
					"rtt":	48747,
					"rttvar":	7769,
					"pmtu":	1500,
					"omitted":	false,
					"sender":	true
				}],
			"sum":	{
				"start":	3.000674,
				"end":	4.000648,
				"seconds":	0.999974012374878,
				"bytes":	262144,
				"bits_per_second":	2097206.5014163624,
				"retransmits":	4,
				"omitted":	false,
				"sender":	true
			}
		}, {
			"streams":	[{
					"socket":	5,
					"start":	4.000648,
					"end":	5.000891,
					"seconds":	1.0002429485321045,
					"bytes":	524288,
					"bits_per_second":	4193285.2475044234,
					"retransmits":	2,
					"snd_cwnd":	23168,
					"snd_wnd":	2374656,
					"rtt":	45556,
					"rttvar":	842,
					"pmtu":	1500,
					"omitted":	false,
					"sender":	true
				}],
			"sum":	{
				"start":	4.000648,
				"end":	5.000891,
				"seconds":	1.0002429485321045,
				"bytes":	524288,
				"bits_per_second":	4193285.2475044234,
				"retransmits":	2,
				"omitted":	false,
				"sender":	true
			}
		}, {
			"streams":	[{
					"socket":	5,
					"start":	5.000891,
					"end":	6.000916,
					"seconds":	1.0000250339508057,
					"bytes":	655360,
					"bits_per_second":	5242748.7532856241,
					"retransmits":	0,
					"snd_cwnd":	37648,
					"snd_wnd":	2374656,
					"rtt":	44962,
					"rttvar":	537,
					"pmtu":	1500,
					"omitted":	false,
					"sender":	true
				}],
			"sum":	{
				"start":	5.000891,
				"end":	6.000916,
				"seconds":	1.0000250339508057,
				"bytes":	655360,
				"bits_per_second":	5242748.7532856241,
				"retransmits":	0,
				"omitted":	false,
				"sender":	true
			}
		}, {
			"streams":	[{
					"socket":	5,
					"start":	6.000916,
					"end":	7.000712,
					"seconds":	0.999795973300934,
					"bytes":	786432,
					"bits_per_second":	6292739.8869472155,
					"retransmits":	6,
					"snd_cwnd":	23168,
					"snd_wnd":	2374656,
					"rtt":	45492,
					"rttvar":	986,
					"pmtu":	1500,
					"omitted":	false,
					"sender":	true
				}],
			"sum":	{
				"start":	6.000916,
				"end":	7.000712,
				"seconds":	0.999795973300934,
				"bytes":	786432,
				"bits_per_second":	6292739.8869472155,
				"retransmits":	6,
				"omitted":	false,
				"sender":	true
			}
		}, {
			"streams":	[{
					"socket":	5,
					"start":	7.000712,
					"end":	8.000912,
					"seconds":	1.0002000331878662,
					"bytes":	131072,
					"bits_per_second":	1048366.29194857,
					"retransmits":	6,
					"snd_cwnd":	10136,
					"snd_wnd":	2377728,
					"rtt":	47297,
					"rttvar":	4987,
					"pmtu":	1500,
					"omitted":	false,
					"sender":	true
				}],
			"sum":	{
				"start":	7.000712,
				"end":	8.000912,
				"seconds":	1.0002000331878662,
				"bytes":	131072,
				"bits_per_second":	1048366.29194857,
				"retransmits":	6,
				"omitted":	false,
				"sender":	true
			}
		}, {
			"streams":	[{
					"socket":	5,
					"start":	8.000912,
					"end":	9.001336,
					"seconds":	1.0004240274429321,
					"bytes":	393216,
					"bits_per_second":	3144394.6903598774,
					"retransmits":	0,
					"snd_cwnd":	26064,
					"snd_wnd":	2377728,
					"rtt":	46433,
					"rttvar":	3614,
					"pmtu":	1500,
					"omitted":	false,
					"sender":	true
				}],
			"sum":	{
				"start":	8.000912,
				"end":	9.001336,
				"seconds":	1.0004240274429321,
				"bytes":	393216,
				"bits_per_second":	3144394.6903598774,
				"retransmits":	0,
				"omitted":	false,
				"sender":	true
			}
		}, {
			"streams":	[{
					"socket":	5,
					"start":	9.001336,
					"end":	10.000682,
					"seconds":	0.99934601783752441,
					"bytes":	524288,
					"bits_per_second":	4197048.795047,
					"retransmits":	4,
					"snd_cwnd":	20272,
					"snd_wnd":	2374656,
					"rtt":	45288,
					"rttvar":	1249,
					"pmtu":	1500,
					"omitted":	false,
					"sender":	true
				}],
			"sum":	{
				"start":	9.001336,
				"end":	10.000682,
				"seconds":	0.99934601783752441,
				"bytes":	524288,
				"bits_per_second":	4197048.795047,
				"retransmits":	4,
				"omitted":	false,
				"sender":	true
			}
		}, {
			"streams":	[{
					"socket":	5,
					"start":	10.000682,
					"end":	11.00067,
					"seconds":	0.9999880194664,
					"bytes":	393216,
					"bits_per_second":	3145765.6879515219,
					"retransmits":	3,
					"snd_cwnd":	18824,
					"snd_wnd":	2377728,
					"rtt":	44753,
					"rttvar":	496,
					"pmtu":	1500,
					"omitted":	false,
					"sender":	true
				}],
			"sum":	{
				"start":	10.000682,
				"end":	11.00067,
				"seconds":	0.9999880194664,
				"bytes":	393216,
				"bits_per_second":	3145765.6879515219,
				"retransmits":	3,
				"omitted":	false,
				"sender":	true
			}
		}, {
			"streams":	[{
					"socket":	5,
					"start":	11.00067,
					"end":	12.000672,
					"seconds":	1.0000020265579224,
					"bytes":	655360,
					"bits_per_second":	5242869.3750215322,
					"retransmits":	0,
					"snd_cwnd":	36200,
					"snd_wnd":	2377728,
					"rtt":	44787,
					"rttvar":	634,
					"pmtu":	1500,
					"omitted":	false,
					"sender":	true
				}],
			"sum":	{
				"start":	11.00067,
				"end":	12.000672,
				"seconds":	1.0000020265579224,
				"bytes":	655360,
				"bits_per_second":	5242869.3750215322,
				"retransmits":	0,
				"omitted":	false,