{
	"start":	{
		"connected":	[{
				"socket":	5,
				"local_host":	"10.0.0.2",
				"local_port":	5201,
				"remote_host":	"10.0.0.1",
				"remote_port":	39356
			}],
		"version":	"iperf 3.16",
		"system_info":	"Linux mininet 6.8.0-88-generic #89-Ubuntu SMP PREEMPT_DYNAMIC Sat Oct 11 01:02:46 UTC 2025 x86_64",
		"sock_bufsize":	0,
		"sndbuf_actual":	87380,
		"rcvbuf_actual":	87380,
		"timestamp":	{
			"time":	"Tue, 02 Dec 2025 18:09:16 GMT",
			"timesecs":	1764698956
		},
		"accepted_connection":	{
			"host":	"10.0.0.1",
			"port":	39346
		},
		"cookie":	"q4mnpxjp3iyaadifi2b25mdmqdas67mzaki2",
		"tcp_mss_default":	0,
		"target_bitrate":	0,
		"fq_rate":	0,
		"test_start":	{
			"protocol":	"TCP",
			"num_streams":	1,
			"blksize":	131072,
			"omit":	0,
			"duration":	20,
			"bytes":	0,
			"blocks":	0,
			"reverse":	0,
			"tos":	0,
			"target_bitrate":	0,
			"bidir":	0,
			"fqrate":	0
		}
	},
	"intervals":	[{
			"streams":	[{
					"socket":	5,
					"start":	0,
					"end":	1.000873,
					"seconds":	1.0008729696273804,
					"bytes":	655360,
					"bits_per_second":	5238307.11698798,
					"omitted":	false,
					"sender":	false
				}],
			"sum":	{
				"start":	0,
				"end":	1.000873,
				"seconds":	1.0008729696273804,
				"bytes":	655360,
				"bits_per_second":	5238307.11698798,
				"omitted":	false,
				"sender":	false
			}
		}, {
			"streams":	[{
					"socket":	5,
					"start":	1.000873,
					"end":	2.001042,
					"seconds":	1.000169038772583,
					"bytes":	524288,
					"bits_per_second":	4193595.119828234,
					"omitted":	false,
					"sender":	false
				}],
			"sum":	{
				"start":	1.000873,
				"end":	2.001042,
				"seconds":	1.000169038772583,
				"bytes":	524288,
				"bits_per_second":	4193595.119828234,
				"omitted":	false,
				"sender":	false
			}
		}, {
			"streams":	[{
					"socket":	5,
					"start":	2.001042,
					"end":	3.000879,
					"seconds":	0.99983698129653931,
					"bytes":	393216,
					"bits_per_second":	3146240.8961116592,
					"omitted":	false,
					"sender":	false
				}],
			"sum":	{
				"start":	2.001042,
				"end":	3.000879,
				"seconds":	0.99983698129653931,
				"bytes":	393216,
				"bits_per_second":	3146240.8961116592,
				"omitted":	false,
				"sender":	false
			}
		}, {
			"streams":	[{
					"socket":	5,
					"start":	3.000879,
					"end":	4.000827,
					"seconds":	0.999948024749756,
					"bytes":	262144,
					"bits_per_second":	2097261.0056655966,
					"omitted":	false,
					"sender":	false
				}],
			"sum":	{
				"start":	3.000879,
				"end":	4.000827,
				"seconds":	0.999948024749756,
				"bytes":	262144,
				"bits_per_second":	2097261.0056655966,
				"omitted":	false,
				"sender":	false
			}
		}, {
			"streams":	[{
					"socket":	5,
					"start":	4.000827,
					"end":	5.000877,
					"seconds":	1.0000499486923218,
					"bytes":	524288,
					"bits_per_second":	4194094.5104637286,
					"omitted":	false,
					"sender":	false
				}],
			"sum":	{
				"start":	4.000827,
				"end":	5.000877,
				"seconds":	1.0000499486923218,
				"bytes":	524288,
				"bits_per_second":	4194094.5104637286,
				"omitted":	false,
				"sender":	false
			}
		}, {
			"streams":	[{
					"socket":	5,
					"start":	5.000877,
					"end":	6.000817,
					"seconds":	0.99993997812271118,
					"bytes":	655360,
					"bits_per_second":	5243194.7063892679,
					"omitted":	false,
					"sender":	false
				}],
			"sum":	{
				"start":	5.000877,
				"end":	6.000817,
				"seconds":	0.99993997812271118,
				"bytes":	655360,
				"bits_per_second":	5243194.7063892679,
				"omitted":	false,
				"sender":	false
			}
		}, {
			"streams":	[{
					"socket":	5,
					"start":	6.000817,
					"end":	7.001209,
					"seconds":	1.000391960144043,
					"bytes":	655360,
					"bits_per_second":	5240825.8051625043,
					"omitted":	false,
					"sender":	false
				}],
			"sum":	{
				"start":	6.000817,
				"end":	7.001209,
				"seconds":	1.000391960144043,
				"bytes":	655360,
				"bits_per_second":	5240825.8051625043,
				"omitted":	false,
				"sender":	false
			}
		}, {
			"streams":	[{
					"socket":	5,
					"start":	7.001209,
					"end":	8.00106,
					"seconds":	0.99985098838806152,
					"bytes":	262144,
					"bits_per_second":	2097464.5465730685,
					"omitted":	false,
					"sender":	false
				}],
			"sum":	{
				"start":	7.001209,
				"end":	8.00106,
				"seconds":	0.99985098838806152,
				"bytes":	262144,
				"bits_per_second":	2097464.5465730685,
				"omitted":	false,
				"sender":	false
			}
		}, {
			"streams":	[{
					"socket":	5,
					"start":	8.00106,
					"end":	9.000848,
					"seconds":	0.999787986278534,
					"bytes":	393216,
					"bits_per_second":	3146395.0789298862,
					"omitted":	false,
					"sender":	false
				}],
			"sum":	{
				"start":	8.00106,
				"end":	9.000848,
				"seconds":	0.999787986278534,
				"bytes":	393216,
				"bits_per_second":	3146395.0789298862,
				"omitted":	false,
				"sender":	false
			}
		}, {
			"streams":	[{
					"socket":	5,
					"start":	9.000848,
					"end":	10.000976,
					"seconds":	1.0001280307769775,
					"bytes":	655360,
					"bits_per_second":	5242208.8359296573,
					"omitted":	false,
					"sender":	false
				}],
			"sum":	{
				"start":	9.000848,
				"end":	10.000976,
				"seconds":	1.0001280307769775,
				"bytes":	655360,
				"bits_per_second":	5242208.8359296573,
				"omitted":	false,
				"sender":	false
			}
		}, {
			"streams":	[{
					"socket":	5,
					"start":	10.000976,
					"end":	11.000867,
					"seconds":	0.99989098310470581,
					"bytes":	262144,
					"bits_per_second":	2097380.6499267053,
					"omitted":	false,
					"sender":	false
				}],
			"sum":	{
				"start":	10.000976,
				"end":	11.000867,
				"seconds":	0.99989098310470581,
				"bytes":	262144,
				"bits_per_second":	2097380.6499267053,
				"omitted":	false,
				"sender":	false
			}
		}, {
			"streams":	[{
					"socket":	5,
					"start":	11.000867,
					"end":	12.001349,
					"seconds":	1.0004819631576538,
					"bytes":	655360,
					"bits_per_second":	5240354.3422739729,
					"omitted":	false,
					"sender":	false
				}],
			"sum":	{
				"start":	11.000867,
				"end":	12.001349,
				"seconds":	1.0004819631576538,
				"bytes":	655360,
				"bits_per_second":	5240354.3422739729,
				"omitted":	false,
				"sender":	false
			}
		}, {
			"streams":	[{
					"socket":	5,
					"start":	12.001349,
					"end":	13.001564,
					"seconds":	1.0002150535583496,
					"bytes":	524288,
					"bits_per_second":	4193402.1939366027,
					"omitted":	false,
					"sender":	false
				}],
			"sum":	{
				"start":	12.001349,
				"end":	13.001564,
				"seconds":	1.0002150535583496,
				"bytes":	524288,
				"bits_per_second":	4193402.1939366027,
				"omitted":	false,
				"sender":	false
			}
		}, {
			"streams":	[{
					"socket":	5,
					"start":	13.001564,
					"end":	14.001041,
					"seconds":	0.99947702884674072,
					"bytes":	655360,
					"bits_per_second":	5245623.3096718229,
					"omitted":	false,
					"sender":	false
				}],
			"sum":	{
				"start":	13.001564,
				"end":	14.001041,
				"seconds":	0.99947702884674072,
				"bytes":	655360,
				"bits_per_second":	5245623.3096718229,
				"omitted":	false,
				"sender":	false
			}
		}, {
			"streams":	[{
					"socket":	5,
					"start":	14.001041,
					"end":	15.000875,
					"seconds":	0.99983400106430054,
					"bytes":	655360,
					"bits_per_second":	5243750.4569949349,
					"omitted":	false,
					"sender":	false
				}],
			"sum":	{
				"start":	14.001041,
				"end":	15.000875,
				"seconds":	0.99983400106430054,
				"bytes":	655360,
				"bits_per_second":	5243750.4569949349,
				"omitted":	false,
				"sender":	false
			}
		}, {
			"streams":	[{
					"socket":	5,
					"start":	15.000875,
					"end":	16.000868,
					"seconds":	0.99999302625656128,
					"bytes":	393216,
					"bits_per_second":	3145749.9376529874,
					"omitted":	false,
					"sender":	false
				}],
			"sum":	{
				"start":	15.000875,
				"end":	16.000868,
				"seconds":	0.99999302625656128,
				"bytes":	393216,
				"bits_per_second":	3145749.9376529874,
				"omitted":	false,