{
	"start":	{
		"connected":	[{
				"socket":	5,
				"local_host":	"10.0.0.2",
				"local_port":	5201,
				"remote_host":	"10.0.0.1",
				"remote_port":	54428
			}],
		"version":	"iperf 3.16",
		"system_info":	"Linux mininet 6.8.0-88-generic #89-Ubuntu SMP PREEMPT_DYNAMIC Sat Oct 11 01:02:46 UTC 2025 x86_64",
		"sock_bufsize":	0,
		"sndbuf_actual":	87380,
		"rcvbuf_actual":	87380,
		"timestamp":	{
			"time":	"Tue, 02 Dec 2025 18:59:13 GMT",
			"timesecs":	1764701953
		},
		"accepted_connection":	{
			"host":	"10.0.0.1",
			"port":	54414
		},
		"cookie":	"m454uy7khuabg5uekqneuzyk2rl7wgmwtb74",
		"tcp_mss_default":	0,
		"target_bitrate":	0,
		"fq_rate":	0,
		"test_start":	{
			"protocol":	"TCP",
			"num_streams":	1,
			"blksize":	131072,
			"omit":	0,
			"duration":	20,
			"bytes":	0,
			"blocks":	0,
			"reverse":	0,
			"tos":	0,
			"target_bitrate":	0,
			"bidir":	0,
			"fqrate":	0
		}
	},
	"intervals":	[{
			"streams":	[{
					"socket":	5,
					"start":	0,
					"end":	1.001002,
					"seconds":	1.0010019540786743,
					"bytes":	4718592,
					"bits_per_second":	37710951.358475685,
					"omitted":	false,
					"sender":	false
				}],
			"sum":	{
				"start":	0,
				"end":	1.001002,
				"seconds":	1.0010019540786743,
				"bytes":	4718592,
				"bits_per_second":	37710951.358475685,
				"omitted":	false,
				"sender":	false
			}
		}, {
			"streams":	[{
					"socket":	5,
					"start":	1.001002,
					"end":	2.001033,
					"seconds":	1.0000309944152832,
					"bytes":	5898240,
					"bits_per_second":	47184457.545327924,
					"omitted":	false,
					"sender":	false
				}],
			"sum":	{
				"start":	1.001002,
				"end":	2.001033,
				"seconds":	1.0000309944152832,
				"bytes":	5898240,
				"bits_per_second":	47184457.545327924,
				"omitted":	false,
				"sender":	false
			}
		}, {
			"streams":	[{
					"socket":	5,
					"start":	2.001033,
					"end":	3.001049,
					"seconds":	1.0000159740448,
					"bytes":	6029312,
					"bits_per_second":	48233725.5123078,
					"omitted":	false,
					"sender":	false
				}],
			"sum":	{
				"start":	2.001033,
				"end":	3.001049,
				"seconds":	1.0000159740448,
				"bytes":	6029312,
				"bits_per_second":	48233725.5123078,
				"omitted":	false,
				"sender":	false
			}
		}, {
			"streams":	[{
					"socket":	5,
					"start":	3.001049,
					"end":	4.000728,
					"seconds":	0.99967902898788452,
					"bytes":	5898240,
					"bits_per_second":	47201070.1752671,
					"omitted":	false,
					"sender":	false
				}],
			"sum":	{
				"start":	3.001049,
				"end":	4.000728,
				"seconds":	0.99967902898788452,
				"bytes":	5898240,
				"bits_per_second":	47201070.1752671,
				"omitted":	false,
				"sender":	false
			}
		}, {
			"streams":	[{
					"socket":	5,
					"start":	4.000728,
					"end":	5.000809,
					"seconds":	1.000080943107605,
					"bytes":	5898240,
					"bits_per_second":	47182100.934127063,
					"omitted":	false,
					"sender":	false
				}],
			"sum":	{
				"start":	4.000728,
				"end":	5.000809,
				"seconds":	1.000080943107605,
				"bytes":	5898240,
				"bits_per_second":	47182100.934127063,
				"omitted":	false,
				"sender":	false
			}
		}, {
			"streams":	[{
					"socket":	5,
					"start":	5.000809,
					"end":	6.001031,
					"seconds":	1.0002219676971436,
					"bytes":	6029312,
					"bits_per_second":	48223791.87596976,
					"omitted":	false,
					"sender":	false
				}],
			"sum":	{
				"start":	5.000809,
				"end":	6.001031,
				"seconds":	1.0002219676971436,
				"bytes":	6029312,
				"bits_per_second":	48223791.87596976,
				"omitted":	false,
				"sender":	false
			}
		}, {
			"streams":	[{
					"socket":	5,
					"start":	6.001031,
					"end":	7.00065,
					"seconds":	0.9996190071105957,
					"bytes":	5898240,
					"bits_per_second":	47203904.3519102,
					"omitted":	false,
					"sender":	false
				}],
			"sum":	{
				"start":	6.001031,
				"end":	7.00065,
				"seconds":	0.9996190071105957,
				"bytes":	5898240,
				"bits_per_second":	47203904.3519102,
				"omitted":	false,
				"sender":	false
			}
		}, {
			"streams":	[{
					"socket":	5,
					"start":	7.00065,
					"end":	8.001059,
					"seconds":	1.0004090070724487,
					"bytes":	6029312,
					"bits_per_second":	48214775.815694854,
					"omitted":	false,
					"sender":	false
				}],
			"sum":	{
				"start":	7.00065,
				"end":	8.001059,
				"seconds":	1.0004090070724487,
				"bytes":	6029312,
				"bits_per_second":	48214775.815694854,
				"omitted":	false,
				"sender":	false
			}
		}, {
			"streams":	[{
					"socket":	5,
					"start":	8.001059,
					"end":	9.001069,
					"seconds":	1.0000100135803223,
					"bytes":	5898240,
					"bits_per_second":	47185447.504731372,
					"omitted":	false,
					"sender":	false
				}],
			"sum":	{
				"start":	8.001059,
				"end":	9.001069,
				"seconds":	1.0000100135803223,
				"bytes":	5898240,
				"bits_per_second":	47185447.504731372,
				"omitted":	false,
				"sender":	false
			}
		}, {
			"streams":	[{
					"socket":	5,
					"start":	9.001069,
					"end":	10.000747,
					"seconds":	0.99967801570892334,
					"bytes":	5898240,
					"bits_per_second":	47201118.018523216,
					"omitted":	false,
					"sender":	false
				}],
			"sum":	{
				"start":	9.001069,
				"end":	10.000747,
				"seconds":	0.99967801570892334,
				"bytes":	5898240,
				"bits_per_second":	47201118.018523216,
				"omitted":	false,
				"sender":	false
			}
		}, {
			"streams":	[{
					"socket":	5,
					"start":	10.000747,
					"end":	11.001043,
					"seconds":	1.0002959966659546,
					"bytes":	4456448,
					"bits_per_second":	35641034.37265452,
					"omitted":	false,
					"sender":	false
				}],
			"sum":	{
				"start":	10.000747,
				"end":	11.001043,
				"seconds":	1.0002959966659546,
				"bytes":	4456448,
				"bits_per_second":	35641034.37265452,
				"omitted":	false,
				"sender":	false
			}
		}, {
			"streams":	[{
					"socket":	5,
					"start":	11.001043,
					"end":	12.000902,
					"seconds":	0.99985897541046143,
					"bytes":	6029312,
					"bits_per_second":	48241299.209419817,
					"omitted":	false,
					"sender":	false
				}],
			"sum":	{
				"start":	11.001043,
				"end":	12.000902,
				"seconds":	0.99985897541046143,
				"bytes":	6029312,
				"bits_per_second":	48241299.209419817,
				"omitted":	false,
				"sender":	false
			}
		}, {
			"streams":	[{
					"socket":	5,
					"start":	12.000902,
					"end":	13.001051,
					"seconds":	1.0001490116119385,
					"bytes":	5898240,
					"bits_per_second":	47178889.7975818,
					"omitted":	false,
					"sender":	false
				}],
			"sum":	{
				"start":	12.000902,
				"end":	13.001051,
				"seconds":	1.0001490116119385,
				"bytes":	5898240,
				"bits_per_second":	47178889.7975818,
				"omitted":	false,
				"sender":	false
			}
		}, {
			"streams":	[{
					"socket":	5,
					"start":	13.001051,
					"end":	14.000991,
					"seconds":	0.99993997812271118,
					"bytes":	5898240,
					"bits_per_second":	47188752.357503414,
					"omitted":	false,
					"sender":	false
				}],
			"sum":	{
				"start":	13.001051,
				"end":	14.000991,
				"seconds":	0.99993997812271118,
				"bytes":	5898240,
				"bits_per_second":	47188752.357503414,
				"omitted":	false,
				"sender":	false
			}
		}, {
			"streams":	[{
					"socket":	5,
					"start":	14.000991,
					"end":	15.001018,
					"seconds":	1.0000269412994385,
					"bytes":	6029312,
					"bits_per_second":	48233196.535009272,
					"omitted":	false,
					"sender":	false
				}],
			"sum":	{
				"start":	14.000991,
				"end":	15.001018,
				"seconds":	1.0000269412994385,
				"bytes":	6029312,
				"bits_per_second":	48233196.535009272,
				"omitted":	false,
				"sender":	false
			}
		}, {
			"streams":	[{
					"socket":	5,
					"start":	15.001018,
					"end":	16.00049,
					"seconds":	0.99947202205657959,
					"bytes":	5898240,
					"bits_per_second":	47210846.285528973,
					"omitted":	false,
					"sender":	false
				}],
			"sum":	{
				"start":	15.001018,
				"end":	16.00049,
				"seconds":	0.99947202205657959,
				"bytes":	5898240,
				"bits_per_second":	47210846.285528973,