{
	"start":	{
		"connected":	[{
				"socket":	5,
				"local_host":	"10.0.0.1",
				"local_port":	35258,
				"remote_host":	"10.0.0.2",
				"remote_port":	5201
			}],
		"version":	"iperf 3.16",
		"system_info":	"Linux mininet 6.8.0-88-generic #89-Ubuntu SMP PREEMPT_DYNAMIC Sat Oct 11 01:02:46 UTC 2025 x86_64",
		"timestamp":	{
			"time":	"Tue, 02 Dec 2025 18:54:59 GMT",
			"timesecs":	1764701699
		},
		"connecting_to":	{
			"host":	"10.0.0.2",
			"port":	5201
		},
		"cookie":	"aatyejggn4lidkksntpwsnh6io35a5orxtem",
		"tcp_mss_default":	1448,
		"target_bitrate":	0,
		"fq_rate":	0,
		"sock_bufsize":	0,
		"sndbuf_actual":	87380,
		"rcvbuf_actual":	87380,
		"test_start":	{
			"protocol":	"TCP",
			"num_streams":	1,
			"blksize":	131072,
			"omit":	0,
			"duration":	20,
			"bytes":	0,
			"blocks":	0,
			"reverse":	0,
			"tos":	0,
			"target_bitrate":	0,
			"bidir":	0,
			"fqrate":	0
		}
	},
	"intervals":	[{
			"streams":	[{
					"socket":	5,
					"start":	0,
					"end":	1.001003,
					"seconds":	1.00100302696228,
					"bytes":	10747904,
					"bits_per_second":	85897074.917876363,
					"retransmits":	13,
					"snd_cwnd":	584992,
					"snd_wnd":	3923968,
					"rtt":	48213,
					"rttvar":	164,
					"pmtu":	1500,
					"omitted":	false,
					"sender":	true
				}],
			"sum":	{
				"start":	0,
				"end":	1.001003,
				"seconds":	1.00100302696228,
				"bytes":	10747904,
				"bits_per_second":	85897074.917876363,
				"retransmits":	13,
				"omitted":	false,
				"sender":	true
			}
		}, {
			"streams":	[{
					"socket":	5,
					"start":	1.001003,
					"end":	2.000662,
					"seconds":	0.99965900182724,
					"bytes":	4849664,
					"bits_per_second":	38810546.325380772,
					"retransmits":	0,
					"snd_cwnd":	579200,
					"snd_wnd":	3929088,
					"rtt":	57721,
					"rttvar":	385,
					"pmtu":	1500,
					"omitted":	false,
					"sender":	true
				}],
			"sum":	{
				"start":	1.001003,
				"end":	2.000662,
				"seconds":	0.99965900182724,
				"bytes":	4849664,
				"bits_per_second":	38810546.325380772,
				"retransmits":	0,
				"omitted":	false,
				"sender":	true
			}
		}, {
			"streams":	[{
					"socket":	5,
					"start":	2.000662,
					"end":	3.000887,
					"seconds":	1.0002249479293823,
					"bytes":	7602176,
					"bits_per_second":	60803730.326764271,
					"retransmits":	4,
					"snd_cwnd":	567616,
					"snd_wnd":	3924992,
					"rtt":	64996,
					"rttvar":	1161,
					"pmtu":	1500,
					"omitted":	false,
					"sender":	true
				}],
			"sum":	{
				"start":	2.000662,
				"end":	3.000887,
				"seconds":	1.0002249479293823,
				"bytes":	7602176,
				"bits_per_second":	60803730.326764271,
				"retransmits":	4,
				"omitted":	false,
				"sender":	true
			}
		}, {
			"streams":	[{
					"socket":	5,
					"start":	3.000887,
					"end":	4.000619,
					"seconds":	0.99973201751709,
					"bytes":	4849664,
					"bits_per_second":	38807711.786960728,
					"retransmits":	12,
					"snd_cwnd":	564720,
					"snd_wnd":	3929088,
					"rtt":	55417,
					"rttvar":	793,
					"pmtu":	1500,
					"omitted":	false,
					"sender":	true
				}],
			"sum":	{
				"start":	3.000887,
				"end":	4.000619,
				"seconds":	0.99973201751709,
				"bytes":	4849664,
				"bits_per_second":	38807711.786960728,
				"retransmits":	12,
				"omitted":	false,
				"sender":	true
			}
		}, {
			"streams":	[{
					"socket":	5,
					"start":	4.000619,
					"end":	5.000805,
					"seconds":	1.0001859664916992,
					"bytes":	7471104,
					"bits_per_second":	59757719.066633232,
					"retransmits":	4,
					"snd_cwnd":	567616,
					"snd_wnd":	3923968,
					"rtt":	57980,
					"rttvar":	55,
					"pmtu":	1500,
					"omitted":	false,
					"sender":	true
				}],
			"sum":	{
				"start":	4.000619,
				"end":	5.000805,
				"seconds":	1.0001859664916992,
				"bytes":	7471104,
				"bits_per_second":	59757719.066633232,
				"retransmits":	4,
				"omitted":	false,
				"sender":	true
			}
		}, {
			"streams":	[{
					"socket":	5,
					"start":	5.000805,
					"end":	6.000962,
					"seconds":	1.0001569986343384,
					"bytes":	4980736,
					"bits_per_second":	39839633.231990039,
					"retransmits":	4,
					"snd_cwnd":	573408,
					"snd_wnd":	3923968,
					"rtt":	55616,
					"rttvar":	95,
					"pmtu":	1500,
					"omitted":	false,
					"sender":	true
				}],
			"sum":	{
				"start":	5.000805,
				"end":	6.000962,
				"seconds":	1.0001569986343384,
				"bytes":	4980736,
				"bits_per_second":	39839633.231990039,
				"retransmits":	4,
				"omitted":	false,
				"sender":	true
			}
		}, {
			"streams":	[{
					"socket":	5,
					"start":	6.000962,
					"end":	7.000978,
					"seconds":	1.0000159740448,
					"bytes":	4980736,
					"bits_per_second":	39845251.510167316,
					"retransmits":	8,
					"snd_cwnd":	354760,
					"snd_wnd":	3923968,
					"rtt":	59530,
					"rttvar":	100,
					"pmtu":	1500,
					"omitted":	false,
					"sender":	true
				}],
			"sum":	{
				"start":	6.000962,
				"end":	7.000978,
				"seconds":	1.0000159740448,
				"bytes":	4980736,
				"bits_per_second":	39845251.510167316,
				"retransmits":	8,
				"omitted":	false,
				"sender":	true
			}
		}, {
			"streams":	[{
					"socket":	5,
					"start":	7.000978,
					"end":	8.000927,
					"seconds":	0.99994897842407227,
					"bytes":	7471104,
					"bits_per_second":	59771881.655598238,
					"retransmits":	4,
					"snd_cwnd":	570512,
					"snd_wnd":	3929088,
					"rtt":	62987,
					"rttvar":	731,
					"pmtu":	1500,
					"omitted":	false,
					"sender":	true
				}],
			"sum":	{
				"start":	7.000978,
				"end":	8.000927,
				"seconds":	0.99994897842407227,
				"bytes":	7471104,
				"bits_per_second":	59771881.655598238,
				"retransmits":	4,
				"omitted":	false,
				"sender":	true
			}
		}, {
			"streams":	[{
					"socket":	5,
					"start":	8.000927,
					"end":	9.000848,
					"seconds":	0.99992102384567261,
					"bytes":	4980736,
					"bits_per_second":	39849035.123547718,
					"retransmits":	10,
					"snd_cwnd":	564720,
					"snd_wnd":	3923968,
					"rtt":	54473,
					"rttvar":	64,
					"pmtu":	1500,
					"omitted":	false,
					"sender":	true
				}],
			"sum":	{
				"start":	8.000927,
				"end":	9.000848,
				"seconds":	0.99992102384567261,
				"bytes":	4980736,
				"bits_per_second":	39849035.123547718,
				"retransmits":	10,
				"omitted":	false,
				"sender":	true
			}
		}, {
			"streams":	[{
					"socket":	5,
					"start":	9.000848,
					"end":	10.001141,
					"seconds":	1.0002930164337158,
					"bytes":	7340032,
					"bits_per_second":	58703055.0401639,
					"retransmits":	4,
					"snd_cwnd":	570512,
					"snd_wnd":	3923968,
					"rtt":	49074,
					"rttvar":	331,
					"pmtu":	1500,
					"omitted":	false,
					"sender":	true
				}],
			"sum":	{
				"start":	9.000848,
				"end":	10.001141,
				"seconds":	1.0002930164337158,
				"bytes":	7340032,
				"bits_per_second":	58703055.0401639,
				"retransmits":	4,
				"omitted":	false,
				"sender":	true
			}
		}, {
			"streams":	[{
					"socket":	5,
					"start":	10.001141,
					"end":	11.000743,
					"seconds":	0.99960201978683472,
					"bytes":	2490368,
					"bits_per_second":	19930876.094316587,
					"retransmits":	4,
					"snd_cwnd":	564720,
					"snd_wnd":	3923968,
					"rtt":	46707,
					"rttvar":	79,
					"pmtu":	1500,
					"omitted":	false,
					"sender":	true
				}],
			"sum":	{
				"start":	10.001141,
				"end":	11.000743,
				"seconds":	0.99960201978683472,
				"bytes":	2490368,
				"bits_per_second":	19930876.094316587,
				"retransmits":	4,
				"omitted":	false,
				"sender":	true
			}
		}, {
			"streams":	[{
					"socket":	5,
					"start":	11.000743,
					"end":	12.001021,
					"seconds":	1.0002779960632324,
					"bytes":	7602176,
					"bits_per_second":	60800505.6987732,
					"retransmits":	16,
					"snd_cwnd":	573408,
					"snd_wnd":	3923968,
					"rtt":	48967,
					"rttvar":	224,
					"pmtu":	1500,
					"omitted":	false,
					"sender":	true
				}],
			"sum":	{
				"start":	11.000743,
				"end":	12.001021,
				"seconds":	1.0002779960632324,
				"bytes":	7602176,
				"bits_per_second":	60800505.6987732,