{
	"start":	{
		"connected":	[{
				"socket":	5,
				"local_host":	"10.0.0.2",
				"local_port":	5201,
				"remote_host":	"10.0.0.1",
				"remote_port":	35258
			}],
		"version":	"iperf 3.16",
		"system_info":	"Linux mininet 6.8.0-88-generic #89-Ubuntu SMP PREEMPT_DYNAMIC Sat Oct 11 01:02:46 UTC 2025 x86_64",
		"sock_bufsize":	0,
		"sndbuf_actual":	87380,
		"rcvbuf_actual":	87380,
		"timestamp":	{
			"time":	"Tue, 02 Dec 2025 18:54:59 GMT",
			"timesecs":	1764701699
		},
		"accepted_connection":	{
			"host":	"10.0.0.1",
			"port":	35254
		},
		"cookie":	"aatyejggn4lidkksntpwsnh6io35a5orxtem",
		"tcp_mss_default":	0,
		"target_bitrate":	0,
		"fq_rate":	0,
		"test_start":	{
			"protocol":	"TCP",
			"num_streams":	1,
			"blksize":	131072,
			"omit":	0,
			"duration":	20,
			"bytes":	0,
			"blocks":	0,
			"reverse":	0,
			"tos":	0,
			"target_bitrate":	0,
			"bidir":	0,
			"fqrate":	0
		}
	},
	"intervals":	[{
			"streams":	[{
					"socket":	5,
					"start":	0,
					"end":	1.001011,
					"seconds":	1.00101101398468,
					"bytes":	4718592,
					"bits_per_second":	37710610.0458728,
					"omitted":	false,
					"sender":	false
				}],
			"sum":	{
				"start":	0,
				"end":	1.001011,
				"seconds":	1.00101101398468,
				"bytes":	4718592,
				"bits_per_second":	37710610.0458728,
				"omitted":	false,
				"sender":	false
			}
		}, {
			"streams":	[{
					"socket":	5,
					"start":	1.001011,
					"end":	2.001071,
					"seconds":	1.000059962272644,
					"bytes":	5898240,
					"bits_per_second":	47183090.794645585,
					"omitted":	false,
					"sender":	false
				}],
			"sum":	{
				"start":	1.001011,
				"end":	2.001071,
				"seconds":	1.000059962272644,
				"bytes":	5898240,
				"bits_per_second":	47183090.794645585,
				"omitted":	false,
				"sender":	false
			}
		}, {
			"streams":	[{
					"socket":	5,
					"start":	2.001071,
					"end":	3.00094,
					"seconds":	0.99986898899078369,
					"bytes":	6029312,
					"bits_per_second":	48240816.0779998,
					"omitted":	false,
					"sender":	false
				}],
			"sum":	{
				"start":	2.001071,
				"end":	3.00094,
				"seconds":	0.99986898899078369,
				"bytes":	6029312,
				"bits_per_second":	48240816.0779998,
				"omitted":	false,
				"sender":	false
			}
		}, {
			"streams":	[{
					"socket":	5,
					"start":	3.00094,
					"end":	4.000852,
					"seconds":	0.99991202354431152,
					"bytes":	5898240,
					"bits_per_second":	47190071.6152444,
					"omitted":	false,
					"sender":	false
				}],
			"sum":	{
				"start":	3.00094,
				"end":	4.000852,
				"seconds":	0.99991202354431152,
				"bytes":	5898240,
				"bits_per_second":	47190071.6152444,
				"omitted":	false,
				"sender":	false
			}
		}, {
			"streams":	[{
					"socket":	5,
					"start":	4.000852,
					"end":	5.000888,
					"seconds":	1.0000360012054443,
					"bytes":	6029312,
					"bits_per_second":	48232759.562513843,
					"omitted":	false,
					"sender":	false
				}],
			"sum":	{
				"start":	4.000852,
				"end":	5.000888,
				"seconds":	1.0000360012054443,
				"bytes":	6029312,
				"bits_per_second":	48232759.562513843,
				"omitted":	false,
				"sender":	false
			}
		}, {
			"streams":	[{
					"socket":	5,
					"start":	5.000888,
					"end":	6.000927,
					"seconds":	1.0000389814376831,
					"bytes":	5898240,
					"bits_per_second":	47184080.696698688,
					"omitted":	false,
					"sender":	false
				}],
			"sum":	{
				"start":	5.000888,
				"end":	6.000927,
				"seconds":	1.0000389814376831,
				"bytes":	5898240,
				"bits_per_second":	47184080.696698688,
				"omitted":	false,
				"sender":	false
			}
		}, {
			"streams":	[{
					"socket":	5,
					"start":	6.000927,
					"end":	7.000873,
					"seconds":	0.9999459981918335,
					"bytes":	5767168,
					"bits_per_second":	46139835.634552769,
					"omitted":	false,
					"sender":	false
				}],
			"sum":	{
				"start":	6.000927,
				"end":	7.000873,
				"seconds":	0.9999459981918335,
				"bytes":	5767168,
				"bits_per_second":	46139835.634552769,
				"omitted":	false,
				"sender":	false
			}
		}, {
			"streams":	[{
					"socket":	5,
					"start":	7.000873,
					"end":	8.000959,
					"seconds":	1.0000859498977661,
					"bytes":	6160384,
					"bits_per_second":	49278836.489041731,
					"omitted":	false,
					"sender":	false
				}],
			"sum":	{
				"start":	7.000873,
				"end":	8.000959,
				"seconds":	1.0000859498977661,
				"bytes":	6160384,
				"bits_per_second":	49278836.489041731,
				"omitted":	false,
				"sender":	false
			}
		}, {
			"streams":	[{
					"socket":	5,
					"start":	8.000959,
					"end":	9.000938,
					"seconds":	0.999979019165039,
					"bytes":	5898240,
					"bits_per_second":	47186910.020771459,
					"omitted":	false,
					"sender":	false
				}],
			"sum":	{
				"start":	8.000959,
				"end":	9.000938,
				"seconds":	0.999979019165039,
				"bytes":	5898240,
				"bits_per_second":	47186910.020771459,
				"omitted":	false,
				"sender":	false
			}
		}, {
			"streams":	[{
					"socket":	5,
					"start":	9.000938,
					"end":	10.000563,
					"seconds":	0.999625027179718,
					"bytes":	6029312,
					"bits_per_second":	48252589.4095368,
					"omitted":	false,
					"sender":	false
				}],
			"sum":	{
				"start":	9.000938,
				"end":	10.000563,
				"seconds":	0.999625027179718,
				"bytes":	6029312,
				"bits_per_second":	48252589.4095368,
				"omitted":	false,
				"sender":	false
			}
		}, {
			"streams":	[{
					"socket":	5,
					"start":	10.000563,
					"end":	11.001013,
					"seconds":	1.0004500150680542,
					"bytes":	4325376,
					"bits_per_second":	34587443.1294263,
					"omitted":	false,
					"sender":	false
				}],
			"sum":	{
				"start":	10.000563,
				"end":	11.001013,
				"seconds":	1.0004500150680542,
				"bytes":	4325376,
				"bits_per_second":	34587443.1294263,
				"omitted":	false,
				"sender":	false
			}
		}, {
			"streams":	[{
					"socket":	5,
					"start":	11.001013,
					"end":	12.001008,
					"seconds":	0.999994993209839,
					"bytes":	6029312,
					"bits_per_second":	48234737.501209147,
					"omitted":	false,
					"sender":	false
				}],
			"sum":	{
				"start":	11.001013,
				"end":	12.001008,
				"seconds":	0.999994993209839,
				"bytes":	6029312,
				"bits_per_second":	48234737.501209147,
				"omitted":	false,
				"sender":	false
			}
		}, {
			"streams":	[{
					"socket":	5,
					"start":	12.001008,
					"end":	13.000987,
					"seconds":	0.999979019165039,
					"bytes":	5898240,
					"bits_per_second":	47186910.020771459,
					"omitted":	false,
					"sender":	false
				}],
			"sum":	{
				"start":	12.001008,
				"end":	13.000987,
				"seconds":	0.999979019165039,
				"bytes":	5898240,
				"bits_per_second":	47186910.020771459,
				"omitted":	false,
				"sender":	false
			}
		}, {
			"streams":	[{
					"socket":	5,
					"start":	13.000987,
					"end":	14.000979,
					"seconds":	0.9999920129776,
					"bytes":	5898240,
					"bits_per_second":	47186296.878010131,
					"omitted":	false,
					"sender":	false
				}],
			"sum":	{
				"start":	13.000987,
				"end":	14.000979,
				"seconds":	0.9999920129776,
				"bytes":	5898240,
				"bits_per_second":	47186296.878010131,
				"omitted":	false,
				"sender":	false
			}
		}, {
			"streams":	[{
					"socket":	5,
					"start":	14.000979,
					"end":	15.001027,
					"seconds":	1.000048041343689,
					"bytes":	6029312,
					"bits_per_second":	48232178.861318454,
					"omitted":	false,
					"sender":	false
				}],
			"sum":	{
				"start":	14.000979,
				"end":	15.001027,
				"seconds":	1.000048041343689,
				"bytes":	6029312,
				"bits_per_second":	48232178.861318454,
				"omitted":	false,
				"sender":	false
			}
		}, {
			"streams":	[{
					"socket":	5,
					"start":	15.001027,
					"end":	16.001033,
					"seconds":	1.0000059604644775,
					"bytes":	5898240,
					"bits_per_second":	47185638.751676373,
					"omitted":	false,
					"sender":	false
				}],
			"sum":	{
				"start":	15.001027,
				"end":	16.001033,
				"seconds":	1.0000059604644775,
				"bytes":	5898240,
				"bits_per_second":	47185638.751676373,
				"omitted":	false,