{
	"start":	{
		"connected":	[{
				"socket":	5,
				"local_host":	"10.0.0.1",
				"local_port":	41668,
				"remote_host":	"10.0.0.2",
				"remote_port":	5201
			}],
		"version":	"iperf 3.16",
		"system_info":	"Linux mininet 6.8.0-88-generic #89-Ubuntu SMP PREEMPT_DYNAMIC Sat Oct 11 01:02:46 UTC 2025 x86_64",
		"timestamp":	{
			"time":	"Tue, 02 Dec 2025 16:59:37 GMT",
			"timesecs":	1764694777
		},
		"connecting_to":	{
			"host":	"10.0.0.2",
			"port":	5201
		},
		"cookie":	"hw6paygr4rtazcihqkwlrzsxumrssq4flldy",
		"tcp_mss_default":	1448,
		"target_bitrate":	0,
		"fq_rate":	0,
		"sock_bufsize":	0,
		"sndbuf_actual":	87380,
		"rcvbuf_actual":	87380,
		"test_start":	{
			"protocol":	"TCP",
			"num_streams":	1,
			"blksize":	131072,
			"omit":	0,
			"duration":	20,
			"bytes":	0,
			"blocks":	0,
			"reverse":	0,
			"tos":	0,
			"target_bitrate":	0,
			"bidir":	0,
			"fqrate":	0
		}
	},
	"intervals":	[{
			"streams":	[{
					"socket":	5,
					"start":	0,
					"end":	1.000759,
					"seconds":	1.00075900554657,
					"bytes":	1179648,
					"bits_per_second":	9430026.55753853,
					"retransmits":	11,
					"snd_cwnd":	7240,
					"snd_wnd":	758784,
					"rtt":	45121,
					"rttvar":	1130,
					"pmtu":	1500,
					"omitted":	false,
					"sender":	true
				}],
			"sum":	{
				"start":	0,
				"end":	1.000759,
				"seconds":	1.00075900554657,
				"bytes":	1179648,
				"bits_per_second":	9430026.55753853,
				"retransmits":	11,
				"omitted":	false,
				"sender":	true
			}
		}, {
			"streams":	[{
					"socket":	5,
					"start":	1.000759,
					"end":	2.001062,
					"seconds":	1.0003030300140381,
					"bytes":	262144,
					"bits_per_second":	2096516.6925172354,
					"retransmits":	0,
					"snd_cwnd":	36200,
					"snd_wnd":	1668096,
					"rtt":	44849,
					"rttvar":	243,
					"pmtu":	1500,
					"omitted":	false,
					"sender":	true
				}],
			"sum":	{
				"start":	1.000759,
				"end":	2.001062,
				"seconds":	1.0003030300140381,
				"bytes":	262144,
				"bits_per_second":	2096516.6925172354,
				"retransmits":	0,
				"omitted":	false,
				"sender":	true
			}
		}, {
			"streams":	[{
					"socket":	5,
					"start":	2.001062,
					"end":	3.000596,
					"seconds":	0.999534010887146,
					"bytes":	524288,
					"bits_per_second":	4196259.41120033,
					"retransmits":	7,
					"snd_cwnd":	13032,
					"snd_wnd":	2299392,
					"rtt":	49073,
					"rttvar":	6217,
					"pmtu":	1500,
					"omitted":	false,
					"sender":	true
				}],
			"sum":	{
				"start":	2.001062,
				"end":	3.000596,
				"seconds":	0.999534010887146,
				"bytes":	524288,
				"bits_per_second":	4196259.41120033,
				"retransmits":	7,
				"omitted":	false,
				"sender":	true
			}
		}, {
			"streams":	[{
					"socket":	5,
					"start":	3.000596,
					"end":	4.000614,
					"seconds":	1.0000180006027222,
					"bytes":	524288,
					"bits_per_second":	4194228.5013590208,
					"retransmits":	4,
					"snd_cwnd":	11584,
					"snd_wnd":	2297856,
					"rtt":	46149,
					"rttvar":	2403,
					"pmtu":	1500,
					"omitted":	false,
					"sender":	true
				}],
			"sum":	{
				"start":	3.000596,
				"end":	4.000614,
				"seconds":	1.0000180006027222,
				"bytes":	524288,
				"bits_per_second":	4194228.5013590208,
				"retransmits":	4,
				"omitted":	false,
				"sender":	true
			}
		}, {
			"streams":	[{
					"socket":	5,
					"start":	4.000614,
					"end":	5.000646,
					"seconds":	1.0000319480895996,
					"bytes":	131072,
					"bits_per_second":	1048542.5010702268,
					"retransmits":	4,
					"snd_cwnd":	17376,
					"snd_wnd":	2296832,
					"rtt":	46059,
					"rttvar":	1709,
					"pmtu":	1500,
					"omitted":	false,
					"sender":	true
				}],
			"sum":	{
				"start":	4.000614,
				"end":	5.000646,
				"seconds":	1.0000319480895996,
				"bytes":	131072,
				"bits_per_second":	1048542.5010702268,
				"retransmits":	4,
				"omitted":	false,
				"sender":	true
			}
		}, {
			"streams":	[{
					"socket":	5,
					"start":	5.000646,
					"end":	6.000634,
					"seconds":	0.9999880194664,
					"bytes":	262144,
					"bits_per_second":	2097177.1253010146,
					"retransmits":	4,
					"snd_cwnd":	17376,
					"snd_wnd":	2296832,
					"rtt":	46943,
					"rttvar":	3030,
					"pmtu":	1500,
					"omitted":	false,
					"sender":	true
				}],
			"sum":	{
				"start":	5.000646,
				"end":	6.000634,
				"seconds":	0.9999880194664,
				"bytes":	262144,
				"bits_per_second":	2097177.1253010146,
				"retransmits":	4,
				"omitted":	false,
				"sender":	true
			}
		}, {
			"streams":	[{
					"socket":	5,
					"start":	6.000634,
					"end":	7.000621,
					"seconds":	0.999987006187439,
					"bytes":	524288,
					"bits_per_second":	4194358.5007081721,
					"retransmits":	5,
					"snd_cwnd":	5792,
					"snd_wnd":	2297856,
					"rtt":	48690,
					"rttvar":	5629,
					"pmtu":	1500,
					"omitted":	false,
					"sender":	true
				}],
			"sum":	{
				"start":	6.000634,
				"end":	7.000621,
				"seconds":	0.999987006187439,
				"bytes":	524288,
				"bits_per_second":	4194358.5007081721,
				"retransmits":	5,
				"omitted":	false,
				"sender":	true
			}
		}, {
			"streams":	[{
					"socket":	5,
					"start":	7.000621,
					"end":	8.000905,
					"seconds":	1.00028395652771,
					"bytes":	262144,
					"bits_per_second":	2096556.66904811,
					"retransmits":	0,
					"snd_cwnd":	33304,
					"snd_wnd":	2296832,
					"rtt":	45963,
					"rttvar":	1450,
					"pmtu":	1500,
					"omitted":	false,
					"sender":	true
				}],
			"sum":	{
				"start":	7.000621,
				"end":	8.000905,
				"seconds":	1.00028395652771,
				"bytes":	262144,
				"bits_per_second":	2096556.66904811,
				"retransmits":	0,
				"omitted":	false,
				"sender":	true
			}
		}, {
			"streams":	[{
					"socket":	5,
					"start":	8.000905,
					"end":	9.000964,
					"seconds":	1.0000590085983276,
					"bytes":	524288,
					"bits_per_second":	4194056.5146037661,
					"retransmits":	5,
					"snd_cwnd":	17376,
					"snd_wnd":	2296832,
					"rtt":	45035,
					"rttvar":	658,
					"pmtu":	1500,
					"omitted":	false,
					"sender":	true
				}],
			"sum":	{
				"start":	8.000905,
				"end":	9.000964,
				"seconds":	1.0000590085983276,
				"bytes":	524288,
				"bits_per_second":	4194056.5146037661,
				"retransmits":	5,
				"omitted":	false,
				"sender":	true
			}
		}, {
			"streams":	[{
					"socket":	5,
					"start":	9.000964,
					"end":	10.000602,
					"seconds":	0.999638020992279,
					"bytes":	786432,
					"bits_per_second":	6293734.1996604521,
					"retransmits":	0,
					"snd_cwnd":	41992,
					"snd_wnd":	2296832,
					"rtt":	45958,
					"rttvar":	1132,
					"pmtu":	1500,
					"omitted":	false,
					"sender":	true
				}],
			"sum":	{
				"start":	9.000964,
				"end":	10.000602,
				"seconds":	0.999638020992279,
				"bytes":	786432,
				"bits_per_second":	6293734.1996604521,
				"retransmits":	0,
				"omitted":	false,
				"sender":	true
			}
		}, {
			"streams":	[{
					"socket":	5,
					"start":	10.000602,
					"end":	11.001418,
					"seconds":	1.0008159875869751,
					"bytes":	262144,
					"bits_per_second":	2095442.1452202757,
					"retransmits":	6,
					"snd_cwnd":	14480,
					"snd_wnd":	2299392,
					"rtt":	46311,
					"rttvar":	2691,
					"pmtu":	1500,
					"omitted":	false,
					"sender":	true
				}],
			"sum":	{
				"start":	10.000602,
				"end":	11.001418,
				"seconds":	1.0008159875869751,
				"bytes":	262144,
				"bits_per_second":	2095442.1452202757,
				"retransmits":	6,
				"omitted":	false,
				"sender":	true
			}
		}, {
			"streams":	[{
					"socket":	5,
					"start":	11.001418,
					"end":	12.000603,
					"seconds":	0.999185025691986,
					"bytes":	524288,
					"bits_per_second":	4197725.0380581245,
					"retransmits":	2,
					"snd_cwnd":	24616,
					"snd_wnd":	2299392,
					"rtt":	45062,
					"rttvar":	805,
					"pmtu":	1500,
					"omitted":	false,
					"sender":	true
				}],
			"sum":	{
				"start":	11.001418,
				"end":	12.000603,
				"seconds":	0.999185025691986,
				"bytes":	524288,
				"bits_per_second":	4197725.0380581245,
				"retransmits":	2,
				"omitted":	false,