{
	"start":	{
		"connected":	[{
				"socket":	5,
				"local_host":	"10.0.0.2",
				"local_port":	5201,
				"remote_host":	"10.0.0.1",
				"remote_port":	41668
			}],
		"version":	"iperf 3.16",
		"system_info":	"Linux mininet 6.8.0-88-generic #89-Ubuntu SMP PREEMPT_DYNAMIC Sat Oct 11 01:02:46 UTC 2025 x86_64",
		"sock_bufsize":	0,
		"sndbuf_actual":	87380,
		"rcvbuf_actual":	87380,
		"timestamp":	{
			"time":	"Tue, 02 Dec 2025 16:59:37 GMT",
			"timesecs":	1764694777
		},
		"accepted_connection":	{
			"host":	"10.0.0.1",
			"port":	41652
		},
		"cookie":	"hw6paygr4rtazcihqkwlrzsxumrssq4flldy",
		"tcp_mss_default":	0,
		"target_bitrate":	0,
		"fq_rate":	0,
		"test_start":	{
			"protocol":	"TCP",
			"num_streams":	1,
			"blksize":	131072,
			"omit":	0,
			"duration":	20,
			"bytes":	0,
			"blocks":	0,
			"reverse":	0,
			"tos":	0,
			"target_bitrate":	0,
			"bidir":	0,
			"fqrate":	0
		}
	},
	"intervals":	[{
			"streams":	[{
					"socket":	5,
					"start":	0,
					"end":	1.000815,
					"seconds":	1.0008150339126587,
					"bytes":	524288,
					"bits_per_second":	4190888.2839244376,
					"omitted":	false,
					"sender":	false
				}],
			"sum":	{
				"start":	0,
				"end":	1.000815,
				"seconds":	1.0008150339126587,
				"bytes":	524288,
				"bits_per_second":	4190888.2839244376,
				"omitted":	false,
				"sender":	false
			}
		}, {
			"streams":	[{
					"socket":	5,
					"start":	1.000815,
					"end":	2.000929,
					"seconds":	1.0001139640808105,
					"bytes":	393216,
					"bits_per_second":	3145369.5408514673,
					"omitted":	false,
					"sender":	false
				}],
			"sum":	{
				"start":	1.000815,
				"end":	2.000929,
				"seconds":	1.0001139640808105,
				"bytes":	393216,
				"bits_per_second":	3145369.5408514673,
				"omitted":	false,
				"sender":	false
			}
		}, {
			"streams":	[{
					"socket":	5,
					"start":	2.000929,
					"end":	3.000869,
					"seconds":	0.99993997812271118,
					"bytes":	524288,
					"bits_per_second":	4194555.7651114147,
					"omitted":	false,
					"sender":	false
				}],
			"sum":	{
				"start":	2.000929,
				"end":	3.000869,
				"seconds":	0.99993997812271118,
				"bytes":	524288,
				"bits_per_second":	4194555.7651114147,
				"omitted":	false,
				"sender":	false
			}
		}, {
			"streams":	[{
					"socket":	5,
					"start":	3.000869,
					"end":	4.000873,
					"seconds":	1.0000040531158447,
					"bytes":	393216,
					"bits_per_second":	3145715.2500516772,
					"omitted":	false,
					"sender":	false
				}],
			"sum":	{
				"start":	3.000869,
				"end":	4.000873,
				"seconds":	1.0000040531158447,
				"bytes":	393216,
				"bits_per_second":	3145715.2500516772,
				"omitted":	false,
				"sender":	false
			}
		}, {
			"streams":	[{
					"socket":	5,
					"start":	4.000873,
					"end":	5.000902,
					"seconds":	1.0000289678573608,
					"bytes":	262144,
					"bits_per_second":	2097091.2517597463,
					"omitted":	false,
					"sender":	false
				}],
			"sum":	{
				"start":	4.000873,
				"end":	5.000902,
				"seconds":	1.0000289678573608,
				"bytes":	262144,
				"bits_per_second":	2097091.2517597463,
				"omitted":	false,
				"sender":	false
			}
		}, {
			"streams":	[{
					"socket":	5,
					"start":	5.000902,
					"end":	6.000832,
					"seconds":	0.99993002414703369,
					"bytes":	393216,
					"bits_per_second":	3145948.1404045126,
					"omitted":	false,
					"sender":	false
				}],
			"sum":	{
				"start":	5.000902,
				"end":	6.000832,
				"seconds":	0.99993002414703369,
				"bytes":	393216,
				"bits_per_second":	3145948.1404045126,
				"omitted":	false,
				"sender":	false
			}
		}, {
			"streams":	[{
					"socket":	5,
					"start":	6.000832,
					"end":	7.000815,
					"seconds":	0.999983012676239,
					"bytes":	393216,
					"bits_per_second":	3145781.4384077755,
					"omitted":	false,
					"sender":	false
				}],
			"sum":	{
				"start":	6.000832,
				"end":	7.000815,
				"seconds":	0.999983012676239,
				"bytes":	393216,
				"bits_per_second":	3145781.4384077755,
				"omitted":	false,
				"sender":	false
			}
		}, {
			"streams":	[{
					"socket":	5,
					"start":	7.000815,
					"end":	8.00096,
					"seconds":	1.0001449584960938,
					"bytes":	393216,
					"bits_per_second":	3145272.0660914937,
					"omitted":	false,
					"sender":	false
				}],
			"sum":	{
				"start":	7.000815,
				"end":	8.00096,
				"seconds":	1.0001449584960938,
				"bytes":	393216,
				"bits_per_second":	3145272.0660914937,
				"omitted":	false,
				"sender":	false
			}
		}, {
			"streams":	[{
					"socket":	5,
					"start":	8.00096,
					"end":	9.00084,
					"seconds":	0.999880015850067,
					"bytes":	524288,
					"bits_per_second":	4194807.31038927,
					"omitted":	false,
					"sender":	false
				}],
			"sum":	{
				"start":	8.00096,
				"end":	9.00084,
				"seconds":	0.999880015850067,
				"bytes":	524288,
				"bits_per_second":	4194807.31038927,
				"omitted":	false,
				"sender":	false
			}
		}, {
			"streams":	[{
					"socket":	5,
					"start":	9.00084,
					"end":	10.001372,
					"seconds":	1.0005320310592651,
					"bytes":	524288,
					"bits_per_second":	4192073.6865960029,
					"omitted":	false,
					"sender":	false
				}],
			"sum":	{
				"start":	9.00084,
				"end":	10.001372,
				"seconds":	1.0005320310592651,
				"bytes":	524288,
				"bits_per_second":	4192073.6865960029,
				"omitted":	false,
				"sender":	false
			}
		}, {
			"streams":	[{
					"socket":	5,
					"start":	10.001372,
					"end":	11.000938,
					"seconds":	0.99956601858139038,
					"bytes":	524288,
					"bits_per_second":	4196125.0402976517,
					"omitted":	false,
					"sender":	false
				}],
			"sum":	{
				"start":	10.001372,
				"end":	11.000938,
				"seconds":	0.99956601858139038,
				"bytes":	524288,
				"bits_per_second":	4196125.0402976517,
				"omitted":	false,
				"sender":	false
			}
		}, {
			"streams":	[{
					"socket":	5,
					"start":	11.000938,
					"end":	12.001137,
					"seconds":	1.00019896030426,
					"bytes":	524288,
					"bits_per_second":	4193469.6659993464,
					"omitted":	false,
					"sender":	false
				}],
			"sum":	{
				"start":	11.000938,
				"end":	12.001137,
				"seconds":	1.00019896030426,
				"bytes":	524288,
				"bits_per_second":	4193469.6659993464,
				"omitted":	false,
				"sender":	false
			}
		}, {
			"streams":	[{
					"socket":	5,
					"start":	12.001137,
					"end":	13.000959,
					"seconds":	0.99982202053070068,
					"bytes":	917504,
					"bits_per_second":	7341338.6075493181,
					"omitted":	false,
					"sender":	false
				}],
			"sum":	{
				"start":	12.001137,
				"end":	13.000959,
				"seconds":	0.99982202053070068,
				"bytes":	917504,
				"bits_per_second":	7341338.6075493181,
				"omitted":	false,
				"sender":	false
			}
		}, {
			"streams":	[{
					"socket":	5,
					"start":	13.000959,
					"end":	14.000847,
					"seconds":	0.999888002872467,
					"bytes":	917504,
					"bits_per_second":	7340854.15457895,
					"omitted":	false,
					"sender":	false
				}],
			"sum":	{
				"start":	13.000959,
				"end":	14.000847,
				"seconds":	0.999888002872467,
				"bytes":	917504,
				"bits_per_second":	7340854.15457895,
				"omitted":	false,
				"sender":	false
			}
		}, {
			"streams":	[{
					"socket":	5,
					"start":	14.000847,
					"end":	15.001057,
					"seconds":	1.0002100467681885,
					"bytes":	524288,
					"bits_per_second":	4193423.1850123415,
					"omitted":	false,
					"sender":	false
				}],
			"sum":	{
				"start":	14.000847,
				"end":	15.001057,
				"seconds":	1.0002100467681885,
				"bytes":	524288,
				"bits_per_second":	4193423.1850123415,
				"omitted":	false,
				"sender":	false
			}
		}, {
			"streams":	[{
					"socket":	5,
					"start":	15.001057,
					"end":	16.000836,
					"seconds":	0.999778985977173,
					"bytes":	786432,
					"bits_per_second":	6292846.8073879359,
					"omitted":	false,
					"sender":	false
				}],
			"sum":	{
				"start":	15.001057,
				"end":	16.000836,
				"seconds":	0.999778985977173,
				"bytes":	786432,
				"bits_per_second":	6292846.8073879359,
				"omitted":	false,