{
	"start":	{
		"connected":	[{
				"socket":	5,
				"local_host":	"10.0.0.1",
				"local_port":	53368,
				"remote_host":	"10.0.0.2",
				"remote_port":	5201
			}],
		"version":	"iperf 3.16",
		"system_info":	"Linux mininet 6.8.0-88-generic #89-Ubuntu SMP PREEMPT_DYNAMIC Sat Oct 11 01:02:46 UTC 2025 x86_64",
		"timestamp":	{
			"time":	"Tue, 02 Dec 2025 18:24:07 GMT",
			"timesecs":	1764699847
		},
		"connecting_to":	{
			"host":	"10.0.0.2",
			"port":	5201
		},
		"cookie":	"7v6qpmt6oebtyn3txqom4pvm4r442wpo6ahk",
		"tcp_mss_default":	1448,
		"target_bitrate":	0,
		"fq_rate":	0,
		"sock_bufsize":	0,
		"sndbuf_actual":	87380,
		"rcvbuf_actual":	87380,
		"test_start":	{
			"protocol":	"TCP",
			"num_streams":	1,
			"blksize":	131072,
			"omit":	0,
			"duration":	20,
			"bytes":	0,
			"blocks":	0,
			"reverse":	0,
			"tos":	0,
			"target_bitrate":	0,
			"bidir":	0,
			"fqrate":	0
		}
	},
	"intervals":	[{
			"streams":	[{
					"socket":	5,
					"start":	0,
					"end":	1.00101,
					"seconds":	1.0010099411010742,
					"bytes":	5898240,
					"bits_per_second":	47138313.080185018,
					"retransmits":	0,
					"snd_cwnd":	867352,
					"snd_wnd":	3288064,
					"rtt":	137918,
					"rttvar":	368,
					"pmtu":	1500,
					"omitted":	false,
					"sender":	true
				}],
			"sum":	{
				"start":	0,
				"end":	1.00101,
				"seconds":	1.0010099411010742,
				"bytes":	5898240,
				"bits_per_second":	47138313.080185018,
				"retransmits":	0,
				"omitted":	false,
				"sender":	true
			}
		}, {
			"streams":	[{
					"socket":	5,
					"start":	1.00101,
					"end":	2.001058,
					"seconds":	1.000048041343689,
					"bytes":	7995392,
					"bits_per_second":	63960063.272617951,
					"retransmits":	0,
					"snd_cwnd":	1165640,
					"snd_wnd":	3287040,
					"rtt":	185657,
					"rttvar":	653,
					"pmtu":	1500,
					"omitted":	false,
					"sender":	true
				}],
			"sum":	{
				"start":	1.00101,
				"end":	2.001058,
				"seconds":	1.000048041343689,
				"bytes":	7995392,
				"bits_per_second":	63960063.272617951,
				"retransmits":	0,
				"omitted":	false,
				"sender":	true
			}
		}, {
			"streams":	[{
					"socket":	5,
					"start":	2.001058,
					"end":	3.000272,
					"seconds":	0.999213993549347,
					"bytes":	7733248,
					"bits_per_second":	61914649.313750528,
					"retransmits":	0,
					"snd_cwnd":	1462480,
					"snd_wnd":	3287040,
					"rtt":	233605,
					"rttvar":	536,
					"pmtu":	1500,
					"omitted":	false,
					"sender":	true
				}],
			"sum":	{
				"start":	2.001058,
				"end":	3.000272,
				"seconds":	0.999213993549347,
				"bytes":	7733248,
				"bits_per_second":	61914649.313750528,
				"retransmits":	0,
				"omitted":	false,
				"sender":	true
			}
		}, {
			"streams":	[{
					"socket":	5,
					"start":	3.000272,
					"end":	4.000737,
					"seconds":	1.0004650354385376,
					"bytes":	6422528,
					"bits_per_second":	51356341.4812176,
					"retransmits":	0,
					"snd_cwnd":	1760768,
					"snd_wnd":	3655680,
					"rtt":	279998,
					"rttvar":	348,
					"pmtu":	1500,
					"omitted":	false,
					"sender":	true
				}],
			"sum":	{
				"start":	3.000272,
				"end":	4.000737,
				"seconds":	1.0004650354385376,
				"bytes":	6422528,
				"bits_per_second":	51356341.4812176,
				"retransmits":	0,
				"omitted":	false,
				"sender":	true
			}
		}, {
			"streams":	[{
					"socket":	5,
					"start":	4.000737,
					"end":	5.000962,
					"seconds":	1.0002249479293823,
					"bytes":	8519680,
					"bits_per_second":	68142111.5730979,
					"retransmits":	79,
					"snd_cwnd":	926720,
					"snd_wnd":	4230656,
					"rtt":	216839,
					"rttvar":	253,
					"pmtu":	1500,
					"omitted":	false,
					"sender":	true
				}],
			"sum":	{
				"start":	4.000737,
				"end":	5.000962,
				"seconds":	1.0002249479293823,
				"bytes":	8519680,
				"bits_per_second":	68142111.5730979,
				"retransmits":	79,
				"omitted":	false,
				"sender":	true
			}
		}, {
			"streams":	[{
					"socket":	5,
					"start":	5.000962,
					"end":	6.001916,
					"seconds":	1.0009540319442749,
					"bytes":	3538944,
					"bits_per_second":	28284567.618961506,
					"retransmits":	0,
					"snd_cwnd":	971608,
					"snd_wnd":	8306688,
					"rtt":	160848,
					"rttvar":	374,
					"pmtu":	1500,
					"omitted":	false,
					"sender":	true
				}],
			"sum":	{
				"start":	5.000962,
				"end":	6.001916,
				"seconds":	1.0009540319442749,
				"bytes":	3538944,
				"bits_per_second":	28284567.618961506,
				"retransmits":	0,
				"omitted":	false,
				"sender":	true
			}
		}, {
			"streams":	[{
					"socket":	5,
					"start":	6.001916,
					"end":	7.001017,
					"seconds":	0.99910098314285278,
					"bytes":	7340032,
					"bits_per_second":	58773094.002254725,
					"retransmits":	0,
					"snd_cwnd":	1023736,
					"snd_wnd":	8306688,
					"rtt":	170850,
					"rttvar":	284,
					"pmtu":	1500,
					"omitted":	false,
					"sender":	true
				}],
			"sum":	{
				"start":	6.001916,
				"end":	7.001017,
				"seconds":	0.99910098314285278,
				"bytes":	7340032,
				"bits_per_second":	58773094.002254725,
				"retransmits":	0,
				"omitted":	false,
				"sender":	true
			}
		}, {
			"streams":	[{
					"socket":	5,
					"start":	7.001017,
					"end":	8.000931,
					"seconds":	0.999913990497589,
					"bytes":	7471104,
					"bits_per_second":	59773973.129686,
					"retransmits":	0,
					"snd_cwnd":	1059936,
					"snd_wnd":	8306688,
					"rtt":	177883,
					"rttvar":	655,
					"pmtu":	1500,
					"omitted":	false,
					"sender":	true
				}],
			"sum":	{
				"start":	7.001017,
				"end":	8.000931,
				"seconds":	0.999913990497589,
				"bytes":	7471104,
				"bits_per_second":	59773973.129686,
				"retransmits":	0,
				"omitted":	false,
				"sender":	true
			}
		}, {
			"streams":	[{
					"socket":	5,
					"start":	8.000931,
					"end":	9.000932,
					"seconds":	1.0000009536743164,
					"bytes":	3670016,
					"bits_per_second":	29360100.0000267,
					"retransmits":	0,
					"snd_cwnd":	1081656,
					"snd_wnd":	8306688,
					"rtt":	181649,
					"rttvar":	282,
					"pmtu":	1500,
					"omitted":	false,
					"sender":	true
				}],
			"sum":	{
				"start":	8.000931,
				"end":	9.000932,
				"seconds":	1.0000009536743164,
				"bytes":	3670016,
				"bits_per_second":	29360100.0000267,
				"retransmits":	0,
				"omitted":	false,
				"sender":	true
			}
		}, {
			"streams":	[{
					"socket":	5,
					"start":	9.000932,
					"end":	10.001096,
					"seconds":	1.0001640319824219,
					"bytes":	7340032,
					"bits_per_second":	58710625.579696931,
					"retransmits":	0,
					"snd_cwnd":	1093240,
					"snd_wnd":	8306688,
					"rtt":	182585,
					"rttvar":	145,
					"pmtu":	1500,
					"omitted":	false,
					"sender":	true
				}],
			"sum":	{
				"start":	9.000932,
				"end":	10.001096,
				"seconds":	1.0001640319824219,
				"bytes":	7340032,
				"bits_per_second":	58710625.579696931,
				"retransmits":	0,
				"omitted":	false,
				"sender":	true
			}
		}, {
			"streams":	[{
					"socket":	5,
					"start":	10.001096,
					"end":	11.001056,
					"seconds":	0.99996000528335571,
					"bytes":	3670016,
					"bits_per_second":	29361302.296965674,
					"retransmits":	0,
					"snd_cwnd":	1097584,
					"snd_wnd":	8306688,
					"rtt":	184459,
					"rttvar":	138,
					"pmtu":	1500,
					"omitted":	false,
					"sender":	true
				}],
			"sum":	{
				"start":	10.001096,
				"end":	11.001056,
				"seconds":	0.99996000528335571,
				"bytes":	3670016,
				"bits_per_second":	29361302.296965674,
				"retransmits":	0,
				"omitted":	false,
				"sender":	true
			}
		}, {
			"streams":	[{
					"socket":	5,
					"start":	11.001056,
					"end":	12.001048,
					"seconds":	0.9999920129776,
					"bytes":	7471104,
					"bits_per_second":	59769309.378812835,
					"retransmits":	0,
					"snd_cwnd":	1097584,
					"snd_wnd":	8306688,
					"rtt":	184315,
					"rttvar":	208,
					"pmtu":	1500,
					"omitted":	false,
					"sender":	true
				}],
			"sum":	{
				"start":	11.001056,
				"end":	12.001048,
				"seconds":	0.9999920129776,
				"bytes":	7471104,
				"bits_per_second":	59769309.378812835,