{
	"start":	{
		"connected":	[{
				"socket":	5,
				"local_host":	"10.0.0.1",
				"local_port":	58866,
				"remote_host":	"10.0.0.2",
				"remote_port":	5201
			}],
		"version":	"iperf 3.16",
		"system_info":	"Linux mininet 6.8.0-88-generic #89-Ubuntu SMP PREEMPT_DYNAMIC Sat Oct 11 01:02:46 UTC 2025 x86_64",
		"timestamp":	{
			"time":	"Tue, 02 Dec 2025 17:09:50 GMT",
			"timesecs":	1764695390
		},
		"connecting_to":	{
			"host":	"10.0.0.2",
			"port":	5201
		},
		"cookie":	"bksz5tzoyosyeawqkzbadzumfuaxrj6mmvy6",
		"tcp_mss_default":	1448,
		"target_bitrate":	0,
		"fq_rate":	0,
		"sock_bufsize":	0,
		"sndbuf_actual":	87380,
		"rcvbuf_actual":	87380,
		"test_start":	{
			"protocol":	"TCP",
			"num_streams":	1,
			"blksize":	131072,
			"omit":	0,
			"duration":	20,
			"bytes":	0,
			"blocks":	0,
			"reverse":	0,
			"tos":	0,
			"target_bitrate":	0,
			"bidir":	0,
			"fqrate":	0
		}
	},
	"intervals":	[{
			"streams":	[{
					"socket":	5,
					"start":	0,
					"end":	1.001,
					"seconds":	1.0010000467300415,
					"bytes":	4194304,
					"bits_per_second":	33520909.524042465,
					"retransmits":	0,
					"snd_cwnd":	805088,
					"snd_wnd":	1217536,
					"rtt":	322468,
					"rttvar":	13906,
					"pmtu":	1500,
					"omitted":	false,
					"sender":	true
				}],
			"sum":	{
				"start":	0,
				"end":	1.001,
				"seconds":	1.0010000467300415,
				"bytes":	4194304,
				"bits_per_second":	33520909.524042465,
				"retransmits":	0,
				"omitted":	false,
				"sender":	true
			}
		}, {
			"streams":	[{
					"socket":	5,
					"start":	1.001,
					"end":	2.000895,
					"seconds":	0.99989497661590576,
					"bytes":	1835008,
					"bits_per_second":	14681605.91193681,
					"retransmits":	479,
					"snd_cwnd":	256296,
					"snd_wnd":	1867776,
					"rtt":	243731,
					"rttvar":	2374,
					"pmtu":	1500,
					"omitted":	false,
					"sender":	true
				}],
			"sum":	{
				"start":	1.001,
				"end":	2.000895,
				"seconds":	0.99989497661590576,
				"bytes":	1835008,
				"bits_per_second":	14681605.91193681,
				"retransmits":	479,
				"omitted":	false,
				"sender":	true
			}
		}, {
			"streams":	[{
					"socket":	5,
					"start":	2.000895,
					"end":	3.001038,
					"seconds":	1.0001430511474609,
					"bytes":	1966080,
					"bits_per_second":	15726390.321819045,
					"retransmits":	17,
					"snd_cwnd":	238920,
					"snd_wnd":	3250176,
					"rtt":	198623,
					"rttvar":	129,
					"pmtu":	1500,
					"omitted":	false,
					"sender":	true
				}],
			"sum":	{
				"start":	2.000895,
				"end":	3.001038,
				"seconds":	1.0001430511474609,
				"bytes":	1966080,
				"bits_per_second":	15726390.321819045,
				"retransmits":	17,
				"omitted":	false,
				"sender":	true
			}
		}, {
			"streams":	[{
					"socket":	5,
					"start":	3.001038,
					"end":	4.000733,
					"seconds":	0.99969500303268433,
					"bytes":	1835008,
					"bits_per_second":	14684542.741002424,
					"retransmits":	0,
					"snd_cwnd":	246160,
					"snd_wnd":	5639168,
					"rtt":	204360,
					"rttvar":	419,
					"pmtu":	1500,
					"omitted":	false,
					"sender":	true
				}],
			"sum":	{
				"start":	3.001038,
				"end":	4.000733,
				"seconds":	0.99969500303268433,
				"bytes":	1835008,
				"bits_per_second":	14684542.741002424,
				"retransmits":	0,
				"omitted":	false,
				"sender":	true
			}
		}, {
			"streams":	[{
					"socket":	5,
					"start":	4.000733,
					"end":	5.000975,
					"seconds":	1.0002419948577881,
					"bytes":	0,
					"bits_per_second":	0,
					"retransmits":	0,
					"snd_cwnd":	253400,
					"snd_wnd":	7297024,
					"rtt":	209533,
					"rttvar":	580,
					"pmtu":	1500,
					"omitted":	false,
					"sender":	true
				}],
			"sum":	{
				"start":	4.000733,
				"end":	5.000975,
				"seconds":	1.0002419948577881,
				"bytes":	0,
				"bits_per_second":	0,
				"retransmits":	0,
				"omitted":	false,
				"sender":	true
			}
		}, {
			"streams":	[{
					"socket":	5,
					"start":	5.000975,
					"end":	6.000702,
					"seconds":	0.99972701072692871,
					"bytes":	1966080,
					"bits_per_second":	15732934.922467763,
					"retransmits":	0,
					"snd_cwnd":	260640,
					"snd_wnd":	7297024,
					"rtt":	215660,
					"rttvar":	133,
					"pmtu":	1500,
					"omitted":	false,
					"sender":	true
				}],
			"sum":	{
				"start":	5.000975,
				"end":	6.000702,
				"seconds":	0.99972701072692871,
				"bytes":	1966080,
				"bits_per_second":	15732934.922467763,
				"retransmits":	0,
				"omitted":	false,
				"sender":	true
			}
		}, {
			"streams":	[{
					"socket":	5,
					"start":	6.000702,
					"end":	7.000853,
					"seconds":	1.0001510381698608,
					"bytes":	0,
					"bits_per_second":	0,
					"retransmits":	2,
					"snd_cwnd":	134664,
					"snd_wnd":	7300096,
					"rtt":	111286,
					"rttvar":	242,
					"pmtu":	1500,
					"omitted":	false,
					"sender":	true
				}],
			"sum":	{
				"start":	6.000702,
				"end":	7.000853,
				"seconds":	1.0001510381698608,
				"bytes":	0,
				"bits_per_second":	0,
				"retransmits":	2,
				"omitted":	false,
				"sender":	true
			}
		}, {
			"streams":	[{
					"socket":	5,
					"start":	7.000853,
					"end":	8.000954,
					"seconds":	1.0001009702682495,
					"bytes":	1835008,
					"bits_per_second":	14678581.89964807,
					"retransmits":	2,
					"snd_cwnd":	72400,
					"snd_wnd":	7300096,
					"rtt":	105816,
					"rttvar":	1781,
					"pmtu":	1500,
					"omitted":	false,
					"sender":	true
				}],
			"sum":	{
				"start":	7.000853,
				"end":	8.000954,
				"seconds":	1.0001009702682495,
				"bytes":	1835008,
				"bits_per_second":	14678581.89964807,
				"retransmits":	2,
				"omitted":	false,
				"sender":	true
			}
		}, {
			"streams":	[{
					"socket":	5,
					"start":	8.000954,
					"end":	9.000905,
					"seconds":	0.99995100498199463,
					"bytes":	0,
					"bits_per_second":	0,
					"retransmits":	0,
					"snd_cwnd":	85432,
					"snd_wnd":	7300096,
					"rtt":	105279,
					"rttvar":	859,
					"pmtu":	1500,
					"omitted":	false,
					"sender":	true
				}],
			"sum":	{
				"start":	8.000954,
				"end":	9.000905,
				"seconds":	0.99995100498199463,
				"bytes":	0,
				"bits_per_second":	0,
				"retransmits":	0,
				"omitted":	false,
				"sender":	true
			}
		}, {
			"streams":	[{
					"socket":	5,
					"start":	9.000905,
					"end":	10.000701,
					"seconds":	0.999795973300934,
					"bytes":	1835008,
					"bits_per_second":	14683059.736210171,
					"retransmits":	0,
					"snd_cwnd":	99912,
					"snd_wnd":	7300096,
					"rtt":	105536,
					"rttvar":	588,
					"pmtu":	1500,
					"omitted":	false,
					"sender":	true
				}],
			"sum":	{
				"start":	9.000905,
				"end":	10.000701,
				"seconds":	0.999795973300934,
				"bytes":	1835008,
				"bits_per_second":	14683059.736210171,
				"retransmits":	0,
				"omitted":	false,
				"sender":	true
			}
		}, {
			"streams":	[{
					"socket":	5,
					"start":	10.000701,
					"end":	11.000924,
					"seconds":	1.0002230405807495,
					"bytes":	0,
					"bits_per_second":	0,
					"retransmits":	0,
					"snd_cwnd":	112944,
					"snd_wnd":	7300096,
					"rtt":	106170,
					"rttvar":	603,
					"pmtu":	1500,
					"omitted":	false,
					"sender":	true
				}],
			"sum":	{
				"start":	10.000701,
				"end":	11.000924,
				"seconds":	1.0002230405807495,
				"bytes":	0,
				"bits_per_second":	0,
				"retransmits":	0,
				"omitted":	false,
				"sender":	true
			}
		}, {
			"streams":	[{
					"socket":	5,
					"start":	11.000924,
					"end":	12.000682,
					"seconds":	0.999758005142212,
					"bytes":	1966080,
					"bits_per_second":	15732447.17131588,
					"retransmits":	0,
					"snd_cwnd":	125976,
					"snd_wnd":	7300096,
					"rtt":	105159,
					"rttvar":	839,
					"pmtu":	1500,
					"omitted":	false,
					"sender":	true
				}],
			"sum":	{
				"start":	11.000924,
				"end":	12.000682,
				"seconds":	0.999758005142212,
				"bytes":	1966080,
				"bits_per_second":	15732447.17131588,
				"retransmits":	0,
				"omitted":	false,
				"sender":	true
			}
		}, {
			"streams":	[{
					"socket":	5,
					"start":	12.000682,
					"end":	13.000685,