{
	"start":	{
		"connected":	[{
				"socket":	5,
				"local_host":	"10.0.0.2",
				"local_port":	5201,
				"remote_host":	"10.0.0.1",
				"remote_port":	58622
			}],
		"version":	"iperf 3.16",
		"system_info":	"Linux mininet 6.8.0-88-generic #89-Ubuntu SMP PREEMPT_DYNAMIC Sat Oct 11 01:02:46 UTC 2025 x86_64",
		"sock_bufsize":	0,
		"sndbuf_actual":	87380,
		"rcvbuf_actual":	87380,
		"timestamp":	{
			"time":	"Tue, 02 Dec 2025 18:05:24 GMT",
			"timesecs":	1764698724
		},
		"accepted_connection":	{
			"host":	"10.0.0.1",
			"port":	58606
		},
		"cookie":	"qpvu6qhjs6qwm7zplu4t4rjyhzr7qerqv36s",
		"tcp_mss_default":	0,
		"target_bitrate":	0,
		"fq_rate":	0,
		"test_start":	{
			"protocol":	"TCP",
			"num_streams":	1,
			"blksize":	131072,
			"omit":	0,
			"duration":	20,
			"bytes":	0,
			"blocks":	0,
			"reverse":	0,
			"tos":	0,
			"target_bitrate":	0,
			"bidir":	0,
			"fqrate":	0
		}
	},
	"intervals":	[{
			"streams":	[{
					"socket":	5,
					"start":	0,
					"end":	1.000795,
					"seconds":	1.0007950067520142,
					"bytes":	4194304,
					"bits_per_second":	33527777.190753326,
					"omitted":	false,
					"sender":	false
				}],
			"sum":	{
				"start":	0,
				"end":	1.000795,
				"seconds":	1.0007950067520142,
				"bytes":	4194304,
				"bits_per_second":	33527777.190753326,
				"omitted":	false,
				"sender":	false
			}
		}, {
			"streams":	[{
					"socket":	5,
					"start":	1.000795,
					"end":	2.001028,
					"seconds":	1.0002330541610718,
					"bytes":	6553600,
					"bits_per_second":	52416584.096967034,
					"omitted":	false,
					"sender":	false
				}],
			"sum":	{
				"start":	1.000795,
				"end":	2.001028,
				"seconds":	1.0002330541610718,
				"bytes":	6553600,
				"bits_per_second":	52416584.096967034,
				"omitted":	false,
				"sender":	false
			}
		}, {
			"streams":	[{
					"socket":	5,
					"start":	2.001028,
					"end":	3.001056,
					"seconds":	1.0000280141830444,
					"bytes":	5898240,
					"bits_per_second":	47184598.162030213,
					"omitted":	false,
					"sender":	false
				}],
			"sum":	{
				"start":	2.001028,
				"end":	3.001056,
				"seconds":	1.0000280141830444,
				"bytes":	5898240,
				"bits_per_second":	47184598.162030213,
				"omitted":	false,
				"sender":	false
			}
		}, {
			"streams":	[{
					"socket":	5,
					"start":	3.001056,
					"end":	4.000988,
					"seconds":	0.99993199110031128,
					"bytes":	5898240,
					"bits_per_second":	47189129.280759655,
					"omitted":	false,
					"sender":	false
				}],
			"sum":	{
				"start":	3.001056,
				"end":	4.000988,
				"seconds":	0.99993199110031128,
				"bytes":	5898240,
				"bits_per_second":	47189129.280759655,
				"omitted":	false,
				"sender":	false
			}
		}, {
			"streams":	[{
					"socket":	5,
					"start":	4.000988,
					"end":	5.001004,
					"seconds":	1.0000159740448,
					"bytes":	6029312,
					"bits_per_second":	48233725.5123078,
					"omitted":	false,
					"sender":	false
				}],
			"sum":	{
				"start":	4.000988,
				"end":	5.001004,
				"seconds":	1.0000159740448,
				"bytes":	6029312,
				"bits_per_second":	48233725.5123078,
				"omitted":	false,
				"sender":	false
			}
		}, {
			"streams":	[{
					"socket":	5,
					"start":	5.001004,
					"end":	6.000607,
					"seconds":	0.999602973461151,
					"bytes":	5898240,
					"bits_per_second":	47204661.503374219,
					"omitted":	false,
					"sender":	false
				}],
			"sum":	{
				"start":	5.001004,
				"end":	6.000607,
				"seconds":	0.999602973461151,
				"bytes":	5898240,
				"bits_per_second":	47204661.503374219,
				"omitted":	false,
				"sender":	false
			}
		}, {
			"streams":	[{
					"socket":	5,
					"start":	6.000607,
					"end":	7.001055,
					"seconds":	1.0004479885101318,
					"bytes":	6029312,
					"bits_per_second":	48212897.176024973,
					"omitted":	false,
					"sender":	false
				}],
			"sum":	{
				"start":	6.000607,
				"end":	7.001055,
				"seconds":	1.0004479885101318,
				"bytes":	6029312,
				"bits_per_second":	48212897.176024973,
				"omitted":	false,
				"sender":	false
			}
		}, {
			"streams":	[{
					"socket":	5,
					"start":	7.001055,
					"end":	8.000785,
					"seconds":	0.99972999095916748,
					"bytes":	5898240,
					"bits_per_second":	47198664.066013038,
					"omitted":	false,
					"sender":	false
				}],
			"sum":	{
				"start":	7.001055,
				"end":	8.000785,
				"seconds":	0.99972999095916748,
				"bytes":	5898240,
				"bits_per_second":	47198664.066013038,
				"omitted":	false,
				"sender":	false
			}
		}, {
			"streams":	[{
					"socket":	5,
					"start":	8.000785,
					"end":	9.000696,
					"seconds":	0.99991101026535034,
					"bytes":	5898240,
					"bits_per_second":	47190119.436206713,
					"omitted":	false,
					"sender":	false
				}],
			"sum":	{
				"start":	8.000785,
				"end":	9.000696,
				"seconds":	0.99991101026535034,
				"bytes":	5898240,
				"bits_per_second":	47190119.436206713,
				"omitted":	false,
				"sender":	false
			}
		}, {
			"streams":	[{
					"socket":	5,
					"start":	9.000696,
					"end":	10.001081,
					"seconds":	1.000385046005249,
					"bytes":	6029312,
					"bits_per_second":	48215930.648514427,
					"omitted":	false,
					"sender":	false
				}],
			"sum":	{
				"start":	9.000696,
				"end":	10.001081,
				"seconds":	1.000385046005249,
				"bytes":	6029312,
				"bits_per_second":	48215930.648514427,
				"omitted":	false,
				"sender":	false
			}
		}, {
			"streams":	[{
					"socket":	5,
					"start":	10.001081,
					"end":	11.001018,
					"seconds":	0.99993699789047241,
					"bytes":	5898240,
					"bits_per_second":	47188892.999805257,
					"omitted":	false,
					"sender":	false
				}],
			"sum":	{
				"start":	10.001081,
				"end":	11.001018,
				"seconds":	0.99993699789047241,
				"bytes":	5898240,
				"bits_per_second":	47188892.999805257,
				"omitted":	false,
				"sender":	false
			}
		}, {
			"streams":	[{
					"socket":	5,
					"start":	11.001018,
					"end":	12.000844,
					"seconds":	0.99982601404190063,
					"bytes":	5898240,
					"bits_per_second":	47194131.1161189,
					"omitted":	false,
					"sender":	false
				}],
			"sum":	{
				"start":	11.001018,
				"end":	12.000844,
				"seconds":	0.99982601404190063,
				"bytes":	5898240,
				"bits_per_second":	47194131.1161189,
				"omitted":	false,
				"sender":	false
			}
		}, {
			"streams":	[{
					"socket":	5,
					"start":	12.000844,
					"end":	13.001065,
					"seconds":	1.0002210140228271,
					"bytes":	6029312,
					"bits_per_second":	48223837.855599374,
					"omitted":	false,
					"sender":	false
				}],
			"sum":	{
				"start":	12.000844,
				"end":	13.001065,
				"seconds":	1.0002210140228271,
				"bytes":	6029312,
				"bits_per_second":	48223837.855599374,
				"omitted":	false,
				"sender":	false
			}
		}, {
			"streams":	[{
					"socket":	5,
					"start":	13.001065,
					"end":	14.001067,
					"seconds":	1.0000020265579224,
					"bytes":	5898240,
					"bits_per_second":	47185824.3751938,
					"omitted":	false,
					"sender":	false
				}],
			"sum":	{
				"start":	13.001065,
				"end":	14.001067,
				"seconds":	1.0000020265579224,
				"bytes":	5898240,
				"bits_per_second":	47185824.3751938,
				"omitted":	false,
				"sender":	false
			}
		}, {
			"streams":	[{
					"socket":	5,
					"start":	14.001067,
					"end":	15.001056,
					"seconds":	0.99998897314071655,
					"bytes":	5898240,
					"bits_per_second":	47186440.318237476,
					"omitted":	false,
					"sender":	false
				}],
			"sum":	{
				"start":	14.001067,
				"end":	15.001056,
				"seconds":	0.99998897314071655,
				"bytes":	5898240,
				"bits_per_second":	47186440.318237476,
				"omitted":	false,
				"sender":	false
			}
		}, {
			"streams":	[{
					"socket":	5,
					"start":	15.001056,
					"end":	16.001071,
					"seconds":	1.0000150203704834,
					"bytes":	6029312,
					"bits_per_second":	48233771.5108821,
					"omitted":	false,
					"sender":	false
				}],
			"sum":	{
				"start":	15.001056,
				"end":	16.001071,
				"seconds":	1.0000150203704834,
				"bytes":	6029312,
				"bits_per_second":	48233771.5108821,