{
	"start":	{
		"connected":	[{
				"socket":	5,
				"local_host":	"10.0.0.1",
				"local_port":	60910,
				"remote_host":	"10.0.0.2",
				"remote_port":	5201
			}],
		"version":	"iperf 3.16",
		"system_info":	"Linux mininet 6.8.0-88-generic #89-Ubuntu SMP PREEMPT_DYNAMIC Sat Oct 11 01:02:46 UTC 2025 x86_64",
		"timestamp":	{
			"time":	"Tue, 02 Dec 2025 17:22:03 GMT",
			"timesecs":	1764696123
		},
		"connecting_to":	{
			"host":	"10.0.0.2",
			"port":	5201
		},
		"cookie":	"o2kpfaqzjoyrhcnpzcbh64hps4ftm2u564wp",
		"tcp_mss_default":	1448,
		"target_bitrate":	0,
		"fq_rate":	0,
		"sock_bufsize":	0,
		"sndbuf_actual":	87380,
		"rcvbuf_actual":	87380,
		"test_start":	{
			"protocol":	"TCP",
			"num_streams":	1,
			"blksize":	131072,
			"omit":	0,
			"duration":	20,
			"bytes":	0,
			"blocks":	0,
			"reverse":	0,
			"tos":	0,
			"target_bitrate":	0,
			"bidir":	0,
			"fqrate":	0
		}
	},
	"intervals":	[{
			"streams":	[{
					"socket":	5,
					"start":	0,
					"end":	1.000509,
					"seconds":	1.0005090236663818,
					"bytes":	393216,
					"bits_per_second":	3144127.5646594646,
					"retransmits":	6,
					"snd_cwnd":	20272,
					"snd_wnd":	346112,
					"rtt":	45613,
					"rttvar":	1754,
					"pmtu":	1500,
					"omitted":	false,
					"sender":	true
				}],
			"sum":	{
				"start":	0,
				"end":	1.000509,
				"seconds":	1.0005090236663818,
				"bytes":	393216,
				"bits_per_second":	3144127.5646594646,
				"retransmits":	6,
				"omitted":	false,
				"sender":	true
			}
		}, {
			"streams":	[{
					"socket":	5,
					"start":	1.000509,
					"end":	2.000156,
					"seconds":	0.99964702129364,
					"bytes":	524288,
					"bits_per_second":	4195785.0227695014,
					"retransmits":	7,
					"snd_cwnd":	15928,
					"snd_wnd":	345088,
					"rtt":	45266,
					"rttvar":	677,
					"pmtu":	1500,
					"omitted":	false,
					"sender":	true
				}],
			"sum":	{
				"start":	1.000509,
				"end":	2.000156,
				"seconds":	0.99964702129364,
				"bytes":	524288,
				"bits_per_second":	4195785.0227695014,
				"retransmits":	7,
				"omitted":	false,
				"sender":	true
			}
		}, {
			"streams":	[{
					"socket":	5,
					"start":	2.000156,
					"end":	3.000506,
					"seconds":	1.0003499984741211,
					"bytes":	262144,
					"bits_per_second":	2096418.2568089971,
					"retransmits":	4,
					"snd_cwnd":	13032,
					"snd_wnd":	440320,
					"rtt":	51066,
					"rttvar":	11381,
					"pmtu":	1500,
					"omitted":	false,
					"sender":	true
				}],
			"sum":	{
				"start":	2.000156,
				"end":	3.000506,
				"seconds":	1.0003499984741211,
				"bytes":	262144,
				"bits_per_second":	2096418.2568089971,
				"retransmits":	4,
				"omitted":	false,
				"sender":	true
			}
		}, {
			"streams":	[{
					"socket":	5,
					"start":	3.000506,
					"end":	4.000149,
					"seconds":	0.99964302778244019,
					"bytes":	524288,
					"bits_per_second":	4195801.7846675143,
					"retransmits":	2,
					"snd_cwnd":	21720,
					"snd_wnd":	440320,
					"rtt":	44858,
					"rttvar":	279,
					"pmtu":	1500,
					"omitted":	false,
					"sender":	true
				}],
			"sum":	{
				"start":	3.000506,
				"end":	4.000149,
				"seconds":	0.99964302778244019,
				"bytes":	524288,
				"bits_per_second":	4195801.7846675143,
				"retransmits":	2,
				"omitted":	false,
				"sender":	true
			}
		}, {
			"streams":	[{
					"socket":	5,
					"start":	4.000149,
					"end":	5.000139,
					"seconds":	0.99998998641967773,
					"bytes":	393216,
					"bits_per_second":	3145759.500315431,
					"retransmits":	4,
					"snd_cwnd":	20272,
					"snd_wnd":	443392,
					"rtt":	45964,
					"rttvar":	2911,
					"pmtu":	1500,
					"omitted":	false,
					"sender":	true
				}],
			"sum":	{
				"start":	4.000149,
				"end":	5.000139,
				"seconds":	0.99998998641967773,
				"bytes":	393216,
				"bits_per_second":	3145759.500315431,
				"retransmits":	4,
				"omitted":	false,
				"sender":	true
			}
		}, {
			"streams":	[{
					"socket":	5,
					"start":	5.000139,
					"end":	6.000965,
					"seconds":	1.0008260011672974,
					"bytes":	393216,
					"bits_per_second":	3143131.7694894322,
					"retransmits":	4,
					"snd_cwnd":	21720,
					"snd_wnd":	440320,
					"rtt":	46690,
					"rttvar":	3914,
					"pmtu":	1500,
					"omitted":	false,
					"sender":	true
				}],
			"sum":	{
				"start":	5.000139,
				"end":	6.000965,
				"seconds":	1.0008260011672974,
				"bytes":	393216,
				"bits_per_second":	3143131.7694894322,
				"retransmits":	4,
				"omitted":	false,
				"sender":	true
			}
		}, {
			"streams":	[{
					"socket":	5,
					"start":	6.000965,
					"end":	7.000327,
					"seconds":	0.99936199188232422,
					"bytes":	393216,
					"bits_per_second":	3147736.2812997717,
					"retransmits":	3,
					"snd_cwnd":	21720,
					"snd_wnd":	443392,
					"rtt":	45682,
					"rttvar":	2261,
					"pmtu":	1500,
					"omitted":	false,
					"sender":	true
				}],
			"sum":	{
				"start":	6.000965,
				"end":	7.000327,
				"seconds":	0.99936199188232422,
				"bytes":	393216,
				"bits_per_second":	3147736.2812997717,
				"retransmits":	3,
				"omitted":	false,
				"sender":	true
			}
		}, {
			"streams":	[{
					"socket":	5,
					"start":	7.000327,
					"end":	8.000109,
					"seconds":	0.9997820258140564,
					"bytes":	393216,
					"bits_per_second":	3146413.83699476,
					"retransmits":	4,
					"snd_cwnd":	15928,
					"snd_wnd":	440320,
					"rtt":	45789,
					"rttvar":	1314,
					"pmtu":	1500,
					"omitted":	false,
					"sender":	true
				}],
			"sum":	{
				"start":	7.000327,
				"end":	8.000109,
				"seconds":	0.9997820258140564,
				"bytes":	393216,
				"bits_per_second":	3146413.83699476,
				"retransmits":	4,
				"omitted":	false,
				"sender":	true
			}
		}, {
			"streams":	[{
					"socket":	5,
					"start":	8.000109,
					"end":	9.000888,
					"seconds":	1.0007790327072144,
					"bytes":	393216,
					"bits_per_second":	3143279.2826309213,
					"retransmits":	2,
					"snd_cwnd":	31856,
					"snd_wnd":	440320,
					"rtt":	48595,
					"rttvar":	7369,
					"pmtu":	1500,
					"omitted":	false,
					"sender":	true
				}],
			"sum":	{
				"start":	8.000109,
				"end":	9.000888,
				"seconds":	1.0007790327072144,
				"bytes":	393216,
				"bits_per_second":	3143279.2826309213,
				"retransmits":	2,
				"omitted":	false,
				"sender":	true
			}
		}, {
			"streams":	[{
					"socket":	5,
					"start":	9.000888,
					"end":	10.000094,
					"seconds":	0.999206006526947,
					"bytes":	393216,
					"bits_per_second":	3148227.67222343,
					"retransmits":	6,
					"snd_cwnd":	18824,
					"snd_wnd":	440320,
					"rtt":	46559,
					"rttvar":	3871,
					"pmtu":	1500,
					"omitted":	false,
					"sender":	true
				}],
			"sum":	{
				"start":	9.000888,
				"end":	10.000094,
				"seconds":	0.999206006526947,
				"bytes":	393216,
				"bits_per_second":	3148227.67222343,
				"retransmits":	6,
				"omitted":	false,
				"sender":	true
			}
		}, {
			"streams":	[{
					"socket":	5,
					"start":	10.000094,
					"end":	11.000112,
					"seconds":	1.0000180006027222,
					"bytes":	524288,
					"bits_per_second":	4194228.5013590208,
					"retransmits":	4,
					"snd_cwnd":	13032,
					"snd_wnd":	443392,
					"rtt":	47698,
					"rttvar":	5691,
					"pmtu":	1500,
					"omitted":	false,
					"sender":	true
				}],
			"sum":	{
				"start":	10.000094,
				"end":	11.000112,
				"seconds":	1.0000180006027222,
				"bytes":	524288,
				"bits_per_second":	4194228.5013590208,
				"retransmits":	4,
				"omitted":	false,
				"sender":	true
			}
		}, {
			"streams":	[{
					"socket":	5,
					"start":	11.000112,
					"end":	12.000145,
					"seconds":	1.0000330209732056,
					"bytes":	262144,
					"bits_per_second":	2097082.752286627,
					"retransmits":	4,
					"snd_cwnd":	18824,
					"snd_wnd":	440320,
					"rtt":	47556,
					"rttvar":	5664,
					"pmtu":	1500,
					"omitted":	false,
					"sender":	true
				}],
			"sum":	{
				"start":	11.000112,
				"end":	12.000145,
				"seconds":	1.0000330209732056,
				"bytes":	262144,
				"bits_per_second":	2097082.752286627,
				"retransmits":	4,
				"omitted":	false,