{
	"start":	{
		"connected":	[{
				"socket":	5,
				"local_host":	"10.0.0.2",
				"local_port":	5201,
				"remote_host":	"10.0.0.1",
				"remote_port":	60910
			}],
		"version":	"iperf 3.16",
		"system_info":	"Linux mininet 6.8.0-88-generic #89-Ubuntu SMP PREEMPT_DYNAMIC Sat Oct 11 01:02:46 UTC 2025 x86_64",
		"sock_bufsize":	0,
		"sndbuf_actual":	87380,
		"rcvbuf_actual":	87380,
		"timestamp":	{
			"time":	"Tue, 02 Dec 2025 17:22:03 GMT",
			"timesecs":	1764696123
		},
		"accepted_connection":	{
			"host":	"10.0.0.1",
			"port":	60894
		},
		"cookie":	"o2kpfaqzjoyrhcnpzcbh64hps4ftm2u564wp",
		"tcp_mss_default":	0,
		"target_bitrate":	0,
		"fq_rate":	0,
		"test_start":	{
			"protocol":	"TCP",
			"num_streams":	1,
			"blksize":	131072,
			"omit":	0,
			"duration":	20,
			"bytes":	0,
			"blocks":	0,
			"reverse":	0,
			"tos":	0,
			"target_bitrate":	0,
			"bidir":	0,
			"fqrate":	0
		}
	},
	"intervals":	[{
			"streams":	[{
					"socket":	5,
					"start":	0,
					"end":	1.00176,
					"seconds":	1.0017600059509277,
					"bytes":	262144,
					"bits_per_second":	2093467.4847687334,
					"omitted":	false,
					"sender":	false
				}],
			"sum":	{
				"start":	0,
				"end":	1.00176,
				"seconds":	1.0017600059509277,
				"bytes":	262144,
				"bits_per_second":	2093467.4847687334,
				"omitted":	false,
				"sender":	false
			}
		}, {
			"streams":	[{
					"socket":	5,
					"start":	1.00176,
					"end":	2.000495,
					"seconds":	0.998735010623932,
					"bytes":	393216,
					"bits_per_second":	3149712.35266379,
					"omitted":	false,
					"sender":	false
				}],
			"sum":	{
				"start":	1.00176,
				"end":	2.000495,
				"seconds":	0.998735010623932,
				"bytes":	393216,
				"bits_per_second":	3149712.35266379,
				"omitted":	false,
				"sender":	false
			}
		}, {
			"streams":	[{
					"socket":	5,
					"start":	2.000495,
					"end":	3.000438,
					"seconds":	0.99994301795959473,
					"bytes":	393216,
					"bits_per_second":	3145907.2602146128,
					"omitted":	false,
					"sender":	false
				}],
			"sum":	{
				"start":	2.000495,
				"end":	3.000438,
				"seconds":	0.99994301795959473,
				"bytes":	393216,
				"bits_per_second":	3145907.2602146128,
				"omitted":	false,
				"sender":	false
			}
		}, {
			"streams":	[{
					"socket":	5,
					"start":	3.000438,
					"end":	4.001171,
					"seconds":	1.0007330179214478,
					"bytes":	524288,
					"bits_per_second":	4191231.752012834,
					"omitted":	false,
					"sender":	false
				}],
			"sum":	{
				"start":	3.000438,
				"end":	4.001171,
				"seconds":	1.0007330179214478,
				"bytes":	524288,
				"bits_per_second":	4191231.752012834,
				"omitted":	false,
				"sender":	false
			}
		}, {
			"streams":	[{
					"socket":	5,
					"start":	4.001171,
					"end":	5.000485,
					"seconds":	0.99931401014328,
					"bytes":	393216,
					"bits_per_second":	3147887.41883942,
					"omitted":	false,
					"sender":	false
				}],
			"sum":	{
				"start":	4.001171,
				"end":	5.000485,
				"seconds":	0.99931401014328,
				"bytes":	393216,
				"bits_per_second":	3147887.41883942,
				"omitted":	false,
				"sender":	false
			}
		}, {
			"streams":	[{
					"socket":	5,
					"start":	5.000485,
					"end":	6.001077,
					"seconds":	1.0005919933319092,
					"bytes":	393216,
					"bits_per_second":	3143866.8517873315,
					"omitted":	false,
					"sender":	false
				}],
			"sum":	{
				"start":	5.000485,
				"end":	6.001077,
				"seconds":	1.0005919933319092,
				"bytes":	393216,
				"bits_per_second":	3143866.8517873315,
				"omitted":	false,
				"sender":	false
			}
		}, {
			"streams":	[{
					"socket":	5,
					"start":	6.001077,
					"end":	7.000455,
					"seconds":	0.9993780255317688,
					"bytes":	393216,
					"bits_per_second":	3147685.780189292,
					"omitted":	false,
					"sender":	false
				}],
			"sum":	{
				"start":	6.001077,
				"end":	7.000455,
				"seconds":	0.9993780255317688,
				"bytes":	393216,
				"bits_per_second":	3147685.780189292,
				"omitted":	false,
				"sender":	false
			}
		}, {
			"streams":	[{
					"socket":	5,
					"start":	7.000455,
					"end":	8.000441,
					"seconds":	0.99998599290847778,
					"bytes":	393216,
					"bits_per_second":	3145772.0631171963,
					"omitted":	false,
					"sender":	false
				}],
			"sum":	{
				"start":	7.000455,
				"end":	8.000441,
				"seconds":	0.99998599290847778,
				"bytes":	393216,
				"bits_per_second":	3145772.0631171963,
				"omitted":	false,
				"sender":	false
			}
		}, {
			"streams":	[{
					"socket":	5,
					"start":	8.000441,
					"end":	9.00053,
					"seconds":	1.0000890493392944,
					"bytes":	393216,
					"bits_per_second":	3145447.899942725,
					"omitted":	false,
					"sender":	false
				}],
			"sum":	{
				"start":	8.000441,
				"end":	9.00053,
				"seconds":	1.0000890493392944,
				"bytes":	393216,
				"bits_per_second":	3145447.899942725,
				"omitted":	false,
				"sender":	false
			}
		}, {
			"streams":	[{
					"socket":	5,
					"start":	9.00053,
					"end":	10.000502,
					"seconds":	0.99997198581695557,
					"bytes":	262144,
					"bits_per_second":	2097210.75164588,
					"omitted":	false,
					"sender":	false
				}],
			"sum":	{
				"start":	9.00053,
				"end":	10.000502,
				"seconds":	0.99997198581695557,
				"bytes":	262144,
				"bits_per_second":	2097210.75164588,
				"omitted":	false,
				"sender":	false
			}
		}, {
			"streams":	[{
					"socket":	5,
					"start":	10.000502,
					"end":	11.000455,
					"seconds":	0.99995297193527222,
					"bytes":	524288,
					"bits_per_second":	4194501.2592767216,
					"omitted":	false,
					"sender":	false
				}],
			"sum":	{
				"start":	10.000502,
				"end":	11.000455,
				"seconds":	0.99995297193527222,
				"bytes":	524288,
				"bits_per_second":	4194501.2592767216,
				"omitted":	false,
				"sender":	false
			}
		}, {
			"streams":	[{
					"socket":	5,
					"start":	11.000455,
					"end":	12.000492,
					"seconds":	1.0000369548797607,
					"bytes":	262144,
					"bits_per_second":	2097074.5028638972,
					"omitted":	false,
					"sender":	false
				}],
			"sum":	{
				"start":	11.000455,
				"end":	12.000492,
				"seconds":	1.0000369548797607,
				"bytes":	262144,
				"bits_per_second":	2097074.5028638972,
				"omitted":	false,
				"sender":	false
			}
		}, {
			"streams":	[{
					"socket":	5,
					"start":	12.000492,
					"end":	13.000589,
					"seconds":	1.0000970363616943,
					"bytes":	393216,
					"bits_per_second":	3145422.7796174753,
					"omitted":	false,
					"sender":	false
				}],
			"sum":	{
				"start":	12.000492,
				"end":	13.000589,
				"seconds":	1.0000970363616943,
				"bytes":	393216,
				"bits_per_second":	3145422.7796174753,
				"omitted":	false,
				"sender":	false
			}
		}, {
			"streams":	[{
					"socket":	5,
					"start":	13.000589,
					"end":	14.000412,
					"seconds":	0.999822974205017,
					"bytes":	524288,
					"bits_per_second":	4195046.6314649256,
					"omitted":	false,
					"sender":	false
				}],
			"sum":	{
				"start":	13.000589,
				"end":	14.000412,
				"seconds":	0.999822974205017,
				"bytes":	524288,
				"bits_per_second":	4195046.6314649256,
				"omitted":	false,
				"sender":	false
			}
		}, {
			"streams":	[{
					"socket":	5,
					"start":	14.000412,
					"end":	15.001105,
					"seconds":	1.0006929636001587,
					"bytes":	524288,
					"bits_per_second":	4191399.5127039733,
					"omitted":	false,
					"sender":	false
				}],
			"sum":	{
				"start":	14.000412,
				"end":	15.001105,
				"seconds":	1.0006929636001587,
				"bytes":	524288,
				"bits_per_second":	4191399.5127039733,
				"omitted":	false,
				"sender":	false
			}
		}, {
			"streams":	[{
					"socket":	5,
					"start":	15.001105,
					"end":	16.000435,
					"seconds":	0.99932998418808,
					"bytes":	262144,
					"bits_per_second":	2098558.0670871809,
					"omitted":	false,
					"sender":	false
				}],
			"sum":	{
				"start":	15.001105,
				"end":	16.000435,
				"seconds":	0.99932998418808,
				"bytes":	262144,
				"bits_per_second":	2098558.0670871809,
				"omitted":	false,