{
	"start":	{
		"connected":	[{
				"socket":	5,
				"local_host":	"10.0.0.1",
				"local_port":	50190,
				"remote_host":	"10.0.0.2",
				"remote_port":	5201
			}],
		"version":	"iperf 3.16",
		"system_info":	"Linux mininet 6.8.0-88-generic #89-Ubuntu SMP PREEMPT_DYNAMIC Sat Oct 11 01:02:46 UTC 2025 x86_64",
		"timestamp":	{
			"time":	"Tue, 02 Dec 2025 19:03:28 GMT",
			"timesecs":	1764702208
		},
		"connecting_to":	{
			"host":	"10.0.0.2",
			"port":	5201
		},
		"cookie":	"sjcvkwrenhjtwmace6owuhmv67yxzfbvnj5l",
		"tcp_mss_default":	1448,
		"target_bitrate":	0,
		"fq_rate":	0,
		"sock_bufsize":	0,
		"sndbuf_actual":	87380,
		"rcvbuf_actual":	87380,
		"test_start":	{
			"protocol":	"TCP",
			"num_streams":	1,
			"blksize":	131072,
			"omit":	0,
			"duration":	20,
			"bytes":	0,
			"blocks":	0,
			"reverse":	0,
			"tos":	0,
			"target_bitrate":	0,
			"bidir":	0,
			"fqrate":	0
		}
	},
	"intervals":	[{
			"streams":	[{
					"socket":	5,
					"start":	0,
					"end":	1.000836,
					"seconds":	1.0008360147476196,
					"bytes":	10485760,
					"bits_per_second":	83816008.5807399,
					"retransmits":	33,
					"snd_cwnd":	495216,
					"snd_wnd":	8645120,
					"rtt":	47517,
					"rttvar":	281,
					"pmtu":	1500,
					"omitted":	false,
					"sender":	true
				}],
			"sum":	{
				"start":	0,
				"end":	1.000836,
				"seconds":	1.0008360147476196,
				"bytes":	10485760,
				"bits_per_second":	83816008.5807399,
				"retransmits":	33,
				"omitted":	false,
				"sender":	true
			}
		}, {
			"streams":	[{
					"socket":	5,
					"start":	1.000836,
					"end":	2.000792,
					"seconds":	0.99995601177215576,
					"bytes":	4980736,
					"bits_per_second":	39847640.827103756,
					"retransmits":	46,
					"snd_cwnd":	579200,
					"snd_wnd":	12479488,
					"rtt":	45888,
					"rttvar":	159,
					"pmtu":	1500,
					"omitted":	false,
					"sender":	true
				}],
			"sum":	{
				"start":	1.000836,
				"end":	2.000792,
				"seconds":	0.99995601177215576,
				"bytes":	4980736,
				"bits_per_second":	39847640.827103756,
				"retransmits":	46,
				"omitted":	false,
				"sender":	true
			}
		}, {
			"streams":	[{
					"socket":	5,
					"start":	2.000792,
					"end":	3.000796,
					"seconds":	1.0000040531158447,
					"bytes":	7864320,
					"bits_per_second":	62914305.001033537,
					"retransmits":	46,
					"snd_cwnd":	582096,
					"snd_wnd":	12579328,
					"rtt":	55698,
					"rttvar":	948,
					"pmtu":	1500,
					"omitted":	false,
					"sender":	true
				}],
			"sum":	{
				"start":	2.000792,
				"end":	3.000796,
				"seconds":	1.0000040531158447,
				"bytes":	7864320,
				"bits_per_second":	62914305.001033537,
				"retransmits":	46,
				"omitted":	false,
				"sender":	true
			}
		}, {
			"streams":	[{
					"socket":	5,
					"start":	3.000796,
					"end":	4.000905,
					"seconds":	1.0001089572906494,
					"bytes":	5242880,
					"bits_per_second":	41938470.497880571,
					"retransmits":	29,
					"snd_cwnd":	570512,
					"snd_wnd":	12582912,
					"rtt":	48838,
					"rttvar":	131,
					"pmtu":	1500,
					"omitted":	false,
					"sender":	true
				}],
			"sum":	{
				"start":	3.000796,
				"end":	4.000905,
				"seconds":	1.0001089572906494,
				"bytes":	5242880,
				"bits_per_second":	41938470.497880571,
				"retransmits":	29,
				"omitted":	false,
				"sender":	true
			}
		}, {
			"streams":	[{
					"socket":	5,
					"start":	4.000905,
					"end":	5.000964,
					"seconds":	1.0000590085983276,
					"bytes":	5373952,
					"bits_per_second":	42989079.2746886,
					"retransmits":	31,
					"snd_cwnd":	576304,
					"snd_wnd":	12578304,
					"rtt":	51112,
					"rttvar":	90,
					"pmtu":	1500,
					"omitted":	false,
					"sender":	true
				}],
			"sum":	{
				"start":	4.000905,
				"end":	5.000964,
				"seconds":	1.0000590085983276,
				"bytes":	5373952,
				"bits_per_second":	42989079.2746886,
				"retransmits":	31,
				"omitted":	false,
				"sender":	true
			}
		}, {
			"streams":	[{
					"socket":	5,
					"start":	5.000964,
					"end":	6.001183,
					"seconds":	1.0002189874649048,
					"bytes":	5242880,
					"bits_per_second":	41933857.0109595,
					"retransmits":	61,
					"snd_cwnd":	346072,
					"snd_wnd":	12582912,
					"rtt":	53021,
					"rttvar":	2438,
					"pmtu":	1500,
					"omitted":	false,
					"sender":	true
				}],
			"sum":	{
				"start":	5.000964,
				"end":	6.001183,
				"seconds":	1.0002189874649048,
				"bytes":	5242880,
				"bits_per_second":	41933857.0109595,
				"retransmits":	61,
				"omitted":	false,
				"sender":	true
			}
		}, {
			"streams":	[{
					"socket":	5,
					"start":	6.001183,
					"end":	7.000898,
					"seconds":	0.999714970588684,
					"bytes":	7733248,
					"bits_per_second":	61883622.652534746,
					"retransmits":	20,
					"snd_cwnd":	302632,
					"snd_wnd":	12578304,
					"rtt":	50560,
					"rttvar":	221,
					"pmtu":	1500,
					"omitted":	false,
					"sender":	true
				}],
			"sum":	{
				"start":	6.001183,
				"end":	7.000898,
				"seconds":	0.999714970588684,
				"bytes":	7733248,
				"bits_per_second":	61883622.652534746,
				"retransmits":	20,
				"omitted":	false,
				"sender":	true
			}
		}, {
			"streams":	[{
					"socket":	5,
					"start":	7.000898,
					"end":	8.00107,
					"seconds":	1.0001720190048218,
					"bytes":	5242880,
					"bits_per_second":	41935826.240903661,
					"retransmits":	22,
					"snd_cwnd":	576304,
					"snd_wnd":	12582912,
					"rtt":	50417,
					"rttvar":	87,
					"pmtu":	1500,
					"omitted":	false,
					"sender":	true
				}],
			"sum":	{
				"start":	7.000898,
				"end":	8.00107,
				"seconds":	1.0001720190048218,
				"bytes":	5242880,
				"bits_per_second":	41935826.240903661,
				"retransmits":	22,
				"omitted":	false,
				"sender":	true
			}
		}, {
			"streams":	[{
					"socket":	5,
					"start":	8.00107,
					"end":	9.000902,
					"seconds":	0.99983197450637817,
					"bytes":	5111808,
					"bits_per_second":	40901336.4672497,
					"retransmits":	11,
					"snd_cwnd":	573408,
					"snd_wnd":	12576768,
					"rtt":	56152,
					"rttvar":	2001,
					"pmtu":	1500,
					"omitted":	false,
					"sender":	true
				}],
			"sum":	{
				"start":	8.00107,
				"end":	9.000902,
				"seconds":	0.99983197450637817,
				"bytes":	5111808,
				"bits_per_second":	40901336.4672497,
				"retransmits":	11,
				"omitted":	false,
				"sender":	true
			}
		}, {
			"streams":	[{
					"socket":	5,
					"start":	9.000902,
					"end":	10.001034,
					"seconds":	1.0001319646835327,
					"bytes":	7602176,
					"bits_per_second":	60809383.3089758,
					"retransmits":	41,
					"snd_cwnd":	584992,
					"snd_wnd":	12582912,
					"rtt":	48875,
					"rttvar":	316,
					"pmtu":	1500,
					"omitted":	false,
					"sender":	true
				}],
			"sum":	{
				"start":	9.000902,
				"end":	10.001034,
				"seconds":	1.0001319646835327,
				"bytes":	7602176,
				"bits_per_second":	60809383.3089758,
				"retransmits":	41,
				"omitted":	false,
				"sender":	true
			}
		}, {
			"streams":	[{
					"socket":	5,
					"start":	10.001034,
					"end":	11.000932,
					"seconds":	0.99989801645278931,
					"bytes":	5111808,
					"bits_per_second":	40898634.987872139,
					"retransmits":	62,
					"snd_cwnd":	296840,
					"snd_wnd":	12468224,
					"rtt":	45398,
					"rttvar":	408,
					"pmtu":	1500,
					"omitted":	false,
					"sender":	true
				}],
			"sum":	{
				"start":	10.001034,
				"end":	11.000932,
				"seconds":	0.99989801645278931,
				"bytes":	5111808,
				"bits_per_second":	40898634.987872139,
				"retransmits":	62,
				"omitted":	false,
				"sender":	true
			}
		}, {
			"streams":	[{
					"socket":	5,
					"start":	11.000932,
					"end":	12.001199,
					"seconds":	1.0002670288085938,
					"bytes":	5505024,
					"bits_per_second":	44028435.139420472,
					"retransmits":	35,
					"snd_cwnd":	570512,
					"snd_wnd":	12576768,
					"rtt":	58039,
					"rttvar":	1987,
					"pmtu":	1500,
					"omitted":	false,
					"sender":	true
				}],
			"sum":	{
				"start":	11.000932,
				"end":	12.001199,
				"seconds":	1.0002670288085938,
				"bytes":	5505024,