{
	"start":	{
		"connected":	[{
				"socket":	5,
				"local_host":	"10.0.0.2",
				"local_port":	5201,
				"remote_host":	"10.0.0.1",
				"remote_port":	32844
			}],
		"version":	"iperf 3.16",
		"system_info":	"Linux mininet 6.8.0-88-generic #89-Ubuntu SMP PREEMPT_DYNAMIC Sat Oct 11 01:02:46 UTC 2025 x86_64",
		"sock_bufsize":	0,
		"sndbuf_actual":	87380,
		"rcvbuf_actual":	87380,
		"timestamp":	{
			"time":	"Tue, 02 Dec 2025 17:48:50 GMT",
			"timesecs":	1764697730
		},
		"accepted_connection":	{
			"host":	"10.0.0.1",
			"port":	32842
		},
		"cookie":	"ugvietmqhfhvuiy7id642odhy2q3o2fwjrcg",
		"tcp_mss_default":	0,
		"target_bitrate":	0,
		"fq_rate":	0,
		"test_start":	{
			"protocol":	"TCP",
			"num_streams":	1,
			"blksize":	131072,
			"omit":	0,
			"duration":	20,
			"bytes":	0,
			"blocks":	0,
			"reverse":	0,
			"tos":	0,
			"target_bitrate":	0,
			"bidir":	0,
			"fqrate":	0
		}
	},
	"intervals":	[{
			"streams":	[{
					"socket":	5,
					"start":	0,
					"end":	1.001059,
					"seconds":	1.0010590553283691,
					"bytes":	1048576,
					"bits_per_second":	8379733.3986938,
					"omitted":	false,
					"sender":	false
				}],
			"sum":	{
				"start":	0,
				"end":	1.001059,
				"seconds":	1.0010590553283691,
				"bytes":	1048576,
				"bits_per_second":	8379733.3986938,
				"omitted":	false,
				"sender":	false
			}
		}, {
			"streams":	[{
					"socket":	5,
					"start":	1.001059,
					"end":	2.000931,
					"seconds":	0.99987202882766724,
					"bytes":	1179648,
					"bits_per_second":	9438391.8420689665,
					"omitted":	false,
					"sender":	false
				}],
			"sum":	{
				"start":	1.001059,
				"end":	2.000931,
				"seconds":	0.99987202882766724,
				"bytes":	1179648,
				"bits_per_second":	9438391.8420689665,
				"omitted":	false,
				"sender":	false
			}
		}, {
			"streams":	[{
					"socket":	5,
					"start":	2.000931,
					"end":	3.000775,
					"seconds":	0.9998440146446228,
					"bytes":	1179648,
					"bits_per_second":	9438656.2921560146,
					"omitted":	false,
					"sender":	false
				}],
			"sum":	{
				"start":	2.000931,
				"end":	3.000775,
				"seconds":	0.9998440146446228,
				"bytes":	1179648,
				"bits_per_second":	9438656.2921560146,
				"omitted":	false,
				"sender":	false
			}
		}, {
			"streams":	[{
					"socket":	5,
					"start":	3.000775,
					"end":	4.000598,
					"seconds":	0.999822974205017,
					"bytes":	1179648,
					"bits_per_second":	9438854.92079608,
					"omitted":	false,
					"sender":	false
				}],
			"sum":	{
				"start":	3.000775,
				"end":	4.000598,
				"seconds":	0.999822974205017,
				"bytes":	1179648,
				"bits_per_second":	9438854.92079608,
				"omitted":	false,
				"sender":	false
			}
		}, {
			"streams":	[{
					"socket":	5,
					"start":	4.000598,
					"end":	5.00075,
					"seconds":	1.0001519918441772,
					"bytes":	1179648,
					"bits_per_second":	9435749.84298017,
					"omitted":	false,
					"sender":	false
				}],
			"sum":	{
				"start":	4.000598,
				"end":	5.00075,
				"seconds":	1.0001519918441772,
				"bytes":	1179648,
				"bits_per_second":	9435749.84298017,
				"omitted":	false,
				"sender":	false
			}
		}, {
			"streams":	[{
					"socket":	5,
					"start":	5.00075,
					"end":	6.00081,
					"seconds":	1.000059962272644,
					"bytes":	1179648,
					"bits_per_second":	9436618.158929117,
					"omitted":	false,
					"sender":	false
				}],
			"sum":	{
				"start":	5.00075,
				"end":	6.00081,
				"seconds":	1.000059962272644,
				"bytes":	1179648,
				"bits_per_second":	9436618.158929117,
				"omitted":	false,
				"sender":	false
			}
		}, {
			"streams":	[{
					"socket":	5,
					"start":	6.00081,
					"end":	7.00093,
					"seconds":	1.0001200437545776,
					"bytes":	655360,
					"bits_per_second":	5242250.70054347,
					"omitted":	false,
					"sender":	false
				}],
			"sum":	{
				"start":	6.00081,
				"end":	7.00093,
				"seconds":	1.0001200437545776,
				"bytes":	655360,
				"bits_per_second":	5242250.70054347,
				"omitted":	false,
				"sender":	false
			}
		}, {
			"streams":	[{
					"socket":	5,
					"start":	7.00093,
					"end":	8.000559,
					"seconds":	0.999629020690918,
					"bytes":	1835008,
					"bits_per_second":	14685512.021103105,
					"omitted":	false,
					"sender":	false
				}],
			"sum":	{
				"start":	7.00093,
				"end":	8.000559,
				"seconds":	0.999629020690918,
				"bytes":	1835008,
				"bits_per_second":	14685512.021103105,
				"omitted":	false,
				"sender":	false
			}
		}, {
			"streams":	[{
					"socket":	5,
					"start":	8.000559,
					"end":	9.000998,
					"seconds":	1.0004390478134155,
					"bytes":	1179648,
					"bits_per_second":	9433042.4433413949,
					"omitted":	false,
					"sender":	false
				}],
			"sum":	{
				"start":	8.000559,
				"end":	9.000998,
				"seconds":	1.0004390478134155,
				"bytes":	1179648,
				"bits_per_second":	9433042.4433413949,
				"omitted":	false,
				"sender":	false
			}
		}, {
			"streams":	[{
					"socket":	5,
					"start":	9.000998,
					"end":	10.00089,
					"seconds":	0.999891996383667,
					"bytes":	1179648,
					"bits_per_second":	9438203.3600945771,
					"omitted":	false,
					"sender":	false
				}],
			"sum":	{
				"start":	9.000998,
				"end":	10.00089,
				"seconds":	0.999891996383667,
				"bytes":	1179648,
				"bits_per_second":	9438203.3600945771,
				"omitted":	false,
				"sender":	false
			}
		}, {
			"streams":	[{
					"socket":	5,
					"start":	10.00089,
					"end":	11.000649,
					"seconds":	0.999759018421173,
					"bytes":	1179648,
					"bits_per_second":	9439458.7356693931,
					"omitted":	false,
					"sender":	false
				}],
			"sum":	{
				"start":	10.00089,
				"end":	11.000649,
				"seconds":	0.999759018421173,
				"bytes":	1179648,
				"bits_per_second":	9439458.7356693931,
				"omitted":	false,
				"sender":	false
			}
		}, {
			"streams":	[{
					"socket":	5,
					"start":	11.000649,
					"end":	12.000901,
					"seconds":	1.0002520084381104,
					"bytes":	1179648,
					"bits_per_second":	9434806.349188067,
					"omitted":	false,
					"sender":	false
				}],
			"sum":	{
				"start":	11.000649,
				"end":	12.000901,
				"seconds":	1.0002520084381104,
				"bytes":	1179648,
				"bits_per_second":	9434806.349188067,
				"omitted":	false,
				"sender":	false
			}
		}, {
			"streams":	[{
					"socket":	5,
					"start":	12.000901,
					"end":	13.00101,
					"seconds":	1.0001089572906494,
					"bytes":	1179648,
					"bits_per_second":	9436155.86202313,
					"omitted":	false,
					"sender":	false
				}],
			"sum":	{
				"start":	12.000901,
				"end":	13.00101,
				"seconds":	1.0001089572906494,
				"bytes":	1179648,
				"bits_per_second":	9436155.86202313,
				"omitted":	false,
				"sender":	false
			}
		}, {
			"streams":	[{
					"socket":	5,
					"start":	13.00101,
					"end":	14.001067,
					"seconds":	1.0000569820404053,
					"bytes":	1179648,
					"bits_per_second":	9436646.2806403469,
					"omitted":	false,
					"sender":	false
				}],
			"sum":	{
				"start":	13.00101,
				"end":	14.001067,
				"seconds":	1.0000569820404053,
				"bytes":	1179648,
				"bits_per_second":	9436646.2806403469,
				"omitted":	false,
				"sender":	false
			}
		}, {
			"streams":	[{
					"socket":	5,
					"start":	14.001067,
					"end":	15.000999,
					"seconds":	0.99993199110031128,
					"bytes":	1179648,
					"bits_per_second":	9437825.85615193,
					"omitted":	false,
					"sender":	false
				}],
			"sum":	{
				"start":	14.001067,
				"end":	15.000999,
				"seconds":	0.99993199110031128,
				"bytes":	1179648,
				"bits_per_second":	9437825.85615193,
				"omitted":	false,
				"sender":	false
			}
		}, {
			"streams":	[{
					"socket":	5,
					"start":	15.000999,
					"end":	16.000807,
					"seconds":	0.99980801343917847,
					"bytes":	1310720,
					"bits_per_second":	10487773.51156716,
					"omitted":	false,
					"sender":	false
				}],
			"sum":	{
				"start":	15.000999,
				"end":	16.000807,
				"seconds":	0.99980801343917847,
				"bytes":	1310720,
				"bits_per_second":	10487773.51156716,
				"omitted":	false,