{
	"start":	{
		"connected":	[{
				"socket":	5,
				"local_host":	"10.0.0.1",
				"local_port":	43668,
				"remote_host":	"10.0.0.2",
				"remote_port":	5201
			}],
		"version":	"iperf 3.16",
		"system_info":	"Linux mininet 6.8.0-88-generic #89-Ubuntu SMP PREEMPT_DYNAMIC Sat Oct 11 01:02:46 UTC 2025 x86_64",
		"timestamp":	{
			"time":	"Tue, 02 Dec 2025 17:02:00 GMT",
			"timesecs":	1764694920
		},
		"connecting_to":	{
			"host":	"10.0.0.2",
			"port":	5201
		},
		"cookie":	"wkddl62b3f5upb2uxoyyg4rgh2vvtkyl7vwd",
		"tcp_mss_default":	1448,
		"target_bitrate":	0,
		"fq_rate":	0,
		"sock_bufsize":	0,
		"sndbuf_actual":	87380,
		"rcvbuf_actual":	87380,
		"test_start":	{
			"protocol":	"TCP",
			"num_streams":	1,
			"blksize":	131072,
			"omit":	0,
			"duration":	20,
			"bytes":	0,
			"blocks":	0,
			"reverse":	0,
			"tos":	0,
			"target_bitrate":	0,
			"bidir":	0,
			"fqrate":	0
		}
	},
	"intervals":	[{
			"streams":	[{
					"socket":	5,
					"start":	0,
					"end":	1.000901,
					"seconds":	1.0009009838104248,
					"bytes":	5505024,
					"bits_per_second":	44000548.2184054,
					"retransmits":	0,
					"snd_cwnd":	1094688,
					"snd_wnd":	1851392,
					"rtt":	443857,
					"rttvar":	15219,
					"pmtu":	1500,
					"omitted":	false,
					"sender":	true
				}],
			"sum":	{
				"start":	0,
				"end":	1.000901,
				"seconds":	1.0009009838104248,
				"bytes":	5505024,
				"bits_per_second":	44000548.2184054,
				"retransmits":	0,
				"omitted":	false,
				"sender":	true
			}
		}, {
			"streams":	[{
					"socket":	5,
					"start":	1.000901,
					"end":	2.000802,
					"seconds":	0.999900996685028,
					"bytes":	5898240,
					"bits_per_second":	47190592.025045969,
					"retransmits":	173,
					"snd_cwnd":	1036768,
					"snd_wnd":	3639296,
					"rtt":	744926,
					"rttvar":	52,
					"pmtu":	1500,
					"omitted":	false,
					"sender":	true
				}],
			"sum":	{
				"start":	1.000901,
				"end":	2.000802,
				"seconds":	0.999900996685028,
				"bytes":	5898240,
				"bits_per_second":	47190592.025045969,
				"retransmits":	173,
				"omitted":	false,
				"sender":	true
			}
		}, {
			"streams":	[{
					"socket":	5,
					"start":	2.000802,
					"end":	3.000851,
					"seconds":	1.0000489950180054,
					"bytes":	0,
					"bits_per_second":	0,
					"retransmits":	719,
					"snd_cwnd":	505352,
					"snd_wnd":	3570688,
					"rtt":	423481,
					"rttvar":	704,
					"pmtu":	1500,
					"omitted":	false,
					"sender":	true
				}],
			"sum":	{
				"start":	2.000802,
				"end":	3.000851,
				"seconds":	1.0000489950180054,
				"bytes":	0,
				"bits_per_second":	0,
				"retransmits":	719,
				"omitted":	false,
				"sender":	true
			}
		}, {
			"streams":	[{
					"socket":	5,
					"start":	3.000851,
					"end":	4.000804,
					"seconds":	0.99995297193527222,
					"bytes":	3538944,
					"bits_per_second":	28312883.500117872,
					"retransmits":	102,
					"snd_cwnd":	447432,
					"snd_wnd":	4193280,
					"rtt":	300466,
					"rttvar":	286,
					"pmtu":	1500,
					"omitted":	false,
					"sender":	true
				}],
			"sum":	{
				"start":	3.000851,
				"end":	4.000804,
				"seconds":	0.99995297193527222,
				"bytes":	3538944,
				"bits_per_second":	28312883.500117872,
				"retransmits":	102,
				"omitted":	false,
				"sender":	true
			}
		}, {
			"streams":	[{
					"socket":	5,
					"start":	4.000804,
					"end":	5.000998,
					"seconds":	1.0001939535140991,
					"bytes":	0,
					"bits_per_second":	0,
					"retransmits":	15,
					"snd_cwnd":	224440,
					"snd_wnd":	6585344,
					"rtt":	186623,
					"rttvar":	206,
					"pmtu":	1500,
					"omitted":	false,
					"sender":	true
				}],
			"sum":	{
				"start":	4.000804,
				"end":	5.000998,
				"seconds":	1.0001939535140991,
				"bytes":	0,
				"bits_per_second":	0,
				"retransmits":	15,
				"omitted":	false,
				"sender":	true
			}
		}, {
			"streams":	[{
					"socket":	5,
					"start":	5.000998,
					"end":	6.000988,
					"seconds":	0.99998998641967773,
					"bytes":	0,
					"bits_per_second":	0,
					"retransmits":	0,
					"snd_cwnd":	231680,
					"snd_wnd":	8974848,
					"rtt":	192530,
					"rttvar":	148,
					"pmtu":	1500,
					"omitted":	false,
					"sender":	true
				}],
			"sum":	{
				"start":	5.000998,
				"end":	6.000988,
				"seconds":	0.99998998641967773,
				"bytes":	0,
				"bits_per_second":	0,
				"retransmits":	0,
				"omitted":	false,
				"sender":	true
			}
		}, {
			"streams":	[{
					"socket":	5,
					"start":	6.000988,
					"end":	7.000801,
					"seconds":	0.9998130202293396,
					"bytes":	3538944,
					"bits_per_second":	28316846.677497584,
					"retransmits":	0,
					"snd_cwnd":	238920,
					"snd_wnd":	11369984,
					"rtt":	198534,
					"rttvar":	84,
					"pmtu":	1500,
					"omitted":	false,
					"sender":	true
				}],
			"sum":	{
				"start":	6.000988,
				"end":	7.000801,
				"seconds":	0.9998130202293396,
				"bytes":	3538944,
				"bits_per_second":	28316846.677497584,
				"retransmits":	0,
				"omitted":	false,
				"sender":	true
			}
		}, {
			"streams":	[{
					"socket":	5,
					"start":	7.000801,
					"end":	8.000875,
					"seconds":	1.000074028968811,
					"bytes":	0,
					"bits_per_second":	0,
					"retransmits":	0,
					"snd_cwnd":	246160,
					"snd_wnd":	12580352,
					"rtt":	203910,
					"rttvar":	756,
					"pmtu":	1500,
					"omitted":	false,
					"sender":	true
				}],
			"sum":	{
				"start":	7.000801,
				"end":	8.000875,
				"seconds":	1.000074028968811,
				"bytes":	0,
				"bits_per_second":	0,
				"retransmits":	0,
				"omitted":	false,
				"sender":	true
			}
		}, {
			"streams":	[{
					"socket":	5,
					"start":	8.000875,
					"end":	9.000999,
					"seconds":	1.0001239776611328,
					"bytes":	0,
					"bits_per_second":	0,
					"retransmits":	0,
					"snd_cwnd":	253400,
					"snd_wnd":	12580352,
					"rtt":	210679,
					"rttvar":	307,
					"pmtu":	1500,
					"omitted":	false,
					"sender":	true
				}],
			"sum":	{
				"start":	8.000875,
				"end":	9.000999,
				"seconds":	1.0001239776611328,
				"bytes":	0,
				"bits_per_second":	0,
				"retransmits":	0,
				"omitted":	false,
				"sender":	true
			}
		}, {
			"streams":	[{
					"socket":	5,
					"start":	9.000999,
					"end":	10.000892,
					"seconds":	0.99989300966262817,
					"bytes":	3670016,
					"bits_per_second":	29363269.586119357,
					"retransmits":	0,
					"snd_cwnd":	259192,
					"snd_wnd":	12580352,
					"rtt":	215543,
					"rttvar":	113,
					"pmtu":	1500,
					"omitted":	false,
					"sender":	true
				}],
			"sum":	{
				"start":	9.000999,
				"end":	10.000892,
				"seconds":	0.99989300966262817,
				"bytes":	3670016,
				"bits_per_second":	29363269.586119357,
				"retransmits":	0,
				"omitted":	false,
				"sender":	true
			}
		}, {
			"streams":	[{
					"socket":	5,
					"start":	10.000892,
					"end":	11.000814,
					"seconds":	0.999921977519989,
					"bytes":	0,
					"bits_per_second":	0,
					"retransmits":	0,
					"snd_cwnd":	266432,
					"snd_wnd":	12580352,
					"rtt":	220471,
					"rttvar":	231,
					"pmtu":	1500,
					"omitted":	false,
					"sender":	true
				}],
			"sum":	{
				"start":	10.000892,
				"end":	11.000814,
				"seconds":	0.999921977519989,
				"bytes":	0,
				"bits_per_second":	0,
				"retransmits":	0,
				"omitted":	false,
				"sender":	true
			}
		}, {
			"streams":	[{
					"socket":	5,
					"start":	11.000814,
					"end":	12.000795,
					"seconds":	0.99998098611831665,
					"bytes":	0,
					"bits_per_second":	0,
					"retransmits":	0,
					"snd_cwnd":	272224,
					"snd_wnd":	12580352,
					"rtt":	225661,
					"rttvar":	508,
					"pmtu":	1500,
					"omitted":	false,
					"sender":	true
				}],
			"sum":	{
				"start":	11.000814,
				"end":	12.000795,
				"seconds":	0.99998098611831665,
				"bytes":	0,
				"bits_per_second":	0,
				"retransmits":	0,
				"omitted":	false,
				"sender":	true
			}
		}, {
			"streams":	[{
					"socket":	5,
					"start":	12.000795,
					"end":	13.000812,
					"seconds":	1.0000170469284058,
					"bytes":	3538944,
					"bits_per_second":	28311069.383227132,
					"retransmits":	0,