{
	"start":	{
		"connected":	[{
				"socket":	5,
				"local_host":	"10.0.0.2",
				"local_port":	5201,
				"remote_host":	"10.0.0.1",
				"remote_port":	43668
			}],
		"version":	"iperf 3.16",
		"system_info":	"Linux mininet 6.8.0-88-generic #89-Ubuntu SMP PREEMPT_DYNAMIC Sat Oct 11 01:02:46 UTC 2025 x86_64",
		"sock_bufsize":	0,
		"sndbuf_actual":	87380,
		"rcvbuf_actual":	87380,
		"timestamp":	{
			"time":	"Tue, 02 Dec 2025 17:02:00 GMT",
			"timesecs":	1764694920
		},
		"accepted_connection":	{
			"host":	"10.0.0.1",
			"port":	43664
		},
		"cookie":	"wkddl62b3f5upb2uxoyyg4rgh2vvtkyl7vwd",
		"tcp_mss_default":	0,
		"target_bitrate":	0,
		"fq_rate":	0,
		"test_start":	{
			"protocol":	"TCP",
			"num_streams":	1,
			"blksize":	131072,
			"omit":	0,
			"duration":	20,
			"bytes":	0,
			"blocks":	0,
			"reverse":	0,
			"tos":	0,
			"target_bitrate":	0,
			"bidir":	0,
			"fqrate":	0
		}
	},
	"intervals":	[{
			"streams":	[{
					"socket":	5,
					"start":	0,
					"end":	1.000953,
					"seconds":	1.0009529590606689,
					"bytes":	1048576,
					"bits_per_second":	8380621.6107020434,
					"omitted":	false,
					"sender":	false
				}],
			"sum":	{
				"start":	0,
				"end":	1.000953,
				"seconds":	1.0009529590606689,
				"bytes":	1048576,
				"bits_per_second":	8380621.6107020434,
				"omitted":	false,
				"sender":	false
			}
		}, {
			"streams":	[{
					"socket":	5,
					"start":	1.000953,
					"end":	2.000997,
					"seconds":	1.0000439882278442,
					"bytes":	655360,
					"bits_per_second":	5242649.38514434,
					"omitted":	false,
					"sender":	false
				}],
			"sum":	{
				"start":	1.000953,
				"end":	2.000997,
				"seconds":	1.0000439882278442,
				"bytes":	655360,
				"bits_per_second":	5242649.38514434,
				"omitted":	false,
				"sender":	false
			}
		}, {
			"streams":	[{
					"socket":	5,
					"start":	2.000997,
					"end":	3.00106,
					"seconds":	1.0000629425048828,
					"bytes":	655360,
					"bits_per_second":	5242550.02076972,
					"omitted":	false,
					"sender":	false
				}],
			"sum":	{
				"start":	2.000997,
				"end":	3.00106,
				"seconds":	1.0000629425048828,
				"bytes":	655360,
				"bits_per_second":	5242550.02076972,
				"omitted":	false,
				"sender":	false
			}
		}, {
			"streams":	[{
					"socket":	5,
					"start":	3.00106,
					"end":	4.000973,
					"seconds":	0.999912977218628,
					"bytes":	2228224,
					"bits_per_second":	17827343.385005839,
					"omitted":	false,
					"sender":	false
				}],
			"sum":	{
				"start":	3.00106,
				"end":	4.000973,
				"seconds":	0.999912977218628,
				"bytes":	2228224,
				"bits_per_second":	17827343.385005839,
				"omitted":	false,
				"sender":	false
			}
		}, {
			"streams":	[{
					"socket":	5,
					"start":	4.000973,
					"end":	5.000944,
					"seconds":	0.99997097253799438,
					"bytes":	1179648,
					"bits_per_second":	9437457.94545194,
					"omitted":	false,
					"sender":	false
				}],
			"sum":	{
				"start":	4.000973,
				"end":	5.000944,
				"seconds":	0.99997097253799438,
				"bytes":	1179648,
				"bits_per_second":	9437457.94545194,
				"omitted":	false,
				"sender":	false
			}
		}, {
			"streams":	[{
					"socket":	5,
					"start":	5.000944,
					"end":	6.000985,
					"seconds":	1.0000410079956055,
					"bytes":	1179648,
					"bits_per_second":	9436797.0158694442,
					"omitted":	false,
					"sender":	false
				}],
			"sum":	{
				"start":	5.000944,
				"end":	6.000985,
				"seconds":	1.0000410079956055,
				"bytes":	1179648,
				"bits_per_second":	9436797.0158694442,
				"omitted":	false,
				"sender":	false
			}
		}, {
			"streams":	[{
					"socket":	5,
					"start":	6.000985,
					"end":	7.001057,
					"seconds":	1.0000720024108887,
					"bytes":	1179648,
					"bits_per_second":	9436504.5489221159,
					"omitted":	false,
					"sender":	false
				}],
			"sum":	{
				"start":	6.000985,
				"end":	7.001057,
				"seconds":	1.0000720024108887,
				"bytes":	1179648,
				"bits_per_second":	9436504.5489221159,
				"omitted":	false,
				"sender":	false
			}
		}, {
			"streams":	[{
					"socket":	5,
					"start":	7.001057,
					"end":	8.001072,
					"seconds":	1.0000150203704834,
					"bytes":	1310720,
					"bits_per_second":	10485602.502365673,
					"omitted":	false,
					"sender":	false
				}],
			"sum":	{
				"start":	7.001057,
				"end":	8.001072,
				"seconds":	1.0000150203704834,
				"bytes":	1310720,
				"bits_per_second":	10485602.502365673,
				"omitted":	false,
				"sender":	false
			}
		}, {
			"streams":	[{
					"socket":	5,
					"start":	8.001072,
					"end":	9.000984,
					"seconds":	0.99991202354431152,
					"bytes":	1179648,
					"bits_per_second":	9438014.32304888,
					"omitted":	false,
					"sender":	false
				}],
			"sum":	{
				"start":	8.001072,
				"end":	9.000984,
				"seconds":	0.99991202354431152,
				"bytes":	1179648,
				"bits_per_second":	9438014.32304888,
				"omitted":	false,
				"sender":	false
			}
		}, {
			"streams":	[{
					"socket":	5,
					"start":	9.000984,
					"end":	10.000967,
					"seconds":	0.999983012676239,
					"bytes":	1179648,
					"bits_per_second":	9437344.3152233269,
					"omitted":	false,
					"sender":	false
				}],
			"sum":	{
				"start":	9.000984,
				"end":	10.000967,
				"seconds":	0.999983012676239,
				"bytes":	1179648,
				"bits_per_second":	9437344.3152233269,
				"omitted":	false,
				"sender":	false
			}
		}, {
			"streams":	[{
					"socket":	5,
					"start":	10.000967,
					"end":	11.001074,
					"seconds":	1.0001070499420166,
					"bytes":	1179648,
					"bits_per_second":	9436173.85813563,
					"omitted":	false,
					"sender":	false
				}],
			"sum":	{
				"start":	10.000967,
				"end":	11.001074,
				"seconds":	1.0001070499420166,
				"bytes":	1179648,
				"bits_per_second":	9436173.85813563,
				"omitted":	false,
				"sender":	false
			}
		}, {
			"streams":	[{
					"socket":	5,
					"start":	11.001074,
					"end":	12.000986,
					"seconds":	0.99991202354431152,
					"bytes":	1179648,
					"bits_per_second":	9438014.32304888,
					"omitted":	false,
					"sender":	false
				}],
			"sum":	{
				"start":	11.001074,
				"end":	12.000986,
				"seconds":	0.99991202354431152,
				"bytes":	1179648,
				"bits_per_second":	9438014.32304888,
				"omitted":	false,
				"sender":	false
			}
		}, {
			"streams":	[{
					"socket":	5,
					"start":	12.000986,
					"end":	13.001036,
					"seconds":	1.0000499486923218,
					"bytes":	1179648,
					"bits_per_second":	9436712.64854339,
					"omitted":	false,
					"sender":	false
				}],
			"sum":	{
				"start":	12.000986,
				"end":	13.001036,
				"seconds":	1.0000499486923218,
				"bytes":	1179648,
				"bits_per_second":	9436712.64854339,
				"omitted":	false,
				"sender":	false
			}
		}, {
			"streams":	[{
					"socket":	5,
					"start":	13.001036,
					"end":	14.00098,
					"seconds":	0.999943971633911,
					"bytes":	1179648,
					"bits_per_second":	9437712.77962666,
					"omitted":	false,
					"sender":	false
				}],
			"sum":	{
				"start":	13.001036,
				"end":	14.00098,
				"seconds":	0.999943971633911,
				"bytes":	1179648,
				"bits_per_second":	9437712.77962666,
				"omitted":	false,
				"sender":	false
			}
		}, {
			"streams":	[{
					"socket":	5,
					"start":	14.00098,
					"end":	15.000977,
					"seconds":	0.99999701976776123,
					"bytes":	1179648,
					"bits_per_second":	9437212.12508382,
					"omitted":	false,
					"sender":	false
				}],
			"sum":	{
				"start":	14.00098,
				"end":	15.000977,
				"seconds":	0.99999701976776123,
				"bytes":	1179648,
				"bits_per_second":	9437212.12508382,
				"omitted":	false,
				"sender":	false
			}
		}, {
			"streams":	[{
					"socket":	5,
					"start":	15.000977,
					"end":	16.000977,
					"seconds":	1,
					"bytes":	1310720,
					"bits_per_second":	10485760,
					"omitted":	false,
					"sender":	false
				}],
			"sum":	{
				"start":	15.000977,
				"end":	16.000977,
				"seconds":	1,
				"bytes":	1310720,
				"bits_per_second":	10485760,
				"omitted":	false,