{
	"start":	{
		"connected":	[{
				"socket":	5,
				"local_host":	"10.0.0.1",
				"local_port":	48206,
				"remote_host":	"10.0.0.2",
				"remote_port":	5201
			}],
		"version":	"iperf 3.16",
		"system_info":	"Linux mininet 6.8.0-88-generic #89-Ubuntu SMP PREEMPT_DYNAMIC Sat Oct 11 01:02:46 UTC 2025 x86_64",
		"timestamp":	{
			"time":	"Tue, 02 Dec 2025 18:38:55 GMT",
			"timesecs":	1764700735
		},
		"connecting_to":	{
			"host":	"10.0.0.2",
			"port":	5201
		},
		"cookie":	"w4fhizttdj5yiap5rua6h3oji2axtosqra4e",
		"tcp_mss_default":	1448,
		"target_bitrate":	0,
		"fq_rate":	0,
		"sock_bufsize":	0,
		"sndbuf_actual":	87380,
		"rcvbuf_actual":	87380,
		"test_start":	{
			"protocol":	"TCP",
			"num_streams":	1,
			"blksize":	131072,
			"omit":	0,
			"duration":	20,
			"bytes":	0,
			"blocks":	0,
			"reverse":	0,
			"tos":	0,
			"target_bitrate":	0,
			"bidir":	0,
			"fqrate":	0
		}
	},
	"intervals":	[{
			"streams":	[{
					"socket":	5,
					"start":	0,
					"end":	1.000902,
					"seconds":	1.0009020566940308,
					"bytes":	2228224,
					"bits_per_second":	17809726.616886381,
					"retransmits":	4,
					"snd_cwnd":	124528,
					"snd_wnd":	1710592,
					"rtt":	53516,
					"rttvar":	414,
					"pmtu":	1500,
					"omitted":	false,
					"sender":	true
				}],
			"sum":	{
				"start":	0,
				"end":	1.000902,
				"seconds":	1.0009020566940308,
				"bytes":	2228224,
				"bits_per_second":	17809726.616886381,
				"retransmits":	4,
				"omitted":	false,
				"sender":	true
			}
		}, {
			"streams":	[{
					"socket":	5,
					"start":	1.000902,
					"end":	2.000767,
					"seconds":	0.99986499547958374,
					"bytes":	1179648,
					"bits_per_second":	9438458.23452742,
					"retransmits":	6,
					"snd_cwnd":	127424,
					"snd_wnd":	2177536,
					"rtt":	61731,
					"rttvar":	1516,
					"pmtu":	1500,
					"omitted":	false,
					"sender":	true
				}],
			"sum":	{
				"start":	1.000902,
				"end":	2.000767,
				"seconds":	0.99986499547958374,
				"bytes":	1179648,
				"bits_per_second":	9438458.23452742,
				"retransmits":	6,
				"omitted":	false,
				"sender":	true
			}
		}, {
			"streams":	[{
					"socket":	5,
					"start":	2.000767,
					"end":	3.000791,
					"seconds":	1.0000239610672,
					"bytes":	1310720,
					"bits_per_second":	10485508.756020075,
					"retransmits":	10,
					"snd_cwnd":	68056,
					"snd_wnd":	2180608,
					"rtt":	56110,
					"rttvar":	220,
					"pmtu":	1500,
					"omitted":	false,
					"sender":	true
				}],
			"sum":	{
				"start":	2.000767,
				"end":	3.000791,
				"seconds":	1.0000239610672,
				"bytes":	1310720,
				"bits_per_second":	10485508.756020075,
				"retransmits":	10,
				"omitted":	false,
				"sender":	true
			}
		}, {
			"streams":	[{
					"socket":	5,
					"start":	3.000791,
					"end":	4.000929,
					"seconds":	1.0001380443573,
					"bytes":	1179648,
					"bits_per_second":	9435881.4298124649,
					"retransmits":	10,
					"snd_cwnd":	127424,
					"snd_wnd":	2180608,
					"rtt":	50712,
					"rttvar":	278,
					"pmtu":	1500,
					"omitted":	false,
					"sender":	true
				}],
			"sum":	{
				"start":	3.000791,
				"end":	4.000929,
				"seconds":	1.0001380443573,
				"bytes":	1179648,
				"bits_per_second":	9435881.4298124649,
				"retransmits":	10,
				"omitted":	false,
				"sender":	true
			}
		}, {
			"streams":	[{
					"socket":	5,
					"start":	4.000929,
					"end":	5.000736,
					"seconds":	0.99980700016021729,
					"bytes":	1179648,
					"bits_per_second":	9439005.72659294,
					"retransmits":	8,
					"snd_cwnd":	136112,
					"snd_wnd":	2177536,
					"rtt":	61298,
					"rttvar":	557,
					"pmtu":	1500,
					"omitted":	false,
					"sender":	true
				}],
			"sum":	{
				"start":	4.000929,
				"end":	5.000736,
				"seconds":	0.99980700016021729,
				"bytes":	1179648,
				"bits_per_second":	9439005.72659294,
				"retransmits":	8,
				"omitted":	false,
				"sender":	true
			}
		}, {
			"streams":	[{
					"socket":	5,
					"start":	5.000736,
					"end":	6.00083,
					"seconds":	1.0000940561294556,
					"bytes":	1179648,
					"bits_per_second":	9436296.45847872,
					"retransmits":	10,
					"snd_cwnd":	79640,
					"snd_wnd":	2172928,
					"rtt":	52717,
					"rttvar":	429,
					"pmtu":	1500,
					"omitted":	false,
					"sender":	true
				}],
			"sum":	{
				"start":	5.000736,
				"end":	6.00083,
				"seconds":	1.0000940561294556,
				"bytes":	1179648,
				"bits_per_second":	9436296.45847872,
				"retransmits":	10,
				"omitted":	false,
				"sender":	true
			}
		}, {
			"streams":	[{
					"socket":	5,
					"start":	6.00083,
					"end":	7.000827,
					"seconds":	0.99999701976776123,
					"bytes":	1179648,
					"bits_per_second":	9437212.12508382,
					"retransmits":	5,
					"snd_cwnd":	124528,
					"snd_wnd":	2177536,
					"rtt":	55709,
					"rttvar":	134,
					"pmtu":	1500,
					"omitted":	false,
					"sender":	true
				}],
			"sum":	{
				"start":	6.00083,
				"end":	7.000827,
				"seconds":	0.99999701976776123,
				"bytes":	1179648,
				"bits_per_second":	9437212.12508382,
				"retransmits":	5,
				"omitted":	false,
				"sender":	true
			}
		}, {
			"streams":	[{
					"socket":	5,
					"start":	7.000827,
					"end":	8.000763,
					"seconds":	0.99993598461151123,
					"bytes":	1179648,
					"bits_per_second":	9437788.16367577,
					"retransmits":	15,
					"snd_cwnd":	130320,
					"snd_wnd":	2177536,
					"rtt":	58205,
					"rttvar":	561,
					"pmtu":	1500,
					"omitted":	false,
					"sender":	true
				}],
			"sum":	{
				"start":	7.000827,
				"end":	8.000763,
				"seconds":	0.99993598461151123,
				"bytes":	1179648,
				"bits_per_second":	9437788.16367577,
				"retransmits":	15,
				"omitted":	false,
				"sender":	true
			}
		}, {
			"streams":	[{
					"socket":	5,
					"start":	8.000763,
					"end":	9.000964,
					"seconds":	1.0002009868621826,
					"bytes":	1179648,
					"bits_per_second":	9435287.6311452258,
					"retransmits":	11,
					"snd_cwnd":	124528,
					"snd_wnd":	2177536,
					"rtt":	51859,
					"rttvar":	483,
					"pmtu":	1500,
					"omitted":	false,
					"sender":	true
				}],
			"sum":	{
				"start":	8.000763,
				"end":	9.000964,
				"seconds":	1.0002009868621826,
				"bytes":	1179648,
				"bits_per_second":	9435287.6311452258,
				"retransmits":	11,
				"omitted":	false,
				"sender":	true
			}
		}, {
			"streams":	[{
					"socket":	5,
					"start":	9.000964,
					"end":	10.000819,
					"seconds":	0.99985498189926147,
					"bytes":	1179648,
					"bits_per_second":	9438552.76099512,
					"retransmits":	3,
					"snd_cwnd":	124528,
					"snd_wnd":	2180608,
					"rtt":	56176,
					"rttvar":	363,
					"pmtu":	1500,
					"omitted":	false,
					"sender":	true
				}],
			"sum":	{
				"start":	9.000964,
				"end":	10.000819,
				"seconds":	0.99985498189926147,
				"bytes":	1179648,
				"bits_per_second":	9438552.76099512,
				"retransmits":	3,
				"omitted":	false,
				"sender":	true
			}
		}, {
			"streams":	[{
					"socket":	5,
					"start":	10.000819,
					"end":	11.000969,
					"seconds":	1.0001499652862549,
					"bytes":	1179648,
					"bits_per_second":	9435768.96220655,
					"retransmits":	3,
					"snd_cwnd":	124528,
					"snd_wnd":	2180608,
					"rtt":	55521,
					"rttvar":	2742,
					"pmtu":	1500,
					"omitted":	false,
					"sender":	true
				}],
			"sum":	{
				"start":	10.000819,
				"end":	11.000969,
				"seconds":	1.0001499652862549,
				"bytes":	1179648,
				"bits_per_second":	9435768.96220655,
				"retransmits":	3,
				"omitted":	false,
				"sender":	true
			}
		}, {
			"streams":	[{
					"socket":	5,
					"start":	11.000969,
					"end":	12.000911,
					"seconds":	0.99994200468063354,
					"bytes":	1179648,
					"bits_per_second":	9437731.3442434035,
					"retransmits":	12,
					"snd_cwnd":	121632,
					"snd_wnd":	2177536,
					"rtt":	52865,
					"rttvar":	310,
					"pmtu":	1500,
					"omitted":	false,
					"sender":	true
				}],
			"sum":	{
				"start":	11.000969,
				"end":	12.000911,
				"seconds":	0.99994200468063354,
				"bytes":	1179648,
				"bits_per_second":	9437731.3442434035,