{
	"start":	{
		"connected":	[{
				"socket":	5,
				"local_host":	"10.0.0.1",
				"local_port":	43114,
				"remote_host":	"10.0.0.2",
				"remote_port":	5201
			}],
		"version":	"iperf 3.16",
		"system_info":	"Linux mininet 6.8.0-88-generic #89-Ubuntu SMP PREEMPT_DYNAMIC Sat Oct 11 01:02:46 UTC 2025 x86_64",
		"timestamp":	{
			"time":	"Tue, 02 Dec 2025 18:11:58 GMT",
			"timesecs":	1764699118
		},
		"connecting_to":	{
			"host":	"10.0.0.2",
			"port":	5201
		},
		"cookie":	"a2s7ud4wa52umeypeuzsaybbqlhsgs2tew45",
		"tcp_mss_default":	1448,
		"target_bitrate":	0,
		"fq_rate":	0,
		"sock_bufsize":	0,
		"sndbuf_actual":	87380,
		"rcvbuf_actual":	87380,
		"test_start":	{
			"protocol":	"TCP",
			"num_streams":	1,
			"blksize":	131072,
			"omit":	0,
			"duration":	20,
			"bytes":	0,
			"blocks":	0,
			"reverse":	0,
			"tos":	0,
			"target_bitrate":	0,
			"bidir":	0,
			"fqrate":	0
		}
	},
	"intervals":	[{
			"streams":	[{
					"socket":	5,
					"start":	0,
					"end":	1.000791,
					"seconds":	1.0007909536361694,
					"bytes":	7733248,
					"bits_per_second":	61817089.5482444,
					"retransmits":	0,
					"snd_cwnd":	593680,
					"snd_wnd":	1775616,
					"rtt":	95378,
					"rttvar":	645,
					"pmtu":	1500,
					"omitted":	false,
					"sender":	true
				}],
			"sum":	{
				"start":	0,
				"end":	1.000791,
				"seconds":	1.0007909536361694,
				"bytes":	7733248,
				"bits_per_second":	61817089.5482444,
				"retransmits":	0,
				"omitted":	false,
				"sender":	true
			}
		}, {
			"streams":	[{
					"socket":	5,
					"start":	1.000791,
					"end":	2.000747,
					"seconds":	0.99995601177215576,
					"bytes":	7602176,
					"bits_per_second":	60820083.367684685,
					"retransmits":	0,
					"snd_cwnd":	890520,
					"snd_wnd":	1853952,
					"rtt":	141501,
					"rttvar":	638,
					"pmtu":	1500,
					"omitted":	false,
					"sender":	true
				}],
			"sum":	{
				"start":	1.000791,
				"end":	2.000747,
				"seconds":	0.99995601177215576,
				"bytes":	7602176,
				"bits_per_second":	60820083.367684685,
				"retransmits":	0,
				"omitted":	false,
				"sender":	true
			}
		}, {
			"streams":	[{
					"socket":	5,
					"start":	2.000747,
					"end":	3.001022,
					"seconds":	1.0002750158309937,
					"bytes":	6029312,
					"bits_per_second":	48221234.397150725,
					"retransmits":	0,
					"snd_cwnd":	1187360,
					"snd_wnd":	2479616,
					"rtt":	188928,
					"rttvar":	636,
					"pmtu":	1500,
					"omitted":	false,
					"sender":	true
				}],
			"sum":	{
				"start":	2.000747,
				"end":	3.001022,
				"seconds":	1.0002750158309937,
				"bytes":	6029312,
				"bits_per_second":	48221234.397150725,
				"retransmits":	0,
				"omitted":	false,
				"sender":	true
			}
		}, {
			"streams":	[{
					"socket":	5,
					"start":	3.001022,
					"end":	4.000908,
					"seconds":	0.99988597631454468,
					"bytes":	7864320,
					"bits_per_second":	62921734.5680707,
					"retransmits":	0,
					"snd_cwnd":	1485648,
					"snd_wnd":	3059200,
					"rtt":	236898,
					"rttvar":	749,
					"pmtu":	1500,
					"omitted":	false,
					"sender":	true
				}],
			"sum":	{
				"start":	3.001022,
				"end":	4.000908,
				"seconds":	0.99988597631454468,
				"bytes":	7864320,
				"bits_per_second":	62921734.5680707,
				"retransmits":	0,
				"omitted":	false,
				"sender":	true
			}
		}, {
			"streams":	[{
					"socket":	5,
					"start":	4.000908,
					"end":	5.001228,
					"seconds":	1.0003199577331543,
					"bytes":	6422528,
					"bits_per_second":	51363789.758262731,
					"retransmits":	74,
					"snd_cwnd":	1175776,
					"snd_wnd":	2407936,
					"rtt":	231406,
					"rttvar":	4120,
					"pmtu":	1500,
					"omitted":	false,
					"sender":	true
				}],
			"sum":	{
				"start":	4.000908,
				"end":	5.001228,
				"seconds":	1.0003199577331543,
				"bytes":	6422528,
				"bits_per_second":	51363789.758262731,
				"retransmits":	74,
				"omitted":	false,
				"sender":	true
			}
		}, {
			"streams":	[{
					"socket":	5,
					"start":	5.001228,
					"end":	6.00106,
					"seconds":	0.99983197450637817,
					"bytes":	6553600,
					"bits_per_second":	52437610.855448335,
					"retransmits":	12,
					"snd_cwnd":	865904,
					"snd_wnd":	7473664,
					"rtt":	143559,
					"rttvar":	252,
					"pmtu":	1500,
					"omitted":	false,
					"sender":	true
				}],
			"sum":	{
				"start":	5.001228,
				"end":	6.00106,
				"seconds":	0.99983197450637817,
				"bytes":	6553600,
				"bits_per_second":	52437610.855448335,
				"retransmits":	12,
				"omitted":	false,
				"sender":	true
			}
		}, {
			"streams":	[{
					"socket":	5,
					"start":	6.00106,
					"end":	7.000671,
					"seconds":	0.9996110200881958,
					"bytes":	6684672,
					"bits_per_second":	53498185.719562881,
					"retransmits":	0,
					"snd_cwnd":	919480,
					"snd_wnd":	7473664,
					"rtt":	154357,
					"rttvar":	93,
					"pmtu":	1500,
					"omitted":	false,
					"sender":	true
				}],
			"sum":	{
				"start":	6.00106,
				"end":	7.000671,
				"seconds":	0.9996110200881958,
				"bytes":	6684672,
				"bits_per_second":	53498185.719562881,
				"retransmits":	0,
				"omitted":	false,
				"sender":	true
			}
		}, {
			"streams":	[{
					"socket":	5,
					"start":	7.000671,
					"end":	8.001073,
					"seconds":	1.0004019737243652,
					"bytes":	6684672,
					"bits_per_second":	53455888.1375561,
					"retransmits":	0,
					"snd_cwnd":	958576,
					"snd_wnd":	7473664,
					"rtt":	159773,
					"rttvar":	249,
					"pmtu":	1500,
					"omitted":	false,
					"sender":	true
				}],
			"sum":	{
				"start":	7.000671,
				"end":	8.001073,
				"seconds":	1.0004019737243652,
				"bytes":	6684672,
				"bits_per_second":	53455888.1375561,
				"retransmits":	0,
				"omitted":	false,
				"sender":	true
			}
		}, {
			"streams":	[{
					"socket":	5,
					"start":	8.001073,
					"end":	9.000742,
					"seconds":	0.99966901540756226,
					"bytes":	3276800,
					"bits_per_second":	26223079.435259342,
					"retransmits":	0,
					"snd_cwnd":	981744,
					"snd_wnd":	7473664,
					"rtt":	164166,
					"rttvar":	247,
					"pmtu":	1500,
					"omitted":	false,
					"sender":	true
				}],
			"sum":	{
				"start":	8.001073,
				"end":	9.000742,
				"seconds":	0.99966901540756226,
				"bytes":	3276800,
				"bits_per_second":	26223079.435259342,
				"retransmits":	0,
				"omitted":	false,
				"sender":	true
			}
		}, {
			"streams":	[{
					"socket":	5,
					"start":	9.000742,
					"end":	10.000964,
					"seconds":	1.0002219676971436,
					"bytes":	6684672,
					"bits_per_second":	53465508.384227343,
					"retransmits":	0,
					"snd_cwnd":	993328,
					"snd_wnd":	7476736,
					"rtt":	166809,
					"rttvar":	240,
					"pmtu":	1500,
					"omitted":	false,
					"sender":	true
				}],
			"sum":	{
				"start":	9.000742,
				"end":	10.000964,
				"seconds":	1.0002219676971436,
				"bytes":	6684672,
				"bits_per_second":	53465508.384227343,
				"retransmits":	0,
				"omitted":	false,
				"sender":	true
			}
		}, {
			"streams":	[{
					"socket":	5,
					"start":	10.000964,
					"end":	11.000984,
					"seconds":	1.0000200271606445,
					"bytes":	6684672,
					"bits_per_second":	53476305.021448657,
					"retransmits":	0,
					"snd_cwnd":	999120,
					"snd_wnd":	7473664,
					"rtt":	167497,
					"rttvar":	302,
					"pmtu":	1500,
					"omitted":	false,
					"sender":	true
				}],
			"sum":	{
				"start":	10.000964,
				"end":	11.000984,
				"seconds":	1.0000200271606445,
				"bytes":	6684672,
				"bits_per_second":	53476305.021448657,
				"retransmits":	0,
				"omitted":	false,
				"sender":	true
			}
		}, {
			"streams":	[{
					"socket":	5,
					"start":	11.000984,
					"end":	12.000744,
					"seconds":	0.9997599720954895,
					"bytes":	6553600,
					"bits_per_second":	52441387.396326363,
					"retransmits":	0,
					"snd_cwnd":	999120,
					"snd_wnd":	7473664,
					"rtt":	167070,
					"rttvar":	190,
					"pmtu":	1500,
					"omitted":	false,
					"sender":	true
				}],
			"sum":	{
				"start":	11.000984,
				"end":	12.000744,
				"seconds":	0.9997599720954895,
				"bytes":	6553600,