{
	"start":	{
		"connected":	[{
				"socket":	5,
				"local_host":	"10.0.0.1",
				"local_port":	51434,
				"remote_host":	"10.0.0.2",
				"remote_port":	5201
			}],
		"version":	"iperf 3.16",
		"system_info":	"Linux mininet 6.8.0-88-generic #89-Ubuntu SMP PREEMPT_DYNAMIC Sat Oct 11 01:02:46 UTC 2025 x86_64",
		"timestamp":	{
			"time":	"Tue, 02 Dec 2025 18:47:57 GMT",
			"timesecs":	1764701277
		},
		"connecting_to":	{
			"host":	"10.0.0.2",
			"port":	5201
		},
		"cookie":	"mxbscq3km7a33yinb67i26nkysm6kpmxv5mv",
		"tcp_mss_default":	1448,
		"target_bitrate":	0,
		"fq_rate":	0,
		"sock_bufsize":	0,
		"sndbuf_actual":	87380,
		"rcvbuf_actual":	87380,
		"test_start":	{
			"protocol":	"TCP",
			"num_streams":	1,
			"blksize":	131072,
			"omit":	0,
			"duration":	20,
			"bytes":	0,
			"blocks":	0,
			"reverse":	0,
			"tos":	0,
			"target_bitrate":	0,
			"bidir":	0,
			"fqrate":	0
		}
	},
	"intervals":	[{
			"streams":	[{
					"socket":	5,
					"start":	0,
					"end":	1.000992,
					"seconds":	1.0009919404983521,
					"bytes":	3670016,
					"bits_per_second":	29331033.360151552,
					"retransmits":	0,
					"snd_cwnd":	373584,
					"snd_wnd":	948736,
					"rtt":	307755,
					"rttvar":	2209,
					"pmtu":	1500,
					"omitted":	false,
					"sender":	true
				}],
			"sum":	{
				"start":	0,
				"end":	1.000992,
				"seconds":	1.0009919404983521,
				"bytes":	3670016,
				"bits_per_second":	29331033.360151552,
				"retransmits":	0,
				"omitted":	false,
				"sender":	true
			}
		}, {
			"streams":	[{
					"socket":	5,
					"start":	1.000992,
					"end":	2.000952,
					"seconds":	0.99996000528335571,
					"bytes":	1179648,
					"bits_per_second":	9437561.45259611,
					"retransmits":	0,
					"snd_cwnd":	275120,
					"snd_wnd":	2249728,
					"rtt":	114884,
					"rttvar":	158,
					"pmtu":	1500,
					"omitted":	false,
					"sender":	true
				}],
			"sum":	{
				"start":	1.000992,
				"end":	2.000952,
				"seconds":	0.99996000528335571,
				"bytes":	1179648,
				"bits_per_second":	9437561.45259611,
				"retransmits":	0,
				"omitted":	false,
				"sender":	true
			}
		}, {
			"streams":	[{
					"socket":	5,
					"start":	2.000952,
					"end":	3.001038,
					"seconds":	1.0000859498977661,
					"bytes":	1179648,
					"bits_per_second":	9436372.94471012,
					"retransmits":	0,
					"snd_cwnd":	266432,
					"snd_wnd":	2249728,
					"rtt":	130278,
					"rttvar":	3866,
					"pmtu":	1500,
					"omitted":	false,
					"sender":	true
				}],
			"sum":	{
				"start":	2.000952,
				"end":	3.001038,
				"seconds":	1.0000859498977661,
				"bytes":	1179648,
				"bits_per_second":	9436372.94471012,
				"retransmits":	0,
				"omitted":	false,
				"sender":	true
			}
		}, {
			"streams":	[{
					"socket":	5,
					"start":	3.001038,
					"end":	4.000999,
					"seconds":	0.999961018562317,
					"bytes":	1179648,
					"bits_per_second":	9437551.8893408552,
					"retransmits":	0,
					"snd_cwnd":	269328,
					"snd_wnd":	2249728,
					"rtt":	114462,
					"rttvar":	1559,
					"pmtu":	1500,
					"omitted":	false,
					"sender":	true
				}],
			"sum":	{
				"start":	3.001038,
				"end":	4.000999,
				"seconds":	0.999961018562317,
				"bytes":	1179648,
				"bits_per_second":	9437551.8893408552,
				"retransmits":	0,
				"omitted":	false,
				"sender":	true
			}
		}, {
			"streams":	[{
					"socket":	5,
					"start":	4.000999,
					"end":	5.000513,
					"seconds":	0.99951398372650146,
					"bytes":	1179648,
					"bits_per_second":	9441772.85525833,
					"retransmits":	0,
					"snd_cwnd":	266432,
					"snd_wnd":	2249728,
					"rtt":	112810,
					"rttvar":	298,
					"pmtu":	1500,
					"omitted":	false,
					"sender":	true
				}],
			"sum":	{
				"start":	4.000999,
				"end":	5.000513,
				"seconds":	0.99951398372650146,
				"bytes":	1179648,
				"bits_per_second":	9441772.85525833,
				"retransmits":	0,
				"omitted":	false,
				"sender":	true
			}
		}, {
			"streams":	[{
					"socket":	5,
					"start":	5.000513,
					"end":	6.000775,
					"seconds":	1.0002620220184326,
					"bytes":	1179648,
					"bits_per_second":	9434711.89774522,
					"retransmits":	0,
					"snd_cwnd":	266432,
					"snd_wnd":	2249728,
					"rtt":	112969,
					"rttvar":	166,
					"pmtu":	1500,
					"omitted":	false,
					"sender":	true
				}],
			"sum":	{
				"start":	5.000513,
				"end":	6.000775,
				"seconds":	1.0002620220184326,
				"bytes":	1179648,
				"bits_per_second":	9434711.89774522,
				"retransmits":	0,
				"omitted":	false,
				"sender":	true
			}
		}, {
			"streams":	[{
					"socket":	5,
					"start":	6.000775,
					"end":	7.000906,
					"seconds":	1.0001310110092163,
					"bytes":	1179648,
					"bits_per_second":	9435947.78695752,
					"retransmits":	0,
					"snd_cwnd":	266432,
					"snd_wnd":	2249728,
					"rtt":	112815,
					"rttvar":	351,
					"pmtu":	1500,
					"omitted":	false,
					"sender":	true
				}],
			"sum":	{
				"start":	6.000775,
				"end":	7.000906,
				"seconds":	1.0001310110092163,
				"bytes":	1179648,
				"bits_per_second":	9435947.78695752,
				"retransmits":	0,
				"omitted":	false,
				"sender":	true
			}
		}, {
			"streams":	[{
					"socket":	5,
					"start":	7.000906,
					"end":	8.000474,
					"seconds":	0.999567985534668,
					"bytes":	1179648,
					"bits_per_second":	9441262.76208422,
					"retransmits":	0,
					"snd_cwnd":	269328,
					"snd_wnd":	2249728,
					"rtt":	111281,
					"rttvar":	151,
					"pmtu":	1500,
					"omitted":	false,
					"sender":	true
				}],
			"sum":	{
				"start":	7.000906,
				"end":	8.000474,
				"seconds":	0.999567985534668,
				"bytes":	1179648,
				"bits_per_second":	9441262.76208422,
				"retransmits":	0,
				"omitted":	false,
				"sender":	true
			}
		}, {
			"streams":	[{
					"socket":	5,
					"start":	8.000474,
					"end":	9.000839,
					"seconds":	1.0003650188446045,
					"bytes":	1179648,
					"bits_per_second":	9433740.50693986,
					"retransmits":	0,
					"snd_cwnd":	266432,
					"snd_wnd":	2249728,
					"rtt":	134213,
					"rttvar":	3782,
					"pmtu":	1500,
					"omitted":	false,
					"sender":	true
				}],
			"sum":	{
				"start":	8.000474,
				"end":	9.000839,
				"seconds":	1.0003650188446045,
				"bytes":	1179648,
				"bits_per_second":	9433740.50693986,
				"retransmits":	0,
				"omitted":	false,
				"sender":	true
			}
		}, {
			"streams":	[{
					"socket":	5,
					"start":	9.000839,
					"end":	10.001094,
					"seconds":	1.0002549886703491,
					"bytes":	1179648,
					"bits_per_second":	9434778.23844194,
					"retransmits":	0,
					"snd_cwnd":	269328,
					"snd_wnd":	2249728,
					"rtt":	114048,
					"rttvar":	596,
					"pmtu":	1500,
					"omitted":	false,
					"sender":	true
				}],
			"sum":	{
				"start":	9.000839,
				"end":	10.001094,
				"seconds":	1.0002549886703491,
				"bytes":	1179648,
				"bits_per_second":	9434778.23844194,
				"retransmits":	0,
				"omitted":	false,
				"sender":	true
			}
		}, {
			"streams":	[{
					"socket":	5,
					"start":	10.001094,
					"end":	11.000464,
					"seconds":	0.999369978904724,
					"bytes":	1179648,
					"bits_per_second":	9443133.37323064,
					"retransmits":	0,
					"snd_cwnd":	266432,
					"snd_wnd":	2249728,
					"rtt":	107226,
					"rttvar":	4400,
					"pmtu":	1500,
					"omitted":	false,
					"sender":	true
				}],
			"sum":	{
				"start":	10.001094,
				"end":	11.000464,
				"seconds":	0.999369978904724,
				"bytes":	1179648,
				"bits_per_second":	9443133.37323064,
				"retransmits":	0,
				"omitted":	false,
				"sender":	true
			}
		}, {
			"streams":	[{
					"socket":	5,
					"start":	11.000464,
					"end":	12.000461,
					"seconds":	0.99999701976776123,
					"bytes":	1179648,
					"bits_per_second":	9437212.12508382,
					"retransmits":	0,
					"snd_cwnd":	272224,
					"snd_wnd":	2249728,
					"rtt":	114089,
					"rttvar":	166,
					"pmtu":	1500,
					"omitted":	false,
					"sender":	true
				}],
			"sum":	{
				"start":	11.000464,
				"end":	12.000461,
				"seconds":	0.99999701976776123,
				"bytes":	1179648,
				"bits_per_second":	9437212.12508382,
				"retransmits":	0,