{
	"start":	{
		"connected":	[{
				"socket":	5,
				"local_host":	"10.0.0.1",
				"local_port":	43254,
				"remote_host":	"10.0.0.2",
				"remote_port":	5201
			}],
		"version":	"iperf 3.16",
		"system_info":	"Linux mininet 6.8.0-88-generic #89-Ubuntu SMP PREEMPT_DYNAMIC Sat Oct 11 01:02:46 UTC 2025 x86_64",
		"timestamp":	{
			"time":	"Tue, 02 Dec 2025 17:46:27 GMT",
			"timesecs":	1764697587
		},
		"connecting_to":	{
			"host":	"10.0.0.2",
			"port":	5201
		},
		"cookie":	"uda6ppjm5vcgn72vxzqjeprwtbdjrbtkoctn",
		"tcp_mss_default":	1448,
		"target_bitrate":	0,
		"fq_rate":	0,
		"sock_bufsize":	0,
		"sndbuf_actual":	87380,
		"rcvbuf_actual":	87380,
		"test_start":	{
			"protocol":	"TCP",
			"num_streams":	1,
			"blksize":	131072,
			"omit":	0,
			"duration":	20,
			"bytes":	0,
			"blocks":	0,
			"reverse":	0,
			"tos":	0,
			"target_bitrate":	0,
			"bidir":	0,
			"fqrate":	0
		}
	},
	"intervals":	[{
			"streams":	[{
					"socket":	5,
					"start":	0,
					"end":	1.000759,
					"seconds":	1.00075900554657,
					"bytes":	2490368,
					"bits_per_second":	19907833.843692448,
					"retransmits":	0,
					"snd_cwnd":	299736,
					"snd_wnd":	1279488,
					"rtt":	238059,
					"rttvar":	1043,
					"pmtu":	1500,
					"omitted":	false,
					"sender":	true
				}],
			"sum":	{
				"start":	0,
				"end":	1.000759,
				"seconds":	1.00075900554657,
				"bytes":	2490368,
				"bits_per_second":	19907833.843692448,
				"retransmits":	0,
				"omitted":	false,
				"sender":	true
			}
		}, {
			"streams":	[{
					"socket":	5,
					"start":	1.000759,
					"end":	2.001042,
					"seconds":	1.0002830028533936,
					"bytes":	1441792,
					"bits_per_second":	11531072.6735307,
					"retransmits":	7,
					"snd_cwnd":	156384,
					"snd_wnd":	1279488,
					"rtt":	153552,
					"rttvar":	5688,
					"pmtu":	1500,
					"omitted":	false,
					"sender":	true
				}],
			"sum":	{
				"start":	1.000759,
				"end":	2.001042,
				"seconds":	1.0002830028533936,
				"bytes":	1441792,
				"bits_per_second":	11531072.6735307,
				"retransmits":	7,
				"omitted":	false,
				"sender":	true
			}
		}, {
			"streams":	[{
					"socket":	5,
					"start":	2.001042,
					"end":	3.000819,
					"seconds":	0.99977701902389526,
					"bytes":	655360,
					"bits_per_second":	5244049.3232368371,
					"retransmits":	4,
					"snd_cwnd":	108600,
					"snd_wnd":	1282560,
					"rtt":	99293,
					"rttvar":	2461,
					"pmtu":	1500,
					"omitted":	false,
					"sender":	true
				}],
			"sum":	{
				"start":	2.001042,
				"end":	3.000819,
				"seconds":	0.99977701902389526,
				"bytes":	655360,
				"bits_per_second":	5244049.3232368371,
				"retransmits":	4,
				"omitted":	false,
				"sender":	true
			}
		}, {
			"streams":	[{
					"socket":	5,
					"start":	3.000819,
					"end":	4.000753,
					"seconds":	0.99993401765823364,
					"bytes":	1441792,
					"bits_per_second":	11535097.11272,
					"retransmits":	7,
					"snd_cwnd":	34752,
					"snd_wnd":	1282560,
					"rtt":	44950,
					"rttvar":	440,
					"pmtu":	1500,
					"omitted":	false,
					"sender":	true
				}],
			"sum":	{
				"start":	3.000819,
				"end":	4.000753,
				"seconds":	0.99993401765823364,
				"bytes":	1441792,
				"bits_per_second":	11535097.11272,
				"retransmits":	7,
				"omitted":	false,
				"sender":	true
			}
		}, {
			"streams":	[{
					"socket":	5,
					"start":	4.000753,
					"end":	5.000802,
					"seconds":	1.0000489950180054,
					"bytes":	655360,
					"bits_per_second":	5242623.13758498,
					"retransmits":	6,
					"snd_cwnd":	18824,
					"snd_wnd":	1282560,
					"rtt":	45043,
					"rttvar":	749,
					"pmtu":	1500,
					"omitted":	false,
					"sender":	true
				}],
			"sum":	{
				"start":	4.000753,
				"end":	5.000802,
				"seconds":	1.0000489950180054,
				"bytes":	655360,
				"bits_per_second":	5242623.13758498,
				"retransmits":	6,
				"omitted":	false,
				"sender":	true
			}
		}, {
			"streams":	[{
					"socket":	5,
					"start":	5.000802,
					"end":	6.000733,
					"seconds":	0.99993097782135,
					"bytes":	0,
					"bits_per_second":	0,
					"retransmits":	4,
					"snd_cwnd":	18824,
					"snd_wnd":	1279488,
					"rtt":	45400,
					"rttvar":	903,
					"pmtu":	1500,
					"omitted":	false,
					"sender":	true
				}],
			"sum":	{
				"start":	5.000802,
				"end":	6.000733,
				"seconds":	0.99993097782135,
				"bytes":	0,
				"bits_per_second":	0,
				"retransmits":	4,
				"omitted":	false,
				"sender":	true
			}
		}, {
			"streams":	[{
					"socket":	5,
					"start":	6.000733,
					"end":	7.000967,
					"seconds":	1.0002340078353882,
					"bytes":	655360,
					"bits_per_second":	5241653.4120311951,
					"retransmits":	2,
					"snd_cwnd":	20272,
					"snd_wnd":	1282560,
					"rtt":	45872,
					"rttvar":	611,
					"pmtu":	1500,
					"omitted":	false,
					"sender":	true
				}],
			"sum":	{
				"start":	6.000733,
				"end":	7.000967,
				"seconds":	1.0002340078353882,
				"bytes":	655360,
				"bits_per_second":	5241653.4120311951,
				"retransmits":	2,
				"omitted":	false,
				"sender":	true
			}
		}, {
			"streams":	[{
					"socket":	5,
					"start":	7.000967,
					"end":	8.001335,
					"seconds":	1.0003679990768433,
					"bytes":	655360,
					"bits_per_second":	5240951.3347470323,
					"retransmits":	6,
					"snd_cwnd":	14480,
					"snd_wnd":	1279488,
					"rtt":	48173,
					"rttvar":	6457,
					"pmtu":	1500,
					"omitted":	false,
					"sender":	true
				}],
			"sum":	{
				"start":	7.000967,
				"end":	8.001335,
				"seconds":	1.0003679990768433,
				"bytes":	655360,
				"bits_per_second":	5240951.3347470323,
				"retransmits":	6,
				"omitted":	false,
				"sender":	true
			}
		}, {
			"streams":	[{
					"socket":	5,
					"start":	8.001335,
					"end":	9.000979,
					"seconds":	0.99964398145675659,
					"bytes":	0,
					"bits_per_second":	0,
					"retransmits":	2,
					"snd_cwnd":	20272,
					"snd_wnd":	1279488,
					"rtt":	47545,
					"rttvar":	5532,
					"pmtu":	1500,
					"omitted":	false,
					"sender":	true
				}],
			"sum":	{
				"start":	8.001335,
				"end":	9.000979,
				"seconds":	0.99964398145675659,
				"bytes":	0,
				"bits_per_second":	0,
				"retransmits":	2,
				"omitted":	false,
				"sender":	true
			}
		}, {
			"streams":	[{
					"socket":	5,
					"start":	9.000979,
					"end":	10.000921,
					"seconds":	0.99994200468063354,
					"bytes":	655360,
					"bits_per_second":	5243184.0801352244,
					"retransmits":	0,
					"snd_cwnd":	36200,
					"snd_wnd":	1282560,
					"rtt":	45233,
					"rttvar":	961,
					"pmtu":	1500,
					"omitted":	false,
					"sender":	true
				}],
			"sum":	{
				"start":	9.000979,
				"end":	10.000921,
				"seconds":	0.99994200468063354,
				"bytes":	655360,
				"bits_per_second":	5243184.0801352244,
				"retransmits":	0,
				"omitted":	false,
				"sender":	true
			}
		}, {
			"streams":	[{
					"socket":	5,
					"start":	10.000921,
					"end":	11.000785,
					"seconds":	0.99986398220062256,
					"bytes":	655360,
					"bits_per_second":	5243593.2220108882,
					"retransmits":	4,
					"snd_cwnd":	26064,
					"snd_wnd":	1282560,
					"rtt":	44637,
					"rttvar":	171,
					"pmtu":	1500,
					"omitted":	false,
					"sender":	true
				}],
			"sum":	{
				"start":	10.000921,
				"end":	11.000785,
				"seconds":	0.99986398220062256,
				"bytes":	655360,
				"bits_per_second":	5243593.2220108882,
				"retransmits":	4,
				"omitted":	false,
				"sender":	true
			}
		}, {
			"streams":	[{
					"socket":	5,
					"start":	11.000785,
					"end":	12.001054,
					"seconds":	1.0002690553665161,
					"bytes":	655360,
					"bits_per_second":	5241469.7544341376,
					"retransmits":	2,
					"snd_cwnd":	28960,
					"snd_wnd":	1282560,
					"rtt":	45223,
					"rttvar":	836,
					"pmtu":	1500,
					"omitted":	false,
					"sender":	true
				}],
			"sum":	{
				"start":	11.000785,
				"end":	12.001054,
				"seconds":	1.0002690553665161,
				"bytes":	655360,
				"bits_per_second":	5241469.7544341376,
				"retransmits":	2,
				"omitted":	false,
				"sender":	true
			}
		}, {
			"streams":	[{
					"socket":	5,