{
	"start":	{
		"connected":	[{
				"socket":	5,
				"local_host":	"10.0.0.2",
				"local_port":	5201,
				"remote_host":	"10.0.0.1",
				"remote_port":	46860
			}],
		"version":	"iperf 3.16",
		"system_info":	"Linux mininet 6.8.0-88-generic #89-Ubuntu SMP PREEMPT_DYNAMIC Sat Oct 11 01:02:46 UTC 2025 x86_64",
		"sock_bufsize":	0,
		"sndbuf_actual":	87380,
		"rcvbuf_actual":	87380,
		"timestamp":	{
			"time":	"Tue, 02 Dec 2025 19:00:00 GMT",
			"timesecs":	1764702000
		},
		"accepted_connection":	{
			"host":	"10.0.0.1",
			"port":	46854
		},
		"cookie":	"ghwoyxds4lbg6sv7ysiiofd3j675nbx5hsgi",
		"tcp_mss_default":	0,
		"target_bitrate":	0,
		"fq_rate":	0,
		"test_start":	{
			"protocol":	"TCP",
			"num_streams":	1,
			"blksize":	131072,
			"omit":	0,
			"duration":	20,
			"bytes":	0,
			"blocks":	0,
			"reverse":	0,
			"tos":	0,
			"target_bitrate":	0,
			"bidir":	0,
			"fqrate":	0
		}
	},
	"intervals":	[{
			"streams":	[{
					"socket":	5,
					"start":	0,
					"end":	1.000778,
					"seconds":	1.0007779598236084,
					"bytes":	4718592,
					"bits_per_second":	37719391.828586414,
					"omitted":	false,
					"sender":	false
				}],
			"sum":	{
				"start":	0,
				"end":	1.000778,
				"seconds":	1.0007779598236084,
				"bytes":	4718592,
				"bits_per_second":	37719391.828586414,
				"omitted":	false,
				"sender":	false
			}
		}, {
			"streams":	[{
					"socket":	5,
					"start":	1.000778,
					"end":	2.001078,
					"seconds":	1.0003000497817993,
					"bytes":	5898240,
					"bits_per_second":	47171766.121868044,
					"omitted":	false,
					"sender":	false
				}],
			"sum":	{
				"start":	1.000778,
				"end":	2.001078,
				"seconds":	1.0003000497817993,
				"bytes":	5898240,
				"bits_per_second":	47171766.121868044,
				"omitted":	false,
				"sender":	false
			}
		}, {
			"streams":	[{
					"socket":	5,
					"start":	2.001078,
					"end":	3.000963,
					"seconds":	0.99988502264022827,
					"bytes":	6029312,
					"bits_per_second":	48240042.512723386,
					"omitted":	false,
					"sender":	false
				}],
			"sum":	{
				"start":	2.001078,
				"end":	3.000963,
				"seconds":	0.99988502264022827,
				"bytes":	6029312,
				"bits_per_second":	48240042.512723386,
				"omitted":	false,
				"sender":	false
			}
		}, {
			"streams":	[{
					"socket":	5,
					"start":	3.000963,
					"end":	4.000869,
					"seconds":	0.99990600347518921,
					"bytes":	5898240,
					"bits_per_second":	47190355.729443155,
					"omitted":	false,
					"sender":	false
				}],
			"sum":	{
				"start":	3.000963,
				"end":	4.000869,
				"seconds":	0.99990600347518921,
				"bytes":	5898240,
				"bits_per_second":	47190355.729443155,
				"omitted":	false,
				"sender":	false
			}
		}, {
			"streams":	[{
					"socket":	5,
					"start":	4.000869,
					"end":	5.000826,
					"seconds":	0.999957025051117,
					"bytes":	6029312,
					"bits_per_second":	48236568.964085527,
					"omitted":	false,
					"sender":	false
				}],
			"sum":	{
				"start":	4.000869,
				"end":	5.000826,
				"seconds":	0.999957025051117,
				"bytes":	6029312,
				"bits_per_second":	48236568.964085527,
				"omitted":	false,
				"sender":	false
			}
		}, {
			"streams":	[{
					"socket":	5,
					"start":	5.000826,
					"end":	6.000958,
					"seconds":	1.0001319646835327,
					"bytes":	5767168,
					"bits_per_second":	46131256.303360961,
					"omitted":	false,
					"sender":	false
				}],
			"sum":	{
				"start":	5.000826,
				"end":	6.000958,
				"seconds":	1.0001319646835327,
				"bytes":	5767168,
				"bits_per_second":	46131256.303360961,
				"omitted":	false,
				"sender":	false
			}
		}, {
			"streams":	[{
					"socket":	5,
					"start":	6.000958,
					"end":	7.001067,
					"seconds":	1.0001089572906494,
					"bytes":	6029312,
					"bits_per_second":	48229241.072562657,
					"omitted":	false,
					"sender":	false
				}],
			"sum":	{
				"start":	6.000958,
				"end":	7.001067,
				"seconds":	1.0001089572906494,
				"bytes":	6029312,
				"bits_per_second":	48229241.072562657,
				"omitted":	false,
				"sender":	false
			}
		}, {
			"streams":	[{
					"socket":	5,
					"start":	7.001067,
					"end":	8.001051,
					"seconds":	0.9999840259552002,
					"bytes":	6029312,
					"bits_per_second":	48235266.5123082,
					"omitted":	false,
					"sender":	false
				}],
			"sum":	{
				"start":	7.001067,
				"end":	8.001051,
				"seconds":	0.9999840259552002,
				"bytes":	6029312,
				"bits_per_second":	48235266.5123082,
				"omitted":	false,
				"sender":	false
			}
		}, {
			"streams":	[{
					"socket":	5,
					"start":	8.001051,
					"end":	9.000901,
					"seconds":	0.99984997510910034,
					"bytes":	5898240,
					"bits_per_second":	47193000.124694936,
					"omitted":	false,
					"sender":	false
				}],
			"sum":	{
				"start":	8.001051,
				"end":	9.000901,
				"seconds":	0.99984997510910034,
				"bytes":	5898240,
				"bits_per_second":	47193000.124694936,
				"omitted":	false,
				"sender":	false
			}
		}, {
			"streams":	[{
					"socket":	5,
					"start":	9.000901,
					"end":	10.000924,
					"seconds":	1.0000230073928833,
					"bytes":	6029312,
					"bits_per_second":	48233386.275531866,
					"omitted":	false,
					"sender":	false
				}],
			"sum":	{
				"start":	9.000901,
				"end":	10.000924,
				"seconds":	1.0000230073928833,
				"bytes":	6029312,
				"bits_per_second":	48233386.275531866,
				"omitted":	false,
				"sender":	false
			}
		}, {
			"streams":	[{
					"socket":	5,
					"start":	10.000924,
					"end":	11.000945,
					"seconds":	1.0000209808349609,
					"bytes":	4325376,
					"bits_per_second":	34602282.015231766,
					"omitted":	false,
					"sender":	false
				}],
			"sum":	{
				"start":	10.000924,
				"end":	11.000945,
				"seconds":	1.0000209808349609,
				"bytes":	4325376,
				"bits_per_second":	34602282.015231766,
				"omitted":	false,
				"sender":	false
			}
		}, {
			"streams":	[{
					"socket":	5,
					"start":	11.000945,
					"end":	12.000982,
					"seconds":	1.0000369548797607,
					"bytes":	6029312,
					"bits_per_second":	48232713.565869637,
					"omitted":	false,
					"sender":	false
				}],
			"sum":	{
				"start":	11.000945,
				"end":	12.000982,
				"seconds":	1.0000369548797607,
				"bytes":	6029312,
				"bits_per_second":	48232713.565869637,
				"omitted":	false,
				"sender":	false
			}
		}, {
			"streams":	[{
					"socket":	5,
					"start":	12.000982,
					"end":	13.000814,
					"seconds":	0.99983197450637817,
					"bytes":	5898240,
					"bits_per_second":	47193849.7699035,
					"omitted":	false,
					"sender":	false
				}],
			"sum":	{
				"start":	12.000982,
				"end":	13.000814,
				"seconds":	0.99983197450637817,
				"bytes":	5898240,
				"bits_per_second":	47193849.7699035,
				"omitted":	false,
				"sender":	false
			}
		}, {
			"streams":	[{
					"socket":	5,
					"start":	13.000814,
					"end":	14.001081,
					"seconds":	1.0002670288085938,
					"bytes":	6029312,
					"bits_per_second":	48221619.4384129,
					"omitted":	false,
					"sender":	false
				}],
			"sum":	{
				"start":	13.000814,
				"end":	14.001081,
				"seconds":	1.0002670288085938,
				"bytes":	6029312,
				"bits_per_second":	48221619.4384129,
				"omitted":	false,
				"sender":	false
			}
		}, {
			"streams":	[{
					"socket":	5,
					"start":	14.001081,
					"end":	15.001003,
					"seconds":	0.999921977519989,
					"bytes":	5898240,
					"bits_per_second":	47189601.849767052,
					"omitted":	false,
					"sender":	false
				}],
			"sum":	{
				"start":	14.001081,
				"end":	15.001003,
				"seconds":	0.999921977519989,
				"bytes":	5898240,
				"bits_per_second":	47189601.849767052,
				"omitted":	false,
				"sender":	false
			}
		}, {
			"streams":	[{
					"socket":	5,
					"start":	15.001003,
					"end":	16.000969,
					"seconds":	0.999966025352478,
					"bytes":	6029312,
					"bits_per_second":	48236134.805677846,
					"omitted":	false,
					"sender":	false
				}],
			"sum":	{
				"start":	15.001003,
				"end":	16.000969,
				"seconds":	0.999966025352478,
				"bytes":	6029312,