{
	"start":	{
		"connected":	[{
				"socket":	5,
				"local_host":	"10.0.0.2",
				"local_port":	5201,
				"remote_host":	"10.0.0.1",
				"remote_port":	40514
			}],
		"version":	"iperf 3.16",
		"system_info":	"Linux mininet 6.8.0-88-generic #89-Ubuntu SMP PREEMPT_DYNAMIC Sat Oct 11 01:02:46 UTC 2025 x86_64",
		"sock_bufsize":	0,
		"sndbuf_actual":	87380,
		"rcvbuf_actual":	87380,
		"timestamp":	{
			"time":	"Tue, 02 Dec 2025 17:22:49 GMT",
			"timesecs":	1764696169
		},
		"accepted_connection":	{
			"host":	"10.0.0.1",
			"port":	40498
		},
		"cookie":	"sxglhnno2bw5qrhk5h24jfmwaruwm4a2rmyq",
		"tcp_mss_default":	0,
		"target_bitrate":	0,
		"fq_rate":	0,
		"test_start":	{
			"protocol":	"TCP",
			"num_streams":	1,
			"blksize":	131072,
			"omit":	0,
			"duration":	20,
			"bytes":	0,
			"blocks":	0,
			"reverse":	0,
			"tos":	0,
			"target_bitrate":	0,
			"bidir":	0,
			"fqrate":	0
		}
	},
	"intervals":	[{
			"streams":	[{
					"socket":	5,
					"start":	0,
					"end":	1.000444,
					"seconds":	1.0004440546035767,
					"bytes":	524288,
					"bits_per_second":	4192442.3266846063,
					"omitted":	false,
					"sender":	false
				}],
			"sum":	{
				"start":	0,
				"end":	1.000444,
				"seconds":	1.0004440546035767,
				"bytes":	524288,
				"bits_per_second":	4192442.3266846063,
				"omitted":	false,
				"sender":	false
			}
		}, {
			"streams":	[{
					"socket":	5,
					"start":	1.000444,
					"end":	2.000585,
					"seconds":	1.0001410245895386,
					"bytes":	393216,
					"bits_per_second":	3145284.437553212,
					"omitted":	false,
					"sender":	false
				}],
			"sum":	{
				"start":	1.000444,
				"end":	2.000585,
				"seconds":	1.0001410245895386,
				"bytes":	393216,
				"bits_per_second":	3145284.437553212,
				"omitted":	false,
				"sender":	false
			}
		}, {
			"streams":	[{
					"socket":	5,
					"start":	2.000585,
					"end":	3.000571,
					"seconds":	0.99998599290847778,
					"bytes":	393216,
					"bits_per_second":	3145772.0631171963,
					"omitted":	false,
					"sender":	false
				}],
			"sum":	{
				"start":	2.000585,
				"end":	3.000571,
				"seconds":	0.99998599290847778,
				"bytes":	393216,
				"bits_per_second":	3145772.0631171963,
				"omitted":	false,
				"sender":	false
			}
		}, {
			"streams":	[{
					"socket":	5,
					"start":	3.000571,
					"end":	4.000467,
					"seconds":	0.999895989894867,
					"bytes":	393216,
					"bits_per_second":	3146055.2215343462,
					"omitted":	false,
					"sender":	false
				}],
			"sum":	{
				"start":	3.000571,
				"end":	4.000467,
				"seconds":	0.999895989894867,
				"bytes":	393216,
				"bits_per_second":	3146055.2215343462,
				"omitted":	false,
				"sender":	false
			}
		}, {
			"streams":	[{
					"socket":	5,
					"start":	4.000467,
					"end":	5.000491,
					"seconds":	1.0000239610672,
					"bytes":	393216,
					"bits_per_second":	3145652.6268060221,
					"omitted":	false,
					"sender":	false
				}],
			"sum":	{
				"start":	4.000467,
				"end":	5.000491,
				"seconds":	1.0000239610672,
				"bytes":	393216,
				"bits_per_second":	3145652.6268060221,
				"omitted":	false,
				"sender":	false
			}
		}, {
			"streams":	[{
					"socket":	5,
					"start":	5.000491,
					"end":	6.000465,
					"seconds":	0.999974012374878,
					"bytes":	524288,
					"bits_per_second":	4194413.0028327247,
					"omitted":	false,
					"sender":	false
				}],
			"sum":	{
				"start":	5.000491,
				"end":	6.000465,
				"seconds":	0.999974012374878,
				"bytes":	524288,
				"bits_per_second":	4194413.0028327247,
				"omitted":	false,
				"sender":	false
			}
		}, {
			"streams":	[{
					"socket":	5,
					"start":	6.000465,
					"end":	7.000757,
					"seconds":	1.00029194355011,
					"bytes":	262144,
					"bits_per_second":	2096539.928690271,
					"omitted":	false,
					"sender":	false
				}],
			"sum":	{
				"start":	6.000465,
				"end":	7.000757,
				"seconds":	1.00029194355011,
				"bytes":	262144,
				"bits_per_second":	2096539.928690271,
				"omitted":	false,
				"sender":	false
			}
		}, {
			"streams":	[{
					"socket":	5,
					"start":	7.000757,
					"end":	8.000468,
					"seconds":	0.999710977077484,
					"bytes":	262144,
					"bits_per_second":	2097758.3002346656,
					"omitted":	false,
					"sender":	false
				}],
			"sum":	{
				"start":	7.000757,
				"end":	8.000468,
				"seconds":	0.999710977077484,
				"bytes":	262144,
				"bits_per_second":	2097758.3002346656,
				"omitted":	false,
				"sender":	false
			}
		}, {
			"streams":	[{
					"socket":	5,
					"start":	8.000468,
					"end":	9.001173,
					"seconds":	1.0007050037384033,
					"bytes":	262144,
					"bits_per_second":	2095674.5416136857,
					"omitted":	false,
					"sender":	false
				}],
			"sum":	{
				"start":	8.000468,
				"end":	9.001173,
				"seconds":	1.0007050037384033,
				"bytes":	262144,
				"bits_per_second":	2095674.5416136857,
				"omitted":	false,
				"sender":	false
			}
		}, {
			"streams":	[{
					"socket":	5,
					"start":	9.001173,
					"end":	10.000604,
					"seconds":	0.999431014060974,
					"bytes":	655360,
					"bits_per_second":	5245864.8233225,
					"omitted":	false,
					"sender":	false
				}],
			"sum":	{
				"start":	9.001173,
				"end":	10.000604,
				"seconds":	0.999431014060974,
				"bytes":	655360,
				"bits_per_second":	5245864.8233225,
				"omitted":	false,
				"sender":	false
			}
		}, {
			"streams":	[{
					"socket":	5,
					"start":	10.000604,
					"end":	11.000673,
					"seconds":	1.00006902217865,
					"bytes":	655360,
					"bits_per_second":	5242518.149975677,
					"omitted":	false,
					"sender":	false
				}],
			"sum":	{
				"start":	10.000604,
				"end":	11.000673,
				"seconds":	1.00006902217865,
				"bytes":	655360,
				"bits_per_second":	5242518.149975677,
				"omitted":	false,
				"sender":	false
			}
		}, {
			"streams":	[{
					"socket":	5,
					"start":	11.000673,
					"end":	12.000499,
					"seconds":	0.99982601404190063,
					"bytes":	393216,
					"bits_per_second":	3146275.40774126,
					"omitted":	false,
					"sender":	false
				}],
			"sum":	{
				"start":	11.000673,
				"end":	12.000499,
				"seconds":	0.99982601404190063,
				"bytes":	393216,
				"bits_per_second":	3146275.40774126,
				"omitted":	false,
				"sender":	false
			}
		}, {
			"streams":	[{
					"socket":	5,
					"start":	12.000499,
					"end":	13.001124,
					"seconds":	1.0006250143051147,
					"bytes":	393216,
					"bits_per_second":	3143763.1030886779,
					"omitted":	false,
					"sender":	false
				}],
			"sum":	{
				"start":	12.000499,
				"end":	13.001124,
				"seconds":	1.0006250143051147,
				"bytes":	393216,
				"bits_per_second":	3143763.1030886779,
				"omitted":	false,
				"sender":	false
			}
		}, {
			"streams":	[{
					"socket":	5,
					"start":	13.001124,
					"end":	14.000481,
					"seconds":	0.999356985092163,
					"bytes":	524288,
					"bits_per_second":	4197002.7353270473,
					"omitted":	false,
					"sender":	false
				}],
			"sum":	{
				"start":	13.001124,
				"end":	14.000481,
				"seconds":	0.999356985092163,
				"bytes":	524288,
				"bits_per_second":	4197002.7353270473,
				"omitted":	false,
				"sender":	false
			}
		}, {
			"streams":	[{
					"socket":	5,
					"start":	14.000481,
					"end":	15.000539,
					"seconds":	1.0000580549240112,
					"bytes":	655360,
					"bits_per_second":	5242575.6426694421,
					"omitted":	false,
					"sender":	false
				}],
			"sum":	{
				"start":	14.000481,
				"end":	15.000539,
				"seconds":	1.0000580549240112,
				"bytes":	655360,
				"bits_per_second":	5242575.6426694421,
				"omitted":	false,
				"sender":	false
			}
		}, {
			"streams":	[{
					"socket":	5,
					"start":	15.000539,
					"end":	16.000476,
					"seconds":	0.99993699789047241,
					"bytes":	655360,
					"bits_per_second":	5243210.3333116956,
					"omitted":	false,
					"sender":	false
				}],
			"sum":	{
				"start":	15.000539,
				"end":	16.000476,
				"seconds":	0.99993699789047241,
				"bytes":	655360,
				"bits_per_second":	5243210.3333116956,
				"omitted":	false,