{
	"start":	{
		"connected":	[{
				"socket":	5,
				"local_host":	"10.0.0.1",
				"local_port":	55918,
				"remote_host":	"10.0.0.2",
				"remote_port":	5201
			}],
		"version":	"iperf 3.16",
		"system_info":	"Linux mininet 6.8.0-88-generic #89-Ubuntu SMP PREEMPT_DYNAMIC Sat Oct 11 01:02:46 UTC 2025 x86_64",
		"timestamp":	{
			"time":	"Tue, 02 Dec 2025 18:37:21 GMT",
			"timesecs":	1764700641
		},
		"connecting_to":	{
			"host":	"10.0.0.2",
			"port":	5201
		},
		"cookie":	"mlu7djrn76ihpxbxfxr6dz2l57b47gvfuuok",
		"tcp_mss_default":	1448,
		"target_bitrate":	0,
		"fq_rate":	0,
		"sock_bufsize":	0,
		"sndbuf_actual":	87380,
		"rcvbuf_actual":	87380,
		"test_start":	{
			"protocol":	"TCP",
			"num_streams":	1,
			"blksize":	131072,
			"omit":	0,
			"duration":	20,
			"bytes":	0,
			"blocks":	0,
			"reverse":	0,
			"tos":	0,
			"target_bitrate":	0,
			"bidir":	0,
			"fqrate":	0
		}
	},
	"intervals":	[{
			"streams":	[{
					"socket":	5,
					"start":	0,
					"end":	1.001098,
					"seconds":	1.0010980367660522,
					"bytes":	2228224,
					"bits_per_second":	17806240.09371195,
					"retransmits":	0,
					"snd_cwnd":	124528,
					"snd_wnd":	1199616,
					"rtt":	57878,
					"rttvar":	495,
					"pmtu":	1500,
					"omitted":	false,
					"sender":	true
				}],
			"sum":	{
				"start":	0,
				"end":	1.001098,
				"seconds":	1.0010980367660522,
				"bytes":	2228224,
				"bits_per_second":	17806240.09371195,
				"retransmits":	0,
				"omitted":	false,
				"sender":	true
			}
		}, {
			"streams":	[{
					"socket":	5,
					"start":	1.001098,
					"end":	2.000603,
					"seconds":	0.99950498342514038,
					"bytes":	1179648,
					"bits_per_second":	9441857.87614616,
					"retransmits":	0,
					"snd_cwnd":	124528,
					"snd_wnd":	1199616,
					"rtt":	68699,
					"rttvar":	280,
					"pmtu":	1500,
					"omitted":	false,
					"sender":	true
				}],
			"sum":	{
				"start":	1.001098,
				"end":	2.000603,
				"seconds":	0.99950498342514038,
				"bytes":	1179648,
				"bits_per_second":	9441857.87614616,
				"retransmits":	0,
				"omitted":	false,
				"sender":	true
			}
		}, {
			"streams":	[{
					"socket":	5,
					"start":	2.000603,
					"end":	3.000794,
					"seconds":	1.0001909732818604,
					"bytes":	1179648,
					"bits_per_second":	9435382.09411588,
					"retransmits":	0,
					"snd_cwnd":	124528,
					"snd_wnd":	1199616,
					"rtt":	73884,
					"rttvar":	345,
					"pmtu":	1500,
					"omitted":	false,
					"sender":	true
				}],
			"sum":	{
				"start":	2.000603,
				"end":	3.000794,
				"seconds":	1.0001909732818604,
				"bytes":	1179648,
				"bits_per_second":	9435382.09411588,
				"retransmits":	0,
				"omitted":	false,
				"sender":	true
			}
		}, {
			"streams":	[{
					"socket":	5,
					"start":	3.000794,
					"end":	4.000558,
					"seconds":	0.99976402521133423,
					"bytes":	1179648,
					"bits_per_second":	9439411.46312514,
					"retransmits":	2,
					"snd_cwnd":	124528,
					"snd_wnd":	1199616,
					"rtt":	73421,
					"rttvar":	2399,
					"pmtu":	1500,
					"omitted":	false,
					"sender":	true
				}],
			"sum":	{
				"start":	3.000794,
				"end":	4.000558,
				"seconds":	0.99976402521133423,
				"bytes":	1179648,
				"bits_per_second":	9439411.46312514,
				"retransmits":	2,
				"omitted":	false,
				"sender":	true
			}
		}, {
			"streams":	[{
					"socket":	5,
					"start":	4.000558,
					"end":	5.00097,
					"seconds":	1.0004119873046875,
					"bytes":	1310720,
					"bits_per_second":	10481441.779052209,
					"retransmits":	4,
					"snd_cwnd":	121632,
					"snd_wnd":	1202688,
					"rtt":	66796,
					"rttvar":	155,
					"pmtu":	1500,
					"omitted":	false,
					"sender":	true
				}],
			"sum":	{
				"start":	4.000558,
				"end":	5.00097,
				"seconds":	1.0004119873046875,
				"bytes":	1310720,
				"bits_per_second":	10481441.779052209,
				"retransmits":	4,
				"omitted":	false,
				"sender":	true
			}
		}, {
			"streams":	[{
					"socket":	5,
					"start":	5.00097,
					"end":	6.000758,
					"seconds":	0.999787986278534,
					"bytes":	1179648,
					"bits_per_second":	9439185.23678966,
					"retransmits":	0,
					"snd_cwnd":	124528,
					"snd_wnd":	1202688,
					"rtt":	66732,
					"rttvar":	249,
					"pmtu":	1500,
					"omitted":	false,
					"sender":	true
				}],
			"sum":	{
				"start":	5.00097,
				"end":	6.000758,
				"seconds":	0.999787986278534,
				"bytes":	1179648,
				"bits_per_second":	9439185.23678966,
				"retransmits":	0,
				"omitted":	false,
				"sender":	true
			}
		}, {
			"streams":	[{
					"socket":	5,
					"start":	6.000758,
					"end":	7.000572,
					"seconds":	0.999813973903656,
					"bytes":	1179648,
					"bits_per_second":	9438939.8891412,
					"retransmits":	2,
					"snd_cwnd":	124528,
					"snd_wnd":	1199616,
					"rtt":	68828,
					"rttvar":	93,
					"pmtu":	1500,
					"omitted":	false,
					"sender":	true
				}],
			"sum":	{
				"start":	6.000758,
				"end":	7.000572,
				"seconds":	0.999813973903656,
				"bytes":	1179648,
				"bits_per_second":	9438939.8891412,
				"retransmits":	2,
				"omitted":	false,
				"sender":	true
			}
		}, {
			"streams":	[{
					"socket":	5,
					"start":	7.000572,
					"end":	8.001008,
					"seconds":	1.0004359483718872,
					"bytes":	1179648,
					"bits_per_second":	9433071.66776454,
					"retransmits":	0,
					"snd_cwnd":	124528,
					"snd_wnd":	1202688,
					"rtt":	78144,
					"rttvar":	2317,
					"pmtu":	1500,
					"omitted":	false,
					"sender":	true
				}],
			"sum":	{
				"start":	7.000572,
				"end":	8.001008,
				"seconds":	1.0004359483718872,
				"bytes":	1179648,
				"bits_per_second":	9433071.66776454,
				"retransmits":	0,
				"omitted":	false,
				"sender":	true
			}
		}, {
			"streams":	[{
					"socket":	5,
					"start":	8.001008,
					"end":	9.000604,
					"seconds":	0.9995959997177124,
					"bytes":	1179648,
					"bits_per_second":	9440998.16592411,
					"retransmits":	0,
					"snd_cwnd":	121632,
					"snd_wnd":	1202688,
					"rtt":	76129,
					"rttvar":	1363,
					"pmtu":	1500,
					"omitted":	false,
					"sender":	true
				}],
			"sum":	{
				"start":	8.001008,
				"end":	9.000604,
				"seconds":	0.9995959997177124,
				"bytes":	1179648,
				"bits_per_second":	9440998.16592411,
				"retransmits":	0,
				"omitted":	false,
				"sender":	true
			}
		}, {
			"streams":	[{
					"socket":	5,
					"start":	9.000604,
					"end":	10.001026,
					"seconds":	1.00042200088501,
					"bytes":	1179648,
					"bits_per_second":	9433203.1799096,
					"retransmits":	2,
					"snd_cwnd":	127424,
					"snd_wnd":	1202688,
					"rtt":	71246,
					"rttvar":	157,
					"pmtu":	1500,
					"omitted":	false,
					"sender":	true
				}],
			"sum":	{
				"start":	9.000604,
				"end":	10.001026,
				"seconds":	1.00042200088501,
				"bytes":	1179648,
				"bits_per_second":	9433203.1799096,
				"retransmits":	2,
				"omitted":	false,
				"sender":	true
			}
		}, {
			"streams":	[{
					"socket":	5,
					"start":	10.001026,
					"end":	11.000572,
					"seconds":	0.999545991420746,
					"bytes":	1048576,
					"bits_per_second":	8392418.2298770528,
					"retransmits":	0,
					"snd_cwnd":	124528,
					"snd_wnd":	1202688,
					"rtt":	55626,
					"rttvar":	103,
					"pmtu":	1500,
					"omitted":	false,
					"sender":	true
				}],
			"sum":	{
				"start":	10.001026,
				"end":	11.000572,
				"seconds":	0.999545991420746,
				"bytes":	1048576,
				"bits_per_second":	8392418.2298770528,
				"retransmits":	0,
				"omitted":	false,
				"sender":	true
			}
		}, {
			"streams":	[{
					"socket":	5,
					"start":	11.000572,
					"end":	12.000812,
					"seconds":	1.0002399682998657,
					"bytes":	1179648,
					"bits_per_second":	9434919.9183078352,
					"retransmits":	2,
					"snd_cwnd":	124528,
					"snd_wnd":	1199616,
					"rtt":	54450,
					"rttvar":	129,
					"pmtu":	1500,
					"omitted":	false,
					"sender":	true
				}],
			"sum":	{
				"start":	11.000572,
				"end":	12.000812,
				"seconds":	1.0002399682998657,
				"bytes":	1179648,
				"bits_per_second":	9434919.9183078352,
				"retransmits":	2,
				"omitted":	false,