{
	"start":	{
		"connected":	[{
				"socket":	5,
				"local_host":	"10.0.0.1",
				"local_port":	39858,
				"remote_host":	"10.0.0.2",
				"remote_port":	5201
			}],
		"version":	"iperf 3.16",
		"system_info":	"Linux mininet 6.8.0-88-generic #89-Ubuntu SMP PREEMPT_DYNAMIC Sat Oct 11 01:02:46 UTC 2025 x86_64",
		"timestamp":	{
			"time":	"Tue, 02 Dec 2025 17:50:02 GMT",
			"timesecs":	1764697802
		},
		"connecting_to":	{
			"host":	"10.0.0.2",
			"port":	5201
		},
		"cookie":	"ww5u2ouqhzv5pysyhgpfdqpj45qdymaellww",
		"tcp_mss_default":	1448,
		"target_bitrate":	0,
		"fq_rate":	0,
		"sock_bufsize":	0,
		"sndbuf_actual":	87380,
		"rcvbuf_actual":	87380,
		"test_start":	{
			"protocol":	"TCP",
			"num_streams":	1,
			"blksize":	131072,
			"omit":	0,
			"duration":	20,
			"bytes":	0,
			"blocks":	0,
			"reverse":	0,
			"tos":	0,
			"target_bitrate":	0,
			"bidir":	0,
			"fqrate":	0
		}
	},
	"intervals":	[{
			"streams":	[{
					"socket":	5,
					"start":	0,
					"end":	1.000891,
					"seconds":	1.0008909702301025,
					"bytes":	2490368,
					"bits_per_second":	19905209.051311314,
					"retransmits":	0,
					"snd_cwnd":	298288,
					"snd_wnd":	1196544,
					"rtt":	235922,
					"rttvar":	959,
					"pmtu":	1500,
					"omitted":	false,
					"sender":	true
				}],
			"sum":	{
				"start":	0,
				"end":	1.000891,
				"seconds":	1.0008909702301025,
				"bytes":	2490368,
				"bits_per_second":	19905209.051311314,
				"retransmits":	0,
				"omitted":	false,
				"sender":	true
			}
		}, {
			"streams":	[{
					"socket":	5,
					"start":	1.000891,
					"end":	2.001031,
					"seconds":	1.0001399517059326,
					"bytes":	1441792,
					"bits_per_second":	11532721.975885428,
					"retransmits":	2,
					"snd_cwnd":	296840,
					"snd_wnd":	1196544,
					"rtt":	282383,
					"rttvar":	1318,
					"pmtu":	1500,
					"omitted":	false,
					"sender":	true
				}],
			"sum":	{
				"start":	1.000891,
				"end":	2.001031,
				"seconds":	1.0001399517059326,
				"bytes":	1441792,
				"bits_per_second":	11532721.975885428,
				"retransmits":	2,
				"omitted":	false,
				"sender":	true
			}
		}, {
			"streams":	[{
					"socket":	5,
					"start":	2.001031,
					"end":	3.000772,
					"seconds":	0.999741017818451,
					"bytes":	1441792,
					"bits_per_second":	11537323.961328743,
					"retransmits":	0,
					"snd_cwnd":	276568,
					"snd_wnd":	2734080,
					"rtt":	222589,
					"rttvar":	1473,
					"pmtu":	1500,
					"omitted":	false,
					"sender":	true
				}],
			"sum":	{
				"start":	2.001031,
				"end":	3.000772,
				"seconds":	0.999741017818451,
				"bytes":	1441792,
				"bits_per_second":	11537323.961328743,
				"retransmits":	0,
				"omitted":	false,
				"sender":	true
			}
		}, {
			"streams":	[{
					"socket":	5,
					"start":	3.000772,
					"end":	4.001033,
					"seconds":	1.0002609491348267,
					"bytes":	917504,
					"bits_per_second":	7338117.1246850565,
					"retransmits":	2,
					"snd_cwnd":	211408,
					"snd_wnd":	3316224,
					"rtt":	171198,
					"rttvar":	1071,
					"pmtu":	1500,
					"omitted":	false,
					"sender":	true
				}],
			"sum":	{
				"start":	3.000772,
				"end":	4.001033,
				"seconds":	1.0002609491348267,
				"bytes":	917504,
				"bits_per_second":	7338117.1246850565,
				"retransmits":	2,
				"omitted":	false,
				"sender":	true
			}
		}, {
			"streams":	[{
					"socket":	5,
					"start":	4.001033,
					"end":	5.000555,
					"seconds":	0.99952197074890137,
					"bytes":	1441792,
					"bits_per_second":	11539852.386994343,
					"retransmits":	0,
					"snd_cwnd":	233128,
					"snd_wnd":	3316224,
					"rtt":	191777,
					"rttvar":	754,
					"pmtu":	1500,
					"omitted":	false,
					"sender":	true
				}],
			"sum":	{
				"start":	4.001033,
				"end":	5.000555,
				"seconds":	0.99952197074890137,
				"bytes":	1441792,
				"bits_per_second":	11539852.386994343,
				"retransmits":	0,
				"omitted":	false,
				"sender":	true
			}
		}, {
			"streams":	[{
					"socket":	5,
					"start":	5.000555,
					"end":	6.000914,
					"seconds":	1.000359058380127,
					"bytes":	655360,
					"bits_per_second":	5240998.17568479,
					"retransmits":	0,
					"snd_cwnd":	246160,
					"snd_wnd":	3318784,
					"rtt":	203158,
					"rttvar":	546,
					"pmtu":	1500,
					"omitted":	false,
					"sender":	true
				}],
			"sum":	{
				"start":	5.000555,
				"end":	6.000914,
				"seconds":	1.000359058380127,
				"bytes":	655360,
				"bits_per_second":	5240998.17568479,
				"retransmits":	0,
				"omitted":	false,
				"sender":	true
			}
		}, {
			"streams":	[{
					"socket":	5,
					"start":	6.000914,
					"end":	7.000363,
					"seconds":	0.99944901466369629,
					"bytes":	1441792,
					"bits_per_second":	11540694.75357998,
					"retransmits":	2,
					"snd_cwnd":	185344,
					"snd_wnd":	3316224,
					"rtt":	151145,
					"rttvar":	508,
					"pmtu":	1500,
					"omitted":	false,
					"sender":	true
				}],
			"sum":	{
				"start":	6.000914,
				"end":	7.000363,
				"seconds":	0.99944901466369629,
				"bytes":	1441792,
				"bits_per_second":	11540694.75357998,
				"retransmits":	2,
				"omitted":	false,
				"sender":	true
			}
		}, {
			"streams":	[{
					"socket":	5,
					"start":	7.000363,
					"end":	8.000732,
					"seconds":	1.00036895275116,
					"bytes":	1441792,
					"bits_per_second":	11530081.944545463,
					"retransmits":	6,
					"snd_cwnd":	99912,
					"snd_wnd":	3316224,
					"rtt":	81435,
					"rttvar":	437,
					"pmtu":	1500,
					"omitted":	false,
					"sender":	true
				}],
			"sum":	{
				"start":	7.000363,
				"end":	8.000732,
				"seconds":	1.00036895275116,
				"bytes":	1441792,
				"bits_per_second":	11530081.944545463,
				"retransmits":	6,
				"omitted":	false,
				"sender":	true
			}
		}, {
			"streams":	[{
					"socket":	5,
					"start":	8.000732,
					"end":	9.00091,
					"seconds":	1.0001779794692993,
					"bytes":	786432,
					"bits_per_second":	6290336.4492570469,
					"retransmits":	2,
					"snd_cwnd":	81088,
					"snd_wnd":	3318784,
					"rtt":	67308,
					"rttvar":	855,
					"pmtu":	1500,
					"omitted":	false,
					"sender":	true
				}],
			"sum":	{
				"start":	8.000732,
				"end":	9.00091,
				"seconds":	1.0001779794692993,
				"bytes":	786432,
				"bits_per_second":	6290336.4492570469,
				"retransmits":	2,
				"omitted":	false,
				"sender":	true
			}
		}, {
			"streams":	[{
					"socket":	5,
					"start":	9.00091,
					"end":	10.001056,
					"seconds":	1.0001460313797,
					"bytes":	1441792,
					"bits_per_second":	11532651.870935692,
					"retransmits":	2,
					"snd_cwnd":	65160,
					"snd_wnd":	3316224,
					"rtt":	54157,
					"rttvar":	615,
					"pmtu":	1500,
					"omitted":	false,
					"sender":	true
				}],
			"sum":	{
				"start":	9.00091,
				"end":	10.001056,
				"seconds":	1.0001460313797,
				"bytes":	1441792,
				"bits_per_second":	11532651.870935692,
				"retransmits":	2,
				"omitted":	false,
				"sender":	true
			}
		}, {
			"streams":	[{
					"socket":	5,
					"start":	10.001056,
					"end":	11.000611,
					"seconds":	0.999554991722107,
					"bytes":	1310720,
					"bits_per_second":	10490428.327444356,
					"retransmits":	0,
					"snd_cwnd":	78192,
					"snd_wnd":	3316224,
					"rtt":	64316,
					"rttvar":	454,
					"pmtu":	1500,
					"omitted":	false,
					"sender":	true
				}],
			"sum":	{
				"start":	10.001056,
				"end":	11.000611,
				"seconds":	0.999554991722107,
				"bytes":	1310720,
				"bits_per_second":	10490428.327444356,
				"retransmits":	0,
				"omitted":	false,
				"sender":	true
			}
		}, {
			"streams":	[{
					"socket":	5,
					"start":	11.000611,
					"end":	12.000856,
					"seconds":	1.0002449750900269,
					"bytes":	786432,
					"bits_per_second":	6289915.1274753856,
					"retransmits":	4,
					"snd_cwnd":	68056,
					"snd_wnd":	3318784,
					"rtt":	56441,
					"rttvar":	519,
					"pmtu":	1500,
					"omitted":	false,
					"sender":	true
				}],
			"sum":	{
				"start":	11.000611,
				"end":	12.000856,
				"seconds":	1.0002449750900269,
				"bytes":	786432,
				"bits_per_second":	6289915.1274753856,
				"retransmits":	4,