{
	"start":	{
		"connected":	[{
				"socket":	5,
				"local_host":	"10.0.0.2",
				"local_port":	5201,
				"remote_host":	"10.0.0.1",
				"remote_port":	39858
			}],
		"version":	"iperf 3.16",
		"system_info":	"Linux mininet 6.8.0-88-generic #89-Ubuntu SMP PREEMPT_DYNAMIC Sat Oct 11 01:02:46 UTC 2025 x86_64",
		"sock_bufsize":	0,
		"sndbuf_actual":	87380,
		"rcvbuf_actual":	87380,
		"timestamp":	{
			"time":	"Tue, 02 Dec 2025 17:50:02 GMT",
			"timesecs":	1764697802
		},
		"accepted_connection":	{
			"host":	"10.0.0.1",
			"port":	39844
		},
		"cookie":	"ww5u2ouqhzv5pysyhgpfdqpj45qdymaellww",
		"tcp_mss_default":	0,
		"target_bitrate":	0,
		"fq_rate":	0,
		"test_start":	{
			"protocol":	"TCP",
			"num_streams":	1,
			"blksize":	131072,
			"omit":	0,
			"duration":	20,
			"bytes":	0,
			"blocks":	0,
			"reverse":	0,
			"tos":	0,
			"target_bitrate":	0,
			"bidir":	0,
			"fqrate":	0
		}
	},
	"intervals":	[{
			"streams":	[{
					"socket":	5,
					"start":	0,
					"end":	1.000928,
					"seconds":	1.0009280443191528,
					"bytes":	1048576,
					"bits_per_second":	8380830.218126284,
					"omitted":	false,
					"sender":	false
				}],
			"sum":	{
				"start":	0,
				"end":	1.000928,
				"seconds":	1.0009280443191528,
				"bytes":	1048576,
				"bits_per_second":	8380830.218126284,
				"omitted":	false,
				"sender":	false
			}
		}, {
			"streams":	[{
					"socket":	5,
					"start":	1.000928,
					"end":	2.000784,
					"seconds":	0.99985599517822266,
					"bytes":	1048576,
					"bits_per_second":	8389816.17398288,
					"omitted":	false,
					"sender":	false
				}],
			"sum":	{
				"start":	1.000928,
				"end":	2.000784,
				"seconds":	0.99985599517822266,
				"bytes":	1048576,
				"bits_per_second":	8389816.17398288,
				"omitted":	false,
				"sender":	false
			}
		}, {
			"streams":	[{
					"socket":	5,
					"start":	2.000784,
					"end":	3.000846,
					"seconds":	1.0000619888305664,
					"bytes":	1310720,
					"bits_per_second":	10485110.040290242,
					"omitted":	false,
					"sender":	false
				}],
			"sum":	{
				"start":	2.000784,
				"end":	3.000846,
				"seconds":	1.0000619888305664,
				"bytes":	1310720,
				"bits_per_second":	10485110.040290242,
				"omitted":	false,
				"sender":	false
			}
		}, {
			"streams":	[{
					"socket":	5,
					"start":	3.000846,
					"end":	4.000567,
					"seconds":	0.9997209906578064,
					"bytes":	1179648,
					"bits_per_second":	9439817.7973540667,
					"omitted":	false,
					"sender":	false
				}],
			"sum":	{
				"start":	3.000846,
				"end":	4.000567,
				"seconds":	0.9997209906578064,
				"bytes":	1179648,
				"bits_per_second":	9439817.7973540667,
				"omitted":	false,
				"sender":	false
			}
		}, {
			"streams":	[{
					"socket":	5,
					"start":	4.000567,
					"end":	5.001079,
					"seconds":	1.0005120038986206,
					"bytes":	1179648,
					"bits_per_second":	9432354.59767282,
					"omitted":	false,
					"sender":	false
				}],
			"sum":	{
				"start":	4.000567,
				"end":	5.001079,
				"seconds":	1.0005120038986206,
				"bytes":	1179648,
				"bits_per_second":	9432354.59767282,
				"omitted":	false,
				"sender":	false
			}
		}, {
			"streams":	[{
					"socket":	5,
					"start":	5.001079,
					"end":	6.000966,
					"seconds":	0.999886989593506,
					"bytes":	1179648,
					"bits_per_second":	9438250.62053922,
					"omitted":	false,
					"sender":	false
				}],
			"sum":	{
				"start":	5.001079,
				"end":	6.000966,
				"seconds":	0.999886989593506,
				"bytes":	1179648,
				"bits_per_second":	9438250.62053922,
				"omitted":	false,
				"sender":	false
			}
		}, {
			"streams":	[{
					"socket":	5,
					"start":	6.000966,
					"end":	7.000727,
					"seconds":	0.99976098537445068,
					"bytes":	1179648,
					"bits_per_second":	9439440.1642562542,
					"omitted":	false,
					"sender":	false
				}],
			"sum":	{
				"start":	6.000966,
				"end":	7.000727,
				"seconds":	0.99976098537445068,
				"bytes":	1179648,
				"bits_per_second":	9439440.1642562542,
				"omitted":	false,
				"sender":	false
			}
		}, {
			"streams":	[{
					"socket":	5,
					"start":	7.000727,
					"end":	8.000794,
					"seconds":	1.0000669956207275,
					"bytes":	1310720,
					"bits_per_second":	10485057.54706127,
					"omitted":	false,
					"sender":	false
				}],
			"sum":	{
				"start":	7.000727,
				"end":	8.000794,
				"seconds":	1.0000669956207275,
				"bytes":	1310720,
				"bits_per_second":	10485057.54706127,
				"omitted":	false,
				"sender":	false
			}
		}, {
			"streams":	[{
					"socket":	5,
					"start":	8.000794,
					"end":	9.000611,
					"seconds":	0.99981701374053955,
					"bytes":	1179648,
					"bits_per_second":	9438911.19105223,
					"omitted":	false,
					"sender":	false
				}],
			"sum":	{
				"start":	8.000794,
				"end":	9.000611,
				"seconds":	0.99981701374053955,
				"bytes":	1179648,
				"bits_per_second":	9438911.19105223,
				"omitted":	false,
				"sender":	false
			}
		}, {
			"streams":	[{
					"socket":	5,
					"start":	9.000611,
					"end":	10.00099,
					"seconds":	1.0003789663314819,
					"bytes":	1179648,
					"bits_per_second":	9433608.9798122849,
					"omitted":	false,
					"sender":	false
				}],
			"sum":	{
				"start":	9.000611,
				"end":	10.00099,
				"seconds":	1.0003789663314819,
				"bytes":	1179648,
				"bits_per_second":	9433608.9798122849,
				"omitted":	false,
				"sender":	false
			}
		}, {
			"streams":	[{
					"socket":	5,
					"start":	10.00099,
					"end":	11.00096,
					"seconds":	0.999970018863678,
					"bytes":	1179648,
					"bits_per_second":	9437466.9459830429,
					"omitted":	false,
					"sender":	false
				}],
			"sum":	{
				"start":	10.00099,
				"end":	11.00096,
				"seconds":	0.999970018863678,
				"bytes":	1179648,
				"bits_per_second":	9437466.9459830429,
				"omitted":	false,
				"sender":	false
			}
		}, {
			"streams":	[{
					"socket":	5,
					"start":	11.00096,
					"end":	12.000772,
					"seconds":	0.99981200695037842,
					"bytes":	1179648,
					"bits_per_second":	9438958.45858588,
					"omitted":	false,
					"sender":	false
				}],
			"sum":	{
				"start":	11.00096,
				"end":	12.000772,
				"seconds":	0.99981200695037842,
				"bytes":	1179648,
				"bits_per_second":	9438958.45858588,
				"omitted":	false,
				"sender":	false
			}
		}, {
			"streams":	[{
					"socket":	5,
					"start":	12.000772,
					"end":	13.00068,
					"seconds":	0.9999079704284668,
					"bytes":	1179648,
					"bits_per_second":	9438052.57993504,
					"omitted":	false,
					"sender":	false
				}],
			"sum":	{
				"start":	12.000772,
				"end":	13.00068,
				"seconds":	0.9999079704284668,
				"bytes":	1179648,
				"bits_per_second":	9438052.57993504,
				"omitted":	false,
				"sender":	false
			}
		}, {
			"streams":	[{
					"socket":	5,
					"start":	13.00068,
					"end":	14.000528,
					"seconds":	0.99984800815582275,
					"bytes":	1179648,
					"bits_per_second":	9438618.5930464435,
					"omitted":	false,
					"sender":	false
				}],
			"sum":	{
				"start":	13.00068,
				"end":	14.000528,
				"seconds":	0.99984800815582275,
				"bytes":	1179648,
				"bits_per_second":	9438618.5930464435,
				"omitted":	false,
				"sender":	false
			}
		}, {
			"streams":	[{
					"socket":	5,
					"start":	14.000528,
					"end":	15.000965,
					"seconds":	1.0004370212554932,
					"bytes":	1179648,
					"bits_per_second":	9433061.5515975766,
					"omitted":	false,
					"sender":	false
				}],
			"sum":	{
				"start":	14.000528,
				"end":	15.000965,
				"seconds":	1.0004370212554932,
				"bytes":	1179648,
				"bits_per_second":	9433061.5515975766,
				"omitted":	false,
				"sender":	false
			}
		}, {
			"streams":	[{
					"socket":	5,
					"start":	15.000965,
					"end":	16.000891,
					"seconds":	0.999925971031189,
					"bytes":	1310720,
					"bits_per_second":	10486536.307469241,
					"omitted":	false,
					"sender":	false
				}],
			"sum":	{
				"start":	15.000965,
				"end":	16.000891,
				"seconds":	0.999925971031189,
				"bytes":	1310720,
				"bits_per_second":	10486536.307469241,
				"omitted":	false,