{
	"start":	{
		"connected":	[{
				"socket":	5,
				"local_host":	"10.0.0.1",
				"local_port":	35526,
				"remote_host":	"10.0.0.2",
				"remote_port":	5201
			}],
		"version":	"iperf 3.16",
		"system_info":	"Linux mininet 6.8.0-88-generic #89-Ubuntu SMP PREEMPT_DYNAMIC Sat Oct 11 01:02:46 UTC 2025 x86_64",
		"timestamp":	{
			"time":	"Tue, 02 Dec 2025 19:09:48 GMT",
			"timesecs":	1764702588
		},
		"connecting_to":	{
			"host":	"10.0.0.2",
			"port":	5201
		},
		"cookie":	"zhpt4ep2fu7udomac53i7eytrful43zjric3",
		"tcp_mss_default":	1448,
		"target_bitrate":	0,
		"fq_rate":	0,
		"sock_bufsize":	0,
		"sndbuf_actual":	87380,
		"rcvbuf_actual":	87380,
		"test_start":	{
			"protocol":	"TCP",
			"num_streams":	1,
			"blksize":	131072,
			"omit":	0,
			"duration":	20,
			"bytes":	0,
			"blocks":	0,
			"reverse":	0,
			"tos":	0,
			"target_bitrate":	0,
			"bidir":	0,
			"fqrate":	0
		}
	},
	"intervals":	[{
			"streams":	[{
					"socket":	5,
					"start":	0,
					"end":	1.001195,
					"seconds":	1.001194953918457,
					"bytes":	17039360,
					"bits_per_second":	136152184.41372833,
					"retransmits":	0,
					"snd_cwnd":	1867920,
					"snd_wnd":	4079104,
					"rtt":	194164,
					"rttvar":	8799,
					"pmtu":	1500,
					"omitted":	false,
					"sender":	true
				}],
			"sum":	{
				"start":	0,
				"end":	1.001195,
				"seconds":	1.001194953918457,
				"bytes":	17039360,
				"bits_per_second":	136152184.41372833,
				"retransmits":	0,
				"omitted":	false,
				"sender":	true
			}
		}, {
			"streams":	[{
					"socket":	5,
					"start":	1.001195,
					"end":	2.001194,
					"seconds":	0.99999898672103882,
					"bytes":	5505024,
					"bits_per_second":	44040236.625045218,
					"retransmits":	0,
					"snd_cwnd":	1856336,
					"snd_wnd":	9095680,
					"rtt":	312718,
					"rttvar":	577,
					"pmtu":	1500,
					"omitted":	false,
					"sender":	true
				}],
			"sum":	{
				"start":	1.001195,
				"end":	2.001194,
				"seconds":	0.99999898672103882,
				"bytes":	5505024,
				"bits_per_second":	44040236.625045218,
				"retransmits":	0,
				"omitted":	false,
				"sender":	true
			}
		}, {
			"streams":	[{
					"socket":	5,
					"start":	2.001194,
					"end":	3.001039,
					"seconds":	0.999845027923584,
					"bytes":	5505024,
					"bits_per_second":	44047018.057848357,
					"retransmits":	0,
					"snd_cwnd":	1285824,
					"snd_wnd":	9095680,
					"rtt":	108946,
					"rttvar":	74,
					"pmtu":	1500,
					"omitted":	false,
					"sender":	true
				}],
			"sum":	{
				"start":	2.001194,
				"end":	3.001039,
				"seconds":	0.999845027923584,
				"bytes":	5505024,
				"bits_per_second":	44047018.057848357,
				"retransmits":	0,
				"omitted":	false,
				"sender":	true
			}
		}, {
			"streams":	[{
					"socket":	5,
					"start":	3.001039,
					"end":	4.001169,
					"seconds":	1.0001300573349,
					"bytes":	5636096,
					"bits_per_second":	45082904.6375733,
					"retransmits":	0,
					"snd_cwnd":	1285824,
					"snd_wnd":	9098752,
					"rtt":	107364,
					"rttvar":	754,
					"pmtu":	1500,
					"omitted":	false,
					"sender":	true
				}],
			"sum":	{
				"start":	3.001039,
				"end":	4.001169,
				"seconds":	1.0001300573349,
				"bytes":	5636096,
				"bits_per_second":	45082904.6375733,
				"retransmits":	0,
				"omitted":	false,
				"sender":	true
			}
		}, {
			"streams":	[{
					"socket":	5,
					"start":	4.001169,
					"end":	5.001099,
					"seconds":	0.99993002414703369,
					"bytes":	5505024,
					"bits_per_second":	44043273.96566318,
					"retransmits":	0,
					"snd_cwnd":	1320576,
					"snd_wnd":	9094656,
					"rtt":	116053,
					"rttvar":	1932,
					"pmtu":	1500,
					"omitted":	false,
					"sender":	true
				}],
			"sum":	{
				"start":	4.001169,
				"end":	5.001099,
				"seconds":	0.99993002414703369,
				"bytes":	5505024,
				"bits_per_second":	44043273.96566318,
				"retransmits":	0,
				"omitted":	false,
				"sender":	true
			}
		}, {
			"streams":	[{
					"socket":	5,
					"start":	5.001099,
					"end":	6.001107,
					"seconds":	1.0000079870224,
					"bytes":	5505024,
					"bits_per_second":	44039840.252809413,
					"retransmits":	0,
					"snd_cwnd":	1282928,
					"snd_wnd":	9096704,
					"rtt":	113888,
					"rttvar":	1705,
					"pmtu":	1500,
					"omitted":	false,
					"sender":	true
				}],
			"sum":	{
				"start":	5.001099,
				"end":	6.001107,
				"seconds":	1.0000079870224,
				"bytes":	5505024,
				"bits_per_second":	44039840.252809413,
				"retransmits":	0,
				"omitted":	false,
				"sender":	true
			}
		}, {
			"streams":	[{
					"socket":	5,
					"start":	6.001107,
					"end":	7.0011,
					"seconds":	0.99999302625656128,
					"bytes":	5505024,
					"bits_per_second":	44040499.127141826,
					"retransmits":	0,
					"snd_cwnd":	1277136,
					"snd_wnd":	9096704,
					"rtt":	105707,
					"rttvar":	69,
					"pmtu":	1500,
					"omitted":	false,
					"sender":	true
				}],
			"sum":	{
				"start":	6.001107,
				"end":	7.0011,
				"seconds":	0.99999302625656128,
				"bytes":	5505024,
				"bits_per_second":	44040499.127141826,
				"retransmits":	0,
				"omitted":	false,
				"sender":	true
			}
		}, {
			"streams":	[{
					"socket":	5,
					"start":	7.0011,
					"end":	8.001139,
					"seconds":	1.0000389814376831,
					"bytes":	5636096,
					"bits_per_second":	45087010.443512082,
					"retransmits":	0,
					"snd_cwnd":	1277136,
					"snd_wnd":	9096704,
					"rtt":	104825,
					"rttvar":	83,
					"pmtu":	1500,
					"omitted":	false,
					"sender":	true
				}],
			"sum":	{
				"start":	7.0011,
				"end":	8.001139,
				"seconds":	1.0000389814376831,
				"bytes":	5636096,
				"bits_per_second":	45087010.443512082,
				"retransmits":	0,
				"omitted":	false,
				"sender":	true
			}
		}, {
			"streams":	[{
					"socket":	5,
					"start":	8.001139,
					"end":	9.001075,
					"seconds":	0.99993598461151123,
					"bytes":	5505024,
					"bits_per_second":	44043011.43048694,
					"retransmits":	0,
					"snd_cwnd":	1277136,
					"snd_wnd":	9096704,
					"rtt":	104565,
					"rttvar":	50,
					"pmtu":	1500,
					"omitted":	false,
					"sender":	true
				}],
			"sum":	{
				"start":	8.001139,
				"end":	9.001075,
				"seconds":	0.99993598461151123,
				"bytes":	5505024,
				"bits_per_second":	44043011.43048694,
				"retransmits":	0,
				"omitted":	false,
				"sender":	true
			}
		}, {
			"streams":	[{
					"socket":	5,
					"start":	9.001075,
					"end":	10.001159,
					"seconds":	1.0000840425491333,
					"bytes":	5505024,
					"bits_per_second":	44036491.061036348,
					"retransmits":	0,
					"snd_cwnd":	1280032,
					"snd_wnd":	9096704,
					"rtt":	104594,
					"rttvar":	81,
					"pmtu":	1500,
					"omitted":	false,
					"sender":	true
				}],
			"sum":	{
				"start":	9.001075,
				"end":	10.001159,
				"seconds":	1.0000840425491333,
				"bytes":	5505024,
				"bits_per_second":	44036491.061036348,
				"retransmits":	0,
				"omitted":	false,
				"sender":	true
			}
		}, {
			"streams":	[{
					"socket":	5,
					"start":	10.001159,
					"end":	11.001084,
					"seconds":	0.99992501735687256,
					"bytes":	11141120,
					"bits_per_second":	89135643.626155958,
					"retransmits":	0,
					"snd_cwnd":	1271344,
					"snd_wnd":	9095680,
					"rtt":	124141,
					"rttvar":	1466,
					"pmtu":	1500,
					"omitted":	false,
					"sender":	true
				}],
			"sum":	{
				"start":	10.001159,
				"end":	11.001084,
				"seconds":	0.99992501735687256,
				"bytes":	11141120,
				"bits_per_second":	89135643.626155958,
				"retransmits":	0,
				"omitted":	false,
				"sender":	true
			}
		}, {
			"streams":	[{
					"socket":	5,
					"start":	11.001084,
					"end":	12.001223,
					"seconds":	1.0001389980316162,
					"bytes":	5505024,
					"bits_per_second":	44034071.3507582,
					"retransmits":	0,
					"snd_cwnd":	1282928,
					"snd_wnd":	9095680,
					"rtt":	108802,
					"rttvar":	313,
					"pmtu":	1500,
					"omitted":	false,
					"sender":	true
				}],
			"sum":	{
				"start":	11.001084,
				"end":	12.001223,
				"seconds":	1.0001389980316162,
				"bytes":	5505024,
				"bits_per_second":	44034071.3507582,