{
	"start":	{
		"connected":	[{
				"socket":	5,
				"local_host":	"10.0.0.2",
				"local_port":	5201,
				"remote_host":	"10.0.0.1",
				"remote_port":	57844
			}],
		"version":	"iperf 3.16",
		"system_info":	"Linux mininet 6.8.0-88-generic #89-Ubuntu SMP PREEMPT_DYNAMIC Sat Oct 11 01:02:46 UTC 2025 x86_64",
		"sock_bufsize":	0,
		"sndbuf_actual":	87380,
		"rcvbuf_actual":	87380,
		"timestamp":	{
			"time":	"Tue, 02 Dec 2025 16:56:08 GMT",
			"timesecs":	1764694568
		},
		"accepted_connection":	{
			"host":	"10.0.0.1",
			"port":	57832
		},
		"cookie":	"pyiexhdu4q2gdtbs4f4b2onrl7mdkyjrihng",
		"tcp_mss_default":	0,
		"target_bitrate":	0,
		"fq_rate":	0,
		"test_start":	{
			"protocol":	"TCP",
			"num_streams":	1,
			"blksize":	131072,
			"omit":	0,
			"duration":	20,
			"bytes":	0,
			"blocks":	0,
			"reverse":	0,
			"tos":	0,
			"target_bitrate":	0,
			"bidir":	0,
			"fqrate":	0
		}
	},
	"intervals":	[{
			"streams":	[{
					"socket":	5,
					"start":	0,
					"end":	1.00079,
					"seconds":	1.000789999961853,
					"bytes":	786432,
					"bits_per_second":	6286489.673397826,
					"omitted":	false,
					"sender":	false
				}],
			"sum":	{
				"start":	0,
				"end":	1.00079,
				"seconds":	1.000789999961853,
				"bytes":	786432,
				"bits_per_second":	6286489.673397826,
				"omitted":	false,
				"sender":	false
			}
		}, {
			"streams":	[{
					"socket":	5,
					"start":	1.00079,
					"end":	2.000991,
					"seconds":	1.0002009868621826,
					"bytes":	1179648,
					"bits_per_second":	9435287.6311452258,
					"omitted":	false,
					"sender":	false
				}],
			"sum":	{
				"start":	1.00079,
				"end":	2.000991,
				"seconds":	1.0002009868621826,
				"bytes":	1179648,
				"bits_per_second":	9435287.6311452258,
				"omitted":	false,
				"sender":	false
			}
		}, {
			"streams":	[{
					"socket":	5,
					"start":	2.000991,
					"end":	3.000602,
					"seconds":	0.9996110200881958,
					"bytes":	1441792,
					"bits_per_second":	11538824.370886112,
					"omitted":	false,
					"sender":	false
				}],
			"sum":	{
				"start":	2.000991,
				"end":	3.000602,
				"seconds":	0.9996110200881958,
				"bytes":	1441792,
				"bits_per_second":	11538824.370886112,
				"omitted":	false,
				"sender":	false
			}
		}, {
			"streams":	[{
					"socket":	5,
					"start":	3.000602,
					"end":	4.000913,
					"seconds":	1.000311017036438,
					"bytes":	1179648,
					"bits_per_second":	9434249.78759005,
					"omitted":	false,
					"sender":	false
				}],
			"sum":	{
				"start":	3.000602,
				"end":	4.000913,
				"seconds":	1.000311017036438,
				"bytes":	1179648,
				"bits_per_second":	9434249.78759005,
				"omitted":	false,
				"sender":	false
			}
		}, {
			"streams":	[{
					"socket":	5,
					"start":	4.000913,
					"end":	5.001038,
					"seconds":	1.0001250505447388,
					"bytes":	1179648,
					"bits_per_second":	9436004.02255682,
					"omitted":	false,
					"sender":	false
				}],
			"sum":	{
				"start":	4.000913,
				"end":	5.001038,
				"seconds":	1.0001250505447388,
				"bytes":	1179648,
				"bits_per_second":	9436004.02255682,
				"omitted":	false,
				"sender":	false
			}
		}, {
			"streams":	[{
					"socket":	5,
					"start":	5.001038,
					"end":	6.000809,
					"seconds":	0.999770998954773,
					"bytes":	1179648,
					"bits_per_second":	9439345.62001324,
					"omitted":	false,
					"sender":	false
				}],
			"sum":	{
				"start":	5.001038,
				"end":	6.000809,
				"seconds":	0.999770998954773,
				"bytes":	1179648,
				"bits_per_second":	9439345.62001324,
				"omitted":	false,
				"sender":	false
			}
		}, {
			"streams":	[{
					"socket":	5,
					"start":	6.000809,
					"end":	7.000716,
					"seconds":	0.99990701675415039,
					"bytes":	1179648,
					"bits_per_second":	9438061.5816003848,
					"omitted":	false,
					"sender":	false
				}],
			"sum":	{
				"start":	6.000809,
				"end":	7.000716,
				"seconds":	0.99990701675415039,
				"bytes":	1179648,
				"bits_per_second":	9438061.5816003848,
				"omitted":	false,
				"sender":	false
			}
		}, {
			"streams":	[{
					"socket":	5,
					"start":	7.000716,
					"end":	8.000507,
					"seconds":	0.99979102611541748,
					"bytes":	1310720,
					"bits_per_second":	10487951.708009737,
					"omitted":	false,
					"sender":	false
				}],
			"sum":	{
				"start":	7.000716,
				"end":	8.000507,
				"seconds":	0.99979102611541748,
				"bytes":	1310720,
				"bits_per_second":	10487951.708009737,
				"omitted":	false,
				"sender":	false
			}
		}, {
			"streams":	[{
					"socket":	5,
					"start":	8.000507,
					"end":	9.000673,
					"seconds":	1.0001660585403442,
					"bytes":	1179648,
					"bits_per_second":	9435617.13519128,
					"omitted":	false,
					"sender":	false
				}],
			"sum":	{
				"start":	8.000507,
				"end":	9.000673,
				"seconds":	1.0001660585403442,
				"bytes":	1179648,
				"bits_per_second":	9435617.13519128,
				"omitted":	false,
				"sender":	false
			}
		}, {
			"streams":	[{
					"socket":	5,
					"start":	9.000673,
					"end":	10.000821,
					"seconds":	1.0001480579376221,
					"bytes":	1179648,
					"bits_per_second":	9435786.95684333,
					"omitted":	false,
					"sender":	false
				}],
			"sum":	{
				"start":	9.000673,
				"end":	10.000821,
				"seconds":	1.0001480579376221,
				"bytes":	1179648,
				"bits_per_second":	9435786.95684333,
				"omitted":	false,
				"sender":	false
			}
		}, {
			"streams":	[{
					"socket":	5,
					"start":	10.000821,
					"end":	11.000566,
					"seconds":	0.999745011329651,
					"bytes":	1179648,
					"bits_per_second":	9439590.9887548629,
					"omitted":	false,
					"sender":	false
				}],
			"sum":	{
				"start":	10.000821,
				"end":	11.000566,
				"seconds":	0.999745011329651,
				"bytes":	1179648,
				"bits_per_second":	9439590.9887548629,
				"omitted":	false,
				"sender":	false
			}
		}, {
			"streams":	[{
					"socket":	5,
					"start":	11.000566,
					"end":	12.001072,
					"seconds":	1.0005060434341431,
					"bytes":	1179648,
					"bits_per_second":	9432410.79045135,
					"omitted":	false,
					"sender":	false
				}],
			"sum":	{
				"start":	11.000566,
				"end":	12.001072,
				"seconds":	1.0005060434341431,
				"bytes":	1179648,
				"bits_per_second":	9432410.79045135,
				"omitted":	false,
				"sender":	false
			}
		}, {
			"streams":	[{
					"socket":	5,
					"start":	12.001072,
					"end":	13.000988,
					"seconds":	0.99991601705551147,
					"bytes":	1179648,
					"bits_per_second":	9437976.62906732,
					"omitted":	false,
					"sender":	false
				}],
			"sum":	{
				"start":	12.001072,
				"end":	13.000988,
				"seconds":	0.99991601705551147,
				"bytes":	1179648,
				"bits_per_second":	9437976.62906732,
				"omitted":	false,
				"sender":	false
			}
		}, {
			"streams":	[{
					"socket":	5,
					"start":	13.000988,
					"end":	14.000862,
					"seconds":	0.99987399578094482,
					"bytes":	1179648,
					"bits_per_second":	9438373.27485365,
					"omitted":	false,
					"sender":	false
				}],
			"sum":	{
				"start":	13.000988,
				"end":	14.000862,
				"seconds":	0.99987399578094482,
				"bytes":	1179648,
				"bits_per_second":	9438373.27485365,
				"omitted":	false,
				"sender":	false
			}
		}, {
			"streams":	[{
					"socket":	5,
					"start":	14.000862,
					"end":	15.001082,
					"seconds":	1.0002199411392212,
					"bytes":	1179648,
					"bits_per_second":	9435108.8314149436,
					"omitted":	false,
					"sender":	false
				}],
			"sum":	{
				"start":	14.000862,
				"end":	15.001082,
				"seconds":	1.0002199411392212,
				"bytes":	1179648,
				"bits_per_second":	9435108.8314149436,
				"omitted":	false,
				"sender":	false
			}
		}, {
			"streams":	[{
					"socket":	5,
					"start":	15.001082,
					"end":	16.001089,
					"seconds":	1.0000070333480835,
					"bytes":	1048576,
					"bits_per_second":	8388549.0004149647,
					"omitted":	false,
					"sender":	false
				}],
			"sum":	{
				"start":	15.001082,
				"end":	16.001089,
				"seconds":	1.0000070333480835,
				"bytes":	1048576,
				"bits_per_second":	8388549.0004149647,
				"omitted":	false,