{
	"start":	{
		"connected":	[{
				"socket":	5,
				"local_host":	"10.0.0.1",
				"local_port":	58106,
				"remote_host":	"10.0.0.2",
				"remote_port":	5201
			}],
		"version":	"iperf 3.16",
		"system_info":	"Linux mininet 6.8.0-88-generic #89-Ubuntu SMP PREEMPT_DYNAMIC Sat Oct 11 01:02:46 UTC 2025 x86_64",
		"timestamp":	{
			"time":	"Tue, 02 Dec 2025 18:36:35 GMT",
			"timesecs":	1764700595
		},
		"connecting_to":	{
			"host":	"10.0.0.2",
			"port":	5201
		},
		"cookie":	"fds2gfezbhydzajfzeirpbklg2df6kq2tdrv",
		"tcp_mss_default":	1448,
		"target_bitrate":	0,
		"fq_rate":	0,
		"sock_bufsize":	0,
		"sndbuf_actual":	87380,
		"rcvbuf_actual":	87380,
		"test_start":	{
			"protocol":	"TCP",
			"num_streams":	1,
			"blksize":	131072,
			"omit":	0,
			"duration":	20,
			"bytes":	0,
			"blocks":	0,
			"reverse":	0,
			"tos":	0,
			"target_bitrate":	0,
			"bidir":	0,
			"fqrate":	0
		}
	},
	"intervals":	[{
			"streams":	[{
					"socket":	5,
					"start":	0,
					"end":	1.000723,
					"seconds":	1.0007230043411255,
					"bytes":	2228224,
					"bits_per_second":	17812913.186438113,
					"retransmits":	0,
					"snd_cwnd":	124528,
					"snd_wnd":	1064960,
					"rtt":	65069,
					"rttvar":	3634,
					"pmtu":	1500,
					"omitted":	false,
					"sender":	true
				}],
			"sum":	{
				"start":	0,
				"end":	1.000723,
				"seconds":	1.0007230043411255,
				"bytes":	2228224,
				"bits_per_second":	17812913.186438113,
				"retransmits":	0,
				"omitted":	false,
				"sender":	true
			}
		}, {
			"streams":	[{
					"socket":	5,
					"start":	1.000723,
					"end":	2.000725,
					"seconds":	1.0000020265579224,
					"bytes":	1179648,
					"bits_per_second":	9437164.87503876,
					"retransmits":	2,
					"snd_cwnd":	127424,
					"snd_wnd":	1064960,
					"rtt":	71011,
					"rttvar":	144,
					"pmtu":	1500,
					"omitted":	false,
					"sender":	true
				}],
			"sum":	{
				"start":	1.000723,
				"end":	2.000725,
				"seconds":	1.0000020265579224,
				"bytes":	1179648,
				"bits_per_second":	9437164.87503876,
				"retransmits":	2,
				"omitted":	false,
				"sender":	true
			}
		}, {
			"streams":	[{
					"socket":	5,
					"start":	2.000725,
					"end":	3.001135,
					"seconds":	1.0004099607467651,
					"bytes":	1179648,
					"bits_per_second":	9433316.71043692,
					"retransmits":	4,
					"snd_cwnd":	124528,
					"snd_wnd":	1068032,
					"rtt":	73606,
					"rttvar":	283,
					"pmtu":	1500,
					"omitted":	false,
					"sender":	true
				}],
			"sum":	{
				"start":	2.000725,
				"end":	3.001135,
				"seconds":	1.0004099607467651,
				"bytes":	1179648,
				"bits_per_second":	9433316.71043692,
				"retransmits":	4,
				"omitted":	false,
				"sender":	true
			}
		}, {
			"streams":	[{
					"socket":	5,
					"start":	3.001135,
					"end":	4.000604,
					"seconds":	0.999468982219696,
					"bytes":	1179648,
					"bits_per_second":	9442197.97500988,
					"retransmits":	0,
					"snd_cwnd":	124528,
					"snd_wnd":	1068032,
					"rtt":	83487,
					"rttvar":	1910,
					"pmtu":	1500,
					"omitted":	false,
					"sender":	true
				}],
			"sum":	{
				"start":	3.001135,
				"end":	4.000604,
				"seconds":	0.999468982219696,
				"bytes":	1179648,
				"bits_per_second":	9442197.97500988,
				"retransmits":	0,
				"omitted":	false,
				"sender":	true
			}
		}, {
			"streams":	[{
					"socket":	5,
					"start":	4.000604,
					"end":	5.001078,
					"seconds":	1.0004739761352539,
					"bytes":	1179648,
					"bits_per_second":	9432713.1190908551,
					"retransmits":	2,
					"snd_cwnd":	124528,
					"snd_wnd":	1068032,
					"rtt":	83886,
					"rttvar":	2671,
					"pmtu":	1500,
					"omitted":	false,
					"sender":	true
				}],
			"sum":	{
				"start":	4.000604,
				"end":	5.001078,
				"seconds":	1.0004739761352539,
				"bytes":	1179648,
				"bits_per_second":	9432713.1190908551,
				"retransmits":	2,
				"omitted":	false,
				"sender":	true
			}
		}, {
			"streams":	[{
					"socket":	5,
					"start":	5.001078,
					"end":	6.000995,
					"seconds":	0.999916970729828,
					"bytes":	1179648,
					"bits_per_second":	9437967.6275640242,
					"retransmits":	0,
					"snd_cwnd":	127424,
					"snd_wnd":	1068032,
					"rtt":	82852,
					"rttvar":	136,
					"pmtu":	1500,
					"omitted":	false,
					"sender":	true
				}],
			"sum":	{
				"start":	5.001078,
				"end":	6.000995,
				"seconds":	0.999916970729828,
				"bytes":	1179648,
				"bits_per_second":	9437967.6275640242,
				"retransmits":	0,
				"omitted":	false,
				"sender":	true
			}
		}, {
			"streams":	[{
					"socket":	5,
					"start":	6.000995,
					"end":	7.000817,
					"seconds":	0.99982202053070068,
					"bytes":	1179648,
					"bits_per_second":	9438863.92399198,
					"retransmits":	2,
					"snd_cwnd":	124528,
					"snd_wnd":	1068032,
					"rtt":	77873,
					"rttvar":	87,
					"pmtu":	1500,
					"omitted":	false,
					"sender":	true
				}],
			"sum":	{
				"start":	6.000995,
				"end":	7.000817,
				"seconds":	0.99982202053070068,
				"bytes":	1179648,
				"bits_per_second":	9438863.92399198,
				"retransmits":	2,
				"omitted":	false,
				"sender":	true
			}
		}, {
			"streams":	[{
					"socket":	5,
					"start":	7.000817,
					"end":	8.001252,
					"seconds":	1.0004349946975708,
					"bytes":	1179648,
					"bits_per_second":	9433080.65993117,
					"retransmits":	2,
					"snd_cwnd":	124528,
					"snd_wnd":	1068032,
					"rtt":	80292,
					"rttvar":	698,
					"pmtu":	1500,
					"omitted":	false,
					"sender":	true
				}],
			"sum":	{
				"start":	7.000817,
				"end":	8.001252,
				"seconds":	1.0004349946975708,
				"bytes":	1179648,
				"bits_per_second":	9433080.65993117,
				"retransmits":	2,
				"omitted":	false,
				"sender":	true
			}
		}, {
			"streams":	[{
					"socket":	5,
					"start":	8.001252,
					"end":	9.000583,
					"seconds":	0.999330997467041,
					"bytes":	1179648,
					"bits_per_second":	9443501.72657508,
					"retransmits":	0,
					"snd_cwnd":	124528,
					"snd_wnd":	1068032,
					"rtt":	87671,
					"rttvar":	3300,
					"pmtu":	1500,
					"omitted":	false,
					"sender":	true
				}],
			"sum":	{
				"start":	8.001252,
				"end":	9.000583,
				"seconds":	0.999330997467041,
				"bytes":	1179648,
				"bits_per_second":	9443501.72657508,
				"retransmits":	0,
				"omitted":	false,
				"sender":	true
			}
		}, {
			"streams":	[{
					"socket":	5,
					"start":	9.000583,
					"end":	10.001076,
					"seconds":	1.000493049621582,
					"bytes":	1179648,
					"bits_per_second":	9432533.29302931,
					"retransmits":	2,
					"snd_cwnd":	97016,
					"snd_wnd":	1068032,
					"rtt":	82160,
					"rttvar":	263,
					"pmtu":	1500,
					"omitted":	false,
					"sender":	true
				}],
			"sum":	{
				"start":	9.000583,
				"end":	10.001076,
				"seconds":	1.000493049621582,
				"bytes":	1179648,
				"bits_per_second":	9432533.29302931,
				"retransmits":	2,
				"omitted":	false,
				"sender":	true
			}
		}, {
			"streams":	[{
					"socket":	5,
					"start":	10.001076,
					"end":	11.001202,
					"seconds":	1.0001260042190552,
					"bytes":	1179648,
					"bits_per_second":	9435995.02481589,
					"retransmits":	0,
					"snd_cwnd":	124528,
					"snd_wnd":	1068032,
					"rtt":	55818,
					"rttvar":	269,
					"pmtu":	1500,
					"omitted":	false,
					"sender":	true
				}],
			"sum":	{
				"start":	10.001076,
				"end":	11.001202,
				"seconds":	1.0001260042190552,
				"bytes":	1179648,
				"bits_per_second":	9435995.02481589,
				"retransmits":	0,
				"omitted":	false,
				"sender":	true
			}
		}, {
			"streams":	[{
					"socket":	5,
					"start":	11.001202,
					"end":	12.000927,
					"seconds":	0.99972498416900635,
					"bytes":	1179648,
					"bits_per_second":	9439780.088965565,
					"retransmits":	4,
					"snd_cwnd":	124528,
					"snd_wnd":	1064960,
					"rtt":	62476,
					"rttvar":	2047,
					"pmtu":	1500,
					"omitted":	false,
					"sender":	true
				}],
			"sum":	{
				"start":	11.001202,
				"end":	12.000927,
				"seconds":	0.99972498416900635,
				"bytes":	1179648,
				"bits_per_second":	9439780.088965565,
				"retransmits":	4,