{
	"start":	{
		"connected":	[{
				"socket":	5,
				"local_host":	"10.0.0.2",
				"local_port":	5201,
				"remote_host":	"10.0.0.1",
				"remote_port":	38854
			}],
		"version":	"iperf 3.16",
		"system_info":	"Linux mininet 6.8.0-88-generic #89-Ubuntu SMP PREEMPT_DYNAMIC Sat Oct 11 01:02:46 UTC 2025 x86_64",
		"sock_bufsize":	0,
		"sndbuf_actual":	87380,
		"rcvbuf_actual":	87380,
		"timestamp":	{
			"time":	"Tue, 02 Dec 2025 18:38:31 GMT",
			"timesecs":	1764700711
		},
		"accepted_connection":	{
			"host":	"10.0.0.1",
			"port":	38846
		},
		"cookie":	"m3mmwlkyeesjsv4r5brx5ncxua3lz36bvvcy",
		"tcp_mss_default":	0,
		"target_bitrate":	0,
		"fq_rate":	0,
		"test_start":	{
			"protocol":	"TCP",
			"num_streams":	1,
			"blksize":	131072,
			"omit":	0,
			"duration":	20,
			"bytes":	0,
			"blocks":	0,
			"reverse":	0,
			"tos":	0,
			"target_bitrate":	0,
			"bidir":	0,
			"fqrate":	0
		}
	},
	"intervals":	[{
			"streams":	[{
					"socket":	5,
					"start":	0,
					"end":	1.000998,
					"seconds":	1.0009980201721191,
					"bytes":	1048576,
					"bits_per_second":	8380244.3470943123,
					"omitted":	false,
					"sender":	false
				}],
			"sum":	{
				"start":	0,
				"end":	1.000998,
				"seconds":	1.0009980201721191,
				"bytes":	1048576,
				"bits_per_second":	8380244.3470943123,
				"omitted":	false,
				"sender":	false
			}
		}, {
			"streams":	[{
					"socket":	5,
					"start":	1.000998,
					"end":	2.00102,
					"seconds":	1.0000220537185669,
					"bytes":	1179648,
					"bits_per_second":	9436975.87958983,
					"omitted":	false,
					"sender":	false
				}],
			"sum":	{
				"start":	1.000998,
				"end":	2.00102,
				"seconds":	1.0000220537185669,
				"bytes":	1179648,
				"bits_per_second":	9436975.87958983,
				"omitted":	false,
				"sender":	false
			}
		}, {
			"streams":	[{
					"socket":	5,
					"start":	2.00102,
					"end":	3.001018,
					"seconds":	0.99999797344207764,
					"bytes":	1179648,
					"bits_per_second":	9437203.12503876,
					"omitted":	false,
					"sender":	false
				}],
			"sum":	{
				"start":	2.00102,
				"end":	3.001018,
				"seconds":	0.99999797344207764,
				"bytes":	1179648,
				"bits_per_second":	9437203.12503876,
				"omitted":	false,
				"sender":	false
			}
		}, {
			"streams":	[{
					"socket":	5,
					"start":	3.001018,
					"end":	4.000985,
					"seconds":	0.99996697902679443,
					"bytes":	1179648,
					"bits_per_second":	9437495.6352905,
					"omitted":	false,
					"sender":	false
				}],
			"sum":	{
				"start":	3.001018,
				"end":	4.000985,
				"seconds":	0.99996697902679443,
				"bytes":	1179648,
				"bits_per_second":	9437495.6352905,
				"omitted":	false,
				"sender":	false
			}
		}, {
			"streams":	[{
					"socket":	5,
					"start":	4.000985,
					"end":	5.000991,
					"seconds":	1.0000059604644775,
					"bytes":	1179648,
					"bits_per_second":	9437127.7503352743,
					"omitted":	false,
					"sender":	false
				}],
			"sum":	{
				"start":	4.000985,
				"end":	5.000991,
				"seconds":	1.0000059604644775,
				"bytes":	1179648,
				"bits_per_second":	9437127.7503352743,
				"omitted":	false,
				"sender":	false
			}
		}, {
			"streams":	[{
					"socket":	5,
					"start":	5.000991,
					"end":	6.001034,
					"seconds":	1.0000430345535278,
					"bytes":	1179648,
					"bits_per_second":	9436777.8924766555,
					"omitted":	false,
					"sender":	false
				}],
			"sum":	{
				"start":	5.000991,
				"end":	6.001034,
				"seconds":	1.0000430345535278,
				"bytes":	1179648,
				"bits_per_second":	9436777.8924766555,
				"omitted":	false,
				"sender":	false
			}
		}, {
			"streams":	[{
					"socket":	5,
					"start":	6.001034,
					"end":	7.001027,
					"seconds":	0.99999302625656128,
					"bytes":	1179648,
					"bits_per_second":	9437249.8129589632,
					"omitted":	false,
					"sender":	false
				}],
			"sum":	{
				"start":	6.001034,
				"end":	7.001027,
				"seconds":	0.99999302625656128,
				"bytes":	1179648,
				"bits_per_second":	9437249.8129589632,
				"omitted":	false,
				"sender":	false
			}
		}, {
			"streams":	[{
					"socket":	5,
					"start":	7.001027,
					"end":	8.00101,
					"seconds":	0.999983012676239,
					"bytes":	1310720,
					"bits_per_second":	10485938.128025919,
					"omitted":	false,
					"sender":	false
				}],
			"sum":	{
				"start":	7.001027,
				"end":	8.00101,
				"seconds":	0.999983012676239,
				"bytes":	1310720,
				"bits_per_second":	10485938.128025919,
				"omitted":	false,
				"sender":	false
			}
		}, {
			"streams":	[{
					"socket":	5,
					"start":	8.00101,
					"end":	9.001016,
					"seconds":	1.0000059604644775,
					"bytes":	1179648,
					"bits_per_second":	9437127.7503352743,
					"omitted":	false,
					"sender":	false
				}],
			"sum":	{
				"start":	8.00101,
				"end":	9.001016,
				"seconds":	1.0000059604644775,
				"bytes":	1179648,
				"bits_per_second":	9437127.7503352743,
				"omitted":	false,
				"sender":	false
			}
		}, {
			"streams":	[{
					"socket":	5,
					"start":	9.001016,
					"end":	10.001024,
					"seconds":	1.0000079870224,
					"bytes":	1179648,
					"bits_per_second":	9437108.6256020162,
					"omitted":	false,
					"sender":	false
				}],
			"sum":	{
				"start":	9.001016,
				"end":	10.001024,
				"seconds":	1.0000079870224,
				"bytes":	1179648,
				"bits_per_second":	9437108.6256020162,
				"omitted":	false,
				"sender":	false
			}
		}, {
			"streams":	[{
					"socket":	5,
					"start":	10.001024,
					"end":	11.001016,
					"seconds":	0.9999920129776,
					"bytes":	917504,
					"bits_per_second":	7340090.6254682429,
					"omitted":	false,
					"sender":	false
				}],
			"sum":	{
				"start":	10.001024,
				"end":	11.001016,
				"seconds":	0.9999920129776,
				"bytes":	917504,
				"bits_per_second":	7340090.6254682429,
				"omitted":	false,
				"sender":	false
			}
		}, {
			"streams":	[{
					"socket":	5,
					"start":	11.001016,
					"end":	12.001037,
					"seconds":	1.0000209808349609,
					"bytes":	1048576,
					"bits_per_second":	8388432.00369255,
					"omitted":	false,
					"sender":	false
				}],
			"sum":	{
				"start":	11.001016,
				"end":	12.001037,
				"seconds":	1.0000209808349609,
				"bytes":	1048576,
				"bits_per_second":	8388432.00369255,
				"omitted":	false,
				"sender":	false
			}
		}, {
			"streams":	[{
					"socket":	5,
					"start":	12.001037,
					"end":	13.001017,
					"seconds":	0.99997997283935547,
					"bytes":	1310720,
					"bits_per_second":	10485970.004205788,
					"omitted":	false,
					"sender":	false
				}],
			"sum":	{
				"start":	12.001037,
				"end":	13.001017,
				"seconds":	0.99997997283935547,
				"bytes":	1310720,
				"bits_per_second":	10485970.004205788,
				"omitted":	false,
				"sender":	false
			}
		}, {
			"streams":	[{
					"socket":	5,
					"start":	13.001017,
					"end":	14.001023,
					"seconds":	1.0000059604644775,
					"bytes":	1179648,
					"bits_per_second":	9437127.7503352743,
					"omitted":	false,
					"sender":	false
				}],
			"sum":	{
				"start":	13.001017,
				"end":	14.001023,
				"seconds":	1.0000059604644775,
				"bytes":	1179648,
				"bits_per_second":	9437127.7503352743,
				"omitted":	false,
				"sender":	false
			}
		}, {
			"streams":	[{
					"socket":	5,
					"start":	14.001023,
					"end":	15.001016,
					"seconds":	0.99999302625656128,
					"bytes":	1179648,
					"bits_per_second":	9437249.8129589632,
					"omitted":	false,
					"sender":	false
				}],
			"sum":	{
				"start":	14.001023,
				"end":	15.001016,
				"seconds":	0.99999302625656128,
				"bytes":	1179648,
				"bits_per_second":	9437249.8129589632,
				"omitted":	false,
				"sender":	false
			}
		}, {
			"streams":	[{
					"socket":	5,
					"start":	15.001016,
					"end":	16.001027,
					"seconds":	1.0000109672546387,
					"bytes":	1179648,
					"bits_per_second":	9437080.5011351,
					"omitted":	false,
					"sender":	false
				}],
			"sum":	{
				"start":	15.001016,
				"end":	16.001027,
				"seconds":	1.0000109672546387,
				"bytes":	1179648,
				"bits_per_second":	9437080.5011351,
				"omitted":	false,