{
	"start":	{
		"connected":	[{
				"socket":	5,
				"local_host":	"10.0.0.2",
				"local_port":	5201,
				"remote_host":	"10.0.0.1",
				"remote_port":	57416
			}],
		"version":	"iperf 3.16",
		"system_info":	"Linux mininet 6.8.0-88-generic #89-Ubuntu SMP PREEMPT_DYNAMIC Sat Oct 11 01:02:46 UTC 2025 x86_64",
		"sock_bufsize":	0,
		"sndbuf_actual":	87380,
		"rcvbuf_actual":	87380,
		"timestamp":	{
			"time":	"Tue, 02 Dec 2025 18:53:26 GMT",
			"timesecs":	1764701606
		},
		"accepted_connection":	{
			"host":	"10.0.0.1",
			"port":	57414
		},
		"cookie":	"3w46tjdb4mz7e4kiqdpeba2fdby2itvoyt5v",
		"tcp_mss_default":	0,
		"target_bitrate":	0,
		"fq_rate":	0,
		"test_start":	{
			"protocol":	"TCP",
			"num_streams":	1,
			"blksize":	131072,
			"omit":	0,
			"duration":	20,
			"bytes":	0,
			"blocks":	0,
			"reverse":	0,
			"tos":	0,
			"target_bitrate":	0,
			"bidir":	0,
			"fqrate":	0
		}
	},
	"intervals":	[{
			"streams":	[{
					"socket":	5,
					"start":	0,
					"end":	1.001065,
					"seconds":	1.0010650157928467,
					"bytes":	4718592,
					"bits_per_second":	37708575.77127783,
					"omitted":	false,
					"sender":	false
				}],
			"sum":	{
				"start":	0,
				"end":	1.001065,
				"seconds":	1.0010650157928467,
				"bytes":	4718592,
				"bits_per_second":	37708575.77127783,
				"omitted":	false,
				"sender":	false
			}
		}, {
			"streams":	[{
					"socket":	5,
					"start":	1.001065,
					"end":	2.001098,
					"seconds":	1.0000330209732056,
					"bytes":	5898240,
					"bits_per_second":	47184361.9264491,
					"omitted":	false,
					"sender":	false
				}],
			"sum":	{
				"start":	1.001065,
				"end":	2.001098,
				"seconds":	1.0000330209732056,
				"bytes":	5898240,
				"bits_per_second":	47184361.9264491,
				"omitted":	false,
				"sender":	false
			}
		}, {
			"streams":	[{
					"socket":	5,
					"start":	2.001098,
					"end":	3.001106,
					"seconds":	1.0000079870224,
					"bytes":	6029312,
					"bits_per_second":	48234110.753076978,
					"omitted":	false,
					"sender":	false
				}],
			"sum":	{
				"start":	2.001098,
				"end":	3.001106,
				"seconds":	1.0000079870224,
				"bytes":	6029312,
				"bits_per_second":	48234110.753076978,
				"omitted":	false,
				"sender":	false
			}
		}, {
			"streams":	[{
					"socket":	5,
					"start":	3.001106,
					"end":	4.001077,
					"seconds":	0.99997097253799438,
					"bytes":	5898240,
					"bits_per_second":	47187289.7272597,
					"omitted":	false,
					"sender":	false
				}],
			"sum":	{
				"start":	3.001106,
				"end":	4.001077,
				"seconds":	0.99997097253799438,
				"bytes":	5898240,
				"bits_per_second":	47187289.7272597,
				"omitted":	false,
				"sender":	false
			}
		}, {
			"streams":	[{
					"socket":	5,
					"start":	4.001077,
					"end":	5.001165,
					"seconds":	1.0000879764556885,
					"bytes":	5898240,
					"bits_per_second":	47181769.115180135,
					"omitted":	false,
					"sender":	false
				}],
			"sum":	{
				"start":	4.001077,
				"end":	5.001165,
				"seconds":	1.0000879764556885,
				"bytes":	5898240,
				"bits_per_second":	47181769.115180135,
				"omitted":	false,
				"sender":	false
			}
		}, {
			"streams":	[{
					"socket":	5,
					"start":	5.001165,
					"end":	6.001306,
					"seconds":	1.0001410245895386,
					"bytes":	6029312,
					"bits_per_second":	48227694.709149249,
					"omitted":	false,
					"sender":	false
				}],
			"sum":	{
				"start":	5.001165,
				"end":	6.001306,
				"seconds":	1.0001410245895386,
				"bytes":	6029312,
				"bits_per_second":	48227694.709149249,
				"omitted":	false,
				"sender":	false
			}
		}, {
			"streams":	[{
					"socket":	5,
					"start":	6.001306,
					"end":	7.001049,
					"seconds":	0.99974298477172852,
					"bytes":	5898240,
					"bits_per_second":	47198050.6177535,
					"omitted":	false,
					"sender":	false
				}],
			"sum":	{
				"start":	6.001306,
				"end":	7.001049,
				"seconds":	0.99974298477172852,
				"bytes":	5898240,
				"bits_per_second":	47198050.6177535,
				"omitted":	false,
				"sender":	false
			}
		}, {
			"streams":	[{
					"socket":	5,
					"start":	7.001049,
					"end":	8.001082,
					"seconds":	1.0000330209732056,
					"bytes":	6029312,
					"bits_per_second":	48232903.302592419,
					"omitted":	false,
					"sender":	false
				}],
			"sum":	{
				"start":	7.001049,
				"end":	8.001082,
				"seconds":	1.0000330209732056,
				"bytes":	6029312,
				"bits_per_second":	48232903.302592419,
				"omitted":	false,
				"sender":	false
			}
		}, {
			"streams":	[{
					"socket":	5,
					"start":	8.001082,
					"end":	9.001283,
					"seconds":	1.0002009868621826,
					"bytes":	5898240,
					"bits_per_second":	47176438.155726127,
					"omitted":	false,
					"sender":	false
				}],
			"sum":	{
				"start":	8.001082,
				"end":	9.001283,
				"seconds":	1.0002009868621826,
				"bytes":	5898240,
				"bits_per_second":	47176438.155726127,
				"omitted":	false,
				"sender":	false
			}
		}, {
			"streams":	[{
					"socket":	5,
					"start":	9.001283,
					"end":	10.001118,
					"seconds":	0.99983501434326172,
					"bytes":	6029312,
					"bits_per_second":	48242455.313172512,
					"omitted":	false,
					"sender":	false
				}],
			"sum":	{
				"start":	9.001283,
				"end":	10.001118,
				"seconds":	0.99983501434326172,
				"bytes":	6029312,
				"bits_per_second":	48242455.313172512,
				"omitted":	false,
				"sender":	false
			}
		}, {
			"streams":	[{
					"socket":	5,
					"start":	10.001118,
					"end":	11.001056,
					"seconds":	0.99993801116943359,
					"bytes":	4325376,
					"bits_per_second":	34605153.132974282,
					"omitted":	false,
					"sender":	false
				}],
			"sum":	{
				"start":	10.001118,
				"end":	11.001056,
				"seconds":	0.99993801116943359,
				"bytes":	4325376,
				"bits_per_second":	34605153.132974282,
				"omitted":	false,
				"sender":	false
			}
		}, {
			"streams":	[{
					"socket":	5,
					"start":	11.001056,
					"end":	12.001079,
					"seconds":	1.0000230073928833,
					"bytes":	6029312,
					"bits_per_second":	48233386.275531866,
					"omitted":	false,
					"sender":	false
				}],
			"sum":	{
				"start":	11.001056,
				"end":	12.001079,
				"seconds":	1.0000230073928833,
				"bytes":	6029312,
				"bits_per_second":	48233386.275531866,
				"omitted":	false,
				"sender":	false
			}
		}, {
			"streams":	[{
					"socket":	5,
					"start":	12.001079,
					"end":	13.001076,
					"seconds":	0.99999701976776123,
					"bytes":	5898240,
					"bits_per_second":	47186060.6254191,
					"omitted":	false,
					"sender":	false
				}],
			"sum":	{
				"start":	12.001079,
				"end":	13.001076,
				"seconds":	0.99999701976776123,
				"bytes":	5898240,
				"bits_per_second":	47186060.6254191,
				"omitted":	false,
				"sender":	false
			}
		}, {
			"streams":	[{
					"socket":	5,
					"start":	13.001076,
					"end":	14.001065,
					"seconds":	0.99998897314071655,
					"bytes":	5898240,
					"bits_per_second":	47186440.318237476,
					"omitted":	false,
					"sender":	false
				}],
			"sum":	{
				"start":	13.001076,
				"end":	14.001065,
				"seconds":	0.99998897314071655,
				"bytes":	5898240,
				"bits_per_second":	47186440.318237476,
				"omitted":	false,
				"sender":	false
			}
		}, {
			"streams":	[{
					"socket":	5,
					"start":	14.001065,
					"end":	15.001061,
					"seconds":	0.9999960064888,
					"bytes":	6029312,
					"bits_per_second":	48234688.62576925,
					"omitted":	false,
					"sender":	false
				}],
			"sum":	{
				"start":	14.001065,
				"end":	15.001061,
				"seconds":	0.9999960064888,
				"bytes":	6029312,
				"bits_per_second":	48234688.62576925,
				"omitted":	false,
				"sender":	false
			}
		}, {
			"streams":	[{
					"socket":	5,
					"start":	15.001061,
					"end":	16.001063,
					"seconds":	1.0000020265579224,
					"bytes":	5898240,
					"bits_per_second":	47185824.3751938,
					"omitted":	false,
					"sender":	false
				}],
			"sum":	{
				"start":	15.001061,
				"end":	16.001063,
				"seconds":	1.0000020265579224,
				"bytes":	5898240,
				"bits_per_second":	47185824.3751938,