{
	"start":	{
		"connected":	[{
				"socket":	5,
				"local_host":	"10.0.0.1",
				"local_port":	47644,
				"remote_host":	"10.0.0.2",
				"remote_port":	5201
			}],
		"version":	"iperf 3.16",
		"system_info":	"Linux mininet 6.8.0-88-generic #89-Ubuntu SMP PREEMPT_DYNAMIC Sat Oct 11 01:02:46 UTC 2025 x86_64",
		"timestamp":	{
			"time":	"Tue, 02 Dec 2025 17:54:43 GMT",
			"timesecs":	1764698083
		},
		"connecting_to":	{
			"host":	"10.0.0.2",
			"port":	5201
		},
		"cookie":	"vetkkgun76jfsqbly25zcj6bhnvl7ifygk5l",
		"tcp_mss_default":	1448,
		"target_bitrate":	0,
		"fq_rate":	0,
		"sock_bufsize":	0,
		"sndbuf_actual":	87380,
		"rcvbuf_actual":	87380,
		"test_start":	{
			"protocol":	"TCP",
			"num_streams":	1,
			"blksize":	131072,
			"omit":	0,
			"duration":	20,
			"bytes":	0,
			"blocks":	0,
			"reverse":	0,
			"tos":	0,
			"target_bitrate":	0,
			"bidir":	0,
			"fqrate":	0
		}
	},
	"intervals":	[{
			"streams":	[{
					"socket":	5,
					"start":	0,
					"end":	1.000645,
					"seconds":	1.0006450414657593,
					"bytes":	2883584,
					"bits_per_second":	23053801.34219091,
					"retransmits":	0,
					"snd_cwnd":	501008,
					"snd_wnd":	1287680,
					"rtt":	322235,
					"rttvar":	13761,
					"pmtu":	1500,
					"omitted":	false,
					"sender":	true
				}],
			"sum":	{
				"start":	0,
				"end":	1.000645,
				"seconds":	1.0006450414657593,
				"bytes":	2883584,
				"bits_per_second":	23053801.34219091,
				"retransmits":	0,
				"omitted":	false,
				"sender":	true
			}
		}, {
			"streams":	[{
					"socket":	5,
					"start":	1.000645,
					"end":	2.001025,
					"seconds":	1.0003800392150879,
					"bytes":	1179648,
					"bits_per_second":	9433598.8624928445,
					"retransmits":	178,
					"snd_cwnd":	247608,
					"snd_wnd":	1952256,
					"rtt":	218627,
					"rttvar":	762,
					"pmtu":	1500,
					"omitted":	false,
					"sender":	true
				}],
			"sum":	{
				"start":	1.000645,
				"end":	2.001025,
				"seconds":	1.0003800392150879,
				"bytes":	1179648,
				"bits_per_second":	9433598.8624928445,
				"retransmits":	178,
				"omitted":	false,
				"sender":	true
			}
		}, {
			"streams":	[{
					"socket":	5,
					"start":	2.001025,
					"end":	3.000533,
					"seconds":	0.999508023262024,
					"bytes":	1048576,
					"bits_per_second":	8392737.03138739,
					"retransmits":	0,
					"snd_cwnd":	269328,
					"snd_wnd":	3867136,
					"rtt":	219097,
					"rttvar":	311,
					"pmtu":	1500,
					"omitted":	false,
					"sender":	true
				}],
			"sum":	{
				"start":	2.001025,
				"end":	3.000533,
				"seconds":	0.999508023262024,
				"bytes":	1048576,
				"bits_per_second":	8392737.03138739,
				"retransmits":	0,
				"omitted":	false,
				"sender":	true
			}
		}, {
			"streams":	[{
					"socket":	5,
					"start":	3.000533,
					"end":	4.000934,
					"seconds":	1.0004010200500488,
					"bytes":	2097152,
					"bits_per_second":	16770490.696981354,
					"retransmits":	0,
					"snd_cwnd":	288152,
					"snd_wnd":	6262272,
					"rtt":	238273,
					"rttvar":	414,
					"pmtu":	1500,
					"omitted":	false,
					"sender":	true
				}],
			"sum":	{
				"start":	3.000533,
				"end":	4.000934,
				"seconds":	1.0004010200500488,
				"bytes":	2097152,
				"bits_per_second":	16770490.696981354,
				"retransmits":	0,
				"omitted":	false,
				"sender":	true
			}
		}, {
			"streams":	[{
					"socket":	5,
					"start":	4.000934,
					"end":	5.001064,
					"seconds":	1.0001300573349,
					"bytes":	1048576,
					"bits_per_second":	8387517.1418741,
					"retransmits":	0,
					"snd_cwnd":	298288,
					"snd_wnd":	6531584,
					"rtt":	247953,
					"rttvar":	422,
					"pmtu":	1500,
					"omitted":	false,
					"sender":	true
				}],
			"sum":	{
				"start":	4.000934,
				"end":	5.001064,
				"seconds":	1.0001300573349,
				"bytes":	1048576,
				"bits_per_second":	8387517.1418741,
				"retransmits":	0,
				"omitted":	false,
				"sender":	true
			}
		}, {
			"streams":	[{
					"socket":	5,
					"start":	5.001064,
					"end":	6.000668,
					"seconds":	0.9996039867401123,
					"bytes":	1048576,
					"bits_per_second":	8391931.3160772342,
					"retransmits":	0,
					"snd_cwnd":	301184,
					"snd_wnd":	6531584,
					"rtt":	250830,
					"rttvar":	644,
					"pmtu":	1500,
					"omitted":	false,
					"sender":	true
				}],
			"sum":	{
				"start":	5.001064,
				"end":	6.000668,
				"seconds":	0.9996039867401123,
				"bytes":	1048576,
				"bits_per_second":	8391931.3160772342,
				"retransmits":	0,
				"omitted":	false,
				"sender":	true
			}
		}, {
			"streams":	[{
					"socket":	5,
					"start":	6.000668,
					"end":	7.001044,
					"seconds":	1.0003759860992432,
					"bytes":	1048576,
					"bits_per_second":	8385455.1854144577,
					"retransmits":	0,
					"snd_cwnd":	301184,
					"snd_wnd":	6531584,
					"rtt":	251600,
					"rttvar":	697,
					"pmtu":	1500,
					"omitted":	false,
					"sender":	true
				}],
			"sum":	{
				"start":	6.000668,
				"end":	7.001044,
				"seconds":	1.0003759860992432,
				"bytes":	1048576,
				"bits_per_second":	8385455.1854144577,
				"retransmits":	0,
				"omitted":	false,
				"sender":	true
			}
		}, {
			"streams":	[{
					"socket":	5,
					"start":	7.001044,
					"end":	8.001041,
					"seconds":	0.99999701976776123,
					"bytes":	1048576,
					"bits_per_second":	8388633.0000745058,
					"retransmits":	0,
					"snd_cwnd":	302632,
					"snd_wnd":	6531584,
					"rtt":	251161,
					"rttvar":	559,
					"pmtu":	1500,
					"omitted":	false,
					"sender":	true
				}],
			"sum":	{
				"start":	7.001044,
				"end":	8.001041,
				"seconds":	0.99999701976776123,
				"bytes":	1048576,
				"bits_per_second":	8388633.0000745058,
				"retransmits":	0,
				"omitted":	false,
				"sender":	true
			}
		}, {
			"streams":	[{
					"socket":	5,
					"start":	8.001041,
					"end":	9.000757,
					"seconds":	0.99971598386764526,
					"bytes":	1048576,
					"bits_per_second":	8390991.1768606752,
					"retransmits":	0,
					"snd_cwnd":	306976,
					"snd_wnd":	6531584,
					"rtt":	255418,
					"rttvar":	313,
					"pmtu":	1500,
					"omitted":	false,
					"sender":	true
				}],
			"sum":	{
				"start":	8.001041,
				"end":	9.000757,
				"seconds":	0.99971598386764526,
				"bytes":	1048576,
				"bits_per_second":	8390991.1768606752,
				"retransmits":	0,
				"omitted":	false,
				"sender":	true
			}
		}, {
			"streams":	[{
					"socket":	5,
					"start":	9.000757,
					"end":	10.001004,
					"seconds":	1.0002470016479492,
					"bytes":	1048576,
					"bits_per_second":	8386536.5116610331,
					"retransmits":	0,
					"snd_cwnd":	320008,
					"snd_wnd":	6531584,
					"rtt":	263342,
					"rttvar":	1217,
					"pmtu":	1500,
					"omitted":	false,
					"sender":	true
				}],
			"sum":	{
				"start":	9.000757,
				"end":	10.001004,
				"seconds":	1.0002470016479492,
				"bytes":	1048576,
				"bits_per_second":	8386536.5116610331,
				"retransmits":	0,
				"omitted":	false,
				"sender":	true
			}
		}, {
			"streams":	[{
					"socket":	5,
					"start":	10.001004,
					"end":	11.000578,
					"seconds":	0.99957400560379028,
					"bytes":	1966080,
					"bits_per_second":	15735343.16801201,
					"retransmits":	0,
					"snd_cwnd":	341728,
					"snd_wnd":	6531584,
					"rtt":	278865,
					"rttvar":	1202,
					"pmtu":	1500,
					"omitted":	false,
					"sender":	true
				}],
			"sum":	{
				"start":	10.001004,
				"end":	11.000578,
				"seconds":	0.99957400560379028,
				"bytes":	1966080,
				"bits_per_second":	15735343.16801201,
				"retransmits":	0,
				"omitted":	false,
				"sender":	true
			}
		}, {
			"streams":	[{
					"socket":	5,
					"start":	11.000578,
					"end":	12.000928,
					"seconds":	1.0003499984741211,
					"bytes":	1179648,
					"bits_per_second":	9433882.15564049,
					"retransmits":	9,
					"snd_cwnd":	228784,
					"snd_wnd":	6378496,
					"rtt":	205998,
					"rttvar":	182,
					"pmtu":	1500,
					"omitted":	false,
					"sender":	true
				}],
			"sum":	{
				"start":	11.000578,
				"end":	12.000928,
				"seconds":	1.0003499984741211,
				"bytes":	1179648,
				"bits_per_second":	9433882.15564049,