{
	"start":	{
		"connected":	[{
				"socket":	5,
				"local_host":	"10.0.0.1",
				"local_port":	33150,
				"remote_host":	"10.0.0.2",
				"remote_port":	5201
			}],
		"version":	"iperf 3.16",
		"system_info":	"Linux mininet 6.8.0-88-generic #89-Ubuntu SMP PREEMPT_DYNAMIC Sat Oct 11 01:02:46 UTC 2025 x86_64",
		"timestamp":	{
			"time":	"Tue, 02 Dec 2025 17:03:33 GMT",
			"timesecs":	1764695013
		},
		"connecting_to":	{
			"host":	"10.0.0.2",
			"port":	5201
		},
		"cookie":	"lglxlikook2xvmj273x7acrpl6ttznks6v4b",
		"tcp_mss_default":	1448,
		"target_bitrate":	0,
		"fq_rate":	0,
		"sock_bufsize":	0,
		"sndbuf_actual":	87380,
		"rcvbuf_actual":	87380,
		"test_start":	{
			"protocol":	"TCP",
			"num_streams":	1,
			"blksize":	131072,
			"omit":	0,
			"duration":	20,
			"bytes":	0,
			"blocks":	0,
			"reverse":	0,
			"tos":	0,
			"target_bitrate":	0,
			"bidir":	0,
			"fqrate":	0
		}
	},
	"intervals":	[{
			"streams":	[{
					"socket":	5,
					"start":	0,
					"end":	1.000685,
					"seconds":	1.0006849765777588,
					"bytes":	6029312,
					"bits_per_second":	48201479.115792356,
					"retransmits":	0,
					"snd_cwnd":	1097584,
					"snd_wnd":	1770496,
					"rtt":	444306,
					"rttvar":	14703,
					"pmtu":	1500,
					"omitted":	false,
					"sender":	true
				}],
			"sum":	{
				"start":	0,
				"end":	1.000685,
				"seconds":	1.0006849765777588,
				"bytes":	6029312,
				"bits_per_second":	48201479.115792356,
				"retransmits":	0,
				"omitted":	false,
				"sender":	true
			}
		}, {
			"streams":	[{
					"socket":	5,
					"start":	1.000685,
					"end":	2.000593,
					"seconds":	0.9999079704284668,
					"bytes":	2621440,
					"bits_per_second":	20973450.17763342,
					"retransmits":	188,
					"snd_cwnd":	823912,
					"snd_wnd":	3633664,
					"rtt":	741258,
					"rttvar":	1248,
					"pmtu":	1500,
					"omitted":	false,
					"sender":	true
				}],
			"sum":	{
				"start":	1.000685,
				"end":	2.000593,
				"seconds":	0.9999079704284668,
				"bytes":	2621440,
				"bits_per_second":	20973450.17763342,
				"retransmits":	188,
				"omitted":	false,
				"sender":	true
			}
		}, {
			"streams":	[{
					"socket":	5,
					"start":	2.000593,
					"end":	3.000538,
					"seconds":	0.99994498491287231,
					"bytes":	0,
					"bits_per_second":	0,
					"retransmits":	653,
					"snd_cwnd":	428608,
					"snd_wnd":	3906048,
					"rtt":	407851,
					"rttvar":	426,
					"pmtu":	1500,
					"omitted":	false,
					"sender":	true
				}],
			"sum":	{
				"start":	2.000593,
				"end":	3.000538,
				"seconds":	0.99994498491287231,
				"bytes":	0,
				"bits_per_second":	0,
				"retransmits":	653,
				"omitted":	false,
				"sender":	true
			}
		}, {
			"streams":	[{
					"socket":	5,
					"start":	3.000538,
					"end":	4.000922,
					"seconds":	1.0003839731216431,
					"bytes":	3407872,
					"bits_per_second":	27252511.767983831,
					"retransmits":	37,
					"snd_cwnd":	409784,
					"snd_wnd":	4422656,
					"rtt":	334179,
					"rttvar":	46,
					"pmtu":	1500,
					"omitted":	false,
					"sender":	true
				}],
			"sum":	{
				"start":	3.000538,
				"end":	4.000922,
				"seconds":	1.0003839731216431,
				"bytes":	3407872,
				"bits_per_second":	27252511.767983831,
				"retransmits":	37,
				"omitted":	false,
				"sender":	true
			}
		}, {
			"streams":	[{
					"socket":	5,
					"start":	4.000922,
					"end":	5.000989,
					"seconds":	1.0000669956207275,
					"bytes":	3145728,
					"bits_per_second":	25164138.11294705,
					"retransmits":	3,
					"snd_cwnd":	208512,
					"snd_wnd":	6389760,
					"rtt":	173158,
					"rttvar":	133,
					"pmtu":	1500,
					"omitted":	false,
					"sender":	true
				}],
			"sum":	{
				"start":	4.000922,
				"end":	5.000989,
				"seconds":	1.0000669956207275,
				"bytes":	3145728,
				"bits_per_second":	25164138.11294705,
				"retransmits":	3,
				"omitted":	false,
				"sender":	true
			}
		}, {
			"streams":	[{
					"socket":	5,
					"start":	5.000989,
					"end":	6.00077,
					"seconds":	0.99978101253509521,
					"bytes":	0,
					"bits_per_second":	0,
					"retransmits":	0,
					"snd_cwnd":	217200,
					"snd_wnd":	8781824,
					"rtt":	180386,
					"rttvar":	80,
					"pmtu":	1500,
					"omitted":	false,
					"sender":	true
				}],
			"sum":	{
				"start":	5.000989,
				"end":	6.00077,
				"seconds":	0.99978101253509521,
				"bytes":	0,
				"bits_per_second":	0,
				"retransmits":	0,
				"omitted":	false,
				"sender":	true
			}
		}, {
			"streams":	[{
					"socket":	5,
					"start":	6.00077,
					"end":	7.001121,
					"seconds":	1.0003509521484375,
					"bytes":	0,
					"bits_per_second":	0,
					"retransmits":	1,
					"snd_cwnd":	112944,
					"snd_wnd":	11000320,
					"rtt":	93227,
					"rttvar":	144,
					"pmtu":	1500,
					"omitted":	false,
					"sender":	true
				}],
			"sum":	{
				"start":	6.00077,
				"end":	7.001121,
				"seconds":	1.0003509521484375,
				"bytes":	0,
				"bits_per_second":	0,
				"retransmits":	1,
				"omitted":	false,
				"sender":	true
			}
		}, {
			"streams":	[{
					"socket":	5,
					"start":	7.001121,
					"end":	8.000374,
					"seconds":	0.99925297498703,
					"bytes":	3276800,
					"bits_per_second":	26233997.452287048,
					"retransmits":	2,
					"snd_cwnd":	76744,
					"snd_wnd":	12580352,
					"rtt":	61919,
					"rttvar":	245,
					"pmtu":	1500,
					"omitted":	false,
					"sender":	true
				}],
			"sum":	{
				"start":	7.001121,
				"end":	8.000374,
				"seconds":	0.99925297498703,
				"bytes":	3276800,
				"bits_per_second":	26233997.452287048,
				"retransmits":	2,
				"omitted":	false,
				"sender":	true
			}
		}, {
			"streams":	[{
					"socket":	5,
					"start":	8.000374,
					"end":	9.000728,
					"seconds":	1.0003540515899658,
					"bytes":	0,
					"bits_per_second":	0,
					"retransmits":	3,
					"snd_cwnd":	41992,
					"snd_wnd":	12580352,
					"rtt":	45450,
					"rttvar":	455,
					"pmtu":	1500,
					"omitted":	false,
					"sender":	true
				}],
			"sum":	{
				"start":	8.000374,
				"end":	9.000728,
				"seconds":	1.0003540515899658,
				"bytes":	0,
				"bits_per_second":	0,
				"retransmits":	3,
				"omitted":	false,
				"sender":	true
			}
		}, {
			"streams":	[{
					"socket":	5,
					"start":	9.000728,
					"end":	10.00097,
					"seconds":	1.0002419948577881,
					"bytes":	0,
					"bits_per_second":	0,
					"retransmits":	0,
					"snd_cwnd":	55024,
					"snd_wnd":	12580352,
					"rtt":	45504,
					"rttvar":	800,
					"pmtu":	1500,
					"omitted":	false,
					"sender":	true
				}],
			"sum":	{
				"start":	9.000728,
				"end":	10.00097,
				"seconds":	1.0002419948577881,
				"bytes":	0,
				"bits_per_second":	0,
				"retransmits":	0,
				"omitted":	false,
				"sender":	true
			}
		}, {
			"streams":	[{
					"socket":	5,
					"start":	10.00097,
					"end":	11.000672,
					"seconds":	0.999701976776123,
					"bytes":	3407872,
					"bits_per_second":	27271103.422160555,
					"retransmits":	4,
					"snd_cwnd":	27512,
					"snd_wnd":	12582912,
					"rtt":	45240,
					"rttvar":	637,
					"pmtu":	1500,
					"omitted":	false,
					"sender":	true
				}],
			"sum":	{
				"start":	10.00097,
				"end":	11.000672,
				"seconds":	0.999701976776123,
				"bytes":	3407872,
				"bits_per_second":	27271103.422160555,
				"retransmits":	4,
				"omitted":	false,
				"sender":	true
			}
		}, {
			"streams":	[{
					"socket":	5,
					"start":	11.000672,
					"end":	12.000906,
					"seconds":	1.0002340078353882,
					"bytes":	0,
					"bits_per_second":	0,
					"retransmits":	0,
					"snd_cwnd":	57920,
					"snd_wnd":	12580352,
					"rtt":	46709,
					"rttvar":	814,
					"pmtu":	1500,
					"omitted":	false,
					"sender":	true
				}],
			"sum":	{
				"start":	11.000672,
				"end":	12.000906,
				"seconds":	1.0002340078353882,
				"bytes":	0,
				"bits_per_second":	0,
				"retransmits":	0,
				"omitted":	false,
				"sender":	true
			}
		}, {
			"streams":	[{
					"socket":	5,
					"start":	12.000906,
					"end":	13.000887,
					"seconds":	0.99998098611831665,
					"bytes":	0,
					"bits_per_second":	0,
					"retransmits":	0,