{
	"start":	{
		"connected":	[{
				"socket":	5,
				"local_host":	"10.0.0.2",
				"local_port":	5201,
				"remote_host":	"10.0.0.1",
				"remote_port":	33150
			}],
		"version":	"iperf 3.16",
		"system_info":	"Linux mininet 6.8.0-88-generic #89-Ubuntu SMP PREEMPT_DYNAMIC Sat Oct 11 01:02:46 UTC 2025 x86_64",
		"sock_bufsize":	0,
		"sndbuf_actual":	87380,
		"rcvbuf_actual":	87380,
		"timestamp":	{
			"time":	"Tue, 02 Dec 2025 17:03:33 GMT",
			"timesecs":	1764695013
		},
		"accepted_connection":	{
			"host":	"10.0.0.1",
			"port":	33142
		},
		"cookie":	"lglxlikook2xvmj273x7acrpl6ttznks6v4b",
		"tcp_mss_default":	0,
		"target_bitrate":	0,
		"fq_rate":	0,
		"test_start":	{
			"protocol":	"TCP",
			"num_streams":	1,
			"blksize":	131072,
			"omit":	0,
			"duration":	20,
			"bytes":	0,
			"blocks":	0,
			"reverse":	0,
			"tos":	0,
			"target_bitrate":	0,
			"bidir":	0,
			"fqrate":	0
		}
	},
	"intervals":	[{
			"streams":	[{
					"socket":	5,
					"start":	0,
					"end":	1.000907,
					"seconds":	1.0009069442749023,
					"bytes":	1048576,
					"bits_per_second":	8381006.89377977,
					"omitted":	false,
					"sender":	false
				}],
			"sum":	{
				"start":	0,
				"end":	1.000907,
				"seconds":	1.0009069442749023,
				"bytes":	1048576,
				"bits_per_second":	8381006.89377977,
				"omitted":	false,
				"sender":	false
			}
		}, {
			"streams":	[{
					"socket":	5,
					"start":	1.000907,
					"end":	2.000762,
					"seconds":	0.99985498189926147,
					"bytes":	524288,
					"bits_per_second":	4194912.3382200534,
					"omitted":	false,
					"sender":	false
				}],
			"sum":	{
				"start":	1.000907,
				"end":	2.000762,
				"seconds":	0.99985498189926147,
				"bytes":	524288,
				"bits_per_second":	4194912.3382200534,
				"omitted":	false,
				"sender":	false
			}
		}, {
			"streams":	[{
					"socket":	5,
					"start":	2.000762,
					"end":	3.000957,
					"seconds":	1.0001950263977051,
					"bytes":	655360,
					"bits_per_second":	5241857.699375608,
					"omitted":	false,
					"sender":	false
				}],
			"sum":	{
				"start":	2.000762,
				"end":	3.000957,
				"seconds":	1.0001950263977051,
				"bytes":	655360,
				"bits_per_second":	5241857.699375608,
				"omitted":	false,
				"sender":	false
			}
		}, {
			"streams":	[{
					"socket":	5,
					"start":	3.000957,
					"end":	4.000902,
					"seconds":	0.99994498491287231,
					"bytes":	2228224,
					"bits_per_second":	17826772.741455577,
					"omitted":	false,
					"sender":	false
				}],
			"sum":	{
				"start":	3.000957,
				"end":	4.000902,
				"seconds":	0.99994498491287231,
				"bytes":	2228224,
				"bits_per_second":	17826772.741455577,
				"omitted":	false,
				"sender":	false
			}
		}, {
			"streams":	[{
					"socket":	5,
					"start":	4.000902,
					"end":	5.000981,
					"seconds":	1.0000790357589722,
					"bytes":	1310720,
					"bits_per_second":	10484931.315495709,
					"omitted":	false,
					"sender":	false
				}],
			"sum":	{
				"start":	4.000902,
				"end":	5.000981,
				"seconds":	1.0000790357589722,
				"bytes":	1310720,
				"bits_per_second":	10484931.315495709,
				"omitted":	false,
				"sender":	false
			}
		}, {
			"streams":	[{
					"socket":	5,
					"start":	5.000981,
					"end":	6.000995,
					"seconds":	1.0000139474868774,
					"bytes":	1179648,
					"bits_per_second":	9437052.37683581,
					"omitted":	false,
					"sender":	false
				}],
			"sum":	{
				"start":	5.000981,
				"end":	6.000995,
				"seconds":	1.0000139474868774,
				"bytes":	1179648,
				"bits_per_second":	9437052.37683581,
				"omitted":	false,
				"sender":	false
			}
		}, {
			"streams":	[{
					"socket":	5,
					"start":	6.000995,
					"end":	7.000771,
					"seconds":	0.999776005744934,
					"bytes":	1179648,
					"bits_per_second":	9439298.34860194,
					"omitted":	false,
					"sender":	false
				}],
			"sum":	{
				"start":	6.000995,
				"end":	7.000771,
				"seconds":	0.999776005744934,
				"bytes":	1179648,
				"bits_per_second":	9439298.34860194,
				"omitted":	false,
				"sender":	false
			}
		}, {
			"streams":	[{
					"socket":	5,
					"start":	7.000771,
					"end":	8.000975,
					"seconds":	1.0002039670944214,
					"bytes":	1310720,
					"bits_per_second":	10483621.686145663,
					"omitted":	false,
					"sender":	false
				}],
			"sum":	{
				"start":	7.000771,
				"end":	8.000975,
				"seconds":	1.0002039670944214,
				"bytes":	1310720,
				"bits_per_second":	10483621.686145663,
				"omitted":	false,
				"sender":	false
			}
		}, {
			"streams":	[{
					"socket":	5,
					"start":	8.000975,
					"end":	9.000963,
					"seconds":	0.9999880194664,
					"bytes":	1048576,
					"bits_per_second":	8388708.50120406,
					"omitted":	false,
					"sender":	false
				}],
			"sum":	{
				"start":	8.000975,
				"end":	9.000963,
				"seconds":	0.9999880194664,
				"bytes":	1048576,
				"bits_per_second":	8388708.50120406,
				"omitted":	false,
				"sender":	false
			}
		}, {
			"streams":	[{
					"socket":	5,
					"start":	9.000963,
					"end":	10.00112,
					"seconds":	1.0001569986343384,
					"bytes":	917504,
					"bits_per_second":	7338879.8058929015,
					"omitted":	false,
					"sender":	false
				}],
			"sum":	{
				"start":	9.000963,
				"end":	10.00112,
				"seconds":	1.0001569986343384,
				"bytes":	917504,
				"bits_per_second":	7338879.8058929015,
				"omitted":	false,
				"sender":	false
			}
		}, {
			"streams":	[{
					"socket":	5,
					"start":	10.00112,
					"end":	11.00079,
					"seconds":	0.99967002868652344,
					"bytes":	917504,
					"bits_per_second":	7342454.7994543184,
					"omitted":	false,
					"sender":	false
				}],
			"sum":	{
				"start":	10.00112,
				"end":	11.00079,
				"seconds":	0.99967002868652344,
				"bytes":	917504,
				"bits_per_second":	7342454.7994543184,
				"omitted":	false,
				"sender":	false
			}
		}, {
			"streams":	[{
					"socket":	5,
					"start":	11.00079,
					"end":	12.000838,
					"seconds":	1.000048041343689,
					"bytes":	917504,
					"bits_per_second":	7339679.3919397648,
					"omitted":	false,
					"sender":	false
				}],
			"sum":	{
				"start":	11.00079,
				"end":	12.000838,
				"seconds":	1.000048041343689,
				"bytes":	917504,
				"bits_per_second":	7339679.3919397648,
				"omitted":	false,
				"sender":	false
			}
		}, {
			"streams":	[{
					"socket":	5,
					"start":	12.000838,
					"end":	13.000774,
					"seconds":	0.99993598461151123,
					"bytes":	1179648,
					"bits_per_second":	9437788.16367577,
					"omitted":	false,
					"sender":	false
				}],
			"sum":	{
				"start":	12.000838,
				"end":	13.000774,
				"seconds":	0.99993598461151123,
				"bytes":	1179648,
				"bits_per_second":	9437788.16367577,
				"omitted":	false,
				"sender":	false
			}
		}, {
			"streams":	[{
					"socket":	5,
					"start":	13.000774,
					"end":	14.000938,
					"seconds":	1.0001640319824219,
					"bytes":	1179648,
					"bits_per_second":	9435636.2538798638,
					"omitted":	false,
					"sender":	false
				}],
			"sum":	{
				"start":	13.000774,
				"end":	14.000938,
				"seconds":	1.0001640319824219,
				"bytes":	1179648,
				"bits_per_second":	9435636.2538798638,
				"omitted":	false,
				"sender":	false
			}
		}, {
			"streams":	[{
					"socket":	5,
					"start":	14.000938,
					"end":	15.00076,
					"seconds":	0.99982202053070068,
					"bytes":	1179648,
					"bits_per_second":	9438863.92399198,
					"omitted":	false,
					"sender":	false
				}],
			"sum":	{
				"start":	14.000938,
				"end":	15.00076,
				"seconds":	0.99982202053070068,
				"bytes":	1179648,
				"bits_per_second":	9438863.92399198,
				"omitted":	false,
				"sender":	false
			}
		}, {
			"streams":	[{
					"socket":	5,
					"start":	15.00076,
					"end":	16.000746,
					"seconds":	0.99998599290847778,
					"bytes":	1179648,
					"bits_per_second":	9437316.18935159,
					"omitted":	false,
					"sender":	false
				}],
			"sum":	{
				"start":	15.00076,
				"end":	16.000746,
				"seconds":	0.99998599290847778,
				"bytes":	1179648,
				"bits_per_second":	9437316.18935159,
				"omitted":	false,