{
	"start":	{
		"connected":	[{
				"socket":	5,
				"local_host":	"10.0.0.2",
				"local_port":	5201,
				"remote_host":	"10.0.0.1",
				"remote_port":	48250
			}],
		"version":	"iperf 3.16",
		"system_info":	"Linux mininet 6.8.0-88-generic #89-Ubuntu SMP PREEMPT_DYNAMIC Sat Oct 11 01:02:46 UTC 2025 x86_64",
		"sock_bufsize":	0,
		"sndbuf_actual":	87380,
		"rcvbuf_actual":	87380,
		"timestamp":	{
			"time":	"Tue, 02 Dec 2025 18:09:39 GMT",
			"timesecs":	1764698979
		},
		"accepted_connection":	{
			"host":	"10.0.0.1",
			"port":	48248
		},
		"cookie":	"wgmsmfda6a33rlqigs2tn7hjbwcu56dqhjsh",
		"tcp_mss_default":	0,
		"target_bitrate":	0,
		"fq_rate":	0,
		"test_start":	{
			"protocol":	"TCP",
			"num_streams":	1,
			"blksize":	131072,
			"omit":	0,
			"duration":	20,
			"bytes":	0,
			"blocks":	0,
			"reverse":	0,
			"tos":	0,
			"target_bitrate":	0,
			"bidir":	0,
			"fqrate":	0
		}
	},
	"intervals":	[{
			"streams":	[{
					"socket":	5,
					"start":	0,
					"end":	1.000933,
					"seconds":	1.000933051109314,
					"bytes":	3801088,
					"bits_per_second":	30380357.573664539,
					"omitted":	false,
					"sender":	false
				}],
			"sum":	{
				"start":	0,
				"end":	1.000933,
				"seconds":	1.000933051109314,
				"bytes":	3801088,
				"bits_per_second":	30380357.573664539,
				"omitted":	false,
				"sender":	false
			}
		}, {
			"streams":	[{
					"socket":	5,
					"start":	1.000933,
					"end":	2.000783,
					"seconds":	0.99984997510910034,
					"bytes":	1048576,
					"bits_per_second":	8389866.6888346542,
					"omitted":	false,
					"sender":	false
				}],
			"sum":	{
				"start":	1.000933,
				"end":	2.000783,
				"seconds":	0.99984997510910034,
				"bytes":	1048576,
				"bits_per_second":	8389866.6888346542,
				"omitted":	false,
				"sender":	false
			}
		}, {
			"streams":	[{
					"socket":	5,
					"start":	2.000783,
					"end":	3.000771,
					"seconds":	0.9999880194664,
					"bytes":	393216,
					"bits_per_second":	3145765.6879515219,
					"omitted":	false,
					"sender":	false
				}],
			"sum":	{
				"start":	2.000783,
				"end":	3.000771,
				"seconds":	0.9999880194664,
				"bytes":	393216,
				"bits_per_second":	3145765.6879515219,
				"omitted":	false,
				"sender":	false
			}
		}, {
			"streams":	[{
					"socket":	5,
					"start":	3.000771,
					"end":	4.000786,
					"seconds":	1.0000150203704834,
					"bytes":	262144,
					"bits_per_second":	2097120.5004731345,
					"omitted":	false,
					"sender":	false
				}],
			"sum":	{
				"start":	3.000771,
				"end":	4.000786,
				"seconds":	1.0000150203704834,
				"bytes":	262144,
				"bits_per_second":	2097120.5004731345,
				"omitted":	false,
				"sender":	false
			}
		}, {
			"streams":	[{
					"socket":	5,
					"start":	4.000786,
					"end":	5.000734,
					"seconds":	0.999948024749756,
					"bytes":	524288,
					"bits_per_second":	4194522.0113311931,
					"omitted":	false,
					"sender":	false
				}],
			"sum":	{
				"start":	4.000786,
				"end":	5.000734,
				"seconds":	0.999948024749756,
				"bytes":	524288,
				"bits_per_second":	4194522.0113311931,
				"omitted":	false,
				"sender":	false
			}
		}, {
			"streams":	[{
					"socket":	5,
					"start":	5.000734,
					"end":	6.001062,
					"seconds":	1.0003279447555542,
					"bytes":	393216,
					"bits_per_second":	3144696.7132050958,
					"omitted":	false,
					"sender":	false
				}],
			"sum":	{
				"start":	5.000734,
				"end":	6.001062,
				"seconds":	1.0003279447555542,
				"bytes":	393216,
				"bits_per_second":	3144696.7132050958,
				"omitted":	false,
				"sender":	false
			}
		}, {
			"streams":	[{
					"socket":	5,
					"start":	6.001062,
					"end":	7.000812,
					"seconds":	0.999750018119812,
					"bytes":	393216,
					"bits_per_second":	3146514.5716286548,
					"omitted":	false,
					"sender":	false
				}],
			"sum":	{
				"start":	6.001062,
				"end":	7.000812,
				"seconds":	0.999750018119812,
				"bytes":	393216,
				"bits_per_second":	3146514.5716286548,
				"omitted":	false,
				"sender":	false
			}
		}, {
			"streams":	[{
					"socket":	5,
					"start":	7.000812,
					"end":	8.000775,
					"seconds":	0.99996298551559448,
					"bytes":	524288,
					"bits_per_second":	4194459.25574671,
					"omitted":	false,
					"sender":	false
				}],
			"sum":	{
				"start":	7.000812,
				"end":	8.000775,
				"seconds":	0.99996298551559448,
				"bytes":	524288,
				"bits_per_second":	4194459.25574671,
				"omitted":	false,
				"sender":	false
			}
		}, {
			"streams":	[{
					"socket":	5,
					"start":	8.000775,
					"end":	9.000777,
					"seconds":	1.0000020265579224,
					"bytes":	524288,
					"bits_per_second":	4194295.5000172257,
					"omitted":	false,
					"sender":	false
				}],
			"sum":	{
				"start":	8.000775,
				"end":	9.000777,
				"seconds":	1.0000020265579224,
				"bytes":	524288,
				"bits_per_second":	4194295.5000172257,
				"omitted":	false,
				"sender":	false
			}
		}, {
			"streams":	[{
					"socket":	5,
					"start":	9.000777,
					"end":	10.000785,
					"seconds":	1.0000079870224,
					"bytes":	655360,
					"bits_per_second":	5242838.1253344538,
					"omitted":	false,
					"sender":	false
				}],
			"sum":	{
				"start":	9.000777,
				"end":	10.000785,
				"seconds":	1.0000079870224,
				"bytes":	655360,
				"bits_per_second":	5242838.1253344538,
				"omitted":	false,
				"sender":	false
			}
		}, {
			"streams":	[{
					"socket":	5,
					"start":	10.000785,
					"end":	11.000773,
					"seconds":	0.9999880194664,
					"bytes":	393216,
					"bits_per_second":	3145765.6879515219,
					"omitted":	false,
					"sender":	false
				}],
			"sum":	{
				"start":	10.000785,
				"end":	11.000773,
				"seconds":	0.9999880194664,
				"bytes":	393216,
				"bits_per_second":	3145765.6879515219,
				"omitted":	false,
				"sender":	false
			}
		}, {
			"streams":	[{
					"socket":	5,
					"start":	11.000773,
					"end":	12.000775,
					"seconds":	1.0000020265579224,
					"bytes":	393216,
					"bits_per_second":	3145721.62501292,
					"omitted":	false,
					"sender":	false
				}],
			"sum":	{
				"start":	11.000773,
				"end":	12.000775,
				"seconds":	1.0000020265579224,
				"bytes":	393216,
				"bits_per_second":	3145721.62501292,
				"omitted":	false,
				"sender":	false
			}
		}, {
			"streams":	[{
					"socket":	5,
					"start":	12.000775,
					"end":	13.000792,
					"seconds":	1.0000170469284058,
					"bytes":	524288,
					"bits_per_second":	4194232.5012188344,
					"omitted":	false,
					"sender":	false
				}],
			"sum":	{
				"start":	12.000775,
				"end":	13.000792,
				"seconds":	1.0000170469284058,
				"bytes":	524288,
				"bits_per_second":	4194232.5012188344,
				"omitted":	false,
				"sender":	false
			}
		}, {
			"streams":	[{
					"socket":	5,
					"start":	13.000792,
					"end":	14.000762,
					"seconds":	0.999970018863678,
					"bytes":	524288,
					"bits_per_second":	4194429.75377024,
					"omitted":	false,
					"sender":	false
				}],
			"sum":	{
				"start":	13.000792,
				"end":	14.000762,
				"seconds":	0.999970018863678,
				"bytes":	524288,
				"bits_per_second":	4194429.75377024,
				"omitted":	false,
				"sender":	false
			}
		}, {
			"streams":	[{
					"socket":	5,
					"start":	14.000762,
					"end":	15.000736,
					"seconds":	0.999974012374878,
					"bytes":	655360,
					"bits_per_second":	5243016.2535409061,
					"omitted":	false,
					"sender":	false
				}],
			"sum":	{
				"start":	14.000762,
				"end":	15.000736,
				"seconds":	0.999974012374878,
				"bytes":	655360,
				"bits_per_second":	5243016.2535409061,
				"omitted":	false,
				"sender":	false
			}
		}, {
			"streams":	[{
					"socket":	5,
					"start":	15.000736,
					"end":	16.001092,
					"seconds":	1.0003559589385986,
					"bytes":	786432,
					"bits_per_second":	6289217.2968863845,
					"omitted":	false,
					"sender":	false
				}],
			"sum":	{
				"start":	15.000736,
				"end":	16.001092,
				"seconds":	1.0003559589385986,
				"bytes":	786432,
				"bits_per_second":	6289217.2968863845,
				"omitted":	false,