{
	"start":	{
		"connected":	[{
				"socket":	5,
				"local_host":	"10.0.0.1",
				"local_port":	55166,
				"remote_host":	"10.0.0.2",
				"remote_port":	5201
			}],
		"version":	"iperf 3.16",
		"system_info":	"Linux CSCE952FinalProject 6.14.0-36-generic #36~24.04.1-Ubuntu SMP PREEMPT_DYNAMIC Wed Oct 15 15:45:17 UTC 2 x86_64",
		"timestamp":	{
			"time":	"Sun, 30 Nov 2025 04:32:52 GMT",
			"timesecs":	1764477172
		},
		"connecting_to":	{
			"host":	"10.0.0.2",
			"port":	5201
		},
		"cookie":	"mqonvezb3vbdaqua2hsejwdasavrbcswmrxf",
		"tcp_mss_default":	1448,
		"target_bitrate":	0,
		"fq_rate":	0,
		"sock_bufsize":	0,
		"sndbuf_actual":	87380,
		"rcvbuf_actual":	87380,
		"test_start":	{
			"protocol":	"TCP",
			"num_streams":	1,
			"blksize":	131072,
			"omit":	0,
			"duration":	20,
			"bytes":	0,
			"blocks":	0,
			"reverse":	0,
			"tos":	0,
			"target_bitrate":	0,
			"bidir":	0,
			"fqrate":	0
		}
	},
	"intervals":	[{
			"streams":	[{
					"socket":	5,
					"start":	0,
					"end":	1.003401,
					"seconds":	1.0034010410308838,
					"bytes":	917504,
					"bits_per_second":	7315152.8649590872,
					"retransmits":	0,
					"snd_cwnd":	143352,
					"snd_wnd":	376320,
					"rtt":	371081,
					"rttvar":	38377,
					"pmtu":	1500,
					"omitted":	false,
					"sender":	true
				}],
			"sum":	{
				"start":	0,
				"end":	1.003401,
				"seconds":	1.0034010410308838,
				"bytes":	917504,
				"bits_per_second":	7315152.8649590872,
				"retransmits":	0,
				"omitted":	false,
				"sender":	true
			}
		}, {
			"streams":	[{
					"socket":	5,
					"start":	1.003401,
					"end":	2.003322,
					"seconds":	0.99992102384567261,
					"bytes":	262144,
					"bits_per_second":	2097317.6380814589,
					"retransmits":	0,
					"snd_cwnd":	160728,
					"snd_wnd":	577024,
					"rtt":	415070,
					"rttvar":	34375,
					"pmtu":	1500,
					"omitted":	false,
					"sender":	true
				}],
			"sum":	{
				"start":	1.003401,
				"end":	2.003322,
				"seconds":	0.99992102384567261,
				"bytes":	262144,
				"bits_per_second":	2097317.6380814589,
				"retransmits":	0,
				"omitted":	false,
				"sender":	true
			}
		}, {
			"streams":	[{
					"socket":	5,
					"start":	2.003322,
					"end":	3.002059,
					"seconds":	0.99873697757720947,
					"bytes":	786432,
					"bits_per_second":	6299412.29898402,
					"retransmits":	0,
					"snd_cwnd":	195480,
					"snd_wnd":	578048,
					"rtt":	115765,
					"rttvar":	14391,
					"pmtu":	1500,
					"omitted":	false,
					"sender":	true
				}],
			"sum":	{
				"start":	2.003322,
				"end":	3.002059,
				"seconds":	0.99873697757720947,
				"bytes":	786432,
				"bits_per_second":	6299412.29898402,
				"retransmits":	0,
				"omitted":	false,
				"sender":	true
			}
		}, {
			"streams":	[{
					"socket":	5,
					"start":	3.002059,
					"end":	4.001472,
					"seconds":	0.999413013458252,
					"bytes":	917504,
					"bits_per_second":	7344343.0305168945,
					"retransmits":	0,
					"snd_cwnd":	233128,
					"snd_wnd":	578048,
					"rtt":	410402,
					"rttvar":	19810,
					"pmtu":	1500,
					"omitted":	false,
					"sender":	true
				}],
			"sum":	{
				"start":	3.002059,
				"end":	4.001472,
				"seconds":	0.999413013458252,
				"bytes":	917504,
				"bits_per_second":	7344343.0305168945,
				"retransmits":	0,
				"omitted":	false,
				"sender":	true
			}
		}, {
			"streams":	[{
					"socket":	5,
					"start":	4.001472,
					"end":	5.003348,
					"seconds":	1.0018759965896606,
					"bytes":	524288,
					"bits_per_second":	4186450.2336389092,
					"retransmits":	0,
					"snd_cwnd":	250504,
					"snd_wnd":	577024,
					"rtt":	711306,
					"rttvar":	74180,
					"pmtu":	1500,
					"omitted":	false,
					"sender":	true
				}],
			"sum":	{
				"start":	4.001472,
				"end":	5.003348,
				"seconds":	1.0018759965896606,
				"bytes":	524288,
				"bits_per_second":	4186450.2336389092,
				"retransmits":	0,
				"omitted":	false,
				"sender":	true
			}
		}, {
			"streams":	[{
					"socket":	5,
					"start":	5.003348,
					"end":	6.001636,
					"seconds":	0.99828797578811646,
					"bytes":	655360,
					"bits_per_second":	5251871.3308761567,
					"retransmits":	0,
					"snd_cwnd":	267880,
					"snd_wnd":	578048,
					"rtt":	810570,
					"rttvar":	99129,
					"pmtu":	1500,
					"omitted":	false,
					"sender":	true
				}],
			"sum":	{
				"start":	5.003348,
				"end":	6.001636,
				"seconds":	0.99828797578811646,
				"bytes":	655360,
				"bits_per_second":	5251871.3308761567,
				"retransmits":	0,
				"omitted":	false,
				"sender":	true
			}
		}, {
			"streams":	[{
					"socket":	5,
					"start":	6.001636,
					"end":	7.001462,
					"seconds":	0.99982601404190063,
					"bytes":	524288,
					"bits_per_second":	4195033.8769883467,
					"retransmits":	0,
					"snd_cwnd":	292496,
					"snd_wnd":	667648,
					"rtt":	715307,
					"rttvar":	28011,
					"pmtu":	1500,
					"omitted":	false,
					"sender":	true
				}],
			"sum":	{
				"start":	6.001636,
				"end":	7.001462,
				"seconds":	0.99982601404190063,
				"bytes":	524288,
				"bits_per_second":	4195033.8769883467,
				"retransmits":	0,
				"omitted":	false,
				"sender":	true
			}
		}, {
			"streams":	[{
					"socket":	5,
					"start":	7.001462,
					"end":	8.002821,
					"seconds":	1.0013589859008789,
					"bytes":	655360,
					"bits_per_second":	5235764.6696336484,
					"retransmits":	0,
					"snd_cwnd":	322904,
					"snd_wnd":	724480,
					"rtt":	858485,
					"rttvar":	147826,
					"pmtu":	1500,
					"omitted":	false,
					"sender":	true
				}],
			"sum":	{
				"start":	7.001462,
				"end":	8.002821,
				"seconds":	1.0013589859008789,
				"bytes":	655360,
				"bits_per_second":	5235764.6696336484,
				"retransmits":	0,
				"omitted":	false,
				"sender":	true
			}
		}, {
			"streams":	[{
					"socket":	5,
					"start":	8.002821,
					"end":	9.00252,
					"seconds":	0.99969899654388428,
					"bytes":	0,
					"bits_per_second":	0,
					"retransmits":	0,
					"snd_cwnd":	379376,
					"snd_wnd":	724480,
					"rtt":	1310899,
					"rttvar":	112064,
					"pmtu":	1500,
					"omitted":	false,
					"sender":	true
				}],
			"sum":	{
				"start":	8.002821,
				"end":	9.00252,
				"seconds":	0.99969899654388428,
				"bytes":	0,
				"bits_per_second":	0,
				"retransmits":	0,
				"omitted":	false,
				"sender":	true
			}
		}, {
			"streams":	[{
					"socket":	5,
					"start":	9.00252,
					"end":	10.002073,
					"seconds":	0.99955302476882935,
					"bytes":	3014656,
					"bits_per_second":	24128032.632963814,
					"retransmits":	0,
					"snd_cwnd":	595128,
					"snd_wnd":	1535488,
					"rtt":	214113,
					"rttvar":	12204,
					"pmtu":	1500,
					"omitted":	false,
					"sender":	true
				}],
			"sum":	{
				"start":	9.00252,
				"end":	10.002073,
				"seconds":	0.99955302476882935,
				"bytes":	3014656,
				"bits_per_second":	24128032.632963814,
				"retransmits":	0,
				"omitted":	false,
				"sender":	true
			}
		}, {
			"streams":	[{
					"socket":	5,
					"start":	10.002073,
					"end":	11.006506,
					"seconds":	1.0044330358505249,
					"bytes":	2621440,
					"bits_per_second":	20878962.8093444,
					"retransmits":	4,
					"snd_cwnd":	684904,
					"snd_wnd":	1538048,
					"rtt":	304539,
					"rttvar":	16523,
					"pmtu":	1500,
					"omitted":	false,
					"sender":	true
				}],
			"sum":	{
				"start":	10.002073,
				"end":	11.006506,
				"seconds":	1.0044330358505249,
				"bytes":	2621440,
				"bits_per_second":	20878962.8093444,
				"retransmits":	4,
				"omitted":	false,
				"sender":	true
			}
		}, {
			"streams":	[{
					"socket":	5,
					"start":	11.006506,
					"end":	12.002039,
					"seconds":	0.995532989501953,
					"bytes":	0,
					"bits_per_second":	0,
					"retransmits":	61,
					"snd_cwnd":	505352,
					"snd_wnd":	1538048,
					"rtt":	1011290,
					"rttvar":	9914,
					"pmtu":	1500,
					"omitted":	false,
					"sender":	true
				}],
			"sum":	{
				"start":	11.006506,
				"end":	12.002039,
				"seconds":	0.995532989501953,
				"bytes":	0,
				"bits_per_second":	0,
				"retransmits":	61,
				"omitted":	false,