{
	"start":	{
		"connected":	[{
				"socket":	5,
				"local_host":	"10.0.0.1",
				"local_port":	57750,
				"remote_host":	"10.0.0.2",
				"remote_port":	5201
			}],
		"version":	"iperf 3.16",
		"system_info":	"Linux mininet 6.8.0-88-generic #89-Ubuntu SMP PREEMPT_DYNAMIC Sat Oct 11 01:02:46 UTC 2025 x86_64",
		"timestamp":	{
			"time":	"Tue, 02 Dec 2025 17:50:49 GMT",
			"timesecs":	1764697849
		},
		"connecting_to":	{
			"host":	"10.0.0.2",
			"port":	5201
		},
		"cookie":	"jebzhn43ywekuwipjobvwzjzdfitdylrfjyk",
		"tcp_mss_default":	1448,
		"target_bitrate":	0,
		"fq_rate":	0,
		"sock_bufsize":	0,
		"sndbuf_actual":	87380,
		"rcvbuf_actual":	87380,
		"test_start":	{
			"protocol":	"TCP",
			"num_streams":	1,
			"blksize":	131072,
			"omit":	0,
			"duration":	20,
			"bytes":	0,
			"blocks":	0,
			"reverse":	0,
			"tos":	0,
			"target_bitrate":	0,
			"bidir":	0,
			"fqrate":	0
		}
	},
	"intervals":	[{
			"streams":	[{
					"socket":	5,
					"start":	0,
					"end":	1.001058,
					"seconds":	1.0010579824447632,
					"bytes":	1703936,
					"bits_per_second":	13617081.366964839,
					"retransmits":	5,
					"snd_cwnd":	63712,
					"snd_wnd":	1746944,
					"rtt":	52922,
					"rttvar":	595,
					"pmtu":	1500,
					"omitted":	false,
					"sender":	true
				}],
			"sum":	{
				"start":	0,
				"end":	1.001058,
				"seconds":	1.0010579824447632,
				"bytes":	1703936,
				"bits_per_second":	13617081.366964839,
				"retransmits":	5,
				"omitted":	false,
				"sender":	true
			}
		}, {
			"streams":	[{
					"socket":	5,
					"start":	1.001058,
					"end":	2.001086,
					"seconds":	1.0000280141830444,
					"bytes":	1179648,
					"bits_per_second":	9436919.6324060429,
					"retransmits":	0,
					"snd_cwnd":	75296,
					"snd_wnd":	4139008,
					"rtt":	62891,
					"rttvar":	278,
					"pmtu":	1500,
					"omitted":	false,
					"sender":	true
				}],
			"sum":	{
				"start":	1.001058,
				"end":	2.001086,
				"seconds":	1.0000280141830444,
				"bytes":	1179648,
				"bits_per_second":	9436919.6324060429,
				"retransmits":	0,
				"omitted":	false,
				"sender":	true
			}
		}, {
			"streams":	[{
					"socket":	5,
					"start":	2.001086,
					"end":	3.001133,
					"seconds":	1.000046968460083,
					"bytes":	1179648,
					"bits_per_second":	9436740.77081779,
					"retransmits":	2,
					"snd_cwnd":	68056,
					"snd_wnd":	4879360,
					"rtt":	55040,
					"rttvar":	882,
					"pmtu":	1500,
					"omitted":	false,
					"sender":	true
				}],
			"sum":	{
				"start":	2.001086,
				"end":	3.001133,
				"seconds":	1.000046968460083,
				"bytes":	1179648,
				"bits_per_second":	9436740.77081779,
				"retransmits":	2,
				"omitted":	false,
				"sender":	true
			}
		}, {
			"streams":	[{
					"socket":	5,
					"start":	3.001133,
					"end":	4.001071,
					"seconds":	0.99993801116943359,
					"bytes":	1179648,
					"bits_per_second":	9437769.0362657141,
					"retransmits":	4,
					"snd_cwnd":	40544,
					"snd_wnd":	4881408,
					"rtt":	45997,
					"rttvar":	228,
					"pmtu":	1500,
					"omitted":	false,
					"sender":	true
				}],
			"sum":	{
				"start":	3.001133,
				"end":	4.001071,
				"seconds":	0.99993801116943359,
				"bytes":	1179648,
				"bits_per_second":	9437769.0362657141,
				"retransmits":	4,
				"omitted":	false,
				"sender":	true
			}
		}, {
			"streams":	[{
					"socket":	5,
					"start":	4.001071,
					"end":	5.001052,
					"seconds":	0.99998098611831665,
					"bytes":	1179648,
					"bits_per_second":	9437363.44091187,
					"retransmits":	1,
					"snd_cwnd":	41992,
					"snd_wnd":	4881408,
					"rtt":	44909,
					"rttvar":	689,
					"pmtu":	1500,
					"omitted":	false,
					"sender":	true
				}],
			"sum":	{
				"start":	4.001071,
				"end":	5.001052,
				"seconds":	0.99998098611831665,
				"bytes":	1179648,
				"bits_per_second":	9437363.44091187,
				"retransmits":	1,
				"omitted":	false,
				"sender":	true
			}
		}, {
			"streams":	[{
					"socket":	5,
					"start":	5.001052,
					"end":	6.001059,
					"seconds":	1.0000070333480835,
					"bytes":	786432,
					"bits_per_second":	6291411.7503112238,
					"retransmits":	0,
					"snd_cwnd":	57920,
					"snd_wnd":	4881408,
					"rtt":	47072,
					"rttvar":	243,
					"pmtu":	1500,
					"omitted":	false,
					"sender":	true
				}],
			"sum":	{
				"start":	5.001052,
				"end":	6.001059,
				"seconds":	1.0000070333480835,
				"bytes":	786432,
				"bits_per_second":	6291411.7503112238,
				"retransmits":	0,
				"omitted":	false,
				"sender":	true
			}
		}, {
			"streams":	[{
					"socket":	5,
					"start":	6.001059,
					"end":	7.001069,
					"seconds":	1.0000100135803223,
					"bytes":	1179648,
					"bits_per_second":	9437089.500946274,
					"retransmits":	2,
					"snd_cwnd":	53576,
					"snd_wnd":	4881408,
					"rtt":	44768,
					"rttvar":	365,
					"pmtu":	1500,
					"omitted":	false,
					"sender":	true
				}],
			"sum":	{
				"start":	6.001059,
				"end":	7.001069,
				"seconds":	1.0000100135803223,
				"bytes":	1179648,
				"bits_per_second":	9437089.500946274,
				"retransmits":	2,
				"omitted":	false,
				"sender":	true
			}
		}, {
			"streams":	[{
					"socket":	5,
					"start":	7.001069,
					"end":	8.001089,
					"seconds":	1.0000200271606445,
					"bytes":	1179648,
					"bits_per_second":	9436995.003785057,
					"retransmits":	0,
					"snd_cwnd":	66608,
					"snd_wnd":	4881408,
					"rtt":	54357,
					"rttvar":	184,
					"pmtu":	1500,
					"omitted":	false,
					"sender":	true
				}],
			"sum":	{
				"start":	7.001069,
				"end":	8.001089,
				"seconds":	1.0000200271606445,
				"bytes":	1179648,
				"bits_per_second":	9436995.003785057,
				"retransmits":	0,
				"omitted":	false,
				"sender":	true
			}
		}, {
			"streams":	[{
					"socket":	5,
					"start":	8.001089,
					"end":	9.001064,
					"seconds":	0.999975025653839,
					"bytes":	1179648,
					"bits_per_second":	9437419.69338629,
					"retransmits":	2,
					"snd_cwnd":	56472,
					"snd_wnd":	4881408,
					"rtt":	45993,
					"rttvar":	677,
					"pmtu":	1500,
					"omitted":	false,
					"sender":	true
				}],
			"sum":	{
				"start":	8.001089,
				"end":	9.001064,
				"seconds":	0.999975025653839,
				"bytes":	1179648,
				"bits_per_second":	9437419.69338629,
				"retransmits":	2,
				"omitted":	false,
				"sender":	true
			}
		}, {
			"streams":	[{
					"socket":	5,
					"start":	9.001064,
					"end":	10.001062,
					"seconds":	0.99999797344207764,
					"bytes":	1179648,
					"bits_per_second":	9437203.12503876,
					"retransmits":	0,
					"snd_cwnd":	70952,
					"snd_wnd":	4881408,
					"rtt":	58823,
					"rttvar":	780,
					"pmtu":	1500,
					"omitted":	false,
					"sender":	true
				}],
			"sum":	{
				"start":	9.001064,
				"end":	10.001062,
				"seconds":	0.99999797344207764,
				"bytes":	1179648,
				"bits_per_second":	9437203.12503876,
				"retransmits":	0,
				"omitted":	false,
				"sender":	true
			}
		}, {
			"streams":	[{
					"socket":	5,
					"start":	10.001062,
					"end":	11.001131,
					"seconds":	1.00006902217865,
					"bytes":	1179648,
					"bits_per_second":	9436532.66995622,
					"retransmits":	2,
					"snd_cwnd":	57920,
					"snd_wnd":	4878336,
					"rtt":	47218,
					"rttvar":	68,
					"pmtu":	1500,
					"omitted":	false,
					"sender":	true
				}],
			"sum":	{
				"start":	10.001062,
				"end":	11.001131,
				"seconds":	1.00006902217865,
				"bytes":	1179648,
				"bits_per_second":	9436532.66995622,
				"retransmits":	2,
				"omitted":	false,
				"sender":	true
			}
		}, {
			"streams":	[{
					"socket":	5,
					"start":	11.001131,
					"end":	12.001061,
					"seconds":	0.99993002414703369,
					"bytes":	1179648,
					"bits_per_second":	9437844.42121354,
					"retransmits":	4,
					"snd_cwnd":	37648,
					"snd_wnd":	4881408,
					"rtt":	45392,
					"rttvar":	1745,
					"pmtu":	1500,
					"omitted":	false,
					"sender":	true
				}],
			"sum":	{
				"start":	11.001131,
				"end":	12.001061,
				"seconds":	0.99993002414703369,
				"bytes":	1179648,
				"bits_per_second":	9437844.42121354,
				"retransmits":	4,