{
	"start":	{
		"connected":	[{
				"socket":	5,
				"local_host":	"10.0.0.1",
				"local_port":	43888,
				"remote_host":	"10.0.0.2",
				"remote_port":	5201
			}],
		"version":	"iperf 3.16",
		"system_info":	"Linux mininet 6.8.0-88-generic #89-Ubuntu SMP PREEMPT_DYNAMIC Sat Oct 11 01:02:46 UTC 2025 x86_64",
		"timestamp":	{
			"time":	"Tue, 02 Dec 2025 18:51:29 GMT",
			"timesecs":	1764701489
		},
		"connecting_to":	{
			"host":	"10.0.0.2",
			"port":	5201
		},
		"cookie":	"7grmypb2talfkb7npgnpvzqagxclhplhhfea",
		"tcp_mss_default":	1448,
		"target_bitrate":	0,
		"fq_rate":	0,
		"sock_bufsize":	0,
		"sndbuf_actual":	87380,
		"rcvbuf_actual":	87380,
		"test_start":	{
			"protocol":	"TCP",
			"num_streams":	1,
			"blksize":	131072,
			"omit":	0,
			"duration":	20,
			"bytes":	0,
			"blocks":	0,
			"reverse":	0,
			"tos":	0,
			"target_bitrate":	0,
			"bidir":	0,
			"fqrate":	0
		}
	},
	"intervals":	[{
			"streams":	[{
					"socket":	5,
					"start":	0,
					"end":	1.000839,
					"seconds":	1.0008389949798584,
					"bytes":	3538944,
					"bits_per_second":	28287818.662151311,
					"retransmits":	4,
					"snd_cwnd":	367792,
					"snd_wnd":	1186816,
					"rtt":	257304,
					"rttvar":	6572,
					"pmtu":	1500,
					"omitted":	false,
					"sender":	true
				}],
			"sum":	{
				"start":	0,
				"end":	1.000839,
				"seconds":	1.0008389949798584,
				"bytes":	3538944,
				"bits_per_second":	28287818.662151311,
				"retransmits":	4,
				"omitted":	false,
				"sender":	true
			}
		}, {
			"streams":	[{
					"socket":	5,
					"start":	1.000839,
					"end":	2.000649,
					"seconds":	0.999809980392456,
					"bytes":	1179648,
					"bits_per_second":	9438977.5908174235,
					"retransmits":	8,
					"snd_cwnd":	292496,
					"snd_wnd":	2070016,
					"rtt":	299220,
					"rttvar":	59,
					"pmtu":	1500,
					"omitted":	false,
					"sender":	true
				}],
			"sum":	{
				"start":	1.000839,
				"end":	2.000649,
				"seconds":	0.999809980392456,
				"bytes":	1179648,
				"bits_per_second":	9438977.5908174235,
				"retransmits":	8,
				"omitted":	false,
				"sender":	true
			}
		}, {
			"streams":	[{
					"socket":	5,
					"start":	2.000649,
					"end":	3.000685,
					"seconds":	1.0000360012054443,
					"bytes":	1310720,
					"bits_per_second":	10485382.513589965,
					"retransmits":	12,
					"snd_cwnd":	269328,
					"snd_wnd":	4462080,
					"rtt":	105195,
					"rttvar":	138,
					"pmtu":	1500,
					"omitted":	false,
					"sender":	true
				}],
			"sum":	{
				"start":	2.000649,
				"end":	3.000685,
				"seconds":	1.0000360012054443,
				"bytes":	1310720,
				"bits_per_second":	10485382.513589965,
				"retransmits":	12,
				"omitted":	false,
				"sender":	true
			}
		}, {
			"streams":	[{
					"socket":	5,
					"start":	3.000685,
					"end":	4.000941,
					"seconds":	1.0002559423446655,
					"bytes":	1310720,
					"bits_per_second":	10483076.93670951,
					"retransmits":	6,
					"snd_cwnd":	269328,
					"snd_wnd":	6842368,
					"rtt":	113177,
					"rttvar":	146,
					"pmtu":	1500,
					"omitted":	false,
					"sender":	true
				}],
			"sum":	{
				"start":	3.000685,
				"end":	4.000941,
				"seconds":	1.0002559423446655,
				"bytes":	1310720,
				"bits_per_second":	10483076.93670951,
				"retransmits":	6,
				"omitted":	false,
				"sender":	true
			}
		}, {
			"streams":	[{
					"socket":	5,
					"start":	4.000941,
					"end":	5.000527,
					"seconds":	0.99958598613739,
					"bytes":	1441792,
					"bits_per_second":	11539113.352890324,
					"retransmits":	9,
					"snd_cwnd":	269328,
					"snd_wnd":	9208320,
					"rtt":	106027,
					"rttvar":	136,
					"pmtu":	1500,
					"omitted":	false,
					"sender":	true
				}],
			"sum":	{
				"start":	4.000941,
				"end":	5.000527,
				"seconds":	0.99958598613739,
				"bytes":	1441792,
				"bits_per_second":	11539113.352890324,
				"retransmits":	9,
				"omitted":	false,
				"sender":	true
			}
		}, {
			"streams":	[{
					"socket":	5,
					"start":	5.000527,
					"end":	6.00097,
					"seconds":	1.0004429817199707,
					"bytes":	1179648,
					"bits_per_second":	9433005.35106509,
					"retransmits":	8,
					"snd_cwnd":	272224,
					"snd_wnd":	9315840,
					"rtt":	105392,
					"rttvar":	117,
					"pmtu":	1500,
					"omitted":	false,
					"sender":	true
				}],
			"sum":	{
				"start":	5.000527,
				"end":	6.00097,
				"seconds":	1.0004429817199707,
				"bytes":	1179648,
				"bits_per_second":	9433005.35106509,
				"retransmits":	8,
				"omitted":	false,
				"sender":	true
			}
		}, {
			"streams":	[{
					"socket":	5,
					"start":	6.00097,
					"end":	7.000998,
					"seconds":	1.0000280141830444,
					"bytes":	1310720,
					"bits_per_second":	10485466.258228935,
					"retransmits":	2,
					"snd_cwnd":	275120,
					"snd_wnd":	9318912,
					"rtt":	117963,
					"rttvar":	278,
					"pmtu":	1500,
					"omitted":	false,
					"sender":	true
				}],
			"sum":	{
				"start":	6.00097,
				"end":	7.000998,
				"seconds":	1.0000280141830444,
				"bytes":	1310720,
				"bits_per_second":	10485466.258228935,
				"retransmits":	2,
				"omitted":	false,
				"sender":	true
			}
		}, {
			"streams":	[{
					"socket":	5,
					"start":	7.000998,
					"end":	8.000977,
					"seconds":	0.999979019165039,
					"bytes":	1179648,
					"bits_per_second":	9437382.0041542929,
					"retransmits":	6,
					"snd_cwnd":	269328,
					"snd_wnd":	9318912,
					"rtt":	131269,
					"rttvar":	3895,
					"pmtu":	1500,
					"omitted":	false,
					"sender":	true
				}],
			"sum":	{
				"start":	7.000998,
				"end":	8.000977,
				"seconds":	0.999979019165039,
				"bytes":	1179648,
				"bits_per_second":	9437382.0041542929,
				"retransmits":	6,
				"omitted":	false,
				"sender":	true
			}
		}, {
			"streams":	[{
					"socket":	5,
					"start":	8.000977,
					"end":	9.001297,
					"seconds":	1.0003199577331543,
					"bytes":	0,
					"bits_per_second":	0,
					"retransmits":	10,
					"snd_cwnd":	251952,
					"snd_wnd":	9304576,
					"rtt":	112859,
					"rttvar":	3393,
					"pmtu":	1500,
					"omitted":	false,
					"sender":	true
				}],
			"sum":	{
				"start":	8.000977,
				"end":	9.001297,
				"seconds":	1.0003199577331543,
				"bytes":	0,
				"bits_per_second":	0,
				"retransmits":	10,
				"omitted":	false,
				"sender":	true
			}
		}, {
			"streams":	[{
					"socket":	5,
					"start":	9.001297,
					"end":	10.000644,
					"seconds":	0.99934697151184082,
					"bytes":	1310720,
					"bits_per_second":	10492611.974534571,
					"retransmits":	8,
					"snd_cwnd":	269328,
					"snd_wnd":	9318912,
					"rtt":	112736,
					"rttvar":	258,
					"pmtu":	1500,
					"omitted":	false,
					"sender":	true
				}],
			"sum":	{
				"start":	9.001297,
				"end":	10.000644,
				"seconds":	0.99934697151184082,
				"bytes":	1310720,
				"bits_per_second":	10492611.974534571,
				"retransmits":	8,
				"omitted":	false,
				"sender":	true
			}
		}, {
			"streams":	[{
					"socket":	5,
					"start":	10.000644,
					"end":	11.00056,
					"seconds":	0.99991601705551147,
					"bytes":	1310720,
					"bits_per_second":	10486640.698963692,
					"retransmits":	2,
					"snd_cwnd":	269328,
					"snd_wnd":	9315840,
					"rtt":	111869,
					"rttvar":	3451,
					"pmtu":	1500,
					"omitted":	false,
					"sender":	true
				}],
			"sum":	{
				"start":	10.000644,
				"end":	11.00056,
				"seconds":	0.99991601705551147,
				"bytes":	1310720,
				"bits_per_second":	10486640.698963692,
				"retransmits":	2,
				"omitted":	false,
				"sender":	true
			}
		}, {
			"streams":	[{
					"socket":	5,
					"start":	11.00056,
					"end":	12.000919,
					"seconds":	1.000359058380127,
					"bytes":	1179648,
					"bits_per_second":	9433796.71623262,
					"retransmits":	6,
					"snd_cwnd":	133216,
					"snd_wnd":	9315840,
					"rtt":	132240,
					"rttvar":	1787,
					"pmtu":	1500,
					"omitted":	false,
					"sender":	true
				}],
			"sum":	{
				"start":	11.00056,
				"end":	12.000919,
				"seconds":	1.000359058380127,
				"bytes":	1179648,
				"bits_per_second":	9433796.71623262,
				"retransmits":	6,
				"omitted":	false,