{
	"start":	{
		"connected":	[{
				"socket":	5,
				"local_host":	"10.0.0.1",
				"local_port":	52876,
				"remote_host":	"10.0.0.2",
				"remote_port":	5201
			}],
		"version":	"iperf 3.16",
		"system_info":	"Linux mininet 6.8.0-88-generic #89-Ubuntu SMP PREEMPT_DYNAMIC Sat Oct 11 01:02:46 UTC 2025 x86_64",
		"timestamp":	{
			"time":	"Tue, 02 Dec 2025 18:46:22 GMT",
			"timesecs":	1764701182
		},
		"connecting_to":	{
			"host":	"10.0.0.2",
			"port":	5201
		},
		"cookie":	"t6xn7sljkmg6qo5ucozdiqjvh6pqdqd5ledl",
		"tcp_mss_default":	1448,
		"target_bitrate":	0,
		"fq_rate":	0,
		"sock_bufsize":	0,
		"sndbuf_actual":	87380,
		"rcvbuf_actual":	87380,
		"test_start":	{
			"protocol":	"TCP",
			"num_streams":	1,
			"blksize":	131072,
			"omit":	0,
			"duration":	20,
			"bytes":	0,
			"blocks":	0,
			"reverse":	0,
			"tos":	0,
			"target_bitrate":	0,
			"bidir":	0,
			"fqrate":	0
		}
	},
	"intervals":	[{
			"streams":	[{
					"socket":	5,
					"start":	0,
					"end":	1.000452,
					"seconds":	1.0004520416259766,
					"bytes":	2752512,
					"bits_per_second":	22010146.497589249,
					"retransmits":	0,
					"snd_cwnd":	373584,
					"snd_wnd":	914944,
					"rtt":	307772,
					"rttvar":	2085,
					"pmtu":	1500,
					"omitted":	false,
					"sender":	true
				}],
			"sum":	{
				"start":	0,
				"end":	1.000452,
				"seconds":	1.0004520416259766,
				"bytes":	2752512,
				"bits_per_second":	22010146.497589249,
				"retransmits":	0,
				"omitted":	false,
				"sender":	true
			}
		}, {
			"streams":	[{
					"socket":	5,
					"start":	1.000452,
					"end":	2.000987,
					"seconds":	1.0005350112915039,
					"bytes":	2359296,
					"bits_per_second":	18864275.399655145,
					"retransmits":	0,
					"snd_cwnd":	272224,
					"snd_wnd":	2334720,
					"rtt":	252362,
					"rttvar":	12114,
					"pmtu":	1500,
					"omitted":	false,
					"sender":	true
				}],
			"sum":	{
				"start":	1.000452,
				"end":	2.000987,
				"seconds":	1.0005350112915039,
				"bytes":	2359296,
				"bits_per_second":	18864275.399655145,
				"retransmits":	0,
				"omitted":	false,
				"sender":	true
			}
		}, {
			"streams":	[{
					"socket":	5,
					"start":	2.000987,
					"end":	3.000416,
					"seconds":	0.99942898750305176,
					"bytes":	1179648,
					"bits_per_second":	9442575.8288016263,
					"retransmits":	0,
					"snd_cwnd":	269328,
					"snd_wnd":	2333696,
					"rtt":	113205,
					"rttvar":	217,
					"pmtu":	1500,
					"omitted":	false,
					"sender":	true
				}],
			"sum":	{
				"start":	2.000987,
				"end":	3.000416,
				"seconds":	0.99942898750305176,
				"bytes":	1179648,
				"bits_per_second":	9442575.8288016263,
				"retransmits":	0,
				"omitted":	false,
				"sender":	true
			}
		}, {
			"streams":	[{
					"socket":	5,
					"start":	3.000416,
					"end":	4.000814,
					"seconds":	1.00039803981781,
					"bytes":	1179648,
					"bits_per_second":	9433429.1195919141,
					"retransmits":	0,
					"snd_cwnd":	266432,
					"snd_wnd":	2333696,
					"rtt":	112324,
					"rttvar":	91,
					"pmtu":	1500,
					"omitted":	false,
					"sender":	true
				}],
			"sum":	{
				"start":	3.000416,
				"end":	4.000814,
				"seconds":	1.00039803981781,
				"bytes":	1179648,
				"bits_per_second":	9433429.1195919141,
				"retransmits":	0,
				"omitted":	false,
				"sender":	true
			}
		}, {
			"streams":	[{
					"socket":	5,
					"start":	4.000814,
					"end":	5.000981,
					"seconds":	1.0001670122146606,
					"bytes":	1179648,
					"bits_per_second":	9435608.13818817,
					"retransmits":	0,
					"snd_cwnd":	266432,
					"snd_wnd":	2333696,
					"rtt":	111431,
					"rttvar":	387,
					"pmtu":	1500,
					"omitted":	false,
					"sender":	true
				}],
			"sum":	{
				"start":	4.000814,
				"end":	5.000981,
				"seconds":	1.0001670122146606,
				"bytes":	1179648,
				"bits_per_second":	9435608.13818817,
				"retransmits":	0,
				"omitted":	false,
				"sender":	true
			}
		}, {
			"streams":	[{
					"socket":	5,
					"start":	5.000981,
					"end":	6.000468,
					"seconds":	0.99948698282241821,
					"bytes":	1179648,
					"bits_per_second":	9442027.92251546,
					"retransmits":	0,
					"snd_cwnd":	269328,
					"snd_wnd":	2333696,
					"rtt":	111662,
					"rttvar":	237,
					"pmtu":	1500,
					"omitted":	false,
					"sender":	true
				}],
			"sum":	{
				"start":	5.000981,
				"end":	6.000468,
				"seconds":	0.99948698282241821,
				"bytes":	1179648,
				"bits_per_second":	9442027.92251546,
				"retransmits":	0,
				"omitted":	false,
				"sender":	true
			}
		}, {
			"streams":	[{
					"socket":	5,
					"start":	6.000468,
					"end":	7.000943,
					"seconds":	1.00047504901886,
					"bytes":	1179648,
					"bits_per_second":	9432703.0036929,
					"retransmits":	0,
					"snd_cwnd":	269328,
					"snd_wnd":	2333696,
					"rtt":	137354,
					"rttvar":	3048,
					"pmtu":	1500,
					"omitted":	false,
					"sender":	true
				}],
			"sum":	{
				"start":	6.000468,
				"end":	7.000943,
				"seconds":	1.00047504901886,
				"bytes":	1179648,
				"bits_per_second":	9432703.0036929,
				"retransmits":	0,
				"omitted":	false,
				"sender":	true
			}
		}, {
			"streams":	[{
					"socket":	5,
					"start":	7.000943,
					"end":	8.000447,
					"seconds":	0.999504029750824,
					"bytes":	1179648,
					"bits_per_second":	9441866.8850716762,
					"retransmits":	0,
					"snd_cwnd":	269328,
					"snd_wnd":	2333696,
					"rtt":	114134,
					"rttvar":	475,
					"pmtu":	1500,
					"omitted":	false,
					"sender":	true
				}],
			"sum":	{
				"start":	7.000943,
				"end":	8.000447,
				"seconds":	0.999504029750824,
				"bytes":	1179648,
				"bits_per_second":	9441866.8850716762,
				"retransmits":	0,
				"omitted":	false,
				"sender":	true
			}
		}, {
			"streams":	[{
					"socket":	5,
					"start":	8.000447,
					"end":	9.000734,
					"seconds":	1.0002870559692383,
					"bytes":	1179648,
					"bits_per_second":	9434475.77741146,
					"retransmits":	0,
					"snd_cwnd":	269328,
					"snd_wnd":	2333696,
					"rtt":	115636,
					"rttvar":	170,
					"pmtu":	1500,
					"omitted":	false,
					"sender":	true
				}],
			"sum":	{
				"start":	8.000447,
				"end":	9.000734,
				"seconds":	1.0002870559692383,
				"bytes":	1179648,
				"bits_per_second":	9434475.77741146,
				"retransmits":	0,
				"omitted":	false,
				"sender":	true
			}
		}, {
			"streams":	[{
					"socket":	5,
					"start":	9.000734,
					"end":	10.00109,
					"seconds":	1.0003559589385986,
					"bytes":	1179648,
					"bits_per_second":	9433825.9453295767,
					"retransmits":	0,
					"snd_cwnd":	266432,
					"snd_wnd":	2333696,
					"rtt":	113465,
					"rttvar":	112,
					"pmtu":	1500,
					"omitted":	false,
					"sender":	true
				}],
			"sum":	{
				"start":	9.000734,
				"end":	10.00109,
				"seconds":	1.0003559589385986,
				"bytes":	1179648,
				"bits_per_second":	9433825.9453295767,
				"retransmits":	0,
				"omitted":	false,
				"sender":	true
			}
		}, {
			"streams":	[{
					"socket":	5,
					"start":	10.00109,
					"end":	11.000983,
					"seconds":	0.99989300966262817,
					"bytes":	0,
					"bits_per_second":	0,
					"retransmits":	0,
					"snd_cwnd":	272224,
					"snd_wnd":	2333696,
					"rtt":	104612,
					"rttvar":	241,
					"pmtu":	1500,
					"omitted":	false,
					"sender":	true
				}],
			"sum":	{
				"start":	10.00109,
				"end":	11.000983,
				"seconds":	0.99989300966262817,
				"bytes":	0,
				"bits_per_second":	0,
				"retransmits":	0,
				"omitted":	false,
				"sender":	true
			}
		}, {
			"streams":	[{
					"socket":	5,
					"start":	11.000983,
					"end":	12.000652,
					"seconds":	0.99966901540756226,
					"bytes":	2359296,
					"bits_per_second":	18880617.193386726,
					"retransmits":	0,
					"snd_cwnd":	269328,
					"snd_wnd":	2333696,
					"rtt":	127223,
					"rttvar":	3869,
					"pmtu":	1500,
					"omitted":	false,
					"sender":	true
				}],
			"sum":	{
				"start":	11.000983,
				"end":	12.000652,
				"seconds":	0.99966901540756226,
				"bytes":	2359296,
				"bits_per_second":	18880617.193386726,
				"retransmits":	0,
				"omitted":	false,