{
	"start":	{
		"connected":	[{
				"socket":	5,
				"local_host":	"10.0.0.1",
				"local_port":	60522,
				"remote_host":	"10.0.0.2",
				"remote_port":	5201
			}],
		"version":	"iperf 3.16",
		"system_info":	"Linux mininet 6.8.0-88-generic #89-Ubuntu SMP PREEMPT_DYNAMIC Sat Oct 11 01:02:46 UTC 2025 x86_64",
		"timestamp":	{
			"time":	"Tue, 02 Dec 2025 19:03:05 GMT",
			"timesecs":	1764702185
		},
		"connecting_to":	{
			"host":	"10.0.0.2",
			"port":	5201
		},
		"cookie":	"474co7akktzxlpb3rbnxgmzvxudu74geevo3",
		"tcp_mss_default":	1448,
		"target_bitrate":	0,
		"fq_rate":	0,
		"sock_bufsize":	0,
		"sndbuf_actual":	87380,
		"rcvbuf_actual":	87380,
		"test_start":	{
			"protocol":	"TCP",
			"num_streams":	1,
			"blksize":	131072,
			"omit":	0,
			"duration":	20,
			"bytes":	0,
			"blocks":	0,
			"reverse":	0,
			"tos":	0,
			"target_bitrate":	0,
			"bidir":	0,
			"fqrate":	0
		}
	},
	"intervals":	[{
			"streams":	[{
					"socket":	5,
					"start":	0,
					"end":	1.001044,
					"seconds":	1.0010440349578857,
					"bytes":	10616832,
					"bits_per_second":	84846073.7329834,
					"retransmits":	17,
					"snd_cwnd":	584992,
					"snd_wnd":	7121920,
					"rtt":	48238,
					"rttvar":	973,
					"pmtu":	1500,
					"omitted":	false,
					"sender":	true
				}],
			"sum":	{
				"start":	0,
				"end":	1.001044,
				"seconds":	1.0010440349578857,
				"bytes":	10616832,
				"bits_per_second":	84846073.7329834,
				"retransmits":	17,
				"omitted":	false,
				"sender":	true
			}
		}, {
			"streams":	[{
					"socket":	5,
					"start":	1.001044,
					"end":	2.000818,
					"seconds":	0.99977397918701172,
					"bytes":	4980736,
					"bits_per_second":	39854896.036003619,
					"retransmits":	17,
					"snd_cwnd":	582096,
					"snd_wnd":	7124992,
					"rtt":	48670,
					"rttvar":	301,
					"pmtu":	1500,
					"omitted":	false,
					"sender":	true
				}],
			"sum":	{
				"start":	1.001044,
				"end":	2.000818,
				"seconds":	0.99977397918701172,
				"bytes":	4980736,
				"bits_per_second":	39854896.036003619,
				"retransmits":	17,
				"omitted":	false,
				"sender":	true
			}
		}, {
			"streams":	[{
					"socket":	5,
					"start":	2.000818,
					"end":	3.000831,
					"seconds":	1.000012993812561,
					"bytes":	7340032,
					"bits_per_second":	58719493.009914152,
					"retransmits":	43,
					"snd_cwnd":	584992,
					"snd_wnd":	7124992,
					"rtt":	48079,
					"rttvar":	113,
					"pmtu":	1500,
					"omitted":	false,
					"sender":	true
				}],
			"sum":	{
				"start":	2.000818,
				"end":	3.000831,
				"seconds":	1.000012993812561,
				"bytes":	7340032,
				"bits_per_second":	58719493.009914152,
				"retransmits":	43,
				"omitted":	false,
				"sender":	true
			}
		}, {
			"streams":	[{
					"socket":	5,
					"start":	3.000831,
					"end":	4.000726,
					"seconds":	0.99989497661590576,
					"bytes":	4980736,
					"bits_per_second":	39850073.18954277,
					"retransmits":	17,
					"snd_cwnd":	567616,
					"snd_wnd":	7124992,
					"rtt":	53363,
					"rttvar":	514,
					"pmtu":	1500,
					"omitted":	false,
					"sender":	true
				}],
			"sum":	{
				"start":	3.000831,
				"end":	4.000726,
				"seconds":	0.99989497661590576,
				"bytes":	4980736,
				"bits_per_second":	39850073.18954277,
				"retransmits":	17,
				"omitted":	false,
				"sender":	true
			}
		}, {
			"streams":	[{
					"socket":	5,
					"start":	4.000726,
					"end":	5.00106,
					"seconds":	1.0003340244293213,
					"bytes":	7733248,
					"bits_per_second":	61845326.150226481,
					"retransmits":	39,
					"snd_cwnd":	570512,
					"snd_wnd":	7119872,
					"rtt":	44703,
					"rttvar":	168,
					"pmtu":	1500,
					"omitted":	false,
					"sender":	true
				}],
			"sum":	{
				"start":	4.000726,
				"end":	5.00106,
				"seconds":	1.0003340244293213,
				"bytes":	7733248,
				"bits_per_second":	61845326.150226481,
				"retransmits":	39,
				"omitted":	false,
				"sender":	true
			}
		}, {
			"streams":	[{
					"socket":	5,
					"start":	5.00106,
					"end":	6.001007,
					"seconds":	0.99994701147079468,
					"bytes":	4849664,
					"bits_per_second":	38799367.921440251,
					"retransmits":	33,
					"snd_cwnd":	366344,
					"snd_wnd":	7119872,
					"rtt":	61114,
					"rttvar":	208,
					"pmtu":	1500,
					"omitted":	false,
					"sender":	true
				}],
			"sum":	{
				"start":	5.00106,
				"end":	6.001007,
				"seconds":	0.99994701147079468,
				"bytes":	4849664,
				"bits_per_second":	38799367.921440251,
				"retransmits":	33,
				"omitted":	false,
				"sender":	true
			}
		}, {
			"streams":	[{
					"socket":	5,
					"start":	6.001007,
					"end":	7.001094,
					"seconds":	1.0000870227813721,
					"bytes":	5242880,
					"bits_per_second":	41939390.3176055,
					"retransmits":	40,
					"snd_cwnd":	573408,
					"snd_wnd":	7120896,
					"rtt":	58133,
					"rttvar":	730,
					"pmtu":	1500,
					"omitted":	false,
					"sender":	true
				}],
			"sum":	{
				"start":	6.001007,
				"end":	7.001094,
				"seconds":	1.0000870227813721,
				"bytes":	5242880,
				"bits_per_second":	41939390.3176055,
				"retransmits":	40,
				"omitted":	false,
				"sender":	true
			}
		}, {
			"streams":	[{
					"socket":	5,
					"start":	7.001094,
					"end":	8.001025,
					"seconds":	0.99993097782135,
					"bytes":	7340032,
					"bits_per_second":	58724309.2797662,
					"retransmits":	46,
					"snd_cwnd":	266432,
					"snd_wnd":	7119872,
					"rtt":	45595,
					"rttvar":	147,
					"pmtu":	1500,
					"omitted":	false,
					"sender":	true
				}],
			"sum":	{
				"start":	7.001094,
				"end":	8.001025,
				"seconds":	0.99993097782135,
				"bytes":	7340032,
				"bits_per_second":	58724309.2797662,
				"retransmits":	46,
				"omitted":	false,
				"sender":	true
			}
		}, {
			"streams":	[{
					"socket":	5,
					"start":	8.001025,
					"end":	9.001019,
					"seconds":	0.99999397993087769,
					"bytes":	5242880,
					"bits_per_second":	41943292.501520075,
					"retransmits":	25,
					"snd_cwnd":	573408,
					"snd_wnd":	7124992,
					"rtt":	47767,
					"rttvar":	338,
					"pmtu":	1500,
					"omitted":	false,
					"sender":	true
				}],
			"sum":	{
				"start":	8.001025,
				"end":	9.001019,
				"seconds":	0.99999397993087769,
				"bytes":	5242880,
				"bits_per_second":	41943292.501520075,
				"retransmits":	25,
				"omitted":	false,
				"sender":	true
			}
		}, {
			"streams":	[{
					"socket":	5,
					"start":	9.001019,
					"end":	10.001028,
					"seconds":	1.0000089406967163,
					"bytes":	4980736,
					"bits_per_second":	39845531.7531851,
					"retransmits":	37,
					"snd_cwnd":	576304,
					"snd_wnd":	7118848,
					"rtt":	50694,
					"rttvar":	1814,
					"pmtu":	1500,
					"omitted":	false,
					"sender":	true
				}],
			"sum":	{
				"start":	9.001019,
				"end":	10.001028,
				"seconds":	1.0000089406967163,
				"bytes":	4980736,
				"bits_per_second":	39845531.7531851,
				"retransmits":	37,
				"omitted":	false,
				"sender":	true
			}
		}, {
			"streams":	[{
					"socket":	5,
					"start":	10.001028,
					"end":	11.00107,
					"seconds":	1.0000419616699219,
					"bytes":	4980736,
					"bits_per_second":	39844216.070156969,
					"retransmits":	33,
					"snd_cwnd":	344624,
					"snd_wnd":	7118848,
					"rtt":	49818,
					"rttvar":	1901,
					"pmtu":	1500,
					"omitted":	false,
					"sender":	true
				}],
			"sum":	{
				"start":	10.001028,
				"end":	11.00107,
				"seconds":	1.0000419616699219,
				"bytes":	4980736,
				"bits_per_second":	39844216.070156969,
				"retransmits":	33,
				"omitted":	false,
				"sender":	true
			}
		}, {
			"streams":	[{
					"socket":	5,
					"start":	11.00107,
					"end":	12.000964,
					"seconds":	0.99989402294158936,
					"bytes":	4980736,
					"bits_per_second":	39850111.197562054,
					"retransmits":	42,
					"snd_cwnd":	573408,
					"snd_wnd":	7119872,
					"rtt":	47202,
					"rttvar":	368,
					"pmtu":	1500,
					"omitted":	false,
					"sender":	true
				}],
			"sum":	{
				"start":	11.00107,
				"end":	12.000964,
				"seconds":	0.99989402294158936,
				"bytes":	4980736,