{
	"start":	{
		"connected":	[{
				"socket":	5,
				"local_host":	"10.0.0.1",
				"local_port":	52872,
				"remote_host":	"10.0.0.2",
				"remote_port":	5201
			}],
		"version":	"iperf 3.16",
		"system_info":	"Linux mininet 6.8.0-88-generic #89-Ubuntu SMP PREEMPT_DYNAMIC Sat Oct 11 01:02:46 UTC 2025 x86_64",
		"timestamp":	{
			"time":	"Tue, 02 Dec 2025 17:56:17 GMT",
			"timesecs":	1764698177
		},
		"connecting_to":	{
			"host":	"10.0.0.2",
			"port":	5201
		},
		"cookie":	"744shiedqubpqyggqsejj6uxro5i55xw3f2x",
		"tcp_mss_default":	1448,
		"target_bitrate":	0,
		"fq_rate":	0,
		"sock_bufsize":	0,
		"sndbuf_actual":	87380,
		"rcvbuf_actual":	87380,
		"test_start":	{
			"protocol":	"TCP",
			"num_streams":	1,
			"blksize":	131072,
			"omit":	0,
			"duration":	20,
			"bytes":	0,
			"blocks":	0,
			"reverse":	0,
			"tos":	0,
			"target_bitrate":	0,
			"bidir":	0,
			"fqrate":	0
		}
	},
	"intervals":	[{
			"streams":	[{
					"socket":	5,
					"start":	0,
					"end":	1.001035,
					"seconds":	1.00103497505188,
					"bytes":	2883584,
					"bits_per_second":	23044821.184998494,
					"retransmits":	5,
					"snd_cwnd":	396752,
					"snd_wnd":	1165824,
					"rtt":	320926,
					"rttvar":	14086,
					"pmtu":	1500,
					"omitted":	false,
					"sender":	true
				}],
			"sum":	{
				"start":	0,
				"end":	1.001035,
				"seconds":	1.00103497505188,
				"bytes":	2883584,
				"bits_per_second":	23044821.184998494,
				"retransmits":	5,
				"omitted":	false,
				"sender":	true
			}
		}, {
			"streams":	[{
					"socket":	5,
					"start":	1.001035,
					"end":	2.001047,
					"seconds":	1.0000120401382446,
					"bytes":	1048576,
					"bits_per_second":	8388507.00121604,
					"retransmits":	38,
					"snd_cwnd":	191136,
					"snd_wnd":	2568704,
					"rtt":	198693,
					"rttvar":	85,
					"pmtu":	1500,
					"omitted":	false,
					"sender":	true
				}],
			"sum":	{
				"start":	1.001035,
				"end":	2.001047,
				"seconds":	1.0000120401382446,
				"bytes":	1048576,
				"bits_per_second":	8388507.00121604,
				"retransmits":	38,
				"omitted":	false,
				"sender":	true
			}
		}, {
			"streams":	[{
					"socket":	5,
					"start":	2.001047,
					"end":	3.000998,
					"seconds":	0.99995100498199463,
					"bytes":	1966080,
					"bits_per_second":	15729410.662758635,
					"retransmits":	0,
					"snd_cwnd":	185344,
					"snd_wnd":	2946048,
					"rtt":	151347,
					"rttvar":	265,
					"pmtu":	1500,
					"omitted":	false,
					"sender":	true
				}],
			"sum":	{
				"start":	2.001047,
				"end":	3.000998,
				"seconds":	0.99995100498199463,
				"bytes":	1966080,
				"bits_per_second":	15729410.662758635,
				"retransmits":	0,
				"omitted":	false,
				"sender":	true
			}
		}, {
			"streams":	[{
					"socket":	5,
					"start":	3.000998,
					"end":	4.000283,
					"seconds":	0.99928498268127441,
					"bytes":	917504,
					"bits_per_second":	7345284.00527473,
					"retransmits":	2,
					"snd_cwnd":	163624,
					"snd_wnd":	2946048,
					"rtt":	160662,
					"rttvar":	1239,
					"pmtu":	1500,
					"omitted":	false,
					"sender":	true
				}],
			"sum":	{
				"start":	3.000998,
				"end":	4.000283,
				"seconds":	0.99928498268127441,
				"bytes":	917504,
				"bits_per_second":	7345284.00527473,
				"retransmits":	2,
				"omitted":	false,
				"sender":	true
			}
		}, {
			"streams":	[{
					"socket":	5,
					"start":	4.000283,
					"end":	5.00075,
					"seconds":	1.0004669427871704,
					"bytes":	1048576,
					"bits_per_second":	8384692.82816125,
					"retransmits":	0,
					"snd_cwnd":	153488,
					"snd_wnd":	2949120,
					"rtt":	126846,
					"rttvar":	708,
					"pmtu":	1500,
					"omitted":	false,
					"sender":	true
				}],
			"sum":	{
				"start":	4.000283,
				"end":	5.00075,
				"seconds":	1.0004669427871704,
				"bytes":	1048576,
				"bits_per_second":	8384692.82816125,
				"retransmits":	0,
				"omitted":	false,
				"sender":	true
			}
		}, {
			"streams":	[{
					"socket":	5,
					"start":	5.00075,
					"end":	6.000918,
					"seconds":	1.0001679658889771,
					"bytes":	917504,
					"bits_per_second":	7338799.33204617,
					"retransmits":	2,
					"snd_cwnd":	121632,
					"snd_wnd":	2949120,
					"rtt":	105458,
					"rttvar":	580,
					"pmtu":	1500,
					"omitted":	false,
					"sender":	true
				}],
			"sum":	{
				"start":	5.00075,
				"end":	6.000918,
				"seconds":	1.0001679658889771,
				"bytes":	917504,
				"bits_per_second":	7338799.33204617,
				"retransmits":	2,
				"omitted":	false,
				"sender":	true
			}
		}, {
			"streams":	[{
					"socket":	5,
					"start":	6.000918,
					"end":	7.001125,
					"seconds":	1.00020694732666,
					"bytes":	1048576,
					"bits_per_second":	8386872.3591862265,
					"retransmits":	2,
					"snd_cwnd":	97016,
					"snd_wnd":	2949120,
					"rtt":	104770,
					"rttvar":	352,
					"pmtu":	1500,
					"omitted":	false,
					"sender":	true
				}],
			"sum":	{
				"start":	6.000918,
				"end":	7.001125,
				"seconds":	1.00020694732666,
				"bytes":	1048576,
				"bits_per_second":	8386872.3591862265,
				"retransmits":	2,
				"omitted":	false,
				"sender":	true
			}
		}, {
			"streams":	[{
					"socket":	5,
					"start":	7.001125,
					"end":	8.000651,
					"seconds":	0.999526023864746,
					"bytes":	917504,
					"bits_per_second":	7343512.6497449139,
					"retransmits":	2,
					"snd_cwnd":	78192,
					"snd_wnd":	2949120,
					"rtt":	105526,
					"rttvar":	1052,
					"pmtu":	1500,
					"omitted":	false,
					"sender":	true
				}],
			"sum":	{
				"start":	7.001125,
				"end":	8.000651,
				"seconds":	0.999526023864746,
				"bytes":	917504,
				"bits_per_second":	7343512.6497449139,
				"retransmits":	2,
				"omitted":	false,
				"sender":	true
			}
		}, {
			"streams":	[{
					"socket":	5,
					"start":	8.000651,
					"end":	9.001063,
					"seconds":	1.0004119873046875,
					"bytes":	0,
					"bits_per_second":	0,
					"retransmits":	2,
					"snd_cwnd":	62264,
					"snd_wnd":	2949120,
					"rtt":	105147,
					"rttvar":	495,
					"pmtu":	1500,
					"omitted":	false,
					"sender":	true
				}],
			"sum":	{
				"start":	8.000651,
				"end":	9.001063,
				"seconds":	1.0004119873046875,
				"bytes":	0,
				"bits_per_second":	0,
				"retransmits":	2,
				"omitted":	false,
				"sender":	true
			}
		}, {
			"streams":	[{
					"socket":	5,
					"start":	9.001063,
					"end":	10.000819,
					"seconds":	0.99975597858428955,
					"bytes":	1048576,
					"bits_per_second":	8390655.49963376,
					"retransmits":	0,
					"snd_cwnd":	66608,
					"snd_wnd":	2949120,
					"rtt":	104628,
					"rttvar":	231,
					"pmtu":	1500,
					"omitted":	false,
					"sender":	true
				}],
			"sum":	{
				"start":	9.001063,
				"end":	10.000819,
				"seconds":	0.99975597858428955,
				"bytes":	1048576,
				"bits_per_second":	8390655.49963376,
				"retransmits":	0,
				"omitted":	false,
				"sender":	true
			}
		}, {
			"streams":	[{
					"socket":	5,
					"start":	10.000819,
					"end":	11.001031,
					"seconds":	1.0002119541168213,
					"bytes":	917504,
					"bits_per_second":	7338476.57967774,
					"retransmits":	0,
					"snd_cwnd":	72400,
					"snd_wnd":	2949120,
					"rtt":	104785,
					"rttvar":	316,
					"pmtu":	1500,
					"omitted":	false,
					"sender":	true
				}],
			"sum":	{
				"start":	10.000819,
				"end":	11.001031,
				"seconds":	1.0002119541168213,
				"bytes":	917504,
				"bits_per_second":	7338476.57967774,
				"retransmits":	0,
				"omitted":	false,
				"sender":	true
			}
		}, {
			"streams":	[{
					"socket":	5,
					"start":	11.001031,
					"end":	12.000904,
					"seconds":	0.99987298250198364,
					"bytes":	0,
					"bits_per_second":	0,
					"retransmits":	0,
					"snd_cwnd":	79640,
					"snd_wnd":	2949120,
					"rtt":	105199,
					"rttvar":	998,
					"pmtu":	1500,
					"omitted":	false,
					"sender":	true
				}],
			"sum":	{
				"start":	11.001031,
				"end":	12.000904,
				"seconds":	0.99987298250198364,
				"bytes":	0,
				"bits_per_second":	0,
				"retransmits":	0,
				"omitted":	false,
				"sender":	true
			}
		}, {
			"streams":	[{
					"socket":	5,