{
	"start":	{
		"connected":	[{
				"socket":	5,
				"local_host":	"10.0.0.1",
				"local_port":	38710,
				"remote_host":	"10.0.0.2",
				"remote_port":	5201
			}],
		"version":	"iperf 3.16",
		"system_info":	"Linux mininet 6.8.0-88-generic #89-Ubuntu SMP PREEMPT_DYNAMIC Sat Oct 11 01:02:46 UTC 2025 x86_64",
		"timestamp":	{
			"time":	"Tue, 02 Dec 2025 17:01:12 GMT",
			"timesecs":	1764694872
		},
		"connecting_to":	{
			"host":	"10.0.0.2",
			"port":	5201
		},
		"cookie":	"kus2h5fy4eiy2aob6m7otdc2zzr33wknulln",
		"tcp_mss_default":	1448,
		"target_bitrate":	0,
		"fq_rate":	0,
		"sock_bufsize":	0,
		"sndbuf_actual":	87380,
		"rcvbuf_actual":	87380,
		"test_start":	{
			"protocol":	"TCP",
			"num_streams":	1,
			"blksize":	131072,
			"omit":	0,
			"duration":	20,
			"bytes":	0,
			"blocks":	0,
			"reverse":	0,
			"tos":	0,
			"target_bitrate":	0,
			"bidir":	0,
			"fqrate":	0
		}
	},
	"intervals":	[{
			"streams":	[{
					"socket":	5,
					"start":	0,
					"end":	1.000764,
					"seconds":	1.000764012336731,
					"bytes":	5505024,
					"bits_per_second":	44006570.4372887,
					"retransmits":	0,
					"snd_cwnd":	1094688,
					"snd_wnd":	1797120,
					"rtt":	443657,
					"rttvar":	15267,
					"pmtu":	1500,
					"omitted":	false,
					"sender":	true
				}],
			"sum":	{
				"start":	0,
				"end":	1.000764,
				"seconds":	1.000764012336731,
				"bytes":	5505024,
				"bits_per_second":	44006570.4372887,
				"retransmits":	0,
				"omitted":	false,
				"sender":	true
			}
		}, {
			"streams":	[{
					"socket":	5,
					"start":	1.000764,
					"end":	2.000693,
					"seconds":	0.99992901086807251,
					"bytes":	5898240,
					"bits_per_second":	47189269.925308287,
					"retransmits":	174,
					"snd_cwnd":	1029528,
					"snd_wnd":	3630592,
					"rtt":	745210,
					"rttvar":	546,
					"pmtu":	1500,
					"omitted":	false,
					"sender":	true
				}],
			"sum":	{
				"start":	1.000764,
				"end":	2.000693,
				"seconds":	0.99992901086807251,
				"bytes":	5898240,
				"bits_per_second":	47189269.925308287,
				"retransmits":	174,
				"omitted":	false,
				"sender":	true
			}
		}, {
			"streams":	[{
					"socket":	5,
					"start":	2.000693,
					"end":	3.001028,
					"seconds":	1.0003349781036377,
					"bytes":	0,
					"bits_per_second":	0,
					"retransmits":	705,
					"snd_cwnd":	512592,
					"snd_wnd":	3797504,
					"rtt":	429198,
					"rttvar":	203,
					"pmtu":	1500,
					"omitted":	false,
					"sender":	true
				}],
			"sum":	{
				"start":	2.000693,
				"end":	3.001028,
				"seconds":	1.0003349781036377,
				"bytes":	0,
				"bits_per_second":	0,
				"retransmits":	705,
				"omitted":	false,
				"sender":	true
			}
		}, {
			"streams":	[{
					"socket":	5,
					"start":	3.001028,
					"end":	4.001063,
					"seconds":	1.0000350475311279,
					"bytes":	3538944,
					"bits_per_second":	28310559.7847747,
					"retransmits":	106,
					"snd_cwnd":	445984,
					"snd_wnd":	4006912,
					"rtt":	409485,
					"rttvar":	75,
					"pmtu":	1500,
					"omitted":	false,
					"sender":	true
				}],
			"sum":	{
				"start":	3.001028,
				"end":	4.001063,
				"seconds":	1.0000350475311279,
				"bytes":	3538944,
				"bits_per_second":	28310559.7847747,
				"retransmits":	106,
				"omitted":	false,
				"sender":	true
			}
		}, {
			"streams":	[{
					"socket":	5,
					"start":	4.001063,
					"end":	5.000719,
					"seconds":	0.99965602159500122,
					"bytes":	0,
					"bits_per_second":	0,
					"retransmits":	2,
					"snd_cwnd":	447432,
					"snd_wnd":	4341248,
					"rtt":	372420,
					"rttvar":	676,
					"pmtu":	1500,
					"omitted":	false,
					"sender":	true
				}],
			"sum":	{
				"start":	4.001063,
				"end":	5.000719,
				"seconds":	0.99965602159500122,
				"bytes":	0,
				"bits_per_second":	0,
				"retransmits":	2,
				"omitted":	false,
				"sender":	true
			}
		}, {
			"streams":	[{
					"socket":	5,
					"start":	5.000719,
					"end":	6.000958,
					"seconds":	1.0002390146255493,
					"bytes":	0,
					"bits_per_second":	0,
					"retransmits":	0,
					"snd_cwnd":	451776,
					"snd_wnd":	4341248,
					"rtt":	376609,
					"rttvar":	244,
					"pmtu":	1500,
					"omitted":	false,
					"sender":	true
				}],
			"sum":	{
				"start":	5.000719,
				"end":	6.000958,
				"seconds":	1.0002390146255493,
				"bytes":	0,
				"bits_per_second":	0,
				"retransmits":	0,
				"omitted":	false,
				"sender":	true
			}
		}, {
			"streams":	[{
					"socket":	5,
					"start":	6.000958,
					"end":	7.000693,
					"seconds":	0.99973499774932861,
					"bytes":	3538944,
					"bits_per_second":	28319056.613739531,
					"retransmits":	0,
					"snd_cwnd":	454672,
					"snd_wnd":	4341248,
					"rtt":	379312,
					"rttvar":	224,
					"pmtu":	1500,
					"omitted":	false,
					"sender":	true
				}],
			"sum":	{
				"start":	6.000958,
				"end":	7.000693,
				"seconds":	0.99973499774932861,
				"bytes":	3538944,
				"bits_per_second":	28319056.613739531,
				"retransmits":	0,
				"omitted":	false,
				"sender":	true
			}
		}, {
			"streams":	[{
					"socket":	5,
					"start":	7.000693,
					"end":	8.000816,
					"seconds":	1.0001230239868164,
					"bytes":	0,
					"bits_per_second":	0,
					"retransmits":	0,
					"snd_cwnd":	459016,
					"snd_wnd":	4341248,
					"rtt":	381522,
					"rttvar":	175,
					"pmtu":	1500,
					"omitted":	false,
					"sender":	true
				}],
			"sum":	{
				"start":	7.000693,
				"end":	8.000816,
				"seconds":	1.0001230239868164,
				"bytes":	0,
				"bits_per_second":	0,
				"retransmits":	0,
				"omitted":	false,
				"sender":	true
			}
		}, {
			"streams":	[{
					"socket":	5,
					"start":	8.000816,
					"end":	9.00097,
					"seconds":	1.0001540184020996,
					"bytes":	0,
					"bits_per_second":	0,
					"retransmits":	0,
					"snd_cwnd":	463360,
					"snd_wnd":	4341248,
					"rtt":	385888,
					"rttvar":	740,
					"pmtu":	1500,
					"omitted":	false,
					"sender":	true
				}],
			"sum":	{
				"start":	8.000816,
				"end":	9.00097,
				"seconds":	1.0001540184020996,
				"bytes":	0,
				"bits_per_second":	0,
				"retransmits":	0,
				"omitted":	false,
				"sender":	true
			}
		}, {
			"streams":	[{
					"socket":	5,
					"start":	9.00097,
					"end":	10.000651,
					"seconds":	0.999680995941162,
					"bytes":	3670016,
					"bits_per_second":	29369496.988745436,
					"retransmits":	0,
					"snd_cwnd":	466256,
					"snd_wnd":	4341248,
					"rtt":	388682,
					"rttvar":	161,
					"pmtu":	1500,
					"omitted":	false,
					"sender":	true
				}],
			"sum":	{
				"start":	9.00097,
				"end":	10.000651,
				"seconds":	0.999680995941162,
				"bytes":	3670016,
				"bits_per_second":	29369496.988745436,
				"retransmits":	0,
				"omitted":	false,
				"sender":	true
			}
		}, {
			"streams":	[{
					"socket":	5,
					"start":	10.000651,
					"end":	11.000722,
					"seconds":	1.0000710487365723,
					"bytes":	0,
					"bits_per_second":	0,
					"retransmits":	0,
					"snd_cwnd":	470600,
					"snd_wnd":	4341248,
					"rtt":	391301,
					"rttvar":	102,
					"pmtu":	1500,
					"omitted":	false,
					"sender":	true
				}],
			"sum":	{
				"start":	10.000651,
				"end":	11.000722,
				"seconds":	1.0000710487365723,
				"bytes":	0,
				"bits_per_second":	0,
				"retransmits":	0,
				"omitted":	false,
				"sender":	true
			}
		}, {
			"streams":	[{
					"socket":	5,
					"start":	11.000722,
					"end":	12.000918,
					"seconds":	1.0001959800720215,
					"bytes":	0,
					"bits_per_second":	0,
					"retransmits":	0,
					"snd_cwnd":	473496,
					"snd_wnd":	4341248,
					"rtt":	394266,
					"rttvar":	661,
					"pmtu":	1500,
					"omitted":	false,
					"sender":	true
				}],
			"sum":	{
				"start":	11.000722,
				"end":	12.000918,
				"seconds":	1.0001959800720215,
				"bytes":	0,
				"bits_per_second":	0,
				"retransmits":	0,
				"omitted":	false,
				"sender":	true
			}
		}, {
			"streams":	[{
					"socket":	5,
					"start":	12.000918,
					"end":	13.000919,
					"seconds":	1.0000009536743164,
					"bytes":	3538944,
					"bits_per_second":	28311525.000025749,
					"retransmits":	0,