{
	"start":	{
		"connected":	[{
				"socket":	5,
				"local_host":	"10.0.0.1",
				"local_port":	51910,
				"remote_host":	"10.0.0.2",
				"remote_port":	5201
			}],
		"version":	"iperf 3.16",
		"system_info":	"Linux mininet 6.8.0-88-generic #89-Ubuntu SMP PREEMPT_DYNAMIC Sat Oct 11 01:02:46 UTC 2025 x86_64",
		"timestamp":	{
			"time":	"Tue, 02 Dec 2025 18:13:54 GMT",
			"timesecs":	1764699234
		},
		"connecting_to":	{
			"host":	"10.0.0.2",
			"port":	5201
		},
		"cookie":	"dpfhhrrkr773obqcawou3uoifdhjc2rvdxzu",
		"tcp_mss_default":	1448,
		"target_bitrate":	0,
		"fq_rate":	0,
		"sock_bufsize":	0,
		"sndbuf_actual":	87380,
		"rcvbuf_actual":	87380,
		"test_start":	{
			"protocol":	"TCP",
			"num_streams":	1,
			"blksize":	131072,
			"omit":	0,
			"duration":	20,
			"bytes":	0,
			"blocks":	0,
			"reverse":	0,
			"tos":	0,
			"target_bitrate":	0,
			"bidir":	0,
			"fqrate":	0
		}
	},
	"intervals":	[{
			"streams":	[{
					"socket":	5,
					"start":	0,
					"end":	1.001004,
					"seconds":	1.0010039806365967,
					"bytes":	7864320,
					"bits_per_second":	62851458.3528319,
					"retransmits":	0,
					"snd_cwnd":	595128,
					"snd_wnd":	1530368,
					"rtt":	94127,
					"rttvar":	669,
					"pmtu":	1500,
					"omitted":	false,
					"sender":	true
				}],
			"sum":	{
				"start":	0,
				"end":	1.001004,
				"seconds":	1.0010039806365967,
				"bytes":	7864320,
				"bits_per_second":	62851458.3528319,
				"retransmits":	0,
				"omitted":	false,
				"sender":	true
			}
		}, {
			"streams":	[{
					"socket":	5,
					"start":	1.001004,
					"end":	2.000974,
					"seconds":	0.999970018863678,
					"bytes":	7471104,
					"bits_per_second":	59770623.991225936,
					"retransmits":	0,
					"snd_cwnd":	891968,
					"snd_wnd":	1821696,
					"rtt":	142253,
					"rttvar":	472,
					"pmtu":	1500,
					"omitted":	false,
					"sender":	true
				}],
			"sum":	{
				"start":	1.001004,
				"end":	2.000974,
				"seconds":	0.999970018863678,
				"bytes":	7471104,
				"bits_per_second":	59770623.991225936,
				"retransmits":	0,
				"omitted":	false,
				"sender":	true
			}
		}, {
			"streams":	[{
					"socket":	5,
					"start":	2.000974,
					"end":	3.001072,
					"seconds":	1.0000979900360107,
					"bytes":	6291456,
					"bits_per_second":	50326716.4832395,
					"retransmits":	0,
					"snd_cwnd":	1190256,
					"snd_wnd":	2447360,
					"rtt":	188943,
					"rttvar":	329,
					"pmtu":	1500,
					"omitted":	false,
					"sender":	true
				}],
			"sum":	{
				"start":	2.000974,
				"end":	3.001072,
				"seconds":	1.0000979900360107,
				"bytes":	6291456,
				"bits_per_second":	50326716.4832395,
				"retransmits":	0,
				"omitted":	false,
				"sender":	true
			}
		}, {
			"streams":	[{
					"socket":	5,
					"start":	3.001072,
					"end":	4.001091,
					"seconds":	1.0000189542770386,
					"bytes":	7864320,
					"bits_per_second":	62913367.522602543,
					"retransmits":	0,
					"snd_cwnd":	1487096,
					"snd_wnd":	2987520,
					"rtt":	236159,
					"rttvar":	222,
					"pmtu":	1500,
					"omitted":	false,
					"sender":	true
				}],
			"sum":	{
				"start":	3.001072,
				"end":	4.001091,
				"seconds":	1.0000189542770386,
				"bytes":	7864320,
				"bits_per_second":	62913367.522602543,
				"retransmits":	0,
				"omitted":	false,
				"sender":	true
			}
		}, {
			"streams":	[{
					"socket":	5,
					"start":	4.001091,
					"end":	5.000983,
					"seconds":	0.999891996383667,
					"bytes":	6291456,
					"bits_per_second":	50337084.587171078,
					"retransmits":	86,
					"snd_cwnd":	1169984,
					"snd_wnd":	2407424,
					"rtt":	215765,
					"rttvar":	5373,
					"pmtu":	1500,
					"omitted":	false,
					"sender":	true
				}],
			"sum":	{
				"start":	4.001091,
				"end":	5.000983,
				"seconds":	0.999891996383667,
				"bytes":	6291456,
				"bits_per_second":	50337084.587171078,
				"retransmits":	86,
				"omitted":	false,
				"sender":	true
			}
		}, {
			"streams":	[{
					"socket":	5,
					"start":	5.000983,
					"end":	6.001028,
					"seconds":	1.0000449419021606,
					"bytes":	7340032,
					"bits_per_second":	58717617.118596353,
					"retransmits":	14,
					"snd_cwnd":	598024,
					"snd_wnd":	11707904,
					"rtt":	99144,
					"rttvar":	195,
					"pmtu":	1500,
					"omitted":	false,
					"sender":	true
				}],
			"sum":	{
				"start":	5.000983,
				"end":	6.001028,
				"seconds":	1.0000449419021606,
				"bytes":	7340032,
				"bits_per_second":	58717617.118596353,
				"retransmits":	14,
				"omitted":	false,
				"sender":	true
			}
		}, {
			"streams":	[{
					"socket":	5,
					"start":	6.001028,
					"end":	7.001055,
					"seconds":	1.0000269412994385,
					"bytes":	6684672,
					"bits_per_second":	53475935.288814634,
					"retransmits":	0,
					"snd_cwnd":	645808,
					"snd_wnd":	12578304,
					"rtt":	108989,
					"rttvar":	524,
					"pmtu":	1500,
					"omitted":	false,
					"sender":	true
				}],
			"sum":	{
				"start":	6.001028,
				"end":	7.001055,
				"seconds":	1.0000269412994385,
				"bytes":	6684672,
				"bits_per_second":	53475935.288814634,
				"retransmits":	0,
				"omitted":	false,
				"sender":	true
			}
		}, {
			"streams":	[{
					"socket":	5,
					"start":	7.001055,
					"end":	8.001006,
					"seconds":	0.99995100498199463,
					"bytes":	3276800,
					"bits_per_second":	26215684.437931061,
					"retransmits":	0,
					"snd_cwnd":	676216,
					"snd_wnd":	12578304,
					"rtt":	112515,
					"rttvar":	232,
					"pmtu":	1500,
					"omitted":	false,
					"sender":	true
				}],
			"sum":	{
				"start":	7.001055,
				"end":	8.001006,
				"seconds":	0.99995100498199463,
				"bytes":	3276800,
				"bits_per_second":	26215684.437931061,
				"retransmits":	0,
				"omitted":	false,
				"sender":	true
			}
		}, {
			"streams":	[{
					"socket":	5,
					"start":	8.001006,
					"end":	9.001082,
					"seconds":	1.0000760555267334,
					"bytes":	6684672,
					"bits_per_second":	53473309.05931332,
					"retransmits":	4,
					"snd_cwnd":	487976,
					"snd_wnd":	12582912,
					"rtt":	80903,
					"rttvar":	339,
					"pmtu":	1500,
					"omitted":	false,
					"sender":	true
				}],
			"sum":	{
				"start":	8.001006,
				"end":	9.001082,
				"seconds":	1.0000760555267334,
				"bytes":	6684672,
				"bits_per_second":	53473309.05931332,
				"retransmits":	4,
				"omitted":	false,
				"sender":	true
			}
		}, {
			"streams":	[{
					"socket":	5,
					"start":	9.001082,
					"end":	10.001012,
					"seconds":	0.99993002414703369,
					"bytes":	6684672,
					"bits_per_second":	53481118.386876717,
					"retransmits":	4,
					"snd_cwnd":	372136,
					"snd_wnd":	12578304,
					"rtt":	62360,
					"rttvar":	249,
					"pmtu":	1500,
					"omitted":	false,
					"sender":	true
				}],
			"sum":	{
				"start":	9.001082,
				"end":	10.001012,
				"seconds":	0.99993002414703369,
				"bytes":	6684672,
				"bits_per_second":	53481118.386876717,
				"retransmits":	4,
				"omitted":	false,
				"sender":	true
			}
		}, {
			"streams":	[{
					"socket":	5,
					"start":	10.001012,
					"end":	11.000986,
					"seconds":	0.999974012374878,
					"bytes":	6946816,
					"bits_per_second":	55575972.2875336,
					"retransmits":	4,
					"snd_cwnd":	286704,
					"snd_wnd":	12582912,
					"rtt":	47233,
					"rttvar":	241,
					"pmtu":	1500,
					"omitted":	false,
					"sender":	true
				}],
			"sum":	{
				"start":	10.001012,
				"end":	11.000986,
				"seconds":	0.999974012374878,
				"bytes":	6946816,
				"bits_per_second":	55575972.2875336,
				"retransmits":	4,
				"omitted":	false,
				"sender":	true
			}
		}, {
			"streams":	[{
					"socket":	5,
					"start":	11.000986,
					"end":	12.000987,
					"seconds":	1.0000009536743164,
					"bytes":	3276800,
					"bits_per_second":	26214375.000023842,
					"retransmits":	5,
					"snd_cwnd":	157832,
					"snd_wnd":	12580352,
					"rtt":	44648,
					"rttvar":	219,
					"pmtu":	1500,
					"omitted":	false,
					"sender":	true
				}],
			"sum":	{
				"start":	11.000986,
				"end":	12.000987,
				"seconds":	1.0000009536743164,
				"bytes":	3276800,