{
	"start":	{
		"connected":	[{
				"socket":	5,
				"local_host":	"10.0.0.2",
				"local_port":	5201,
				"remote_host":	"10.0.0.1",
				"remote_port":	43460
			}],
		"version":	"iperf 3.16",
		"system_info":	"Linux mininet 6.8.0-88-generic #89-Ubuntu SMP PREEMPT_DYNAMIC Sat Oct 11 01:02:46 UTC 2025 x86_64",
		"sock_bufsize":	0,
		"sndbuf_actual":	87380,
		"rcvbuf_actual":	87380,
		"timestamp":	{
			"time":	"Tue, 02 Dec 2025 18:11:11 GMT",
			"timesecs":	1764699071
		},
		"accepted_connection":	{
			"host":	"10.0.0.1",
			"port":	43446
		},
		"cookie":	"plpqoncsiwutcxj7fanm4yj275nxsg6jayjz",
		"tcp_mss_default":	0,
		"target_bitrate":	0,
		"fq_rate":	0,
		"test_start":	{
			"protocol":	"TCP",
			"num_streams":	1,
			"blksize":	131072,
			"omit":	0,
			"duration":	20,
			"bytes":	0,
			"blocks":	0,
			"reverse":	0,
			"tos":	0,
			"target_bitrate":	0,
			"bidir":	0,
			"fqrate":	0
		}
	},
	"intervals":	[{
			"streams":	[{
					"socket":	5,
					"start":	0,
					"end":	1.001032,
					"seconds":	1.0010319948196411,
					"bytes":	4718592,
					"bits_per_second":	37709819.661459774,
					"omitted":	false,
					"sender":	false
				}],
			"sum":	{
				"start":	0,
				"end":	1.001032,
				"seconds":	1.0010319948196411,
				"bytes":	4718592,
				"bits_per_second":	37709819.661459774,
				"omitted":	false,
				"sender":	false
			}
		}, {
			"streams":	[{
					"socket":	5,
					"start":	1.001032,
					"end":	2.000988,
					"seconds":	0.99995601177215576,
					"bytes":	6029312,
					"bits_per_second":	48236617.843336128,
					"omitted":	false,
					"sender":	false
				}],
			"sum":	{
				"start":	1.001032,
				"end":	2.000988,
				"seconds":	0.99995601177215576,
				"bytes":	6029312,
				"bits_per_second":	48236617.843336128,
				"omitted":	false,
				"sender":	false
			}
		}, {
			"streams":	[{
					"socket":	5,
					"start":	2.000988,
					"end":	3.000967,
					"seconds":	0.999979019165039,
					"bytes":	4980736,
					"bits_per_second":	39846724.017540343,
					"omitted":	false,
					"sender":	false
				}],
			"sum":	{
				"start":	2.000988,
				"end":	3.000967,
				"seconds":	0.999979019165039,
				"bytes":	4980736,
				"bits_per_second":	39846724.017540343,
				"omitted":	false,
				"sender":	false
			}
		}, {
			"streams":	[{
					"socket":	5,
					"start":	3.000967,
					"end":	4.001038,
					"seconds":	1.0000710487365723,
					"bytes":	6815744,
					"bits_per_second":	54522078.275223248,
					"omitted":	false,
					"sender":	false
				}],
			"sum":	{
				"start":	3.000967,
				"end":	4.001038,
				"seconds":	1.0000710487365723,
				"bytes":	6815744,
				"bits_per_second":	54522078.275223248,
				"omitted":	false,
				"sender":	false
			}
		}, {
			"streams":	[{
					"socket":	5,
					"start":	4.001038,
					"end":	5.000884,
					"seconds":	0.99984598159790039,
					"bytes":	6029312,
					"bits_per_second":	48241926.144378968,
					"omitted":	false,
					"sender":	false
				}],
			"sum":	{
				"start":	4.001038,
				"end":	5.000884,
				"seconds":	0.99984598159790039,
				"bytes":	6029312,
				"bits_per_second":	48241926.144378968,
				"omitted":	false,
				"sender":	false
			}
		}, {
			"streams":	[{
					"socket":	5,
					"start":	5.000884,
					"end":	6.001063,
					"seconds":	1.0001790523529053,
					"bytes":	5898240,
					"bits_per_second":	47177472.762497753,
					"omitted":	false,
					"sender":	false
				}],
			"sum":	{
				"start":	5.000884,
				"end":	6.001063,
				"seconds":	1.0001790523529053,
				"bytes":	5898240,
				"bits_per_second":	47177472.762497753,
				"omitted":	false,
				"sender":	false
			}
		}, {
			"streams":	[{
					"socket":	5,
					"start":	6.001063,
					"end":	7.001088,
					"seconds":	1.0000250339508057,
					"bytes":	6029312,
					"bits_per_second":	48233288.530227736,
					"omitted":	false,
					"sender":	false
				}],
			"sum":	{
				"start":	6.001063,
				"end":	7.001088,
				"seconds":	1.0000250339508057,
				"bytes":	6029312,
				"bits_per_second":	48233288.530227736,
				"omitted":	false,
				"sender":	false
			}
		}, {
			"streams":	[{
					"socket":	5,
					"start":	7.001088,
					"end":	8.001045,
					"seconds":	0.999957025051117,
					"bytes":	5898240,
					"bits_per_second":	47187947.899648882,
					"omitted":	false,
					"sender":	false
				}],
			"sum":	{
				"start":	7.001088,
				"end":	8.001045,
				"seconds":	0.999957025051117,
				"bytes":	5898240,
				"bits_per_second":	47187947.899648882,
				"omitted":	false,
				"sender":	false
			}
		}, {
			"streams":	[{
					"socket":	5,
					"start":	8.001045,
					"end":	9.000879,
					"seconds":	0.99983400106430054,
					"bytes":	5898240,
					"bits_per_second":	47193754.112954415,
					"omitted":	false,
					"sender":	false
				}],
			"sum":	{
				"start":	8.001045,
				"end":	9.000879,
				"seconds":	0.99983400106430054,
				"bytes":	5898240,
				"bits_per_second":	47193754.112954415,
				"omitted":	false,
				"sender":	false
			}
		}, {
			"streams":	[{
					"socket":	5,
					"start":	9.000879,
					"end":	10.001067,
					"seconds":	1.0001879930496216,
					"bytes":	6029312,
					"bits_per_second":	48225429.954353571,
					"omitted":	false,
					"sender":	false
				}],
			"sum":	{
				"start":	9.000879,
				"end":	10.001067,
				"seconds":	1.0001879930496216,
				"bytes":	6029312,
				"bits_per_second":	48225429.954353571,
				"omitted":	false,
				"sender":	false
			}
		}, {
			"streams":	[{
					"socket":	5,
					"start":	10.001067,
					"end":	11.001092,
					"seconds":	1.0000250339508057,
					"bytes":	5898240,
					"bits_per_second":	47184738.779570617,
					"omitted":	false,
					"sender":	false
				}],
			"sum":	{
				"start":	10.001067,
				"end":	11.001092,
				"seconds":	1.0000250339508057,
				"bytes":	5898240,
				"bits_per_second":	47184738.779570617,
				"omitted":	false,
				"sender":	false
			}
		}, {
			"streams":	[{
					"socket":	5,
					"start":	11.001092,
					"end":	12.001092,
					"seconds":	1,
					"bytes":	5898240,
					"bits_per_second":	47185920,
					"omitted":	false,
					"sender":	false
				}],
			"sum":	{
				"start":	11.001092,
				"end":	12.001092,
				"seconds":	1,
				"bytes":	5898240,
				"bits_per_second":	47185920,
				"omitted":	false,
				"sender":	false
			}
		}, {
			"streams":	[{
					"socket":	5,
					"start":	12.001092,
					"end":	13.001175,
					"seconds":	1.0000829696655273,
					"bytes":	6029312,
					"bits_per_second":	48230494.332017057,
					"omitted":	false,
					"sender":	false
				}],
			"sum":	{
				"start":	12.001092,
				"end":	13.001175,
				"seconds":	1.0000829696655273,
				"bytes":	6029312,
				"bits_per_second":	48230494.332017057,
				"omitted":	false,
				"sender":	false
			}
		}, {
			"streams":	[{
					"socket":	5,
					"start":	13.001175,
					"end":	14.00093,
					"seconds":	0.999755024909973,
					"bytes":	5898240,
					"bits_per_second":	47197482.207452811,
					"omitted":	false,
					"sender":	false
				}],
			"sum":	{
				"start":	13.001175,
				"end":	14.00093,
				"seconds":	0.999755024909973,
				"bytes":	5898240,
				"bits_per_second":	47197482.207452811,
				"omitted":	false,
				"sender":	false
			}
		}, {
			"streams":	[{
					"socket":	5,
					"start":	14.00093,
					"end":	15.001012,
					"seconds":	1.0000820159912109,
					"bytes":	5898240,
					"bits_per_second":	47182050.317375854,
					"omitted":	false,
					"sender":	false
				}],
			"sum":	{
				"start":	14.00093,
				"end":	15.001012,
				"seconds":	1.0000820159912109,
				"bytes":	5898240,
				"bits_per_second":	47182050.317375854,
				"omitted":	false,
				"sender":	false
			}
		}, {
			"streams":	[{
					"socket":	5,
					"start":	15.001012,
					"end":	16.000909,
					"seconds":	0.999897003173828,
					"bytes":	6029312,
					"bits_per_second":	48239464.511740938,
					"omitted":	false,
					"sender":	false
				}],
			"sum":	{
				"start":	15.001012,
				"end":	16.000909,
				"seconds":	0.999897003173828,
				"bytes":	6029312,
				"bits_per_second":	48239464.511740938,
				"omitted":	false,