{
	"start":	{
		"connected":	[{
				"socket":	5,
				"local_host":	"10.0.0.1",
				"local_port":	37772,
				"remote_host":	"10.0.0.2",
				"remote_port":	5201
			}],
		"version":	"iperf 3.16",
		"system_info":	"Linux mininet 6.8.0-88-generic #89-Ubuntu SMP PREEMPT_DYNAMIC Sat Oct 11 01:02:46 UTC 2025 x86_64",
		"timestamp":	{
			"time":	"Tue, 02 Dec 2025 17:05:52 GMT",
			"timesecs":	1764695152
		},
		"connecting_to":	{
			"host":	"10.0.0.2",
			"port":	5201
		},
		"cookie":	"fhu6gdcyrjomauazsmzsirj5zm7mamhp2mu4",
		"tcp_mss_default":	1448,
		"target_bitrate":	0,
		"fq_rate":	0,
		"sock_bufsize":	0,
		"sndbuf_actual":	87380,
		"rcvbuf_actual":	87380,
		"test_start":	{
			"protocol":	"TCP",
			"num_streams":	1,
			"blksize":	131072,
			"omit":	0,
			"duration":	20,
			"bytes":	0,
			"blocks":	0,
			"reverse":	0,
			"tos":	0,
			"target_bitrate":	0,
			"bidir":	0,
			"fqrate":	0
		}
	},
	"intervals":	[{
			"streams":	[{
					"socket":	5,
					"start":	0,
					"end":	1.000929,
					"seconds":	1.0009289979934692,
					"bytes":	2752512,
					"bits_per_second":	21999658.361525133,
					"retransmits":	6,
					"snd_cwnd":	178104,
					"snd_wnd":	791040,
					"rtt":	147202,
					"rttvar":	1078,
					"pmtu":	1500,
					"omitted":	false,
					"sender":	true
				}],
			"sum":	{
				"start":	0,
				"end":	1.000929,
				"seconds":	1.0009289979934692,
				"bytes":	2752512,
				"bits_per_second":	21999658.361525133,
				"retransmits":	6,
				"omitted":	false,
				"sender":	true
			}
		}, {
			"streams":	[{
					"socket":	5,
					"start":	1.000929,
					"end":	2.001069,
					"seconds":	1.0001399517059326,
					"bytes":	786432,
					"bits_per_second":	6290575.6232102336,
					"retransmits":	10,
					"snd_cwnd":	15928,
					"snd_wnd":	2160640,
					"rtt":	44719,
					"rttvar":	308,
					"pmtu":	1500,
					"omitted":	false,
					"sender":	true
				}],
			"sum":	{
				"start":	1.000929,
				"end":	2.001069,
				"seconds":	1.0001399517059326,
				"bytes":	786432,
				"bits_per_second":	6290575.6232102336,
				"retransmits":	10,
				"omitted":	false,
				"sender":	true
			}
		}, {
			"streams":	[{
					"socket":	5,
					"start":	2.001069,
					"end":	3.000782,
					"seconds":	0.99971300363540649,
					"bytes":	655360,
					"bits_per_second":	5244385.1194638144,
					"retransmits":	4,
					"snd_cwnd":	11584,
					"snd_wnd":	3188736,
					"rtt":	44844,
					"rttvar":	370,
					"pmtu":	1500,
					"omitted":	false,
					"sender":	true
				}],
			"sum":	{
				"start":	2.001069,
				"end":	3.000782,
				"seconds":	0.99971300363540649,
				"bytes":	655360,
				"bits_per_second":	5244385.1194638144,
				"retransmits":	4,
				"omitted":	false,
				"sender":	true
			}
		}, {
			"streams":	[{
					"socket":	5,
					"start":	3.000782,
					"end":	4.000706,
					"seconds":	0.99992400407791138,
					"bytes":	0,
					"bits_per_second":	0,
					"retransmits":	2,
					"snd_cwnd":	33304,
					"snd_wnd":	3976704,
					"rtt":	45577,
					"rttvar":	582,
					"pmtu":	1500,
					"omitted":	false,
					"sender":	true
				}],
			"sum":	{
				"start":	3.000782,
				"end":	4.000706,
				"seconds":	0.99992400407791138,
				"bytes":	0,
				"bits_per_second":	0,
				"retransmits":	2,
				"omitted":	false,
				"sender":	true
			}
		}, {
			"streams":	[{
					"socket":	5,
					"start":	4.000706,
					"end":	5.000774,
					"seconds":	1.0000679492950439,
					"bytes":	786432,
					"bits_per_second":	6291028.52904635,
					"retransmits":	3,
					"snd_cwnd":	30408,
					"snd_wnd":	4882944,
					"rtt":	45094,
					"rttvar":	729,
					"pmtu":	1500,
					"omitted":	false,
					"sender":	true
				}],
			"sum":	{
				"start":	4.000706,
				"end":	5.000774,
				"seconds":	1.0000679492950439,
				"bytes":	786432,
				"bits_per_second":	6291028.52904635,
				"retransmits":	3,
				"omitted":	false,
				"sender":	true
			}
		}, {
			"streams":	[{
					"socket":	5,
					"start":	5.000774,
					"end":	6.001026,
					"seconds":	1.0002520084381104,
					"bytes":	655360,
					"bits_per_second":	5241559.08288226,
					"retransmits":	0,
					"snd_cwnd":	62264,
					"snd_wnd":	6843392,
					"rtt":	49633,
					"rttvar":	267,
					"pmtu":	1500,
					"omitted":	false,
					"sender":	true
				}],
			"sum":	{
				"start":	5.000774,
				"end":	6.001026,
				"seconds":	1.0002520084381104,
				"bytes":	655360,
				"bits_per_second":	5241559.08288226,
				"retransmits":	0,
				"omitted":	false,
				"sender":	true
			}
		}, {
			"streams":	[{
					"socket":	5,
					"start":	6.001026,
					"end":	7.000715,
					"seconds":	0.999688982963562,
					"bytes":	786432,
					"bits_per_second":	6293413.3587719249,
					"retransmits":	6,
					"snd_cwnd":	18824,
					"snd_wnd":	8039424,
					"rtt":	44684,
					"rttvar":	224,
					"pmtu":	1500,
					"omitted":	false,
					"sender":	true
				}],
			"sum":	{
				"start":	6.001026,
				"end":	7.000715,
				"seconds":	0.999688982963562,
				"bytes":	786432,
				"bits_per_second":	6293413.3587719249,
				"retransmits":	6,
				"omitted":	false,
				"sender":	true
			}
		}, {
			"streams":	[{
					"socket":	5,
					"start":	7.000715,
					"end":	8.000729,
					"seconds":	1.0000139474868774,
					"bytes":	655360,
					"bits_per_second":	5242806.876019896,
					"retransmits":	0,
					"snd_cwnd":	50680,
					"snd_wnd":	9344000,
					"rtt":	45261,
					"rttvar":	546,
					"pmtu":	1500,
					"omitted":	false,
					"sender":	true
				}],
			"sum":	{
				"start":	7.000715,
				"end":	8.000729,
				"seconds":	1.0000139474868774,
				"bytes":	655360,
				"bits_per_second":	5242806.876019896,
				"retransmits":	0,
				"omitted":	false,
				"sender":	true
			}
		}, {
			"streams":	[{
					"socket":	5,
					"start":	8.000729,
					"end":	9.000951,
					"seconds":	1.0002219676971436,
					"bytes":	1441792,
					"bits_per_second":	11531776.318166682,
					"retransmits":	2,
					"snd_cwnd":	40544,
					"snd_wnd":	9342976,
					"rtt":	45390,
					"rttvar":	921,
					"pmtu":	1500,
					"omitted":	false,
					"sender":	true
				}],
			"sum":	{
				"start":	8.000729,
				"end":	9.000951,
				"seconds":	1.0002219676971436,
				"bytes":	1441792,
				"bits_per_second":	11531776.318166682,
				"retransmits":	2,
				"omitted":	false,
				"sender":	true
			}
		}, {
			"streams":	[{
					"socket":	5,
					"start":	9.000951,
					"end":	10.000816,
					"seconds":	0.99986499547958374,
					"bytes":	786432,
					"bits_per_second":	6292305.4896849478,
					"retransmits":	2,
					"snd_cwnd":	44888,
					"snd_wnd":	9342976,
					"rtt":	46575,
					"rttvar":	618,
					"pmtu":	1500,
					"omitted":	false,
					"sender":	true
				}],
			"sum":	{
				"start":	9.000951,
				"end":	10.000816,
				"seconds":	0.99986499547958374,
				"bytes":	786432,
				"bits_per_second":	6292305.4896849478,
				"retransmits":	2,
				"omitted":	false,
				"sender":	true
			}
		}, {
			"streams":	[{
					"socket":	5,
					"start":	10.000816,
					"end":	11.000746,
					"seconds":	0.99993002414703369,
					"bytes":	655360,
					"bits_per_second":	5243246.9006741876,
					"retransmits":	6,
					"snd_cwnd":	18824,
					"snd_wnd":	9345536,
					"rtt":	48230,
					"rttvar":	4703,
					"pmtu":	1500,
					"omitted":	false,
					"sender":	true
				}],
			"sum":	{
				"start":	10.000816,
				"end":	11.000746,
				"seconds":	0.99993002414703369,
				"bytes":	655360,
				"bits_per_second":	5243246.9006741876,
				"retransmits":	6,
				"omitted":	false,
				"sender":	true
			}
		}, {
			"streams":	[{
					"socket":	5,
					"start":	11.000746,
					"end":	12.001424,
					"seconds":	1.0006779432296753,
					"bytes":	0,
					"bits_per_second":	0,
					"retransmits":	6,
					"snd_cwnd":	14480,
					"snd_wnd":	9342976,
					"rtt":	50342,
					"rttvar":	9717,
					"pmtu":	1500,
					"omitted":	false,
					"sender":	true
				}],
			"sum":	{
				"start":	11.000746,
				"end":	12.001424,
				"seconds":	1.0006779432296753,
				"bytes":	0,
				"bits_per_second":	0,
				"retransmits":	6,
				"omitted":	false,
				"sender":	true
			}
		}, {
			"streams":	[{
					"socket":	5,