{
	"start":	{
		"connected":	[{
				"socket":	5,
				"local_host":	"10.0.0.2",
				"local_port":	5201,
				"remote_host":	"10.0.0.1",
				"remote_port":	37772
			}],
		"version":	"iperf 3.16",
		"system_info":	"Linux mininet 6.8.0-88-generic #89-Ubuntu SMP PREEMPT_DYNAMIC Sat Oct 11 01:02:46 UTC 2025 x86_64",
		"sock_bufsize":	0,
		"sndbuf_actual":	87380,
		"rcvbuf_actual":	87380,
		"timestamp":	{
			"time":	"Tue, 02 Dec 2025 17:05:52 GMT",
			"timesecs":	1764695152
		},
		"accepted_connection":	{
			"host":	"10.0.0.1",
			"port":	37770
		},
		"cookie":	"fhu6gdcyrjomauazsmzsirj5zm7mamhp2mu4",
		"tcp_mss_default":	0,
		"target_bitrate":	0,
		"fq_rate":	0,
		"test_start":	{
			"protocol":	"TCP",
			"num_streams":	1,
			"blksize":	131072,
			"omit":	0,
			"duration":	20,
			"bytes":	0,
			"blocks":	0,
			"reverse":	0,
			"tos":	0,
			"target_bitrate":	0,
			"bidir":	0,
			"fqrate":	0
		}
	},
	"intervals":	[{
			"streams":	[{
					"socket":	5,
					"start":	0,
					"end":	1.000962,
					"seconds":	1.0009620189666748,
					"bytes":	1048576,
					"bits_per_second":	8380545.7560316119,
					"omitted":	false,
					"sender":	false
				}],
			"sum":	{
				"start":	0,
				"end":	1.000962,
				"seconds":	1.0009620189666748,
				"bytes":	1048576,
				"bits_per_second":	8380545.7560316119,
				"omitted":	false,
				"sender":	false
			}
		}, {
			"streams":	[{
					"socket":	5,
					"start":	1.000962,
					"end":	2.000939,
					"seconds":	0.9999769926071167,
					"bytes":	655360,
					"bits_per_second":	5243000.62777533,
					"omitted":	false,
					"sender":	false
				}],
			"sum":	{
				"start":	1.000962,
				"end":	2.000939,
				"seconds":	0.9999769926071167,
				"bytes":	655360,
				"bits_per_second":	5243000.62777533,
				"omitted":	false,
				"sender":	false
			}
		}, {
			"streams":	[{
					"socket":	5,
					"start":	2.000939,
					"end":	3.000985,
					"seconds":	1.0000460147857666,
					"bytes":	524288,
					"bits_per_second":	4194111.0088804448,
					"omitted":	false,
					"sender":	false
				}],
			"sum":	{
				"start":	2.000939,
				"end":	3.000985,
				"seconds":	1.0000460147857666,
				"bytes":	524288,
				"bits_per_second":	4194111.0088804448,
				"omitted":	false,
				"sender":	false
			}
		}, {
			"streams":	[{
					"socket":	5,
					"start":	3.000985,
					"end":	4.000983,
					"seconds":	0.99999797344207764,
					"bytes":	393216,
					"bits_per_second":	3145734.37501292,
					"omitted":	false,
					"sender":	false
				}],
			"sum":	{
				"start":	3.000985,
				"end":	4.000983,
				"seconds":	0.99999797344207764,
				"bytes":	393216,
				"bits_per_second":	3145734.37501292,
				"omitted":	false,
				"sender":	false
			}
		}, {
			"streams":	[{
					"socket":	5,
					"start":	4.000983,
					"end":	5.000982,
					"seconds":	0.99999898672103882,
					"bytes":	393216,
					"bits_per_second":	3145731.18750323,
					"omitted":	false,
					"sender":	false
				}],
			"sum":	{
				"start":	4.000983,
				"end":	5.000982,
				"seconds":	0.99999898672103882,
				"bytes":	393216,
				"bits_per_second":	3145731.18750323,
				"omitted":	false,
				"sender":	false
			}
		}, {
			"streams":	[{
					"socket":	5,
					"start":	5.000982,
					"end":	6.001049,
					"seconds":	1.0000669956207275,
					"bytes":	1048576,
					"bits_per_second":	8388046.0376490168,
					"omitted":	false,
					"sender":	false
				}],
			"sum":	{
				"start":	5.000982,
				"end":	6.001049,
				"seconds":	1.0000669956207275,
				"bytes":	1048576,
				"bits_per_second":	8388046.0376490168,
				"omitted":	false,
				"sender":	false
			}
		}, {
			"streams":	[{
					"socket":	5,
					"start":	6.001049,
					"end":	7.000979,
					"seconds":	0.99993002414703369,
					"bytes":	655360,
					"bits_per_second":	5243246.9006741876,
					"omitted":	false,
					"sender":	false
				}],
			"sum":	{
				"start":	6.001049,
				"end":	7.000979,
				"seconds":	0.99993002414703369,
				"bytes":	655360,
				"bits_per_second":	5243246.9006741876,
				"omitted":	false,
				"sender":	false
			}
		}, {
			"streams":	[{
					"socket":	5,
					"start":	7.000979,
					"end":	8.000978,
					"seconds":	0.99999898672103882,
					"bytes":	655360,
					"bits_per_second":	5242885.312505383,
					"omitted":	false,
					"sender":	false
				}],
			"sum":	{
				"start":	7.000979,
				"end":	8.000978,
				"seconds":	0.99999898672103882,
				"bytes":	655360,
				"bits_per_second":	5242885.312505383,
				"omitted":	false,
				"sender":	false
			}
		}, {
			"streams":	[{
					"socket":	5,
					"start":	8.000978,
					"end":	9.000944,
					"seconds":	0.999966025352478,
					"bytes":	1179648,
					"bits_per_second":	9437504.63589349,
					"omitted":	false,
					"sender":	false
				}],
			"sum":	{
				"start":	8.000978,
				"end":	9.000944,
				"seconds":	0.999966025352478,
				"bytes":	1179648,
				"bits_per_second":	9437504.63589349,
				"omitted":	false,
				"sender":	false
			}
		}, {
			"streams":	[{
					"socket":	5,
					"start":	9.000944,
					"end":	10.00099,
					"seconds":	1.0000460147857666,
					"bytes":	786432,
					"bits_per_second":	6291166.5133206677,
					"omitted":	false,
					"sender":	false
				}],
			"sum":	{
				"start":	9.000944,
				"end":	10.00099,
				"seconds":	1.0000460147857666,
				"bytes":	786432,
				"bits_per_second":	6291166.5133206677,
				"omitted":	false,
				"sender":	false
			}
		}, {
			"streams":	[{
					"socket":	5,
					"start":	10.00099,
					"end":	11.000999,
					"seconds":	1.0000089406967163,
					"bytes":	917504,
					"bits_per_second":	7339966.3755867276,
					"omitted":	false,
					"sender":	false
				}],
			"sum":	{
				"start":	10.00099,
				"end":	11.000999,
				"seconds":	1.0000089406967163,
				"bytes":	917504,
				"bits_per_second":	7339966.3755867276,
				"omitted":	false,
				"sender":	false
			}
		}, {
			"streams":	[{
					"socket":	5,
					"start":	11.000999,
					"end":	12.000947,
					"seconds":	0.999948024749756,
					"bytes":	262144,
					"bits_per_second":	2097261.0056655966,
					"omitted":	false,
					"sender":	false
				}],
			"sum":	{
				"start":	11.000999,
				"end":	12.000947,
				"seconds":	0.999948024749756,
				"bytes":	262144,
				"bits_per_second":	2097261.0056655966,
				"omitted":	false,
				"sender":	false
			}
		}, {
			"streams":	[{
					"socket":	5,
					"start":	12.000947,
					"end":	13.000958,
					"seconds":	1.0000109672546387,
					"bytes":	262144,
					"bits_per_second":	2097129.0002522441,
					"omitted":	false,
					"sender":	false
				}],
			"sum":	{
				"start":	12.000947,
				"end":	13.000958,
				"seconds":	1.0000109672546387,
				"bytes":	262144,
				"bits_per_second":	2097129.0002522441,
				"omitted":	false,
				"sender":	false
			}
		}, {
			"streams":	[{
					"socket":	5,
					"start":	13.000958,
					"end":	14.000977,
					"seconds":	1.0000189542770386,
					"bytes":	524288,
					"bits_per_second":	4194224.5015068366,
					"omitted":	false,
					"sender":	false
				}],
			"sum":	{
				"start":	13.000958,
				"end":	14.000977,
				"seconds":	1.0000189542770386,
				"bytes":	524288,
				"bits_per_second":	4194224.5015068366,
				"omitted":	false,
				"sender":	false
			}
		}, {
			"streams":	[{
					"socket":	5,
					"start":	14.000977,
					"end":	15.000951,
					"seconds":	0.999974012374878,
					"bytes":	393216,
					"bits_per_second":	3145809.7521245438,
					"omitted":	false,
					"sender":	false
				}],
			"sum":	{
				"start":	14.000977,
				"end":	15.000951,
				"seconds":	0.999974012374878,
				"bytes":	393216,
				"bits_per_second":	3145809.7521245438,
				"omitted":	false,
				"sender":	false
			}
		}, {
			"streams":	[{
					"socket":	5,
					"start":	15.000951,
					"end":	16.001019,
					"seconds":	1.0000679492950439,
					"bytes":	524288,
					"bits_per_second":	4194019.0193642331,
					"omitted":	false,
					"sender":	false
				}],
			"sum":	{
				"start":	15.000951,
				"end":	16.001019,
				"seconds":	1.0000679492950439,
				"bytes":	524288,
				"bits_per_second":	4194019.0193642331,
				"omitted":	false,