{
	"start":	{
		"connected":	[{
				"socket":	5,
				"local_host":	"10.0.0.1",
				"local_port":	43870,
				"remote_host":	"10.0.0.2",
				"remote_port":	5201
			}],
		"version":	"iperf 3.16",
		"system_info":	"Linux mininet 6.8.0-88-generic #89-Ubuntu SMP PREEMPT_DYNAMIC Sat Oct 11 01:02:46 UTC 2025 x86_64",
		"timestamp":	{
			"time":	"Tue, 02 Dec 2025 17:12:11 GMT",
			"timesecs":	1764695531
		},
		"connecting_to":	{
			"host":	"10.0.0.2",
			"port":	5201
		},
		"cookie":	"svg3fzbvifykxridng57rljj3tgehpmvbf55",
		"tcp_mss_default":	1448,
		"target_bitrate":	0,
		"fq_rate":	0,
		"sock_bufsize":	0,
		"sndbuf_actual":	87380,
		"rcvbuf_actual":	87380,
		"test_start":	{
			"protocol":	"TCP",
			"num_streams":	1,
			"blksize":	131072,
			"omit":	0,
			"duration":	20,
			"bytes":	0,
			"blocks":	0,
			"reverse":	0,
			"tos":	0,
			"target_bitrate":	0,
			"bidir":	0,
			"fqrate":	0
		}
	},
	"intervals":	[{
			"streams":	[{
					"socket":	5,
					"start":	0,
					"end":	1.001009,
					"seconds":	1.0010089874267578,
					"bytes":	4194304,
					"bits_per_second":	33520610.125845771,
					"retransmits":	0,
					"snd_cwnd":	805088,
					"snd_wnd":	1287680,
					"rtt":	322368,
					"rttvar":	13986,
					"pmtu":	1500,
					"omitted":	false,
					"sender":	true
				}],
			"sum":	{
				"start":	0,
				"end":	1.001009,
				"seconds":	1.0010089874267578,
				"bytes":	4194304,
				"bits_per_second":	33520610.125845771,
				"retransmits":	0,
				"omitted":	false,
				"sender":	true
			}
		}, {
			"streams":	[{
					"socket":	5,
					"start":	1.001009,
					"end":	2.000851,
					"seconds":	0.99984198808670044,
					"bytes":	4456448,
					"bits_per_second":	35657218.265281036,
					"retransmits":	59,
					"snd_cwnd":	1575424,
					"snd_wnd":	2904064,
					"rtt":	764954,
					"rttvar":	851,
					"pmtu":	1500,
					"omitted":	false,
					"sender":	true
				}],
			"sum":	{
				"start":	1.001009,
				"end":	2.000851,
				"seconds":	0.99984198808670044,
				"bytes":	4456448,
				"bits_per_second":	35657218.265281036,
				"retransmits":	59,
				"omitted":	false,
				"sender":	true
			}
		}, {
			"streams":	[{
					"socket":	5,
					"start":	2.000851,
					"end":	3.00103,
					"seconds":	1.0001790523529053,
					"bytes":	0,
					"bits_per_second":	0,
					"retransmits":	660,
					"snd_cwnd":	548792,
					"snd_wnd":	2904064,
					"rtt":	770048,
					"rttvar":	292,
					"pmtu":	1500,
					"omitted":	false,
					"sender":	true
				}],
			"sum":	{
				"start":	2.000851,
				"end":	3.00103,
				"seconds":	1.0001790523529053,
				"bytes":	0,
				"bits_per_second":	0,
				"retransmits":	660,
				"omitted":	false,
				"sender":	true
			}
		}, {
			"streams":	[{
					"socket":	5,
					"start":	3.00103,
					"end":	4.000857,
					"seconds":	0.99982702732086182,
					"bytes":	4194304,
					"bits_per_second":	33560237.0041071,
					"retransmits":	279,
					"snd_cwnd":	419920,
					"snd_wnd":	3125760,
					"rtt":	348924,
					"rttvar":	2288,
					"pmtu":	1500,
					"omitted":	false,
					"sender":	true
				}],
			"sum":	{
				"start":	3.00103,
				"end":	4.000857,
				"seconds":	0.99982702732086182,
				"bytes":	4194304,
				"bits_per_second":	33560237.0041071,
				"retransmits":	279,
				"omitted":	false,
				"sender":	true
			}
		}, {
			"streams":	[{
					"socket":	5,
					"start":	4.000857,
					"end":	5.001031,
					"seconds":	1.0001740455627441,
					"bytes":	0,
					"bits_per_second":	0,
					"retransmits":	4,
					"snd_cwnd":	299736,
					"snd_wnd":	5167104,
					"rtt":	377805,
					"rttvar":	98,
					"pmtu":	1500,
					"omitted":	false,
					"sender":	true
				}],
			"sum":	{
				"start":	4.000857,
				"end":	5.001031,
				"seconds":	1.0001740455627441,
				"bytes":	0,
				"bits_per_second":	0,
				"retransmits":	4,
				"omitted":	false,
				"sender":	true
			}
		}, {
			"streams":	[{
					"socket":	5,
					"start":	5.001031,
					"end":	6.000802,
					"seconds":	0.999770998954773,
					"bytes":	3801088,
					"bits_per_second":	30415669.220042668,
					"retransmits":	2,
					"snd_cwnd":	233128,
					"snd_wnd":	7559168,
					"rtt":	193786,
					"rttvar":	148,
					"pmtu":	1500,
					"omitted":	false,
					"sender":	true
				}],
			"sum":	{
				"start":	5.001031,
				"end":	6.000802,
				"seconds":	0.999770998954773,
				"bytes":	3801088,
				"bits_per_second":	30415669.220042668,
				"retransmits":	2,
				"omitted":	false,
				"sender":	true
			}
		}, {
			"streams":	[{
					"socket":	5,
					"start":	6.000802,
					"end":	7.001012,
					"seconds":	1.0002100467681885,
					"bytes":	0,
					"bits_per_second":	0,
					"retransmits":	0,
					"snd_cwnd":	240368,
					"snd_wnd":	9951232,
					"rtt":	199819,
					"rttvar":	93,
					"pmtu":	1500,
					"omitted":	false,
					"sender":	true
				}],
			"sum":	{
				"start":	6.000802,
				"end":	7.001012,
				"seconds":	1.0002100467681885,
				"bytes":	0,
				"bits_per_second":	0,
				"retransmits":	0,
				"omitted":	false,
				"sender":	true
			}
		}, {
			"streams":	[{
					"socket":	5,
					"start":	7.001012,
					"end":	8.000781,
					"seconds":	0.99976897239685059,
					"bytes":	0,
					"bits_per_second":	0,
					"retransmits":	0,
					"snd_cwnd":	247608,
					"snd_wnd":	12340224,
					"rtt":	205275,
					"rttvar":	574,
					"pmtu":	1500,
					"omitted":	false,
					"sender":	true
				}],
			"sum":	{
				"start":	7.001012,
				"end":	8.000781,
				"seconds":	0.99976897239685059,
				"bytes":	0,
				"bits_per_second":	0,
				"retransmits":	0,
				"omitted":	false,
				"sender":	true
			}
		}, {
			"streams":	[{
					"socket":	5,
					"start":	8.000781,
					"end":	9.000962,
					"seconds":	1.0001809597015381,
					"bytes":	3670016,
					"bits_per_second":	29354815.961264946,
					"retransmits":	0,
					"snd_cwnd":	254848,
					"snd_wnd":	12580352,
					"rtt":	210872,
					"rttvar":	209,
					"pmtu":	1500,
					"omitted":	false,
					"sender":	true
				}],
			"sum":	{
				"start":	8.000781,
				"end":	9.000962,
				"seconds":	1.0001809597015381,
				"bytes":	3670016,
				"bits_per_second":	29354815.961264946,
				"retransmits":	0,
				"omitted":	false,
				"sender":	true
			}
		}, {
			"streams":	[{
					"socket":	5,
					"start":	9.000962,
					"end":	10.001073,
					"seconds":	1.0001109838485718,
					"bytes":	0,
					"bits_per_second":	0,
					"retransmits":	0,
					"snd_cwnd":	260640,
					"snd_wnd":	12580352,
					"rtt":	215426,
					"rttvar":	145,
					"pmtu":	1500,
					"omitted":	false,
					"sender":	true
				}],
			"sum":	{
				"start":	9.000962,
				"end":	10.001073,
				"seconds":	1.0001109838485718,
				"bytes":	0,
				"bits_per_second":	0,
				"retransmits":	0,
				"omitted":	false,
				"sender":	true
			}
		}, {
			"streams":	[{
					"socket":	5,
					"start":	10.001073,
					"end":	11.000795,
					"seconds":	0.99972200393676758,
					"bytes":	0,
					"bits_per_second":	0,
					"retransmits":	0,
					"snd_cwnd":	267880,
					"snd_wnd":	12580352,
					"rtt":	222637,
					"rttvar":	262,
					"pmtu":	1500,
					"omitted":	false,
					"sender":	true
				}],
			"sum":	{
				"start":	10.001073,
				"end":	11.000795,
				"seconds":	0.99972200393676758,
				"bytes":	0,
				"bits_per_second":	0,
				"retransmits":	0,
				"omitted":	false,
				"sender":	true
			}
		}, {
			"streams":	[{
					"socket":	5,
					"start":	11.000795,
					"end":	12.000804,
					"seconds":	1.0000089406967163,
					"bytes":	3670016,
					"bits_per_second":	29359865.502346911,
					"retransmits":	0,
					"snd_cwnd":	273672,
					"snd_wnd":	12580352,
					"rtt":	227546,
					"rttvar":	236,
					"pmtu":	1500,
					"omitted":	false,
					"sender":	true
				}],
			"sum":	{
				"start":	11.000795,
				"end":	12.000804,
				"seconds":	1.0000089406967163,
				"bytes":	3670016,
				"bits_per_second":	29359865.502346911,
				"retransmits":	0,
				"omitted":	false,
				"sender":	true
			}
		}, {
			"streams":	[{
					"socket":	5,
					"start":	12.000804,
					"end":	13.000774,
					"seconds":	0.999970018863678,
					"bytes":	0,
					"bits_per_second":	0,