{
	"start":	{
		"connected":	[{
				"socket":	5,
				"local_host":	"10.0.0.2",
				"local_port":	5201,
				"remote_host":	"10.0.0.1",
				"remote_port":	52226
			}],
		"version":	"iperf 3.16",
		"system_info":	"Linux mininet 6.8.0-88-generic #89-Ubuntu SMP PREEMPT_DYNAMIC Sat Oct 11 01:02:46 UTC 2025 x86_64",
		"sock_bufsize":	0,
		"sndbuf_actual":	87380,
		"rcvbuf_actual":	87380,
		"timestamp":	{
			"time":	"Tue, 02 Dec 2025 18:28:51 GMT",
			"timesecs":	1764700131
		},
		"accepted_connection":	{
			"host":	"10.0.0.1",
			"port":	52222
		},
		"cookie":	"tieif7dweh2tz2myeiknuberg4keikmkftjm",
		"tcp_mss_default":	0,
		"target_bitrate":	0,
		"fq_rate":	0,
		"test_start":	{
			"protocol":	"TCP",
			"num_streams":	1,
			"blksize":	131072,
			"omit":	0,
			"duration":	20,
			"bytes":	0,
			"blocks":	0,
			"reverse":	0,
			"tos":	0,
			"target_bitrate":	0,
			"bidir":	0,
			"fqrate":	0
		}
	},
	"intervals":	[{
			"streams":	[{
					"socket":	5,
					"start":	0,
					"end":	1.000993,
					"seconds":	1.000993013381958,
					"bytes":	1048576,
					"bits_per_second":	8380286.26359561,
					"omitted":	false,
					"sender":	false
				}],
			"sum":	{
				"start":	0,
				"end":	1.000993,
				"seconds":	1.000993013381958,
				"bytes":	1048576,
				"bits_per_second":	8380286.26359561,
				"omitted":	false,
				"sender":	false
			}
		}, {
			"streams":	[{
					"socket":	5,
					"start":	1.000993,
					"end":	2.000847,
					"seconds":	0.999854028224945,
					"bytes":	1179648,
					"bits_per_second":	9438561.7636146,
					"omitted":	false,
					"sender":	false
				}],
			"sum":	{
				"start":	1.000993,
				"end":	2.000847,
				"seconds":	0.999854028224945,
				"bytes":	1179648,
				"bits_per_second":	9438561.7636146,
				"omitted":	false,
				"sender":	false
			}
		}, {
			"streams":	[{
					"socket":	5,
					"start":	2.000847,
					"end":	3.00107,
					"seconds":	1.0002230405807495,
					"bytes":	1179648,
					"bits_per_second":	9435079.5943678543,
					"omitted":	false,
					"sender":	false
				}],
			"sum":	{
				"start":	2.000847,
				"end":	3.00107,
				"seconds":	1.0002230405807495,
				"bytes":	1179648,
				"bits_per_second":	9435079.5943678543,
				"omitted":	false,
				"sender":	false
			}
		}, {
			"streams":	[{
					"socket":	5,
					"start":	3.00107,
					"end":	4.000802,
					"seconds":	0.99973201751709,
					"bytes":	1179648,
					"bits_per_second":	9439713.6779093668,
					"omitted":	false,
					"sender":	false
				}],
			"sum":	{
				"start":	3.00107,
				"end":	4.000802,
				"seconds":	0.99973201751709,
				"bytes":	1179648,
				"bits_per_second":	9439713.6779093668,
				"omitted":	false,
				"sender":	false
			}
		}, {
			"streams":	[{
					"socket":	5,
					"start":	4.000802,
					"end":	5.001065,
					"seconds":	1.000262975692749,
					"bytes":	1179648,
					"bits_per_second":	9434702.90246834,
					"omitted":	false,
					"sender":	false
				}],
			"sum":	{
				"start":	4.000802,
				"end":	5.001065,
				"seconds":	1.000262975692749,
				"bytes":	1179648,
				"bits_per_second":	9434702.90246834,
				"omitted":	false,
				"sender":	false
			}
		}, {
			"streams":	[{
					"socket":	5,
					"start":	5.001065,
					"end":	6.000963,
					"seconds":	0.99989801645278931,
					"bytes":	1179648,
					"bits_per_second":	9438146.5356628,
					"omitted":	false,
					"sender":	false
				}],
			"sum":	{
				"start":	5.001065,
				"end":	6.000963,
				"seconds":	0.99989801645278931,
				"bytes":	1179648,
				"bits_per_second":	9438146.5356628,
				"omitted":	false,
				"sender":	false
			}
		}, {
			"streams":	[{
					"socket":	5,
					"start":	6.000963,
					"end":	7.000834,
					"seconds":	0.999871015548706,
					"bytes":	1179648,
					"bits_per_second":	9438401.40702658,
					"omitted":	false,
					"sender":	false
				}],
			"sum":	{
				"start":	6.000963,
				"end":	7.000834,
				"seconds":	0.999871015548706,
				"bytes":	1179648,
				"bits_per_second":	9438401.40702658,
				"omitted":	false,
				"sender":	false
			}
		}, {
			"streams":	[{
					"socket":	5,
					"start":	7.000834,
					"end":	8.000854,
					"seconds":	1.0000200271606445,
					"bytes":	1310720,
					"bits_per_second":	10485550.00420562,
					"omitted":	false,
					"sender":	false
				}],
			"sum":	{
				"start":	7.000834,
				"end":	8.000854,
				"seconds":	1.0000200271606445,
				"bytes":	1310720,
				"bits_per_second":	10485550.00420562,
				"omitted":	false,
				"sender":	false
			}
		}, {
			"streams":	[{
					"socket":	5,
					"start":	8.000854,
					"end":	9.000761,
					"seconds":	0.99990701675415039,
					"bytes":	1179648,
					"bits_per_second":	9438061.5816003848,
					"omitted":	false,
					"sender":	false
				}],
			"sum":	{
				"start":	8.000854,
				"end":	9.000761,
				"seconds":	0.99990701675415039,
				"bytes":	1179648,
				"bits_per_second":	9438061.5816003848,
				"omitted":	false,
				"sender":	false
			}
		}, {
			"streams":	[{
					"socket":	5,
					"start":	9.000761,
					"end":	10.000984,
					"seconds":	1.0002230405807495,
					"bytes":	1179648,
					"bits_per_second":	9435079.5943678543,
					"omitted":	false,
					"sender":	false
				}],
			"sum":	{
				"start":	9.000761,
				"end":	10.000984,
				"seconds":	1.0002230405807495,
				"bytes":	1179648,
				"bits_per_second":	9435079.5943678543,
				"omitted":	false,
				"sender":	false
			}
		}, {
			"streams":	[{
					"socket":	5,
					"start":	10.000984,
					"end":	11.000922,
					"seconds":	0.99993801116943359,
					"bytes":	917504,
					"bits_per_second":	7340487.028206666,
					"omitted":	false,
					"sender":	false
				}],
			"sum":	{
				"start":	10.000984,
				"end":	11.000922,
				"seconds":	0.99993801116943359,
				"bytes":	917504,
				"bits_per_second":	7340487.028206666,
				"omitted":	false,
				"sender":	false
			}
		}, {
			"streams":	[{
					"socket":	5,
					"start":	11.000922,
					"end":	12.000853,
					"seconds":	0.99993097782135,
					"bytes":	1179648,
					"bits_per_second":	9437835.4199624248,
					"omitted":	false,
					"sender":	false
				}],
			"sum":	{
				"start":	11.000922,
				"end":	12.000853,
				"seconds":	0.99993097782135,
				"bytes":	1179648,
				"bits_per_second":	9437835.4199624248,
				"omitted":	false,
				"sender":	false
			}
		}, {
			"streams":	[{
					"socket":	5,
					"start":	12.000853,
					"end":	13.000759,
					"seconds":	0.99990600347518921,
					"bytes":	1179648,
					"bits_per_second":	9438071.14588863,
					"omitted":	false,
					"sender":	false
				}],
			"sum":	{
				"start":	12.000853,
				"end":	13.000759,
				"seconds":	0.99990600347518921,
				"bytes":	1179648,
				"bits_per_second":	9438071.14588863,
				"omitted":	false,
				"sender":	false
			}
		}, {
			"streams":	[{
					"socket":	5,
					"start":	13.000759,
					"end":	14.000754,
					"seconds":	0.999994993209839,
					"bytes":	1179648,
					"bits_per_second":	9437231.25023657,
					"omitted":	false,
					"sender":	false
				}],
			"sum":	{
				"start":	13.000759,
				"end":	14.000754,
				"seconds":	0.999994993209839,
				"bytes":	1179648,
				"bits_per_second":	9437231.25023657,
				"omitted":	false,
				"sender":	false
			}
		}, {
			"streams":	[{
					"socket":	5,
					"start":	14.000754,
					"end":	15.001004,
					"seconds":	1.000249981880188,
					"bytes":	1179648,
					"bits_per_second":	9434825.4645911157,
					"omitted":	false,
					"sender":	false
				}],
			"sum":	{
				"start":	14.000754,
				"end":	15.001004,
				"seconds":	1.000249981880188,
				"bytes":	1179648,
				"bits_per_second":	9434825.4645911157,
				"omitted":	false,
				"sender":	false
			}
		}, {
			"streams":	[{
					"socket":	5,
					"start":	15.001004,
					"end":	16.000866,
					"seconds":	0.999862015247345,
					"bytes":	1179648,
					"bits_per_second":	9438486.36720682,
					"omitted":	false,
					"sender":	false
				}],
			"sum":	{
				"start":	15.001004,
				"end":	16.000866,
				"seconds":	0.999862015247345,
				"bytes":	1179648,
				"bits_per_second":	9438486.36720682,
				"omitted":	false,