{
	"start":	{
		"connected":	[{
				"socket":	5,
				"local_host":	"10.0.0.2",
				"local_port":	5201,
				"remote_host":	"10.0.0.1",
				"remote_port":	33370
			}],
		"version":	"iperf 3.16",
		"system_info":	"Linux mininet 6.8.0-88-generic #89-Ubuntu SMP PREEMPT_DYNAMIC Sat Oct 11 01:02:46 UTC 2025 x86_64",
		"sock_bufsize":	0,
		"sndbuf_actual":	87380,
		"rcvbuf_actual":	87380,
		"timestamp":	{
			"time":	"Tue, 02 Dec 2025 17:18:34 GMT",
			"timesecs":	1764695914
		},
		"accepted_connection":	{
			"host":	"10.0.0.1",
			"port":	33360
		},
		"cookie":	"a5o7wd2fvxhbper3sjvb4jujqqtsvsdspnpz",
		"tcp_mss_default":	0,
		"target_bitrate":	0,
		"fq_rate":	0,
		"test_start":	{
			"protocol":	"TCP",
			"num_streams":	1,
			"blksize":	131072,
			"omit":	0,
			"duration":	20,
			"bytes":	0,
			"blocks":	0,
			"reverse":	0,
			"tos":	0,
			"target_bitrate":	0,
			"bidir":	0,
			"fqrate":	0
		}
	},
	"intervals":	[{
			"streams":	[{
					"socket":	5,
					"start":	0,
					"end":	1.000812,
					"seconds":	1.00081205368042,
					"bytes":	4325376,
					"bits_per_second":	34574931.299787745,
					"omitted":	false,
					"sender":	false
				}],
			"sum":	{
				"start":	0,
				"end":	1.000812,
				"seconds":	1.00081205368042,
				"bytes":	4325376,
				"bits_per_second":	34574931.299787745,
				"omitted":	false,
				"sender":	false
			}
		}, {
			"streams":	[{
					"socket":	5,
					"start":	1.000812,
					"end":	2.001022,
					"seconds":	1.0002100467681885,
					"bytes":	6422528,
					"bits_per_second":	51369434.016401187,
					"omitted":	false,
					"sender":	false
				}],
			"sum":	{
				"start":	1.000812,
				"end":	2.001022,
				"seconds":	1.0002100467681885,
				"bytes":	6422528,
				"bits_per_second":	51369434.016401187,
				"omitted":	false,
				"sender":	false
			}
		}, {
			"streams":	[{
					"socket":	5,
					"start":	2.001022,
					"end":	3.00069,
					"seconds":	0.999668002128601,
					"bytes":	5898240,
					"bits_per_second":	47201590.82768143,
					"omitted":	false,
					"sender":	false
				}],
			"sum":	{
				"start":	2.001022,
				"end":	3.00069,
				"seconds":	0.999668002128601,
				"bytes":	5898240,
				"bits_per_second":	47201590.82768143,
				"omitted":	false,
				"sender":	false
			}
		}, {
			"streams":	[{
					"socket":	5,
					"start":	3.00069,
					"end":	4.001057,
					"seconds":	1.0003670454025269,
					"bytes":	5898240,
					"bits_per_second":	47168606.979664519,
					"omitted":	false,
					"sender":	false
				}],
			"sum":	{
				"start":	3.00069,
				"end":	4.001057,
				"seconds":	1.0003670454025269,
				"bytes":	5898240,
				"bits_per_second":	47168606.979664519,
				"omitted":	false,
				"sender":	false
			}
		}, {
			"streams":	[{
					"socket":	5,
					"start":	4.001057,
					"end":	5.000816,
					"seconds":	0.999759018421173,
					"bytes":	6029312,
					"bits_per_second":	48246122.426754676,
					"omitted":	false,
					"sender":	false
				}],
			"sum":	{
				"start":	4.001057,
				"end":	5.000816,
				"seconds":	0.999759018421173,
				"bytes":	6029312,
				"bits_per_second":	48246122.426754676,
				"omitted":	false,
				"sender":	false
			}
		}, {
			"streams":	[{
					"socket":	5,
					"start":	5.000816,
					"end":	6.001076,
					"seconds":	1.00025999546051,
					"bytes":	5898240,
					"bits_per_second":	47173655.063827731,
					"omitted":	false,
					"sender":	false
				}],
			"sum":	{
				"start":	5.000816,
				"end":	6.001076,
				"seconds":	1.00025999546051,
				"bytes":	5898240,
				"bits_per_second":	47173655.063827731,
				"omitted":	false,
				"sender":	false
			}
		}, {
			"streams":	[{
					"socket":	5,
					"start":	6.001076,
					"end":	7.000981,
					"seconds":	0.999904990196228,
					"bytes":	5898240,
					"bits_per_second":	47190403.5509813,
					"omitted":	false,
					"sender":	false
				}],
			"sum":	{
				"start":	6.001076,
				"end":	7.000981,
				"seconds":	0.999904990196228,
				"bytes":	5898240,
				"bits_per_second":	47190403.5509813,
				"omitted":	false,
				"sender":	false
			}
		}, {
			"streams":	[{
					"socket":	5,
					"start":	7.000981,
					"end":	8.000658,
					"seconds":	0.999677002429962,
					"bytes":	6029312,
					"bits_per_second":	48250080.658806928,
					"omitted":	false,
					"sender":	false
				}],
			"sum":	{
				"start":	7.000981,
				"end":	8.000658,
				"seconds":	0.999677002429962,
				"bytes":	6029312,
				"bits_per_second":	48250080.658806928,
				"omitted":	false,
				"sender":	false
			}
		}, {
			"streams":	[{
					"socket":	5,
					"start":	8.000658,
					"end":	9.00102,
					"seconds":	1.0003620386123657,
					"bytes":	5898240,
					"bits_per_second":	47168843.057512559,
					"omitted":	false,
					"sender":	false
				}],
			"sum":	{
				"start":	8.000658,
				"end":	9.00102,
				"seconds":	1.0003620386123657,
				"bytes":	5898240,
				"bits_per_second":	47168843.057512559,
				"omitted":	false,
				"sender":	false
			}
		}, {
			"streams":	[{
					"socket":	5,
					"start":	9.00102,
					"end":	10.001022,
					"seconds":	1.0000020265579224,
					"bytes":	6029312,
					"bits_per_second":	48234398.2501981,
					"omitted":	false,
					"sender":	false
				}],
			"sum":	{
				"start":	9.00102,
				"end":	10.001022,
				"seconds":	1.0000020265579224,
				"bytes":	6029312,
				"bits_per_second":	48234398.2501981,
				"omitted":	false,
				"sender":	false
			}
		}, {
			"streams":	[{
					"socket":	5,
					"start":	10.001022,
					"end":	11.000942,
					"seconds":	0.99992001056671143,
					"bytes":	5898240,
					"bits_per_second":	47189694.676934272,
					"omitted":	false,
					"sender":	false
				}],
			"sum":	{
				"start":	10.001022,
				"end":	11.000942,
				"seconds":	0.99992001056671143,
				"bytes":	5898240,
				"bits_per_second":	47189694.676934272,
				"omitted":	false,
				"sender":	false
			}
		}, {
			"streams":	[{
					"socket":	5,
					"start":	11.000942,
					"end":	12.001017,
					"seconds":	1.0000749826431274,
					"bytes":	5898240,
					"bits_per_second":	47182382.140278071,
					"omitted":	false,
					"sender":	false
				}],
			"sum":	{
				"start":	11.000942,
				"end":	12.001017,
				"seconds":	1.0000749826431274,
				"bytes":	5898240,
				"bits_per_second":	47182382.140278071,
				"omitted":	false,
				"sender":	false
			}
		}, {
			"streams":	[{
					"socket":	5,
					"start":	12.001017,
					"end":	13.000856,
					"seconds":	0.99983900785446167,
					"bytes":	6029312,
					"bits_per_second":	48242262.625365682,
					"omitted":	false,
					"sender":	false
				}],
			"sum":	{
				"start":	12.001017,
				"end":	13.000856,
				"seconds":	0.99983900785446167,
				"bytes":	6029312,
				"bits_per_second":	48242262.625365682,
				"omitted":	false,
				"sender":	false
			}
		}, {
			"streams":	[{
					"socket":	5,
					"start":	13.000856,
					"end":	14.000958,
					"seconds":	1.0001020431518555,
					"bytes":	5898240,
					"bits_per_second":	47181105.491287641,
					"omitted":	false,
					"sender":	false
				}],
			"sum":	{
				"start":	13.000856,
				"end":	14.000958,
				"seconds":	1.0001020431518555,
				"bytes":	5898240,
				"bits_per_second":	47181105.491287641,
				"omitted":	false,
				"sender":	false
			}
		}, {
			"streams":	[{
					"socket":	5,
					"start":	14.000958,
					"end":	15.000703,
					"seconds":	0.999745011329651,
					"bytes":	5898240,
					"bits_per_second":	47197954.943774313,
					"omitted":	false,
					"sender":	false
				}],
			"sum":	{
				"start":	14.000958,
				"end":	15.000703,
				"seconds":	0.999745011329651,
				"bytes":	5898240,
				"bits_per_second":	47197954.943774313,
				"omitted":	false,
				"sender":	false
			}
		}, {
			"streams":	[{
					"socket":	5,
					"start":	15.000703,
					"end":	16.000653,
					"seconds":	0.99994999170303345,
					"bytes":	6029312,
					"bits_per_second":	48236908.2456323,
					"omitted":	false,
					"sender":	false
				}],
			"sum":	{
				"start":	15.000703,
				"end":	16.000653,
				"seconds":	0.99994999170303345,
				"bytes":	6029312,
				"bits_per_second":	48236908.2456323,
				"omitted":	false,