{
	"start":	{
		"connected":	[{
				"socket":	5,
				"local_host":	"10.0.0.1",
				"local_port":	55978,
				"remote_host":	"10.0.0.2",
				"remote_port":	5201
			}],
		"version":	"iperf 3.16",
		"system_info":	"Linux CSCE952FinalProject 6.14.0-36-generic #36~24.04.1-Ubuntu SMP PREEMPT_DYNAMIC Wed Oct 15 15:45:17 UTC 2 x86_64",
		"timestamp":	{
			"time":	"Sun, 30 Nov 2025 04:35:41 GMT",
			"timesecs":	1764477341
		},
		"connecting_to":	{
			"host":	"10.0.0.2",
			"port":	5201
		},
		"cookie":	"wwfbtmmqp7pgdqgkk3iuemio4zxqlny5pffr",
		"tcp_mss_default":	1448,
		"target_bitrate":	0,
		"fq_rate":	0,
		"sock_bufsize":	0,
		"sndbuf_actual":	87380,
		"rcvbuf_actual":	87380,
		"test_start":	{
			"protocol":	"TCP",
			"num_streams":	1,
			"blksize":	131072,
			"omit":	0,
			"duration":	20,
			"bytes":	0,
			"blocks":	0,
			"reverse":	0,
			"tos":	0,
			"target_bitrate":	0,
			"bidir":	0,
			"fqrate":	0
		}
	},
	"intervals":	[{
			"streams":	[{
					"socket":	5,
					"start":	0,
					"end":	1.000856,
					"seconds":	1.0008560419082642,
					"bytes":	262144,
					"bits_per_second":	2095358.2854947879,
					"retransmits":	2,
					"snd_cwnd":	46336,
					"snd_wnd":	63488,
					"rtt":	190656,
					"rttvar":	29773,
					"pmtu":	1500,
					"omitted":	false,
					"sender":	true
				}],
			"sum":	{
				"start":	0,
				"end":	1.000856,
				"seconds":	1.0008560419082642,
				"bytes":	262144,
				"bits_per_second":	2095358.2854947879,
				"retransmits":	2,
				"omitted":	false,
				"sender":	true
			}
		}, {
			"streams":	[{
					"socket":	5,
					"start":	1.000856,
					"end":	2.011131,
					"seconds":	1.0102750062942505,
					"bytes":	393216,
					"bits_per_second":	3113734.3598538772,
					"retransmits":	4,
					"snd_cwnd":	72400,
					"snd_wnd":	344064,
					"rtt":	238083,
					"rttvar":	22355,
					"pmtu":	1500,
					"omitted":	false,
					"sender":	true
				}],
			"sum":	{
				"start":	1.000856,
				"end":	2.011131,
				"seconds":	1.0102750062942505,
				"bytes":	393216,
				"bits_per_second":	3113734.3598538772,
				"retransmits":	4,
				"omitted":	false,
				"sender":	true
			}
		}, {
			"streams":	[{
					"socket":	5,
					"start":	2.011131,
					"end":	3.002098,
					"seconds":	0.99096697568893433,
					"bytes":	262144,
					"bits_per_second":	2116268.303030008,
					"retransmits":	2,
					"snd_cwnd":	81088,
					"snd_wnd":	483840,
					"rtt":	175134,
					"rttvar":	21330,
					"pmtu":	1500,
					"omitted":	false,
					"sender":	true
				}],
			"sum":	{
				"start":	2.011131,
				"end":	3.002098,
				"seconds":	0.99096697568893433,
				"bytes":	262144,
				"bits_per_second":	2116268.303030008,
				"retransmits":	2,
				"omitted":	false,
				"sender":	true
			}
		}, {
			"streams":	[{
					"socket":	5,
					"start":	3.002098,
					"end":	4.005198,
					"seconds":	1.0031000375747681,
					"bytes":	0,
					"bits_per_second":	0,
					"retransmits":	0,
					"snd_cwnd":	81088,
					"snd_wnd":	483840,
					"rtt":	213057,
					"rttvar":	22796,
					"pmtu":	1500,
					"omitted":	false,
					"sender":	true
				}],
			"sum":	{
				"start":	3.002098,
				"end":	4.005198,
				"seconds":	1.0031000375747681,
				"bytes":	0,
				"bits_per_second":	0,
				"retransmits":	0,
				"omitted":	false,
				"sender":	true
			}
		}, {
			"streams":	[{
					"socket":	5,
					"start":	4.005198,
					"end":	5.002159,
					"seconds":	0.996960997581482,
					"bytes":	262144,
					"bits_per_second":	2103544.6773619638,
					"retransmits":	0,
					"snd_cwnd":	49232,
					"snd_wnd":	483840,
					"rtt":	194335,
					"rttvar":	27661,
					"pmtu":	1500,
					"omitted":	false,
					"sender":	true
				}],
			"sum":	{
				"start":	4.005198,
				"end":	5.002159,
				"seconds":	0.996960997581482,
				"bytes":	262144,
				"bits_per_second":	2103544.6773619638,
				"retransmits":	0,
				"omitted":	false,
				"sender":	true
			}
		}, {
			"streams":	[{
					"socket":	5,
					"start":	5.002159,
					"end":	6.003718,
					"seconds":	1.0015590190887451,
					"bytes":	0,
					"bits_per_second":	0,
					"retransmits":	0,
					"snd_cwnd":	49232,
					"snd_wnd":	484864,
					"rtt":	217009,
					"rttvar":	47627,
					"pmtu":	1500,
					"omitted":	false,
					"sender":	true
				}],
			"sum":	{
				"start":	5.002159,
				"end":	6.003718,
				"seconds":	1.0015590190887451,
				"bytes":	0,
				"bits_per_second":	0,
				"retransmits":	0,
				"omitted":	false,
				"sender":	true
			}
		}, {
			"streams":	[{
					"socket":	5,
					"start":	6.003718,
					"end":	7.004195,
					"seconds":	1.0004769563674927,
					"bytes":	0,
					"bits_per_second":	0,
					"retransmits":	0,
					"snd_cwnd":	40544,
					"snd_wnd":	484864,
					"rtt":	139310,
					"rttvar":	22083,
					"pmtu":	1500,
					"omitted":	false,
					"sender":	true
				}],
			"sum":	{
				"start":	6.003718,
				"end":	7.004195,
				"seconds":	1.0004769563674927,
				"bytes":	0,
				"bits_per_second":	0,
				"retransmits":	0,
				"omitted":	false,
				"sender":	true
			}
		}, {
			"streams":	[{
					"socket":	5,
					"start":	7.004195,
					"end":	8.00209,
					"seconds":	0.9978950023651123,
					"bytes":	0,
					"bits_per_second":	0,
					"retransmits":	2,
					"snd_cwnd":	43440,
					"snd_wnd":	484864,
					"rtt":	220305,
					"rttvar":	72411,
					"pmtu":	1500,
					"omitted":	false,
					"sender":	true
				}],
			"sum":	{
				"start":	7.004195,
				"end":	8.00209,
				"seconds":	0.9978950023651123,
				"bytes":	0,
				"bits_per_second":	0,
				"retransmits":	2,
				"omitted":	false,
				"sender":	true
			}
		}, {
			"streams":	[{
					"socket":	5,
					"start":	8.00209,
					"end":	9.004271,
					"seconds":	1.0021810531616211,
					"bytes":	262144,
					"bits_per_second":	2092587.954426029,
					"retransmits":	0,
					"snd_cwnd":	40544,
					"snd_wnd":	486912,
					"rtt":	248732,
					"rttvar":	26240,
					"pmtu":	1500,
					"omitted":	false,
					"sender":	true
				}],
			"sum":	{
				"start":	8.00209,
				"end":	9.004271,
				"seconds":	1.0021810531616211,
				"bytes":	262144,
				"bits_per_second":	2092587.954426029,
				"retransmits":	0,
				"omitted":	false,
				"sender":	true
			}
		}, {
			"streams":	[{
					"socket":	5,
					"start":	9.004271,
					"end":	10.001352,
					"seconds":	0.99708098173141479,
					"bytes":	0,
					"bits_per_second":	0,
					"retransmits":	0,
					"snd_cwnd":	26064,
					"snd_wnd":	486912,
					"rtt":	241690,
					"rttvar":	69780,
					"pmtu":	1500,
					"omitted":	false,
					"sender":	true
				}],
			"sum":	{
				"start":	9.004271,
				"end":	10.001352,
				"seconds":	0.99708098173141479,
				"bytes":	0,
				"bits_per_second":	0,
				"retransmits":	0,
				"omitted":	false,
				"sender":	true
			}
		}, {
			"streams":	[{
					"socket":	5,
					"start":	10.001352,
					"end":	11.006706,
					"seconds":	1.0053540468215942,
					"bytes":	0,
					"bits_per_second":	0,
					"retransmits":	0,
					"snd_cwnd":	26064,
					"snd_wnd":	486912,
					"rtt":	247513,
					"rttvar":	51149,
					"pmtu":	1500,
					"omitted":	false,
					"sender":	true
				}],
			"sum":	{
				"start":	10.001352,
				"end":	11.006706,
				"seconds":	1.0053540468215942,
				"bytes":	0,
				"bits_per_second":	0,
				"retransmits":	0,
				"omitted":	false,
				"sender":	true
			}
		}, {
			"streams":	[{
					"socket":	5,
					"start":	11.006706,
					"end":	12.006206,
					"seconds":	0.99949997663497925,
					"bytes":	0,
					"bits_per_second":	0,
					"retransmits":	0,
					"snd_cwnd":	28960,
					"snd_wnd":	486912,
					"rtt":	211989,
					"rttvar":	23380,
					"pmtu":	1500,
					"omitted":	false,
					"sender":	true
				}],
			"sum":	{
				"start":	11.006706,
				"end":	12.006206,
				"seconds":	0.99949997663497925,
				"bytes":	0,
				"bits_per_second":	0,
				"retransmits":	0,
				"omitted":	false,
				"sender":	true
			}
		}, {
			"streams":	[{
					"socket":	5,
					"start":	12.006206,
					"end":	13.002356,
					"seconds":	0.996150016784668,
					"bytes":	0,
					"bits_per_second":	0,
					"retransmits":	0,
					"snd_cwnd":	26064,
					"snd_wnd":	486912,