{
	"start":	{
		"connected":	[{
				"socket":	5,
				"local_host":	"10.0.0.1",
				"local_port":	40820,
				"remote_host":	"10.0.0.2",
				"remote_port":	5201
			}],
		"version":	"iperf 3.16",
		"system_info":	"Linux mininet 6.8.0-88-generic #89-Ubuntu SMP PREEMPT_DYNAMIC Sat Oct 11 01:02:46 UTC 2025 x86_64",
		"timestamp":	{
			"time":	"Tue, 02 Dec 2025 18:23:19 GMT",
			"timesecs":	1764699799
		},
		"connecting_to":	{
			"host":	"10.0.0.2",
			"port":	5201
		},
		"cookie":	"tg7i5o7l64n2t25vyxofbvtz6itwjcjzioqk",
		"tcp_mss_default":	1448,
		"target_bitrate":	0,
		"fq_rate":	0,
		"sock_bufsize":	0,
		"sndbuf_actual":	87380,
		"rcvbuf_actual":	87380,
		"test_start":	{
			"protocol":	"TCP",
			"num_streams":	1,
			"blksize":	131072,
			"omit":	0,
			"duration":	20,
			"bytes":	0,
			"blocks":	0,
			"reverse":	0,
			"tos":	0,
			"target_bitrate":	0,
			"bidir":	0,
			"fqrate":	0
		}
	},
	"intervals":	[{
			"streams":	[{
					"socket":	5,
					"start":	0,
					"end":	1.001058,
					"seconds":	1.0010579824447632,
					"bytes":	6946816,
					"bits_per_second":	55515793.2653182,
					"retransmits":	0,
					"snd_cwnd":	870248,
					"snd_wnd":	3346432,
					"rtt":	138572,
					"rttvar":	268,
					"pmtu":	1500,
					"omitted":	false,
					"sender":	true
				}],
			"sum":	{
				"start":	0,
				"end":	1.001058,
				"seconds":	1.0010579824447632,
				"bytes":	6946816,
				"bits_per_second":	55515793.2653182,
				"retransmits":	0,
				"omitted":	false,
				"sender":	true
			}
		}, {
			"streams":	[{
					"socket":	5,
					"start":	1.001058,
					"end":	2.00106,
					"seconds":	1.0000020265579224,
					"bytes":	6029312,
					"bits_per_second":	48234398.2501981,
					"retransmits":	0,
					"snd_cwnd":	1165640,
					"snd_wnd":	3341824,
					"rtt":	185623,
					"rttvar":	428,
					"pmtu":	1500,
					"omitted":	false,
					"sender":	true
				}],
			"sum":	{
				"start":	1.001058,
				"end":	2.00106,
				"seconds":	1.0000020265579224,
				"bytes":	6029312,
				"bits_per_second":	48234398.2501981,
				"retransmits":	0,
				"omitted":	false,
				"sender":	true
			}
		}, {
			"streams":	[{
					"socket":	5,
					"start":	2.00106,
					"end":	3.000958,
					"seconds":	0.99989801645278931,
					"bytes":	7602176,
					"bits_per_second":	60823611.007604718,
					"retransmits":	0,
					"snd_cwnd":	1463928,
					"snd_wnd":	3341824,
					"rtt":	233560,
					"rttvar":	846,
					"pmtu":	1500,
					"omitted":	false,
					"sender":	true
				}],
			"sum":	{
				"start":	2.00106,
				"end":	3.000958,
				"seconds":	0.99989801645278931,
				"bytes":	7602176,
				"bits_per_second":	60823611.007604718,
				"retransmits":	0,
				"omitted":	false,
				"sender":	true
			}
		}, {
			"streams":	[{
					"socket":	5,
					"start":	3.000958,
					"end":	4.000973,
					"seconds":	1.0000150203704834,
					"bytes":	9699328,
					"bits_per_second":	77593458.517505974,
					"retransmits":	0,
					"snd_cwnd":	1762216,
					"snd_wnd":	3716096,
					"rtt":	280783,
					"rttvar":	265,
					"pmtu":	1500,
					"omitted":	false,
					"sender":	true
				}],
			"sum":	{
				"start":	3.000958,
				"end":	4.000973,
				"seconds":	1.0000150203704834,
				"bytes":	9699328,
				"bits_per_second":	77593458.517505974,
				"retransmits":	0,
				"omitted":	false,
				"sender":	true
			}
		}, {
			"streams":	[{
					"socket":	5,
					"start":	4.000973,
					"end":	5.000945,
					"seconds":	0.99997198581695557,
					"bytes":	3801088,
					"bits_per_second":	30409555.898865249,
					"retransmits":	83,
					"snd_cwnd":	1016496,
					"snd_wnd":	4248064,
					"rtt":	218076,
					"rttvar":	385,
					"pmtu":	1500,
					"omitted":	false,
					"sender":	true
				}],
			"sum":	{
				"start":	4.000973,
				"end":	5.000945,
				"seconds":	0.99997198581695557,
				"bytes":	3801088,
				"bits_per_second":	30409555.898865249,
				"retransmits":	83,
				"omitted":	false,
				"sender":	true
			}
		}, {
			"streams":	[{
					"socket":	5,
					"start":	5.000945,
					"end":	6.000757,
					"seconds":	0.99981200695037842,
					"bytes":	7471104,
					"bits_per_second":	59780070.23771058,
					"retransmits":	0,
					"snd_cwnd":	977400,
					"snd_wnd":	8382976,
					"rtt":	161784,
					"rttvar":	158,
					"pmtu":	1500,
					"omitted":	false,
					"sender":	true
				}],
			"sum":	{
				"start":	5.000945,
				"end":	6.000757,
				"seconds":	0.99981200695037842,
				"bytes":	7471104,
				"bits_per_second":	59780070.23771058,
				"retransmits":	0,
				"omitted":	false,
				"sender":	true
			}
		}, {
			"streams":	[{
					"socket":	5,
					"start":	6.000757,
					"end":	7.000939,
					"seconds":	1.000182032585144,
					"bytes":	7471104,
					"bits_per_second":	59757954.105131321,
					"retransmits":	0,
					"snd_cwnd":	1030976,
					"snd_wnd":	8382976,
					"rtt":	171654,
					"rttvar":	342,
					"pmtu":	1500,
					"omitted":	false,
					"sender":	true
				}],
			"sum":	{
				"start":	6.000757,
				"end":	7.000939,
				"seconds":	1.000182032585144,
				"bytes":	7471104,
				"bits_per_second":	59757954.105131321,
				"retransmits":	0,
				"omitted":	false,
				"sender":	true
			}
		}, {
			"streams":	[{
					"socket":	5,
					"start":	7.000939,
					"end":	8.00096,
					"seconds":	1.0000209808349609,
					"bytes":	3670016,
					"bits_per_second":	29359512.012923922,
					"retransmits":	0,
					"snd_cwnd":	1068624,
					"snd_wnd":	8382976,
					"rtt":	177819,
					"rttvar":	187,
					"pmtu":	1500,
					"omitted":	false,
					"sender":	true
				}],
			"sum":	{
				"start":	7.000939,
				"end":	8.00096,
				"seconds":	1.0000209808349609,
				"bytes":	3670016,
				"bits_per_second":	29359512.012923922,
				"retransmits":	0,
				"omitted":	false,
				"sender":	true
			}
		}, {
			"streams":	[{
					"socket":	5,
					"start":	8.00096,
					"end":	9.000797,
					"seconds":	0.99983698129653931,
					"bytes":	7471104,
					"bits_per_second":	59778577.026121527,
					"retransmits":	0,
					"snd_cwnd":	1090344,
					"snd_wnd":	8386560,
					"rtt":	182296,
					"rttvar":	401,
					"pmtu":	1500,
					"omitted":	false,
					"sender":	true
				}],
			"sum":	{
				"start":	8.00096,
				"end":	9.000797,
				"seconds":	0.99983698129653931,
				"bytes":	7471104,
				"bits_per_second":	59778577.026121527,
				"retransmits":	0,
				"omitted":	false,
				"sender":	true
			}
		}, {
			"streams":	[{
					"socket":	5,
					"start":	9.000797,
					"end":	10.000515,
					"seconds":	0.99971801042556763,
					"bytes":	3670016,
					"bits_per_second":	29368409.585320719,
					"retransmits":	0,
					"snd_cwnd":	1103376,
					"snd_wnd":	8382976,
					"rtt":	185799,
					"rttvar":	312,
					"pmtu":	1500,
					"omitted":	false,
					"sender":	true
				}],
			"sum":	{
				"start":	9.000797,
				"end":	10.000515,
				"seconds":	0.99971801042556763,
				"bytes":	3670016,
				"bits_per_second":	29368409.585320719,
				"retransmits":	0,
				"omitted":	false,
				"sender":	true
			}
		}, {
			"streams":	[{
					"socket":	5,
					"start":	10.000515,
					"end":	11.000825,
					"seconds":	1.000309944152832,
					"bytes":	7471104,
					"bits_per_second":	59750312.739936374,
					"retransmits":	0,
					"snd_cwnd":	1107720,
					"snd_wnd":	8382976,
					"rtt":	187112,
					"rttvar":	100,
					"pmtu":	1500,
					"omitted":	false,
					"sender":	true
				}],
			"sum":	{
				"start":	10.000515,
				"end":	11.000825,
				"seconds":	1.000309944152832,
				"bytes":	7471104,
				"bits_per_second":	59750312.739936374,
				"retransmits":	0,
				"omitted":	false,
				"sender":	true
			}
		}, {
			"streams":	[{
					"socket":	5,
					"start":	11.000825,
					"end":	12.000859,
					"seconds":	1.000033974647522,
					"bytes":	7340032,
					"bits_per_second":	58718261.06777712,
					"retransmits":	0,
					"snd_cwnd":	1107720,
					"snd_wnd":	8382976,
					"rtt":	186574,
					"rttvar":	153,
					"pmtu":	1500,
					"omitted":	false,
					"sender":	true
				}],
			"sum":	{
				"start":	11.000825,
				"end":	12.000859,
				"seconds":	1.000033974647522,
				"bytes":	7340032,