{
	"start":	{
		"connected":	[{
				"socket":	5,
				"local_host":	"10.0.0.1",
				"local_port":	38374,
				"remote_host":	"10.0.0.2",
				"remote_port":	5201
			}],
		"version":	"iperf 3.16",
		"system_info":	"Linux mininet 6.8.0-88-generic #89-Ubuntu SMP PREEMPT_DYNAMIC Sat Oct 11 01:02:46 UTC 2025 x86_64",
		"timestamp":	{
			"time":	"Tue, 02 Dec 2025 18:49:55 GMT",
			"timesecs":	1764701395
		},
		"connecting_to":	{
			"host":	"10.0.0.2",
			"port":	5201
		},
		"cookie":	"4kmmut5no7qjvujoh6eojpupbzz6x7k437o5",
		"tcp_mss_default":	1448,
		"target_bitrate":	0,
		"fq_rate":	0,
		"sock_bufsize":	0,
		"sndbuf_actual":	87380,
		"rcvbuf_actual":	87380,
		"test_start":	{
			"protocol":	"TCP",
			"num_streams":	1,
			"blksize":	131072,
			"omit":	0,
			"duration":	20,
			"bytes":	0,
			"blocks":	0,
			"reverse":	0,
			"tos":	0,
			"target_bitrate":	0,
			"bidir":	0,
			"fqrate":	0
		}
	},
	"intervals":	[{
			"streams":	[{
					"socket":	5,
					"start":	0,
					"end":	1.000986,
					"seconds":	1.0009859800338745,
					"bytes":	3670016,
					"bits_per_second":	29331208.014528256,
					"retransmits":	0,
					"snd_cwnd":	373584,
					"snd_wnd":	914432,
					"rtt":	309218,
					"rttvar":	3371,
					"pmtu":	1500,
					"omitted":	false,
					"sender":	true
				}],
			"sum":	{
				"start":	0,
				"end":	1.000986,
				"seconds":	1.0009859800338745,
				"bytes":	3670016,
				"bits_per_second":	29331208.014528256,
				"retransmits":	0,
				"omitted":	false,
				"sender":	true
			}
		}, {
			"streams":	[{
					"socket":	5,
					"start":	1.000986,
					"end":	2.000966,
					"seconds":	0.99997997283935547,
					"bytes":	1179648,
					"bits_per_second":	9437373.00378521,
					"retransmits":	0,
					"snd_cwnd":	272224,
					"snd_wnd":	2298880,
					"rtt":	121342,
					"rttvar":	3718,
					"pmtu":	1500,
					"omitted":	false,
					"sender":	true
				}],
			"sum":	{
				"start":	1.000986,
				"end":	2.000966,
				"seconds":	0.99997997283935547,
				"bytes":	1179648,
				"bits_per_second":	9437373.00378521,
				"retransmits":	0,
				"omitted":	false,
				"sender":	true
			}
		}, {
			"streams":	[{
					"socket":	5,
					"start":	2.000966,
					"end":	3.000553,
					"seconds":	0.99958699941635132,
					"bytes":	1179648,
					"bits_per_second":	9441083.1728606671,
					"retransmits":	2,
					"snd_cwnd":	136112,
					"snd_wnd":	2297856,
					"rtt":	121033,
					"rttvar":	3571,
					"pmtu":	1500,
					"omitted":	false,
					"sender":	true
				}],
			"sum":	{
				"start":	2.000966,
				"end":	3.000553,
				"seconds":	0.99958699941635132,
				"bytes":	1179648,
				"bits_per_second":	9441083.1728606671,
				"retransmits":	2,
				"omitted":	false,
				"sender":	true
			}
		}, {
			"streams":	[{
					"socket":	5,
					"start":	3.000553,
					"end":	4.001079,
					"seconds":	1.000525951385498,
					"bytes":	1179648,
					"bits_per_second":	9432223.1091873962,
					"retransmits":	0,
					"snd_cwnd":	269328,
					"snd_wnd":	2297856,
					"rtt":	112749,
					"rttvar":	101,
					"pmtu":	1500,
					"omitted":	false,
					"sender":	true
				}],
			"sum":	{
				"start":	3.000553,
				"end":	4.001079,
				"seconds":	1.000525951385498,
				"bytes":	1179648,
				"bits_per_second":	9432223.1091873962,
				"retransmits":	0,
				"omitted":	false,
				"sender":	true
			}
		}, {
			"streams":	[{
					"socket":	5,
					"start":	4.001079,
					"end":	5.000736,
					"seconds":	0.99965697526931763,
					"bytes":	1179648,
					"bits_per_second":	9440422.29831641,
					"retransmits":	2,
					"snd_cwnd":	269328,
					"snd_wnd":	2297856,
					"rtt":	113489,
					"rttvar":	327,
					"pmtu":	1500,
					"omitted":	false,
					"sender":	true
				}],
			"sum":	{
				"start":	4.001079,
				"end":	5.000736,
				"seconds":	0.99965697526931763,
				"bytes":	1179648,
				"bits_per_second":	9440422.29831641,
				"retransmits":	2,
				"omitted":	false,
				"sender":	true
			}
		}, {
			"streams":	[{
					"socket":	5,
					"start":	5.000736,
					"end":	6.0011,
					"seconds":	1.0003639459609985,
					"bytes":	1179648,
					"bits_per_second":	9433750.62456312,
					"retransmits":	0,
					"snd_cwnd":	269328,
					"snd_wnd":	2297856,
					"rtt":	113727,
					"rttvar":	277,
					"pmtu":	1500,
					"omitted":	false,
					"sender":	true
				}],
			"sum":	{
				"start":	5.000736,
				"end":	6.0011,
				"seconds":	1.0003639459609985,
				"bytes":	1179648,
				"bits_per_second":	9433750.62456312,
				"retransmits":	0,
				"omitted":	false,
				"sender":	true
			}
		}, {
			"streams":	[{
					"socket":	5,
					"start":	6.0011,
					"end":	7.000718,
					"seconds":	0.99961799383163452,
					"bytes":	1179648,
					"bits_per_second":	9440790.4401823953,
					"retransmits":	0,
					"snd_cwnd":	269328,
					"snd_wnd":	2297856,
					"rtt":	113879,
					"rttvar":	144,
					"pmtu":	1500,
					"omitted":	false,
					"sender":	true
				}],
			"sum":	{
				"start":	6.0011,
				"end":	7.000718,
				"seconds":	0.99961799383163452,
				"bytes":	1179648,
				"bits_per_second":	9440790.4401823953,
				"retransmits":	0,
				"omitted":	false,
				"sender":	true
			}
		}, {
			"streams":	[{
					"socket":	5,
					"start":	7.000718,
					"end":	8.000701,
					"seconds":	0.999983012676239,
					"bytes":	1179648,
					"bits_per_second":	9437344.3152233269,
					"retransmits":	0,
					"snd_cwnd":	266432,
					"snd_wnd":	2297856,
					"rtt":	127156,
					"rttvar":	3991,
					"pmtu":	1500,
					"omitted":	false,
					"sender":	true
				}],
			"sum":	{
				"start":	7.000718,
				"end":	8.000701,
				"seconds":	0.999983012676239,
				"bytes":	1179648,
				"bits_per_second":	9437344.3152233269,
				"retransmits":	0,
				"omitted":	false,
				"sender":	true
			}
		}, {
			"streams":	[{
					"socket":	5,
					"start":	8.000701,
					"end":	9.001073,
					"seconds":	1.000372052192688,
					"bytes":	1179648,
					"bits_per_second":	9433674.1808359157,
					"retransmits":	0,
					"snd_cwnd":	269328,
					"snd_wnd":	2300416,
					"rtt":	116341,
					"rttvar":	3828,
					"pmtu":	1500,
					"omitted":	false,
					"sender":	true
				}],
			"sum":	{
				"start":	8.000701,
				"end":	9.001073,
				"seconds":	1.000372052192688,
				"bytes":	1179648,
				"bits_per_second":	9433674.1808359157,
				"retransmits":	0,
				"omitted":	false,
				"sender":	true
			}
		}, {
			"streams":	[{
					"socket":	5,
					"start":	9.001073,
					"end":	10.000452,
					"seconds":	0.99937897920608521,
					"bytes":	1179648,
					"bits_per_second":	9443048.32937048,
					"retransmits":	0,
					"snd_cwnd":	269328,
					"snd_wnd":	2300416,
					"rtt":	113313,
					"rttvar":	290,
					"pmtu":	1500,
					"omitted":	false,
					"sender":	true
				}],
			"sum":	{
				"start":	9.001073,
				"end":	10.000452,
				"seconds":	0.99937897920608521,
				"bytes":	1179648,
				"bits_per_second":	9443048.32937048,
				"retransmits":	0,
				"omitted":	false,
				"sender":	true
			}
		}, {
			"streams":	[{
					"socket":	5,
					"start":	10.000452,
					"end":	11.000992,
					"seconds":	1.000540018081665,
					"bytes":	1179648,
					"bits_per_second":	9432090.5005817842,
					"retransmits":	0,
					"snd_cwnd":	272224,
					"snd_wnd":	2297856,
					"rtt":	105528,
					"rttvar":	1868,
					"pmtu":	1500,
					"omitted":	false,
					"sender":	true
				}],
			"sum":	{
				"start":	10.000452,
				"end":	11.000992,
				"seconds":	1.000540018081665,
				"bytes":	1179648,
				"bits_per_second":	9432090.5005817842,
				"retransmits":	0,
				"omitted":	false,
				"sender":	true
			}
		}, {
			"streams":	[{
					"socket":	5,
					"start":	11.000992,
					"end":	12.001023,
					"seconds":	1.0000309944152832,
					"bytes":	1179648,
					"bits_per_second":	9436891.5090655852,
					"retransmits":	4,
					"snd_cwnd":	272224,
					"snd_wnd":	2297856,
					"rtt":	114872,
					"rttvar":	318,
					"pmtu":	1500,
					"omitted":	false,
					"sender":	true
				}],
			"sum":	{
				"start":	11.000992,
				"end":	12.001023,
				"seconds":	1.0000309944152832,
				"bytes":	1179648,
				"bits_per_second":	9436891.5090655852,