{
	"start":	{
		"connected":	[{
				"socket":	5,
				"local_host":	"10.0.0.1",
				"local_port":	37982,
				"remote_host":	"10.0.0.2",
				"remote_port":	5201
			}],
		"version":	"iperf 3.16",
		"system_info":	"Linux mininet 6.8.0-88-generic #89-Ubuntu SMP PREEMPT_DYNAMIC Sat Oct 11 01:02:46 UTC 2025 x86_64",
		"timestamp":	{
			"time":	"Tue, 02 Dec 2025 17:57:05 GMT",
			"timesecs":	1764698225
		},
		"connecting_to":	{
			"host":	"10.0.0.2",
			"port":	5201
		},
		"cookie":	"iict7ezkxfvu6ocbtxm2ovi4g75yhwkww7ma",
		"tcp_mss_default":	1448,
		"target_bitrate":	0,
		"fq_rate":	0,
		"sock_bufsize":	0,
		"sndbuf_actual":	87380,
		"rcvbuf_actual":	87380,
		"test_start":	{
			"protocol":	"TCP",
			"num_streams":	1,
			"blksize":	131072,
			"omit":	0,
			"duration":	20,
			"bytes":	0,
			"blocks":	0,
			"reverse":	0,
			"tos":	0,
			"target_bitrate":	0,
			"bidir":	0,
			"fqrate":	0
		}
	},
	"intervals":	[{
			"streams":	[{
					"socket":	5,
					"start":	0,
					"end":	1.000705,
					"seconds":	1.0007050037384033,
					"bytes":	2359296,
					"bits_per_second":	18861070.87452317,
					"retransmits":	2,
					"snd_cwnd":	212856,
					"snd_wnd":	953344,
					"rtt":	178225,
					"rttvar":	6583,
					"pmtu":	1500,
					"omitted":	false,
					"sender":	true
				}],
			"sum":	{
				"start":	0,
				"end":	1.000705,
				"seconds":	1.0007050037384033,
				"bytes":	2359296,
				"bits_per_second":	18861070.87452317,
				"retransmits":	2,
				"omitted":	false,
				"sender":	true
			}
		}, {
			"streams":	[{
					"socket":	5,
					"start":	1.000705,
					"end":	2.000953,
					"seconds":	1.0002479553222656,
					"bytes":	1179648,
					"bits_per_second":	9434844.58007162,
					"retransmits":	0,
					"snd_cwnd":	250504,
					"snd_wnd":	3343360,
					"rtt":	202851,
					"rttvar":	496,
					"pmtu":	1500,
					"omitted":	false,
					"sender":	true
				}],
			"sum":	{
				"start":	1.000705,
				"end":	2.000953,
				"seconds":	1.0002479553222656,
				"bytes":	1179648,
				"bits_per_second":	9434844.58007162,
				"retransmits":	0,
				"omitted":	false,
				"sender":	true
			}
		}, {
			"streams":	[{
					"socket":	5,
					"start":	2.000953,
					"end":	3.001008,
					"seconds":	1.0000549554824829,
					"bytes":	1179648,
					"bits_per_second":	9436665.40349972,
					"retransmits":	0,
					"snd_cwnd":	275120,
					"snd_wnd":	5732864,
					"rtt":	225309,
					"rttvar":	220,
					"pmtu":	1500,
					"omitted":	false,
					"sender":	true
				}],
			"sum":	{
				"start":	2.000953,
				"end":	3.001008,
				"seconds":	1.0000549554824829,
				"bytes":	1179648,
				"bits_per_second":	9436665.40349972,
				"retransmits":	0,
				"omitted":	false,
				"sender":	true
			}
		}, {
			"streams":	[{
					"socket":	5,
					"start":	3.001008,
					"end":	4.000719,
					"seconds":	0.999710977077484,
					"bytes":	1179648,
					"bits_per_second":	9439912.3510559965,
					"retransmits":	0,
					"snd_cwnd":	289600,
					"snd_wnd":	6520320,
					"rtt":	239131,
					"rttvar":	1103,
					"pmtu":	1500,
					"omitted":	false,
					"sender":	true
				}],
			"sum":	{
				"start":	3.001008,
				"end":	4.000719,
				"seconds":	0.999710977077484,
				"bytes":	1179648,
				"bits_per_second":	9439912.3510559965,
				"retransmits":	0,
				"omitted":	false,
				"sender":	true
			}
		}, {
			"streams":	[{
					"socket":	5,
					"start":	4.000719,
					"end":	5.000963,
					"seconds":	1.0002440214157104,
					"bytes":	1179648,
					"bits_per_second":	9434881.6868137233,
					"retransmits":	0,
					"snd_cwnd":	295392,
					"snd_wnd":	6520320,
					"rtt":	245782,
					"rttvar":	352,
					"pmtu":	1500,
					"omitted":	false,
					"sender":	true
				}],
			"sum":	{
				"start":	4.000719,
				"end":	5.000963,
				"seconds":	1.0002440214157104,
				"bytes":	1179648,
				"bits_per_second":	9434881.6868137233,
				"retransmits":	0,
				"omitted":	false,
				"sender":	true
			}
		}, {
			"streams":	[{
					"socket":	5,
					"start":	5.000963,
					"end":	6.000731,
					"seconds":	0.99976801872253418,
					"bytes":	1179648,
					"bits_per_second":	9439373.7579828538,
					"retransmits":	2,
					"snd_cwnd":	233128,
					"snd_wnd":	6523392,
					"rtt":	187295,
					"rttvar":	913,
					"pmtu":	1500,
					"omitted":	false,
					"sender":	true
				}],
			"sum":	{
				"start":	5.000963,
				"end":	6.000731,
				"seconds":	0.99976801872253418,
				"bytes":	1179648,
				"bits_per_second":	9439373.7579828538,
				"retransmits":	2,
				"omitted":	false,
				"sender":	true
			}
		}, {
			"streams":	[{
					"socket":	5,
					"start":	6.000731,
					"end":	7.000725,
					"seconds":	0.99999397993087769,
					"bytes":	1179648,
					"bits_per_second":	9437240.812842017,
					"retransmits":	0,
					"snd_cwnd":	263536,
					"snd_wnd":	6523392,
					"rtt":	215282,
					"rttvar":	547,
					"pmtu":	1500,
					"omitted":	false,
					"sender":	true
				}],
			"sum":	{
				"start":	6.000731,
				"end":	7.000725,
				"seconds":	0.99999397993087769,
				"bytes":	1179648,
				"bits_per_second":	9437240.812842017,
				"retransmits":	0,
				"omitted":	false,
				"sender":	true
			}
		}, {
			"streams":	[{
					"socket":	5,
					"start":	7.000725,
					"end":	8.001069,
					"seconds":	1.0003440380096436,
					"bytes":	1179648,
					"bits_per_second":	9433938.36662125,
					"retransmits":	2,
					"snd_cwnd":	199824,
					"snd_wnd":	6523392,
					"rtt":	163110,
					"rttvar":	525,
					"pmtu":	1500,
					"omitted":	false,
					"sender":	true
				}],
			"sum":	{
				"start":	7.000725,
				"end":	8.001069,
				"seconds":	1.0003440380096436,
				"bytes":	1179648,
				"bits_per_second":	9433938.36662125,
				"retransmits":	2,
				"omitted":	false,
				"sender":	true
			}
		}, {
			"streams":	[{
					"socket":	5,
					"start":	8.001069,
					"end":	9.000722,
					"seconds":	0.99965298175811768,
					"bytes":	1179648,
					"bits_per_second":	9440460.01183587,
					"retransmits":	0,
					"snd_cwnd":	218648,
					"snd_wnd":	6523392,
					"rtt":	180323,
					"rttvar":	523,
					"pmtu":	1500,
					"omitted":	false,
					"sender":	true
				}],
			"sum":	{
				"start":	8.001069,
				"end":	9.000722,
				"seconds":	0.99965298175811768,
				"bytes":	1179648,
				"bits_per_second":	9440460.01183587,
				"retransmits":	0,
				"omitted":	false,
				"sender":	true
			}
		}, {
			"streams":	[{
					"socket":	5,
					"start":	9.000722,
					"end":	10.000914,
					"seconds":	1.0001920461654663,
					"bytes":	1048576,
					"bits_per_second":	8386997.3093269672,
					"retransmits":	0,
					"snd_cwnd":	228784,
					"snd_wnd":	6523392,
					"rtt":	189577,
					"rttvar":	703,
					"pmtu":	1500,
					"omitted":	false,
					"sender":	true
				}],
			"sum":	{
				"start":	9.000722,
				"end":	10.000914,
				"seconds":	1.0001920461654663,
				"bytes":	1048576,
				"bits_per_second":	8386997.3093269672,
				"retransmits":	0,
				"omitted":	false,
				"sender":	true
			}
		}, {
			"streams":	[{
					"socket":	5,
					"start":	10.000914,
					"end":	11.000731,
					"seconds":	0.99981701374053955,
					"bytes":	1441792,
					"bits_per_second":	11536447.011286059,
					"retransmits":	7,
					"snd_cwnd":	82536,
					"snd_wnd":	6523392,
					"rtt":	105936,
					"rttvar":	1805,
					"pmtu":	1500,
					"omitted":	false,
					"sender":	true
				}],
			"sum":	{
				"start":	10.000914,
				"end":	11.000731,
				"seconds":	0.99981701374053955,
				"bytes":	1441792,
				"bits_per_second":	11536447.011286059,
				"retransmits":	7,
				"omitted":	false,
				"sender":	true
			}
		}, {
			"streams":	[{
					"socket":	5,
					"start":	11.000731,
					"end":	12.000715,
					"seconds":	0.9999840259552002,
					"bytes":	524288,
					"bits_per_second":	4194371.0010702778,
					"retransmits":	0,
					"snd_cwnd":	94120,
					"snd_wnd":	6523392,
					"rtt":	105083,
					"rttvar":	1015,
					"pmtu":	1500,
					"omitted":	false,
					"sender":	true
				}],
			"sum":	{
				"start":	11.000731,
				"end":	12.000715,
				"seconds":	0.9999840259552002,
				"bytes":	524288,
				"bits_per_second":	4194371.0010702778,